# 3ds Max Wavefront OBJ Exporter v0.99 - (c)2007 guruware
# File Created: 13.10.2023 17:18:47

#
# object 55065
#

v  -16.6339 -0.3802 24.8739
v  -16.6339 -0.3802 1.1104
v  -16.6339 -0.2781 1.1104
v  -16.6339 -0.2781 24.8739
v  -16.6259 -0.2701 24.8739
v  -16.6259 -0.2701 1.1104
v  -16.6259 -0.3802 24.8819
v  -16.6259 -0.3882 24.8819
v  -16.6339 -0.3882 24.8819
v  -16.6339 -0.3802 24.8819
v  -16.6259 -0.2781 24.8819
v  -16.6339 -0.2781 24.8819
v  -16.6339 -0.2701 24.8819
v  -16.6259 -0.2701 24.8819
v  -16.6259 -0.2781 1.1024
v  -16.6259 -0.2701 1.1024
v  -16.6339 -0.2701 1.1024
v  -16.6339 -0.2781 1.1024
v  -16.6259 -0.3802 1.1024
v  -16.6339 -0.3802 1.1024
v  -16.6339 -0.3882 1.1024
v  -16.6259 -0.3882 1.1024
v  -16.6259 -0.3882 1.1104
v  -16.6339 -0.3882 1.1104
v  -16.6259 -0.3882 24.8739
v  -16.6339 -0.3882 24.8739
v  -16.6339 -0.2701 1.1104
v  -16.6339 -0.2701 24.8739
v  -16.3853 -2.9122 1.2392
v  -16.3851 -2.9099 1.2585
v  -16.3615 -2.9338 1.2794
v  -16.3617 -2.9410 1.2412
v  -16.3815 -2.8964 1.2974
v  -16.3614 -2.9145 1.3122
v  -16.3814 -2.8729 1.3170
v  -16.3614 -2.8860 1.3365
v  -16.3850 -2.8462 1.3219
v  -16.3612 -2.8484 1.3508
v  -16.3850 -2.8273 1.3236
v  -16.3607 -2.8294 1.3526
v  -16.3852 -2.8095 1.3217
v  -16.3819 -2.7845 1.3174
v  -16.3620 -2.7716 1.3370
v  -16.3604 -2.8103 1.3500
v  -16.3822 -2.7608 1.2977
v  -16.3623 -2.7426 1.3127
v  -16.3853 -2.7458 1.2585
v  -16.3627 -2.7231 1.2797
v  -16.3852 -2.7433 1.2407
v  -16.3629 -2.7157 1.2406
v  -16.3849 -2.7452 1.2195
v  -16.3633 -2.7225 1.2017
v  -16.3832 -2.7603 1.1831
v  -16.3636 -2.7417 1.1681
v  -16.3833 -2.7840 1.1631
v  -16.3637 -2.7708 1.1434
v  -16.3852 -2.8095 1.1562
v  -16.3634 -2.8097 1.1288
v  -16.3850 -2.8286 1.1539
v  -16.3633 -2.8294 1.1265
v  -16.3851 -2.8463 1.1562
v  -16.3828 -2.8734 1.1634
v  -16.3631 -2.8868 1.1440
v  -16.3632 -2.8491 1.1292
v  -16.3824 -2.8970 1.1835
v  -16.3626 -2.9154 1.1687
v  -16.3851 -2.9100 1.2195
v  -16.3621 -2.9344 1.2021
v  -16.3983 -2.8816 1.2601
v  -16.4025 -2.8593 1.2704
v  -16.3981 -2.8489 1.2929
v  -16.3981 -2.8066 1.2930
v  -16.4025 -2.7962 1.2704
v  -16.3983 -2.7739 1.2601
v  -16.3983 -2.7739 1.2179
v  -16.4025 -2.7962 1.2076
v  -16.3982 -2.8066 1.1850
v  -16.3981 -2.8490 1.1850
v  -16.4025 -2.8593 1.2076
v  -16.3983 -2.8814 1.2174
v  -16.3353 -2.9522 1.2855
v  -16.3357 -2.9604 1.2403
v  -16.3351 -2.9293 1.3249
v  -16.3350 -2.8944 1.3541
v  -16.3351 -2.8516 1.3698
v  -16.3354 -2.8060 1.3700
v  -16.3352 -2.8288 1.3726
v  -16.3358 -2.7630 1.3546
v  -16.3363 -2.7277 1.3254
v  -16.3368 -2.7043 1.2857
v  -16.3371 -2.6960 1.2406
v  -16.3375 -2.7038 1.1951
v  -16.3376 -2.7268 1.1550
v  -16.3377 -2.7622 1.1252
v  -16.3376 -2.8057 1.1095
v  -16.3373 -2.8519 1.1097
v  -16.3375 -2.8288 1.1068
v  -16.3370 -2.8951 1.1257
v  -16.3365 -2.9302 1.1555
v  -16.3360 -2.9528 1.1955
v  -16.3282 -2.9556 1.2867
v  -16.3286 -2.9640 1.2403
v  -16.3280 -2.9320 1.3272
v  -16.3279 -2.8962 1.3573
v  -16.3280 -2.8522 1.3734
v  -16.3281 -2.8288 1.3763
v  -16.3287 -2.7612 1.3578
v  -16.3283 -2.8054 1.3736
v  -16.3292 -2.7249 1.3278
v  -16.3297 -2.7009 1.2869
v  -16.3301 -2.6924 1.2406
v  -16.3304 -2.7003 1.1939
v  -16.3306 -2.7240 1.1526
v  -16.3307 -2.7603 1.1220
v  -16.3306 -2.8051 1.1059
v  -16.3305 -2.8288 1.1031
v  -16.3299 -2.8970 1.1225
v  -16.3303 -2.8525 1.1061
v  -16.3295 -2.9330 1.1532
v  -16.3290 -2.9563 1.1942
v  -16.3198 -2.9536 1.2860
v  -16.3202 -2.9619 1.2403
v  -16.3195 -2.9304 1.3259
v  -16.3195 -2.8951 1.3554
v  -16.3196 -2.8518 1.3713
v  -16.3197 -2.8288 1.3741
v  -16.3203 -2.7622 1.3559
v  -16.3199 -2.8057 1.3715
v  -16.3207 -2.7265 1.3264
v  -16.3212 -2.7029 1.2862
v  -16.3216 -2.6945 1.2406
v  -16.3219 -2.7024 1.1946
v  -16.3221 -2.7256 1.1540
v  -16.3222 -2.7614 1.1239
v  -16.3221 -2.8054 1.1080
v  -16.3220 -2.8288 1.1053
v  -16.3215 -2.8959 1.1244
v  -16.3218 -2.8522 1.1082
v  -16.3210 -2.9313 1.1546
v  -16.3205 -2.9542 1.1950
v  -16.3148 -2.9499 1.2846
v  -16.3152 -2.9579 1.2403
v  -16.3146 -2.9274 1.3233
v  -16.3145 -2.8931 1.3520
v  -16.3146 -2.8511 1.3674
v  -16.3149 -2.8064 1.3675
v  -16.3147 -2.8288 1.3701
v  -16.3153 -2.7642 1.3525
v  -16.3157 -2.7295 1.3239
v  -16.3162 -2.7066 1.2848
v  -16.3165 -2.6985 1.2406
v  -16.3169 -2.7061 1.1959
v  -16.3171 -2.7287 1.1566
v  -16.3172 -2.7634 1.1273
v  -16.3170 -2.8061 1.1119
v  -16.3168 -2.8515 1.1121
v  -16.3169 -2.8288 1.1093
v  -16.3164 -2.8939 1.1278
v  -16.3160 -2.9283 1.1571
v  -16.3155 -2.9505 1.1963
v  -16.3131 -2.9468 1.2402
v  -16.3127 -2.9395 1.2808
v  -16.3137 -2.8285 1.2401
v  -16.3125 -2.9189 1.3162
v  -16.3124 -2.8876 1.3424
v  -16.3125 -2.8492 1.3565
v  -16.3126 -2.8288 1.3590
v  -16.3128 -2.8083 1.3566
v  -16.3131 -2.7697 1.3429
v  -16.3136 -2.7380 1.3167
v  -16.3140 -2.7171 1.2810
v  -16.3143 -2.7096 1.2406
v  -16.3146 -2.7166 1.1997
v  -16.3148 -2.7372 1.1637
v  -16.3149 -2.7690 1.1370
v  -16.3148 -2.8080 1.1229
v  -16.3147 -2.8288 1.1205
v  -16.3145 -2.8495 1.1231
v  -16.3142 -2.8883 1.1374
v  -16.3138 -2.9198 1.1642
v  -16.3134 -2.9401 1.2000
v  -16.3947 -2.8432 1.1873
v  -16.3843 -2.8413 1.1682
v  -16.3831 -2.8411 1.1871
v  -16.3995 -2.8546 1.2121
v  -16.3832 -2.8524 1.2143
v  -16.3947 -2.8794 1.2235
v  -16.3831 -2.8799 1.2257
v  -16.3843 -2.8985 1.2255
v  -16.3947 -2.8795 1.2545
v  -16.3843 -2.8985 1.2525
v  -16.3831 -2.8797 1.2523
v  -16.3995 -2.8546 1.2658
v  -16.3832 -2.8524 1.2636
v  -16.3947 -2.8432 1.2907
v  -16.3831 -2.8410 1.2911
v  -16.3843 -2.8413 1.3097
v  -16.3947 -2.8123 1.2907
v  -16.3843 -2.8143 1.3097
v  -16.3831 -2.8144 1.2909
v  -16.3995 -2.8009 1.2658
v  -16.3832 -2.8031 1.2636
v  -16.3947 -2.7761 1.2545
v  -16.3831 -2.7756 1.2523
v  -16.3843 -2.7570 1.2525
v  -16.3947 -2.7761 1.2235
v  -16.3843 -2.7568 1.2255
v  -16.3831 -2.7758 1.2257
v  -16.3995 -2.8009 1.2121
v  -16.3832 -2.8031 1.2143
v  -16.3947 -2.8123 1.1873
v  -16.3831 -2.8145 1.1869
v  -16.3842 -2.8143 1.1682
v  -16.3777 -2.8278 1.1870
v  -16.3777 -2.8345 1.1881
v  -16.3777 -2.8345 1.1702
v  -16.3777 -2.8278 1.1697
v  -16.3777 -2.8278 1.2151
v  -16.3777 -2.8474 1.2193
v  -16.3777 -2.8517 1.2390
v  -16.3777 -2.8278 1.2390
v  -16.3777 -2.7769 1.2323
v  -16.3777 -2.7590 1.2323
v  -16.3777 -2.7584 1.2390
v  -16.3777 -2.7758 1.2390
v  -16.3777 -2.8081 1.2193
v  -16.3777 -2.8038 1.2390
v  -16.3777 -2.8797 1.2390
v  -16.3777 -2.8786 1.2323
v  -16.3777 -2.8971 1.2390
v  -16.3777 -2.8965 1.2323
v  -16.3777 -2.8278 1.2909
v  -16.3777 -2.8345 1.2898
v  -16.3777 -2.8474 1.2586
v  -16.3777 -2.8278 1.2629
v  -16.3777 -2.8278 1.3083
v  -16.3777 -2.8345 1.3077
v  -16.3777 -2.8210 1.1702
v  -16.3777 -2.8210 1.1881
v  -16.3777 -2.8081 1.2586
v  -16.3777 -2.8210 1.2898
v  -16.3777 -2.8210 1.3077
v  -16.3777 -2.7590 1.2457
v  -16.3777 -2.7769 1.2457
v  -16.3777 -2.8786 1.2457
v  -16.3777 -2.8965 1.2457
v  -16.3905 -2.9012 1.2535
v  -16.4000 -2.8805 1.2552
v  -16.4051 -2.8554 1.2666
v  -16.4000 -2.8440 1.2917
v  -16.3905 -2.8423 1.3124
v  -16.3880 -2.8273 1.3189
v  -16.3881 -2.8187 1.3181
v  -16.3905 -2.8132 1.3124
v  -16.4000 -2.8115 1.2917
v  -16.4051 -2.8001 1.2666
v  -16.4000 -2.7750 1.2552
v  -16.3902 -2.7538 1.2245
v  -16.4000 -2.7750 1.2227
v  -16.4051 -2.8001 1.2114
v  -16.4000 -2.8115 1.1862
v  -16.3905 -2.8132 1.1656
v  -16.3879 -2.8286 1.1587
v  -16.3881 -2.8368 1.1598
v  -16.3905 -2.8423 1.1656
v  -16.4000 -2.8440 1.1862
v  -16.4051 -2.8554 1.2114
v  -16.4000 -2.8805 1.2227
v  -16.3883 -2.9068 1.2299
v  -16.3885 -2.9076 1.2390
v  -16.3883 -2.7486 1.2481
v  -16.3885 -2.7478 1.2406
v  -16.3881 -2.8187 1.1598
v  -16.3881 -2.8368 1.3180
v  -16.3881 -2.7485 1.2297
v  -16.3905 -2.7543 1.2535
v  -16.3905 -2.9012 1.2244
v  -16.3883 -2.9068 1.2481
v  -16.3832 -2.8201 1.1620
v  -16.3828 -2.8280 1.1614
v  -16.3832 -2.8355 1.1619
v  -16.3833 -2.9046 1.2313
v  -16.3831 -2.9052 1.2389
v  -16.3833 -2.9046 1.2467
v  -16.3832 -2.8354 1.3159
v  -16.3828 -2.8276 1.3164
v  -16.3832 -2.8201 1.3159
v  -16.3832 -2.7509 1.2467
v  -16.3831 -2.7503 1.2399
v  -16.3832 -2.7509 1.2313
v  -16.3829 -2.8145 1.1627
v  -16.3777 -2.8155 1.1651
v  -16.3777 -2.8210 1.1646
v  -16.3777 -2.8345 1.1646
v  -16.3777 -2.8401 1.1651
v  -16.3829 -2.8410 1.1627
v  -16.3777 -2.8401 1.1707
v  -16.3777 -2.8961 1.2267
v  -16.3777 -2.9017 1.2267
v  -16.3829 -2.9040 1.2257
v  -16.3777 -2.9021 1.2322
v  -16.3777 -2.9021 1.2457
v  -16.3777 -2.9017 1.2513
v  -16.3829 -2.9040 1.2522
v  -16.3777 -2.8961 1.2513
v  -16.3777 -2.8401 1.3073
v  -16.3777 -2.8401 1.3129
v  -16.3829 -2.8410 1.3152
v  -16.3777 -2.8345 1.3133
v  -16.3777 -2.8210 1.3133
v  -16.3777 -2.8155 1.3129
v  -16.3829 -2.8145 1.3152
v  -16.3777 -2.8155 1.3073
v  -16.3777 -2.7594 1.2513
v  -16.3777 -2.7538 1.2513
v  -16.3829 -2.7515 1.2522
v  -16.3777 -2.7534 1.2457
v  -16.3777 -2.7534 1.2322
v  -16.3777 -2.7538 1.2267
v  -16.3828 -2.7513 1.2258
v  -16.3777 -2.7594 1.2267
v  -16.3777 -2.8155 1.1707
v  -16.3777 -2.8278 1.1641
v  -16.3777 -2.8401 1.1870
v  -16.3777 -2.8517 1.2151
v  -16.3777 -2.8797 1.2267
v  -16.3777 -2.9027 1.2390
v  -16.3777 -2.8797 1.2513
v  -16.3777 -2.8517 1.2629
v  -16.3777 -2.8401 1.2909
v  -16.3777 -2.8278 1.3139
v  -16.3777 -2.8155 1.2909
v  -16.3777 -2.8038 1.2629
v  -16.3777 -2.7758 1.2513
v  -16.3777 -2.7528 1.2390
v  -16.3777 -2.7758 1.2267
v  -16.3777 -2.8038 1.2151
v  -16.3777 -2.8155 1.1870
v  -16.3882 -2.9063 1.2531
v  -16.3882 -2.8419 1.3175
v  -16.3882 -2.8136 1.3175
v  -16.3879 -2.7488 1.2249
v  -16.3882 -2.8136 1.1604
v  -16.3882 -2.8419 1.1604
v  -16.3882 -2.9063 1.2248
v  -16.3882 -2.7492 1.2531
v  -16.3853 -1.2192 1.2392
v  -16.3851 -1.2169 1.2585
v  -16.3615 -1.2408 1.2794
v  -16.3617 -1.2480 1.2412
v  -16.3815 -1.2035 1.2974
v  -16.3614 -1.2216 1.3122
v  -16.3814 -1.1800 1.3170
v  -16.3614 -1.1930 1.3365
v  -16.3850 -1.1532 1.3219
v  -16.3612 -1.1555 1.3508
v  -16.3850 -1.1344 1.3236
v  -16.3607 -1.1365 1.3526
v  -16.3852 -1.1166 1.3217
v  -16.3819 -1.0916 1.3174
v  -16.3620 -1.0787 1.3370
v  -16.3604 -1.1173 1.3500
v  -16.3822 -1.0678 1.2977
v  -16.3623 -1.0497 1.3127
v  -16.3853 -1.0529 1.2585
v  -16.3627 -1.0302 1.2797
v  -16.3852 -1.0503 1.2407
v  -16.3629 -1.0227 1.2406
v  -16.3849 -1.0523 1.2195
v  -16.3633 -1.0295 1.2017
v  -16.3832 -1.0673 1.1831
v  -16.3636 -1.0488 1.1681
v  -16.3833 -1.0911 1.1631
v  -16.3637 -1.0778 1.1434
v  -16.3852 -1.1165 1.1562
v  -16.3634 -1.1168 1.1288
v  -16.3850 -1.1357 1.1539
v  -16.3633 -1.1365 1.1265
v  -16.3851 -1.1534 1.1562
v  -16.3828 -1.1805 1.1634
v  -16.3631 -1.1938 1.1440
v  -16.3632 -1.1561 1.1292
v  -16.3824 -1.2040 1.1835
v  -16.3626 -1.2225 1.1687
v  -16.3851 -1.2170 1.2195
v  -16.3621 -1.2414 1.2021
v  -16.3983 -1.1887 1.2601
v  -16.4025 -1.1663 1.2704
v  -16.3981 -1.1560 1.2929
v  -16.3981 -1.1137 1.2930
v  -16.4025 -1.1033 1.2704
v  -16.3983 -1.0809 1.2601
v  -16.3983 -1.0810 1.2179
v  -16.4025 -1.1032 1.2076
v  -16.3982 -1.1136 1.1850
v  -16.3981 -1.1560 1.1850
v  -16.4025 -1.1664 1.2076
v  -16.3983 -1.1884 1.2174
v  -16.3353 -1.2592 1.2855
v  -16.3357 -1.2674 1.2403
v  -16.3351 -1.2363 1.3249
v  -16.3350 -1.2014 1.3541
v  -16.3351 -1.1586 1.3698
v  -16.3354 -1.1130 1.3700
v  -16.3352 -1.1358 1.3726
v  -16.3358 -1.0700 1.3546
v  -16.3363 -1.0347 1.3254
v  -16.3368 -1.0114 1.2857
v  -16.3371 -1.0031 1.2406
v  -16.3375 -1.0108 1.1951
v  -16.3376 -1.0338 1.1550
v  -16.3377 -1.0692 1.1252
v  -16.3376 -1.1127 1.1095
v  -16.3373 -1.1589 1.1097
v  -16.3375 -1.1358 1.1068
v  -16.3370 -1.2022 1.1257
v  -16.3365 -1.2372 1.1555
v  -16.3360 -1.2599 1.1955
v  -16.3282 -1.2627 1.2867
v  -16.3286 -1.2711 1.2403
v  -16.3280 -1.2391 1.3272
v  -16.3279 -1.2032 1.3573
v  -16.3280 -1.1593 1.3734
v  -16.3281 -1.1358 1.3763
v  -16.3287 -1.0682 1.3578
v  -16.3283 -1.1124 1.3736
v  -16.3292 -1.0319 1.3278
v  -16.3297 -1.0080 1.2869
v  -16.3301 -0.9994 1.2406
v  -16.3304 -1.0074 1.1939
v  -16.3306 -1.0310 1.1526
v  -16.3307 -1.0674 1.1220
v  -16.3306 -1.1121 1.1059
v  -16.3305 -1.1359 1.1031
v  -16.3299 -1.2040 1.1225
v  -16.3303 -1.1596 1.1061
v  -16.3295 -1.2400 1.1532
v  -16.3290 -1.2633 1.1942
v  -16.3198 -1.2606 1.2860
v  -16.3202 -1.2689 1.2403
v  -16.3195 -1.2374 1.3259
v  -16.3195 -1.2021 1.3554
v  -16.3196 -1.1589 1.3713
v  -16.3197 -1.1358 1.3741
v  -16.3203 -1.0693 1.3559
v  -16.3199 -1.1128 1.3715
v  -16.3207 -1.0336 1.3264
v  -16.3212 -1.0100 1.2862
v  -16.3216 -1.0016 1.2406
v  -16.3219 -1.0094 1.1946
v  -16.3221 -1.0327 1.1540
v  -16.3222 -1.0685 1.1239
v  -16.3221 -1.1125 1.1080
v  -16.3220 -1.1359 1.1053
v  -16.3215 -1.2029 1.1244
v  -16.3218 -1.1592 1.1082
v  -16.3210 -1.2384 1.1546
v  -16.3205 -1.2613 1.1950
v  -16.3148 -1.2569 1.2846
v  -16.3152 -1.2650 1.2403
v  -16.3146 -1.2344 1.3233
v  -16.3145 -1.2002 1.3520
v  -16.3146 -1.1582 1.3674
v  -16.3149 -1.1134 1.3675
v  -16.3147 -1.1358 1.3701
v  -16.3153 -1.0712 1.3525
v  -16.3157 -1.0366 1.3239
v  -16.3162 -1.0137 1.2848
v  -16.3165 -1.0055 1.2406
v  -16.3169 -1.0131 1.1959
v  -16.3171 -1.0357 1.1566
v  -16.3172 -1.0705 1.1273
v  -16.3170 -1.1132 1.1119
v  -16.3168 -1.1585 1.1121
v  -16.3169 -1.1358 1.1093
v  -16.3164 -1.2009 1.1278
v  -16.3160 -1.2353 1.1571
v  -16.3155 -1.2576 1.1963
v  -16.3131 -1.2539 1.2402
v  -16.3127 -1.2466 1.2808
v  -16.3137 -1.1356 1.2401
v  -16.3125 -1.2260 1.3162
v  -16.3124 -1.1946 1.3424
v  -16.3125 -1.1563 1.3565
v  -16.3126 -1.1358 1.3590
v  -16.3128 -1.1153 1.3566
v  -16.3131 -1.0767 1.3429
v  -16.3136 -1.0451 1.3167
v  -16.3140 -1.0241 1.2810
v  -16.3143 -1.0167 1.2406
v  -16.3146 -1.0236 1.1997
v  -16.3148 -1.0443 1.1637
v  -16.3149 -1.0760 1.1370
v  -16.3148 -1.1151 1.1229
v  -16.3147 -1.1358 1.1205
v  -16.3145 -1.1565 1.1231
v  -16.3142 -1.1953 1.1374
v  -16.3138 -1.2268 1.1642
v  -16.3134 -1.2471 1.2000
v  -16.3947 -1.1503 1.1873
v  -16.3843 -1.1483 1.1682
v  -16.3831 -1.1481 1.1871
v  -16.3995 -1.1617 1.2121
v  -16.3832 -1.1595 1.2143
v  -16.3947 -1.1865 1.2235
v  -16.3831 -1.1869 1.2257
v  -16.3843 -1.2055 1.2255
v  -16.3947 -1.1865 1.2545
v  -16.3843 -1.2055 1.2525
v  -16.3831 -1.1867 1.2523
v  -16.3995 -1.1617 1.2658
v  -16.3832 -1.1595 1.2636
v  -16.3947 -1.1503 1.2907
v  -16.3831 -1.1481 1.2911
v  -16.3843 -1.1483 1.3097
v  -16.3947 -1.1193 1.2907
v  -16.3843 -1.1213 1.3097
v  -16.3831 -1.1215 1.2909
v  -16.3995 -1.1079 1.2658
v  -16.3832 -1.1101 1.2636
v  -16.3947 -1.0831 1.2545
v  -16.3831 -1.0827 1.2523
v  -16.3843 -1.0641 1.2525
v  -16.3947 -1.0831 1.2235
v  -16.3843 -1.0638 1.2255
v  -16.3831 -1.0829 1.2257
v  -16.3995 -1.1079 1.2121
v  -16.3832 -1.1101 1.2143
v  -16.3947 -1.1193 1.1873
v  -16.3831 -1.1215 1.1869
v  -16.3842 -1.1213 1.1682
v  -16.3777 -1.1348 1.1870
v  -16.3777 -1.1415 1.1881
v  -16.3777 -1.1415 1.1702
v  -16.3777 -1.1348 1.1697
v  -16.3777 -1.1348 1.2151
v  -16.3777 -1.1544 1.2193
v  -16.3777 -1.1587 1.2390
v  -16.3777 -1.1348 1.2390
v  -16.3777 -1.0840 1.2323
v  -16.3777 -1.0660 1.2323
v  -16.3777 -1.0655 1.2390
v  -16.3777 -1.0828 1.2390
v  -16.3777 -1.1152 1.2193
v  -16.3777 -1.1109 1.2390
v  -16.3777 -1.1868 1.2390
v  -16.3777 -1.1856 1.2323
v  -16.3777 -1.2041 1.2390
v  -16.3777 -1.2036 1.2323
v  -16.3777 -1.1348 1.2909
v  -16.3777 -1.1415 1.2898
v  -16.3777 -1.1544 1.2586
v  -16.3777 -1.1348 1.2629
v  -16.3777 -1.1348 1.3083
v  -16.3777 -1.1415 1.3077
v  -16.3777 -1.1281 1.1702
v  -16.3777 -1.1281 1.1881
v  -16.3777 -1.1152 1.2586
v  -16.3777 -1.1281 1.2898
v  -16.3777 -1.1281 1.3077
v  -16.3777 -1.0660 1.2457
v  -16.3777 -1.0840 1.2457
v  -16.3777 -1.1856 1.2457
v  -16.3777 -1.2036 1.2457
v  -16.3905 -1.2082 1.2535
v  -16.4000 -1.1876 1.2552
v  -16.4051 -1.1624 1.2666
v  -16.4000 -1.1510 1.2917
v  -16.3905 -1.1494 1.3124
v  -16.3880 -1.1343 1.3189
v  -16.3881 -1.1258 1.3181
v  -16.3905 -1.1202 1.3124
v  -16.4000 -1.1186 1.2917
v  -16.4051 -1.1072 1.2666
v  -16.4000 -1.0821 1.2552
v  -16.3902 -1.0608 1.2245
v  -16.4000 -1.0821 1.2227
v  -16.4051 -1.1072 1.2114
v  -16.4000 -1.1186 1.1862
v  -16.3905 -1.1202 1.1656
v  -16.3879 -1.1356 1.1587
v  -16.3881 -1.1438 1.1598
v  -16.3905 -1.1494 1.1656
v  -16.4000 -1.1510 1.1862
v  -16.4051 -1.1624 1.2114
v  -16.4000 -1.1875 1.2227
v  -16.3883 -1.2138 1.2299
v  -16.3885 -1.2147 1.2390
v  -16.3883 -1.0557 1.2481
v  -16.3885 -1.0549 1.2406
v  -16.3881 -1.1258 1.1598
v  -16.3881 -1.1439 1.3180
v  -16.3881 -1.0555 1.2297
v  -16.3905 -1.0614 1.2535
v  -16.3905 -1.2082 1.2244
v  -16.3883 -1.2138 1.2481
v  -16.3832 -1.1271 1.1620
v  -16.3828 -1.1351 1.1614
v  -16.3832 -1.1425 1.1619
v  -16.3833 -1.2117 1.2313
v  -16.3831 -1.2122 1.2389
v  -16.3833 -1.2117 1.2467
v  -16.3832 -1.1425 1.3159
v  -16.3828 -1.1347 1.3164
v  -16.3832 -1.1271 1.3159
v  -16.3832 -1.0579 1.2467
v  -16.3831 -1.0574 1.2399
v  -16.3832 -1.0579 1.2313
v  -16.3829 -1.1216 1.1627
v  -16.3777 -1.1225 1.1651
v  -16.3777 -1.1281 1.1646
v  -16.3777 -1.1415 1.1646
v  -16.3777 -1.1471 1.1651
v  -16.3829 -1.1480 1.1627
v  -16.3777 -1.1471 1.1707
v  -16.3777 -1.2031 1.2267
v  -16.3777 -1.2087 1.2267
v  -16.3829 -1.2110 1.2257
v  -16.3777 -1.2092 1.2322
v  -16.3777 -1.2092 1.2457
v  -16.3777 -1.2087 1.2513
v  -16.3829 -1.2110 1.2522
v  -16.3777 -1.2031 1.2513
v  -16.3777 -1.1471 1.3073
v  -16.3777 -1.1471 1.3129
v  -16.3829 -1.1480 1.3152
v  -16.3777 -1.1415 1.3133
v  -16.3777 -1.1281 1.3133
v  -16.3777 -1.1225 1.3129
v  -16.3829 -1.1216 1.3152
v  -16.3777 -1.1225 1.3073
v  -16.3777 -1.0665 1.2513
v  -16.3777 -1.0609 1.2513
v  -16.3829 -1.0586 1.2522
v  -16.3777 -1.0604 1.2457
v  -16.3777 -1.0604 1.2322
v  -16.3777 -1.0609 1.2267
v  -16.3828 -1.0584 1.2258
v  -16.3777 -1.0665 1.2267
v  -16.3777 -1.1225 1.1707
v  -16.3777 -1.1348 1.1641
v  -16.3777 -1.1471 1.1870
v  -16.3777 -1.1587 1.2151
v  -16.3777 -1.1868 1.2267
v  -16.3777 -1.2097 1.2390
v  -16.3777 -1.1868 1.2513
v  -16.3777 -1.1587 1.2629
v  -16.3777 -1.1471 1.2909
v  -16.3777 -1.1348 1.3139
v  -16.3777 -1.1225 1.2909
v  -16.3777 -1.1109 1.2629
v  -16.3777 -1.0828 1.2513
v  -16.3777 -1.0599 1.2390
v  -16.3777 -1.0828 1.2267
v  -16.3777 -1.1109 1.2151
v  -16.3777 -1.1225 1.1870
v  -16.3882 -1.2134 1.2531
v  -16.3882 -1.1490 1.3175
v  -16.3882 -1.1206 1.3175
v  -16.3879 -1.0558 1.2249
v  -16.3882 -1.1206 1.1604
v  -16.3882 -1.1490 1.1604
v  -16.3882 -1.2134 1.2248
v  -16.3882 -1.0562 1.2531
v  -16.3853 -2.9122 24.7457
v  -16.3851 -2.9099 24.7650
v  -16.3615 -2.9338 24.7859
v  -16.3617 -2.9410 24.7478
v  -16.3815 -2.8964 24.8039
v  -16.3614 -2.9145 24.8187
v  -16.3814 -2.8729 24.8236
v  -16.3614 -2.8860 24.8430
v  -16.3850 -2.8462 24.8284
v  -16.3612 -2.8484 24.8573
v  -16.3850 -2.8273 24.8302
v  -16.3607 -2.8294 24.8592
v  -16.3852 -2.8095 24.8283
v  -16.3819 -2.7845 24.8239
v  -16.3620 -2.7716 24.8435
v  -16.3604 -2.8103 24.8565
v  -16.3822 -2.7608 24.8043
v  -16.3623 -2.7426 24.8193
v  -16.3853 -2.7458 24.7650
v  -16.3627 -2.7231 24.7863
v  -16.3852 -2.7433 24.7472
v  -16.3629 -2.7157 24.7472
v  -16.3849 -2.7452 24.7260
v  -16.3633 -2.7225 24.7082
v  -16.3832 -2.7603 24.6897
v  -16.3636 -2.7417 24.6746
v  -16.3833 -2.7840 24.6696
v  -16.3637 -2.7708 24.6500
v  -16.3852 -2.8095 24.6628
v  -16.3634 -2.8097 24.6354
v  -16.3850 -2.8286 24.6605
v  -16.3633 -2.8294 24.6331
v  -16.3851 -2.8463 24.6627
v  -16.3828 -2.8734 24.6699
v  -16.3631 -2.8868 24.6505
v  -16.3632 -2.8491 24.6357
v  -16.3824 -2.8970 24.6900
v  -16.3626 -2.9154 24.6752
v  -16.3851 -2.9100 24.7260
v  -16.3621 -2.9344 24.7086
v  -16.3983 -2.8816 24.7666
v  -16.4025 -2.8593 24.7769
v  -16.3981 -2.8489 24.7995
v  -16.3981 -2.8066 24.7995
v  -16.4025 -2.7962 24.7769
v  -16.3983 -2.7739 24.7666
v  -16.3983 -2.7739 24.7245
v  -16.4025 -2.7962 24.7141
v  -16.3982 -2.8066 24.6915
v  -16.3981 -2.8490 24.6916
v  -16.4025 -2.8593 24.7141
v  -16.3983 -2.8814 24.7239
v  -16.3353 -2.9522 24.7920
v  -16.3357 -2.9604 24.7468
v  -16.3351 -2.9293 24.8314
v  -16.3350 -2.8944 24.8607
v  -16.3351 -2.8516 24.8763
v  -16.3354 -2.8060 24.8765
v  -16.3352 -2.8288 24.8791
v  -16.3358 -2.7630 24.8612
v  -16.3363 -2.7277 24.8320
v  -16.3368 -2.7043 24.7922
v  -16.3371 -2.6960 24.7471
v  -16.3375 -2.7038 24.7016
v  -16.3376 -2.7268 24.6615
v  -16.3377 -2.7622 24.6318
v  -16.3376 -2.8057 24.6160
v  -16.3373 -2.8519 24.6162
v  -16.3375 -2.8288 24.6133
v  -16.3370 -2.8951 24.6323
v  -16.3365 -2.9302 24.6621
v  -16.3360 -2.9528 24.7020
v  -16.3282 -2.9556 24.7933
v  -16.3286 -2.9640 24.7468
v  -16.3280 -2.9320 24.8338
v  -16.3279 -2.8962 24.8638
v  -16.3280 -2.8522 24.8799
v  -16.3281 -2.8288 24.8828
v  -16.3287 -2.7612 24.8643
v  -16.3283 -2.8054 24.8801
v  -16.3292 -2.7249 24.8343
v  -16.3297 -2.7009 24.7935
v  -16.3301 -2.6924 24.7472
v  -16.3304 -2.7003 24.7004
v  -16.3306 -2.7240 24.6592
v  -16.3307 -2.7603 24.6286
v  -16.3306 -2.8051 24.6124
v  -16.3305 -2.8288 24.6097
v  -16.3299 -2.8970 24.6291
v  -16.3303 -2.8525 24.6126
v  -16.3295 -2.9330 24.6597
v  -16.3290 -2.9563 24.7008
v  -16.3198 -2.9536 24.7925
v  -16.3202 -2.9619 24.7468
v  -16.3195 -2.9304 24.8324
v  -16.3195 -2.8951 24.8620
v  -16.3196 -2.8518 24.8778
v  -16.3197 -2.8288 24.8806
v  -16.3203 -2.7622 24.8625
v  -16.3199 -2.8057 24.8780
v  -16.3207 -2.7265 24.8330
v  -16.3212 -2.7029 24.7927
v  -16.3216 -2.6945 24.7472
v  -16.3219 -2.7024 24.7011
v  -16.3221 -2.7256 24.6606
v  -16.3222 -2.7614 24.6304
v  -16.3221 -2.8054 24.6145
v  -16.3220 -2.8288 24.6118
v  -16.3215 -2.8959 24.6309
v  -16.3218 -2.8522 24.6147
v  -16.3210 -2.9313 24.6611
v  -16.3205 -2.9542 24.7015
v  -16.3148 -2.9499 24.7912
v  -16.3152 -2.9579 24.7468
v  -16.3146 -2.9274 24.8298
v  -16.3145 -2.8931 24.8586
v  -16.3146 -2.8511 24.8739
v  -16.3149 -2.8064 24.8741
v  -16.3147 -2.8288 24.8767
v  -16.3153 -2.7642 24.8590
v  -16.3157 -2.7295 24.8304
v  -16.3162 -2.7066 24.7914
v  -16.3165 -2.6985 24.7471
v  -16.3169 -2.7061 24.7025
v  -16.3171 -2.7287 24.6631
v  -16.3172 -2.7634 24.6339
v  -16.3170 -2.8061 24.6184
v  -16.3168 -2.8515 24.6186
v  -16.3169 -2.8288 24.6158
v  -16.3164 -2.8939 24.6344
v  -16.3160 -2.9283 24.6637
v  -16.3155 -2.9505 24.7028
v  -16.3131 -2.9468 24.7468
v  -16.3127 -2.9395 24.7874
v  -16.3137 -2.8285 24.7467
v  -16.3125 -2.9189 24.8227
v  -16.3124 -2.8876 24.8490
v  -16.3125 -2.8492 24.8630
v  -16.3126 -2.8288 24.8655
v  -16.3128 -2.8083 24.8632
v  -16.3131 -2.7697 24.8494
v  -16.3136 -2.7380 24.8232
v  -16.3140 -2.7171 24.7875
v  -16.3143 -2.7096 24.7471
v  -16.3146 -2.7166 24.7063
v  -16.3148 -2.7372 24.6703
v  -16.3149 -2.7690 24.6435
v  -16.3148 -2.8080 24.6294
v  -16.3147 -2.8288 24.6270
v  -16.3145 -2.8495 24.6296
v  -16.3142 -2.8883 24.6440
v  -16.3138 -2.9198 24.6708
v  -16.3134 -2.9401 24.7066
v  -16.3947 -2.8432 24.6938
v  -16.3843 -2.8413 24.6748
v  -16.3831 -2.8411 24.6936
v  -16.3995 -2.8546 24.7187
v  -16.3832 -2.8524 24.7209
v  -16.3947 -2.8794 24.7300
v  -16.3831 -2.8799 24.7322
v  -16.3843 -2.8985 24.7320
v  -16.3947 -2.8795 24.7610
v  -16.3843 -2.8985 24.7590
v  -16.3831 -2.8797 24.7588
v  -16.3995 -2.8546 24.7724
v  -16.3832 -2.8524 24.7702
v  -16.3947 -2.8432 24.7972
v  -16.3831 -2.8410 24.7976
v  -16.3843 -2.8413 24.8163
v  -16.3947 -2.8123 24.7972
v  -16.3843 -2.8143 24.8163
v  -16.3831 -2.8144 24.7974
v  -16.3995 -2.8009 24.7724
v  -16.3832 -2.8031 24.7702
v  -16.3947 -2.7761 24.7610
v  -16.3831 -2.7756 24.7588
v  -16.3843 -2.7570 24.7590
v  -16.3947 -2.7761 24.7300
v  -16.3843 -2.7568 24.7320
v  -16.3831 -2.7758 24.7322
v  -16.3995 -2.8009 24.7187
v  -16.3832 -2.8031 24.7209
v  -16.3947 -2.8123 24.6938
v  -16.3831 -2.8145 24.6934
v  -16.3842 -2.8143 24.6748
v  -16.3777 -2.8278 24.6936
v  -16.3777 -2.8345 24.6947
v  -16.3777 -2.8345 24.6768
v  -16.3777 -2.8278 24.6762
v  -16.3777 -2.8278 24.7216
v  -16.3777 -2.8474 24.7259
v  -16.3777 -2.8517 24.7455
v  -16.3777 -2.8278 24.7455
v  -16.3777 -2.7769 24.7388
v  -16.3777 -2.7590 24.7388
v  -16.3777 -2.7584 24.7455
v  -16.3777 -2.7758 24.7455
v  -16.3777 -2.8081 24.7259
v  -16.3777 -2.8038 24.7455
v  -16.3777 -2.8797 24.7455
v  -16.3777 -2.8786 24.7388
v  -16.3777 -2.8971 24.7455
v  -16.3777 -2.8965 24.7388
v  -16.3777 -2.8278 24.7975
v  -16.3777 -2.8345 24.7964
v  -16.3777 -2.8474 24.7652
v  -16.3777 -2.8278 24.7694
v  -16.3777 -2.8278 24.8148
v  -16.3777 -2.8345 24.8143
v  -16.3777 -2.8210 24.6768
v  -16.3777 -2.8210 24.6947
v  -16.3777 -2.8081 24.7652
v  -16.3777 -2.8210 24.7964
v  -16.3777 -2.8210 24.8143
v  -16.3777 -2.7590 24.7522
v  -16.3777 -2.7769 24.7522
v  -16.3777 -2.8786 24.7522
v  -16.3777 -2.8965 24.7522
v  -16.3905 -2.9012 24.7601
v  -16.4000 -2.8805 24.7618
v  -16.4051 -2.8554 24.7731
v  -16.4000 -2.8440 24.7983
v  -16.3905 -2.8423 24.8189
v  -16.3880 -2.8273 24.8254
v  -16.3881 -2.8187 24.8246
v  -16.3905 -2.8132 24.8189
v  -16.4000 -2.8115 24.7983
v  -16.4051 -2.8001 24.7731
v  -16.4000 -2.7750 24.7618
v  -16.3902 -2.7538 24.7310
v  -16.4000 -2.7750 24.7293
v  -16.4051 -2.8001 24.7179
v  -16.4000 -2.8115 24.6928
v  -16.3905 -2.8132 24.6721
v  -16.3879 -2.8286 24.6653
v  -16.3881 -2.8368 24.6663
v  -16.3905 -2.8423 24.6721
v  -16.4000 -2.8440 24.6928
v  -16.4051 -2.8554 24.7179
v  -16.4000 -2.8805 24.7293
v  -16.3883 -2.9068 24.7364
v  -16.3885 -2.9076 24.7456
v  -16.3883 -2.7486 24.7546
v  -16.3885 -2.7478 24.7471
v  -16.3881 -2.8187 24.6664
v  -16.3881 -2.8368 24.8246
v  -16.3881 -2.7485 24.7363
v  -16.3905 -2.7543 24.7601
v  -16.3905 -2.9012 24.7309
v  -16.3883 -2.9068 24.7547
v  -16.3832 -2.8201 24.6685
v  -16.3828 -2.8280 24.6679
v  -16.3832 -2.8355 24.6684
v  -16.3833 -2.9046 24.7378
v  -16.3831 -2.9052 24.7455
v  -16.3833 -2.9046 24.7532
v  -16.3832 -2.8354 24.8224
v  -16.3828 -2.8276 24.8229
v  -16.3832 -2.8201 24.8225
v  -16.3832 -2.7509 24.7532
v  -16.3831 -2.7503 24.7464
v  -16.3832 -2.7509 24.7379
v  -16.3829 -2.8145 24.6693
v  -16.3777 -2.8155 24.6716
v  -16.3777 -2.8210 24.6712
v  -16.3777 -2.8345 24.6712
v  -16.3777 -2.8401 24.6716
v  -16.3829 -2.8410 24.6693
v  -16.3777 -2.8401 24.6772
v  -16.3777 -2.8961 24.7332
v  -16.3777 -2.9017 24.7332
v  -16.3829 -2.9040 24.7323
v  -16.3777 -2.9021 24.7388
v  -16.3777 -2.9021 24.7523
v  -16.3777 -2.9017 24.7578
v  -16.3829 -2.9040 24.7587
v  -16.3777 -2.8961 24.7578
v  -16.3777 -2.8401 24.8138
v  -16.3777 -2.8401 24.8194
v  -16.3829 -2.8410 24.8218
v  -16.3777 -2.8345 24.8199
v  -16.3777 -2.8210 24.8199
v  -16.3777 -2.8155 24.8194
v  -16.3829 -2.8145 24.8218
v  -16.3777 -2.8155 24.8138
v  -16.3777 -2.7594 24.7578
v  -16.3777 -2.7538 24.7578
v  -16.3829 -2.7515 24.7587
v  -16.3777 -2.7534 24.7523
v  -16.3777 -2.7534 24.7388
v  -16.3777 -2.7538 24.7332
v  -16.3828 -2.7513 24.7323
v  -16.3777 -2.7594 24.7332
v  -16.3777 -2.8155 24.6772
v  -16.3777 -2.8278 24.6706
v  -16.3777 -2.8401 24.6936
v  -16.3777 -2.8517 24.7216
v  -16.3777 -2.8797 24.7332
v  -16.3777 -2.9027 24.7455
v  -16.3777 -2.8797 24.7578
v  -16.3777 -2.8517 24.7694
v  -16.3777 -2.8401 24.7975
v  -16.3777 -2.8278 24.8204
v  -16.3777 -2.8155 24.7975
v  -16.3777 -2.8038 24.7694
v  -16.3777 -2.7758 24.7578
v  -16.3777 -2.7528 24.7455
v  -16.3777 -2.7758 24.7332
v  -16.3777 -2.8038 24.7216
v  -16.3777 -2.8155 24.6936
v  -16.3882 -2.9063 24.7597
v  -16.3882 -2.8419 24.8241
v  -16.3882 -2.8136 24.8241
v  -16.3879 -2.7488 24.7314
v  -16.3882 -2.8136 24.6670
v  -16.3882 -2.8419 24.6670
v  -16.3882 -2.9063 24.7314
v  -16.3882 -2.7492 24.7597
v  -16.3853 -1.2192 24.7457
v  -16.3851 -1.2169 24.7650
v  -16.3615 -1.2408 24.7859
v  -16.3617 -1.2480 24.7478
v  -16.3815 -1.2035 24.8039
v  -16.3614 -1.2216 24.8187
v  -16.3814 -1.1800 24.8236
v  -16.3614 -1.1930 24.8430
v  -16.3850 -1.1532 24.8284
v  -16.3612 -1.1555 24.8573
v  -16.3850 -1.1344 24.8302
v  -16.3607 -1.1365 24.8592
v  -16.3852 -1.1166 24.8283
v  -16.3819 -1.0916 24.8239
v  -16.3620 -1.0787 24.8435
v  -16.3604 -1.1173 24.8565
v  -16.3822 -1.0678 24.8043
v  -16.3623 -1.0497 24.8193
v  -16.3853 -1.0529 24.7650
v  -16.3627 -1.0302 24.7863
v  -16.3852 -1.0503 24.7472
v  -16.3629 -1.0227 24.7472
v  -16.3849 -1.0523 24.7260
v  -16.3633 -1.0295 24.7082
v  -16.3832 -1.0673 24.6897
v  -16.3636 -1.0488 24.6746
v  -16.3833 -1.0911 24.6696
v  -16.3637 -1.0778 24.6500
v  -16.3852 -1.1165 24.6628
v  -16.3634 -1.1168 24.6354
v  -16.3850 -1.1357 24.6605
v  -16.3633 -1.1365 24.6331
v  -16.3851 -1.1534 24.6627
v  -16.3828 -1.1805 24.6699
v  -16.3631 -1.1938 24.6505
v  -16.3632 -1.1561 24.6357
v  -16.3824 -1.2040 24.6900
v  -16.3626 -1.2225 24.6752
v  -16.3851 -1.2170 24.7260
v  -16.3621 -1.2414 24.7086
v  -16.3983 -1.1887 24.7666
v  -16.4025 -1.1663 24.7769
v  -16.3981 -1.1560 24.7995
v  -16.3981 -1.1137 24.7995
v  -16.4025 -1.1033 24.7769
v  -16.3983 -1.0809 24.7666
v  -16.3983 -1.0810 24.7245
v  -16.4025 -1.1032 24.7141
v  -16.3982 -1.1136 24.6915
v  -16.3981 -1.1560 24.6916
v  -16.4025 -1.1664 24.7141
v  -16.3983 -1.1884 24.7239
v  -16.3353 -1.2592 24.7920
v  -16.3357 -1.2674 24.7468
v  -16.3351 -1.2363 24.8314
v  -16.3350 -1.2014 24.8607
v  -16.3351 -1.1586 24.8763
v  -16.3354 -1.1130 24.8765
v  -16.3352 -1.1358 24.8791
v  -16.3358 -1.0700 24.8612
v  -16.3363 -1.0347 24.8320
v  -16.3368 -1.0114 24.7922
v  -16.3371 -1.0031 24.7471
v  -16.3375 -1.0108 24.7016
v  -16.3376 -1.0338 24.6615
v  -16.3377 -1.0692 24.6318
v  -16.3376 -1.1127 24.6160
v  -16.3373 -1.1589 24.6162
v  -16.3375 -1.1358 24.6133
v  -16.3370 -1.2022 24.6323
v  -16.3365 -1.2372 24.6621
v  -16.3360 -1.2599 24.7020
v  -16.3282 -1.2627 24.7933
v  -16.3286 -1.2711 24.7468
v  -16.3280 -1.2391 24.8338
v  -16.3279 -1.2032 24.8638
v  -16.3280 -1.1593 24.8799
v  -16.3281 -1.1358 24.8828
v  -16.3287 -1.0682 24.8643
v  -16.3283 -1.1124 24.8801
v  -16.3292 -1.0319 24.8343
v  -16.3297 -1.0080 24.7935
v  -16.3301 -0.9994 24.7472
v  -16.3304 -1.0074 24.7004
v  -16.3306 -1.0310 24.6592
v  -16.3307 -1.0674 24.6286
v  -16.3306 -1.1121 24.6124
v  -16.3305 -1.1359 24.6097
v  -16.3299 -1.2040 24.6291
v  -16.3303 -1.1596 24.6126
v  -16.3295 -1.2400 24.6597
v  -16.3290 -1.2633 24.7008
v  -16.3198 -1.2606 24.7925
v  -16.3202 -1.2689 24.7468
v  -16.3195 -1.2374 24.8324
v  -16.3195 -1.2021 24.8620
v  -16.3196 -1.1589 24.8778
v  -16.3197 -1.1358 24.8806
v  -16.3203 -1.0693 24.8625
v  -16.3199 -1.1128 24.8780
v  -16.3207 -1.0336 24.8330
v  -16.3212 -1.0100 24.7927
v  -16.3216 -1.0016 24.7472
v  -16.3219 -1.0094 24.7011
v  -16.3221 -1.0327 24.6606
v  -16.3222 -1.0685 24.6304
v  -16.3221 -1.1125 24.6145
v  -16.3220 -1.1359 24.6118
v  -16.3215 -1.2029 24.6309
v  -16.3218 -1.1592 24.6147
v  -16.3210 -1.2384 24.6611
v  -16.3205 -1.2613 24.7015
v  -16.3148 -1.2569 24.7912
v  -16.3152 -1.2650 24.7468
v  -16.3146 -1.2344 24.8298
v  -16.3145 -1.2002 24.8586
v  -16.3146 -1.1582 24.8739
v  -16.3149 -1.1134 24.8741
v  -16.3147 -1.1358 24.8767
v  -16.3153 -1.0712 24.8590
v  -16.3157 -1.0366 24.8304
v  -16.3162 -1.0137 24.7914
v  -16.3165 -1.0055 24.7471
v  -16.3169 -1.0131 24.7025
v  -16.3171 -1.0357 24.6631
v  -16.3172 -1.0705 24.6339
v  -16.3170 -1.1132 24.6184
v  -16.3168 -1.1585 24.6186
v  -16.3169 -1.1358 24.6158
v  -16.3164 -1.2009 24.6344
v  -16.3160 -1.2353 24.6637
v  -16.3155 -1.2576 24.7028
v  -16.3131 -1.2539 24.7468
v  -16.3127 -1.2466 24.7874
v  -16.3137 -1.1356 24.7467
v  -16.3125 -1.2260 24.8227
v  -16.3124 -1.1946 24.8490
v  -16.3125 -1.1563 24.8630
v  -16.3126 -1.1358 24.8655
v  -16.3128 -1.1153 24.8632
v  -16.3131 -1.0767 24.8494
v  -16.3136 -1.0451 24.8232
v  -16.3140 -1.0241 24.7875
v  -16.3143 -1.0167 24.7471
v  -16.3146 -1.0236 24.7063
v  -16.3148 -1.0443 24.6703
v  -16.3149 -1.0760 24.6435
v  -16.3148 -1.1151 24.6294
v  -16.3147 -1.1358 24.6270
v  -16.3145 -1.1565 24.6296
v  -16.3142 -1.1953 24.6440
v  -16.3138 -1.2268 24.6708
v  -16.3134 -1.2471 24.7066
v  -16.3947 -1.1503 24.6938
v  -16.3843 -1.1483 24.6748
v  -16.3831 -1.1481 24.6936
v  -16.3995 -1.1617 24.7187
v  -16.3832 -1.1595 24.7209
v  -16.3947 -1.1865 24.7300
v  -16.3831 -1.1869 24.7322
v  -16.3843 -1.2055 24.7320
v  -16.3947 -1.1865 24.7610
v  -16.3843 -1.2055 24.7590
v  -16.3831 -1.1867 24.7588
v  -16.3995 -1.1617 24.7724
v  -16.3832 -1.1595 24.7702
v  -16.3947 -1.1503 24.7972
v  -16.3831 -1.1481 24.7976
v  -16.3843 -1.1483 24.8163
v  -16.3947 -1.1193 24.7972
v  -16.3843 -1.1213 24.8163
v  -16.3831 -1.1215 24.7974
v  -16.3995 -1.1079 24.7724
v  -16.3832 -1.1101 24.7702
v  -16.3947 -1.0831 24.7610
v  -16.3831 -1.0827 24.7588
v  -16.3843 -1.0641 24.7590
v  -16.3947 -1.0831 24.7300
v  -16.3843 -1.0638 24.7320
v  -16.3831 -1.0829 24.7322
v  -16.3995 -1.1079 24.7187
v  -16.3832 -1.1101 24.7209
v  -16.3947 -1.1193 24.6938
v  -16.3831 -1.1215 24.6934
v  -16.3842 -1.1213 24.6748
v  -16.3777 -1.1348 24.6936
v  -16.3777 -1.1415 24.6947
v  -16.3777 -1.1415 24.6768
v  -16.3777 -1.1348 24.6762
v  -16.3777 -1.1348 24.7216
v  -16.3777 -1.1544 24.7259
v  -16.3777 -1.1587 24.7455
v  -16.3777 -1.1348 24.7455
v  -16.3777 -1.0840 24.7388
v  -16.3777 -1.0660 24.7388
v  -16.3777 -1.0655 24.7455
v  -16.3777 -1.0828 24.7455
v  -16.3777 -1.1152 24.7259
v  -16.3777 -1.1109 24.7455
v  -16.3777 -1.1868 24.7455
v  -16.3777 -1.1856 24.7388
v  -16.3777 -1.2041 24.7455
v  -16.3777 -1.2036 24.7388
v  -16.3777 -1.1348 24.7975
v  -16.3777 -1.1415 24.7964
v  -16.3777 -1.1544 24.7652
v  -16.3777 -1.1348 24.7694
v  -16.3777 -1.1348 24.8148
v  -16.3777 -1.1415 24.8143
v  -16.3777 -1.1281 24.6768
v  -16.3777 -1.1281 24.6947
v  -16.3777 -1.1152 24.7652
v  -16.3777 -1.1281 24.7964
v  -16.3777 -1.1281 24.8143
v  -16.3777 -1.0660 24.7522
v  -16.3777 -1.0840 24.7522
v  -16.3777 -1.1856 24.7522
v  -16.3777 -1.2036 24.7522
v  -16.3905 -1.2082 24.7601
v  -16.4000 -1.1876 24.7618
v  -16.4051 -1.1624 24.7731
v  -16.4000 -1.1510 24.7983
v  -16.3905 -1.1494 24.8189
v  -16.3880 -1.1343 24.8254
v  -16.3881 -1.1258 24.8246
v  -16.3905 -1.1202 24.8189
v  -16.4000 -1.1186 24.7983
v  -16.4051 -1.1072 24.7731
v  -16.4000 -1.0821 24.7618
v  -16.3902 -1.0608 24.7310
v  -16.4000 -1.0821 24.7293
v  -16.4051 -1.1072 24.7179
v  -16.4000 -1.1186 24.6928
v  -16.3905 -1.1202 24.6721
v  -16.3879 -1.1356 24.6653
v  -16.3881 -1.1438 24.6663
v  -16.3905 -1.1494 24.6721
v  -16.4000 -1.1510 24.6928
v  -16.4051 -1.1624 24.7179
v  -16.4000 -1.1875 24.7293
v  -16.3883 -1.2138 24.7364
v  -16.3885 -1.2147 24.7456
v  -16.3883 -1.0557 24.7546
v  -16.3885 -1.0549 24.7471
v  -16.3881 -1.1258 24.6664
v  -16.3881 -1.1439 24.8246
v  -16.3881 -1.0555 24.7363
v  -16.3905 -1.0614 24.7601
v  -16.3905 -1.2082 24.7309
v  -16.3883 -1.2138 24.7547
v  -16.3832 -1.1271 24.6685
v  -16.3828 -1.1351 24.6679
v  -16.3832 -1.1425 24.6684
v  -16.3833 -1.2117 24.7378
v  -16.3831 -1.2122 24.7455
v  -16.3833 -1.2117 24.7532
v  -16.3832 -1.1425 24.8224
v  -16.3828 -1.1347 24.8229
v  -16.3832 -1.1271 24.8225
v  -16.3832 -1.0579 24.7532
v  -16.3831 -1.0574 24.7464
v  -16.3832 -1.0579 24.7379
v  -16.3829 -1.1216 24.6693
v  -16.3777 -1.1225 24.6716
v  -16.3777 -1.1281 24.6712
v  -16.3777 -1.1415 24.6712
v  -16.3777 -1.1471 24.6716
v  -16.3829 -1.1480 24.6693
v  -16.3777 -1.1471 24.6772
v  -16.3777 -1.2031 24.7332
v  -16.3777 -1.2087 24.7332
v  -16.3829 -1.2110 24.7323
v  -16.3777 -1.2092 24.7388
v  -16.3777 -1.2092 24.7523
v  -16.3777 -1.2087 24.7578
v  -16.3829 -1.2110 24.7587
v  -16.3777 -1.2031 24.7578
v  -16.3777 -1.1471 24.8138
v  -16.3777 -1.1471 24.8194
v  -16.3829 -1.1480 24.8218
v  -16.3777 -1.1415 24.8199
v  -16.3777 -1.1281 24.8199
v  -16.3777 -1.1225 24.8194
v  -16.3829 -1.1216 24.8218
v  -16.3777 -1.1225 24.8138
v  -16.3777 -1.0665 24.7578
v  -16.3777 -1.0609 24.7578
v  -16.3829 -1.0586 24.7587
v  -16.3777 -1.0604 24.7523
v  -16.3777 -1.0604 24.7388
v  -16.3777 -1.0609 24.7332
v  -16.3828 -1.0584 24.7323
v  -16.3777 -1.0665 24.7332
v  -16.3777 -1.1225 24.6772
v  -16.3777 -1.1348 24.6706
v  -16.3777 -1.1471 24.6936
v  -16.3777 -1.1587 24.7216
v  -16.3777 -1.1868 24.7332
v  -16.3777 -1.2097 24.7455
v  -16.3777 -1.1868 24.7578
v  -16.3777 -1.1587 24.7694
v  -16.3777 -1.1471 24.7975
v  -16.3777 -1.1348 24.8204
v  -16.3777 -1.1225 24.7975
v  -16.3777 -1.1109 24.7694
v  -16.3777 -1.0828 24.7578
v  -16.3777 -1.0599 24.7455
v  -16.3777 -1.0828 24.7332
v  -16.3777 -1.1109 24.7216
v  -16.3777 -1.1225 24.6936
v  -16.3882 -1.2134 24.7597
v  -16.3882 -1.1490 24.8241
v  -16.3882 -1.1206 24.8241
v  -16.3879 -1.0558 24.7314
v  -16.3882 -1.1206 24.6670
v  -16.3882 -1.1490 24.6670
v  -16.3882 -1.2134 24.7314
v  -16.3882 -1.0562 24.7597
v  -15.6629 -1.1005 1.2391
v  -15.6629 -1.1029 1.2267
v  -15.6627 -1.1344 1.2391
v  -15.6629 -1.1104 1.2151
v  -15.6629 -1.1220 1.2075
v  -15.6629 -1.1344 1.2052
v  -15.6629 -1.1468 1.2075
v  -15.6629 -1.1583 1.2151
v  -15.6629 -1.1659 1.2267
v  -15.6629 -1.1683 1.2391
v  -15.6629 -1.1659 1.2515
v  -15.6629 -1.1583 1.2630
v  -15.6629 -1.1468 1.2706
v  -15.6629 -1.1344 1.2730
v  -15.6629 -1.1220 1.2706
v  -15.6629 -1.1104 1.2630
v  -15.6629 -1.1029 1.2515
v  -15.6713 -1.0950 1.2235
v  -15.6713 -1.0921 1.2391
v  -16.3132 -1.0921 1.2391
v  -16.3132 -1.0950 1.2235
v  -15.6713 -1.0950 1.2547
v  -16.3132 -1.0950 1.2546
v  -15.6713 -1.1045 1.2690
v  -16.3132 -1.1045 1.2690
v  -15.6713 -1.1045 1.2092
v  -16.3132 -1.1045 1.2092
v  -15.6713 -1.1188 1.2784
v  -16.3132 -1.1188 1.2784
v  -15.6713 -1.1188 1.1997
v  -16.3132 -1.1188 1.1997
v  -15.6713 -1.1344 1.2814
v  -16.3132 -1.1344 1.2814
v  -15.6713 -1.1344 1.1968
v  -16.3132 -1.1344 1.1968
v  -15.6713 -1.1500 1.2784
v  -16.3132 -1.1500 1.2784
v  -15.6713 -1.1500 1.1997
v  -16.3132 -1.1500 1.1997
v  -15.6713 -1.1643 1.2690
v  -16.3132 -1.1643 1.2690
v  -15.6713 -1.1643 1.2092
v  -16.3132 -1.1643 1.2092
v  -15.6713 -1.1737 1.2547
v  -16.3132 -1.1737 1.2546
v  -15.6713 -1.1767 1.2391
v  -16.3132 -1.1767 1.2391
v  -15.6713 -1.1737 1.2235
v  -16.3132 -1.1737 1.2235
v  -15.6630 -1.0921 1.2391
v  -15.6630 -1.0950 1.2235
v  -15.6630 -1.1045 1.2092
v  -15.6630 -1.1188 1.1997
v  -15.6630 -1.1344 1.1968
v  -15.6630 -1.1500 1.1997
v  -15.6630 -1.1643 1.2092
v  -15.6630 -1.1737 1.2235
v  -15.6630 -1.1767 1.2391
v  -15.6630 -1.1737 1.2547
v  -15.6630 -1.1643 1.2690
v  -15.6630 -1.1500 1.2784
v  -15.6630 -1.1344 1.2814
v  -15.6630 -1.1188 1.2784
v  -15.6630 -1.1045 1.2690
v  -15.6630 -1.0950 1.2547
v  -15.6629 -2.7936 1.2391
v  -15.6629 -2.7960 1.2267
v  -15.6627 -2.8275 1.2391
v  -15.6629 -2.8036 1.2151
v  -15.6629 -2.8151 1.2075
v  -15.6629 -2.8275 1.2052
v  -15.6629 -2.8399 1.2075
v  -15.6629 -2.8515 1.2151
v  -15.6629 -2.8591 1.2267
v  -15.6629 -2.8614 1.2391
v  -15.6629 -2.8590 1.2515
v  -15.6629 -2.8515 1.2630
v  -15.6629 -2.8399 1.2706
v  -15.6629 -2.8275 1.2730
v  -15.6629 -2.8151 1.2706
v  -15.6629 -2.8036 1.2630
v  -15.6629 -2.7960 1.2515
v  -15.6713 -2.7882 1.2235
v  -15.6713 -2.7852 1.2391
v  -16.3132 -2.7852 1.2391
v  -16.3132 -2.7882 1.2235
v  -15.6713 -2.7882 1.2547
v  -16.3132 -2.7882 1.2546
v  -15.6713 -2.7976 1.2690
v  -16.3132 -2.7976 1.2690
v  -15.6713 -2.7976 1.2092
v  -16.3132 -2.7976 1.2091
v  -15.6713 -2.8119 1.2784
v  -16.3132 -2.8119 1.2784
v  -15.6713 -2.8119 1.1997
v  -16.3132 -2.8119 1.1997
v  -15.6713 -2.8275 1.2814
v  -16.3132 -2.8275 1.2814
v  -15.6713 -2.8275 1.1968
v  -16.3132 -2.8275 1.1968
v  -15.6713 -2.8431 1.2784
v  -16.3132 -2.8431 1.2784
v  -15.6713 -2.8431 1.1997
v  -16.3132 -2.8431 1.1997
v  -15.6713 -2.8574 1.2690
v  -16.3132 -2.8574 1.2690
v  -15.6713 -2.8574 1.2092
v  -16.3132 -2.8574 1.2091
v  -15.6713 -2.8669 1.2547
v  -16.3132 -2.8669 1.2546
v  -15.6713 -2.8698 1.2391
v  -16.3132 -2.8698 1.2391
v  -15.6713 -2.8669 1.2235
v  -16.3132 -2.8669 1.2235
v  -15.6630 -2.7852 1.2391
v  -15.6630 -2.7882 1.2235
v  -15.6630 -2.7976 1.2092
v  -15.6630 -2.8119 1.1997
v  -15.6630 -2.8275 1.1968
v  -15.6630 -2.8431 1.1997
v  -15.6630 -2.8574 1.2092
v  -15.6630 -2.8669 1.2235
v  -15.6630 -2.8698 1.2391
v  -15.6630 -2.8669 1.2547
v  -15.6630 -2.8574 1.2690
v  -15.6630 -2.8431 1.2784
v  -15.6630 -2.8275 1.2814
v  -15.6630 -2.8119 1.2784
v  -15.6630 -2.7976 1.2690
v  -15.6630 -2.7882 1.2547
v  -15.6629 -1.1005 24.7452
v  -15.6629 -1.1029 24.7328
v  -15.6627 -1.1344 24.7452
v  -15.6629 -1.1104 24.7212
v  -15.6629 -1.1220 24.7136
v  -15.6629 -1.1344 24.7113
v  -15.6629 -1.1468 24.7136
v  -15.6629 -1.1583 24.7212
v  -15.6629 -1.1659 24.7328
v  -15.6629 -1.1683 24.7452
v  -15.6629 -1.1659 24.7576
v  -15.6629 -1.1583 24.7691
v  -15.6629 -1.1468 24.7767
v  -15.6629 -1.1344 24.7791
v  -15.6629 -1.1220 24.7767
v  -15.6629 -1.1104 24.7691
v  -15.6629 -1.1029 24.7576
v  -15.6713 -1.0950 24.7296
v  -15.6713 -1.0921 24.7452
v  -16.3132 -1.0921 24.7452
v  -16.3132 -1.0950 24.7296
v  -15.6713 -1.0950 24.7608
v  -16.3132 -1.0950 24.7607
v  -15.6713 -1.1045 24.7751
v  -16.3132 -1.1045 24.7751
v  -15.6713 -1.1045 24.7153
v  -16.3132 -1.1045 24.7153
v  -15.6713 -1.1188 24.7845
v  -16.3132 -1.1188 24.7845
v  -15.6713 -1.1188 24.7058
v  -16.3132 -1.1188 24.7058
v  -15.6713 -1.1344 24.7875
v  -16.3132 -1.1344 24.7875
v  -15.6713 -1.1344 24.7029
v  -16.3132 -1.1344 24.7029
v  -15.6713 -1.1500 24.7845
v  -16.3132 -1.1500 24.7845
v  -15.6713 -1.1500 24.7058
v  -16.3132 -1.1500 24.7058
v  -15.6713 -1.1643 24.7751
v  -16.3132 -1.1643 24.7751
v  -15.6713 -1.1643 24.7153
v  -16.3132 -1.1643 24.7153
v  -15.6713 -1.1737 24.7608
v  -16.3132 -1.1737 24.7607
v  -15.6713 -1.1767 24.7452
v  -16.3132 -1.1767 24.7452
v  -15.6713 -1.1737 24.7296
v  -16.3132 -1.1737 24.7296
v  -15.6630 -1.0921 24.7452
v  -15.6630 -1.0950 24.7296
v  -15.6630 -1.1045 24.7153
v  -15.6630 -1.1188 24.7058
v  -15.6630 -1.1344 24.7029
v  -15.6630 -1.1500 24.7058
v  -15.6630 -1.1643 24.7153
v  -15.6630 -1.1737 24.7296
v  -15.6630 -1.1767 24.7452
v  -15.6630 -1.1737 24.7608
v  -15.6630 -1.1643 24.7751
v  -15.6630 -1.1500 24.7845
v  -15.6630 -1.1344 24.7875
v  -15.6630 -1.1188 24.7845
v  -15.6630 -1.1045 24.7751
v  -15.6630 -1.0950 24.7608
v  -15.6629 -2.7936 24.7452
v  -15.6629 -2.7960 24.7328
v  -15.6627 -2.8275 24.7452
v  -15.6629 -2.8036 24.7212
v  -15.6629 -2.8151 24.7136
v  -15.6629 -2.8275 24.7113
v  -15.6629 -2.8399 24.7136
v  -15.6629 -2.8515 24.7212
v  -15.6629 -2.8590 24.7328
v  -15.6629 -2.8614 24.7452
v  -15.6629 -2.8590 24.7576
v  -15.6629 -2.8515 24.7691
v  -15.6629 -2.8399 24.7767
v  -15.6629 -2.8275 24.7791
v  -15.6629 -2.8151 24.7767
v  -15.6629 -2.8036 24.7691
v  -15.6629 -2.7960 24.7576
v  -15.6713 -2.7882 24.7296
v  -15.6713 -2.7852 24.7452
v  -16.3132 -2.7852 24.7452
v  -16.3132 -2.7882 24.7296
v  -15.6713 -2.7882 24.7607
v  -16.3132 -2.7882 24.7607
v  -15.6713 -2.7976 24.7751
v  -16.3132 -2.7976 24.7751
v  -15.6713 -2.7976 24.7153
v  -16.3132 -2.7976 24.7152
v  -15.6713 -2.8119 24.7845
v  -16.3132 -2.8119 24.7845
v  -15.6713 -2.8119 24.7058
v  -16.3132 -2.8119 24.7058
v  -15.6713 -2.8275 24.7875
v  -16.3132 -2.8275 24.7875
v  -15.6713 -2.8275 24.7029
v  -16.3132 -2.8275 24.7029
v  -15.6713 -2.8431 24.7845
v  -16.3132 -2.8431 24.7845
v  -15.6713 -2.8431 24.7058
v  -16.3132 -2.8431 24.7058
v  -15.6713 -2.8574 24.7751
v  -16.3132 -2.8574 24.7751
v  -15.6713 -2.8574 24.7153
v  -16.3132 -2.8574 24.7152
v  -15.6713 -2.8669 24.7607
v  -16.3132 -2.8669 24.7607
v  -15.6713 -2.8698 24.7452
v  -16.3132 -2.8698 24.7452
v  -15.6713 -2.8669 24.7296
v  -16.3132 -2.8669 24.7296
v  -15.6630 -2.7852 24.7452
v  -15.6630 -2.7882 24.7296
v  -15.6630 -2.7976 24.7153
v  -15.6630 -2.8119 24.7058
v  -15.6630 -2.8275 24.7029
v  -15.6630 -2.8431 24.7058
v  -15.6630 -2.8574 24.7153
v  -15.6630 -2.8669 24.7296
v  -15.6630 -2.8698 24.7452
v  -15.6630 -2.8669 24.7607
v  -15.6630 -2.8574 24.7751
v  -15.6630 -2.8431 24.7845
v  -15.6630 -2.8275 24.7875
v  -15.6630 -2.8119 24.7845
v  -15.6630 -2.7976 24.7751
v  -15.6630 -2.7882 24.7607
v  -16.5647 -0.5693 8.4923
v  -16.5709 -0.5693 8.4923
v  -16.5707 -0.5700 8.3660
v  -16.5647 -0.5699 8.3661
v  -16.5293 -0.5697 8.3612
v  -16.5647 -0.5705 8.2656
v  -16.5267 -0.5705 8.2656
v  -16.5650 -0.5758 8.2385
v  -16.5264 -0.5758 8.2386
v  -16.5647 -0.5901 8.2160
v  -16.5646 -0.6140 8.1988
v  -16.5268 -0.6140 8.1987
v  -16.5267 -0.5901 8.2159
v  -16.5084 -0.5713 8.3514
v  -16.5027 -0.5760 8.3348
v  -16.4762 -0.5773 8.3344
v  -16.4761 -0.5720 8.3496
v  -16.4762 -0.5861 8.3203
v  -16.4997 -0.5865 8.3197
v  -16.4982 -0.6116 8.2999
v  -16.4762 -0.6112 8.3001
v  -16.5074 -0.6180 8.2058
v  -16.5124 -0.6154 8.2009
v  -16.5129 -0.6441 8.1946
v  -16.5079 -0.6441 8.1996
v  -16.5071 -0.5837 8.2424
v  -16.5120 -0.5783 8.2399
v  -16.5127 -0.5917 8.2176
v  -16.5078 -0.5952 8.2212
v  -16.5092 -0.5752 8.3285
v  -16.5156 -0.5707 8.3448
v  -16.5124 -0.5730 8.2654
v  -16.5075 -0.5785 8.2654
v  -16.5057 -0.6441 8.2862
v  -16.5057 -0.6091 8.2943
v  -16.5057 -0.5868 8.2657
v  -16.5057 -0.6441 8.2657
v  -16.5786 -0.5716 8.4923
v  -16.5835 -0.5766 8.4923
v  -16.5836 -0.5773 8.3660
v  -16.5786 -0.5722 8.3660
v  -16.5835 -0.5777 8.2653
v  -16.5785 -0.5727 8.2653
v  -16.5788 -0.5782 8.2391
v  -16.5837 -0.5831 8.2406
v  -16.5834 -0.5963 8.2196
v  -16.5784 -0.5923 8.2168
v  -16.5782 -0.6152 8.2005
v  -16.5832 -0.6175 8.2046
v  -16.5834 -0.6441 8.1993
v  -16.5783 -0.6441 8.1944
v  -16.5857 -0.5915 8.2663
v  -16.5857 -0.6441 8.2656
v  -16.5857 -0.5964 8.2455
v  -16.5647 -0.6441 8.1923
v  -16.5267 -0.6441 8.1924
v  -16.4995 -0.6441 8.2923
v  -16.4762 -0.6441 8.2923
v  -16.5058 -0.5835 8.3152
v  -16.5857 -0.6441 8.3660
v  -16.5857 -0.5911 8.3661
v  -16.5857 -0.5903 8.4923
v  -16.5857 -0.6441 8.4923
v  -16.5857 -0.5843 8.4923
v  -16.5857 -0.5851 8.3660
v  -16.5857 -0.5855 8.2656
v  -16.5707 -0.5705 8.2656
v  -16.5857 -0.5907 8.2432
v  -16.5857 -0.6024 8.2242
v  -16.5707 -0.5901 8.2160
v  -16.5710 -0.5758 8.2386
v  -16.5857 -0.6209 8.2113
v  -16.5857 -0.6441 8.2071
v  -16.5707 -0.6441 8.1923
v  -16.5706 -0.6141 8.1988
v  -16.5857 -0.6441 8.2132
v  -16.5857 -0.6232 8.2170
v  -16.5857 -0.6069 8.2284
v  -16.4761 -0.5699 8.3661
v  -16.5145 -0.5696 8.3658
v  -16.5208 -0.6140 8.1987
v  -16.5207 -0.6441 8.1924
v  -16.5057 -0.6441 8.2072
v  -16.5057 -0.6219 8.2137
v  -16.5204 -0.5758 8.2386
v  -16.5207 -0.5901 8.2159
v  -16.5057 -0.6007 8.2265
v  -16.5057 -0.5920 8.2460
v  -16.5233 -0.5696 8.3600
v  -16.5207 -0.5705 8.2656
v  -16.5260 -0.5699 8.3685
v  -16.5139 -0.5717 8.3497
v  -16.5085 -0.5764 8.3340
v  -16.5057 -0.5868 8.3194
v  -16.5042 -0.6117 8.2998
v  -16.5054 -0.6441 8.2923
v  -16.5207 -0.5700 8.3660
v  -16.4761 -0.5699 8.3721
v  -16.5176 -0.5694 8.3721
v  -16.4761 -0.5693 8.4923
v  -16.5176 -0.5693 8.4923
v  -16.5647 -0.7189 8.4923
v  -16.5647 -0.7182 8.3661
v  -16.5707 -0.7182 8.3660
v  -16.5709 -0.7189 8.4923
v  -16.5293 -0.7185 8.3612
v  -16.5267 -0.7177 8.2656
v  -16.5647 -0.7177 8.2656
v  -16.5264 -0.7124 8.2386
v  -16.5650 -0.7124 8.2385
v  -16.5647 -0.6981 8.2160
v  -16.5267 -0.6981 8.2159
v  -16.5268 -0.6742 8.1987
v  -16.5646 -0.6742 8.1988
v  -16.5084 -0.7169 8.3514
v  -16.4761 -0.7162 8.3496
v  -16.4762 -0.7109 8.3344
v  -16.5027 -0.7121 8.3348
v  -16.4762 -0.7021 8.3203
v  -16.4762 -0.6770 8.3001
v  -16.4982 -0.6766 8.2999
v  -16.4997 -0.7017 8.3197
v  -16.5074 -0.6702 8.2058
v  -16.5124 -0.6728 8.2009
v  -16.5071 -0.7045 8.2424
v  -16.5078 -0.6930 8.2212
v  -16.5127 -0.6965 8.2176
v  -16.5120 -0.7099 8.2399
v  -16.5092 -0.7130 8.3276
v  -16.5075 -0.7097 8.2654
v  -16.5124 -0.7152 8.2654
v  -16.5156 -0.7175 8.3438
v  -16.5057 -0.7014 8.2657
v  -16.5057 -0.6791 8.2943
v  -16.5786 -0.7166 8.4923
v  -16.5786 -0.7160 8.3660
v  -16.5836 -0.7109 8.3660
v  -16.5835 -0.7116 8.4923
v  -16.5785 -0.7155 8.2653
v  -16.5835 -0.7105 8.2653
v  -16.5788 -0.7100 8.2391
v  -16.5784 -0.6959 8.2168
v  -16.5834 -0.6919 8.2196
v  -16.5837 -0.7051 8.2406
v  -16.5782 -0.6730 8.2005
v  -16.5832 -0.6707 8.2046
v  -16.5857 -0.6967 8.2663
v  -16.5857 -0.6918 8.2455
v  -16.5058 -0.7047 8.3152
v  -16.5857 -0.6979 8.4923
v  -16.5857 -0.6970 8.3661
v  -16.5857 -0.7030 8.3660
v  -16.5857 -0.7039 8.4923
v  -16.5857 -0.7027 8.2656
v  -16.5707 -0.7177 8.2656
v  -16.5857 -0.6858 8.2242
v  -16.5857 -0.6975 8.2432
v  -16.5710 -0.7124 8.2386
v  -16.5707 -0.6981 8.2160
v  -16.5857 -0.6673 8.2113
v  -16.5706 -0.6741 8.1988
v  -16.5857 -0.6650 8.2170
v  -16.5857 -0.6813 8.2284
v  -16.5145 -0.7186 8.3658
v  -16.4761 -0.7183 8.3661
v  -16.5208 -0.6742 8.1987
v  -16.5057 -0.6663 8.2137
v  -16.5207 -0.6981 8.2159
v  -16.5204 -0.7123 8.2386
v  -16.5057 -0.6961 8.2460
v  -16.5057 -0.6875 8.2265
v  -16.5207 -0.7177 8.2656
v  -16.5233 -0.7186 8.3600
v  -16.5260 -0.7182 8.3685
v  -16.5085 -0.7118 8.3340
v  -16.5139 -0.7165 8.3497
v  -16.5042 -0.6765 8.2998
v  -16.5057 -0.7014 8.3194
v  -16.5207 -0.7182 8.3660
v  -16.4761 -0.7183 8.3721
v  -16.5176 -0.7188 8.3721
v  -16.5262 -0.7189 8.4923
v  -16.5647 -0.5700 8.6185
v  -16.5707 -0.5700 8.6185
v  -16.5293 -0.5697 8.6234
v  -16.5267 -0.5705 8.7190
v  -16.5647 -0.5705 8.7190
v  -16.5264 -0.5758 8.7460
v  -16.5650 -0.5758 8.7460
v  -16.5647 -0.5901 8.7686
v  -16.5267 -0.5901 8.7687
v  -16.5268 -0.6140 8.7859
v  -16.5646 -0.6140 8.7858
v  -16.5084 -0.5713 8.6332
v  -16.4761 -0.5720 8.6349
v  -16.4762 -0.5773 8.6502
v  -16.5027 -0.5760 8.6498
v  -16.4762 -0.5861 8.6643
v  -16.4762 -0.6112 8.6845
v  -16.4982 -0.6116 8.6847
v  -16.4997 -0.5865 8.6648
v  -16.5074 -0.6180 8.7788
v  -16.5079 -0.6441 8.7850
v  -16.5129 -0.6441 8.7900
v  -16.5124 -0.6154 8.7837
v  -16.5071 -0.5837 8.7422
v  -16.5078 -0.5952 8.7634
v  -16.5127 -0.5917 8.7670
v  -16.5120 -0.5783 8.7447
v  -16.5092 -0.5752 8.6560
v  -16.5075 -0.5785 8.7192
v  -16.5124 -0.5730 8.7192
v  -16.5156 -0.5707 8.6398
v  -16.5057 -0.6441 8.6984
v  -16.5057 -0.6441 8.7189
v  -16.5057 -0.5868 8.7189
v  -16.5057 -0.6091 8.6903
v  -16.5786 -0.5722 8.6186
v  -16.5836 -0.5773 8.6186
v  -16.5785 -0.5727 8.7192
v  -16.5835 -0.5777 8.7193
v  -16.5788 -0.5782 8.7455
v  -16.5784 -0.5923 8.7678
v  -16.5834 -0.5963 8.7650
v  -16.5837 -0.5831 8.7440
v  -16.5782 -0.6152 8.7841
v  -16.5783 -0.6441 8.7902
v  -16.5834 -0.6441 8.7853
v  -16.5832 -0.6175 8.7799
v  -16.5857 -0.5915 8.7183
v  -16.5857 -0.5964 8.7390
v  -16.5857 -0.6441 8.7190
v  -16.5267 -0.6441 8.7922
v  -16.5647 -0.6441 8.7923
v  -16.4762 -0.6441 8.6923
v  -16.4995 -0.6441 8.6923
v  -16.5058 -0.5835 8.6694
v  -16.5857 -0.6441 8.6185
v  -16.5857 -0.5911 8.6185
v  -16.5857 -0.5851 8.6185
v  -16.5857 -0.5855 8.7190
v  -16.5707 -0.5705 8.7190
v  -16.5857 -0.6024 8.7604
v  -16.5857 -0.5907 8.7414
v  -16.5710 -0.5758 8.7460
v  -16.5707 -0.5901 8.7686
v  -16.5857 -0.6441 8.7775
v  -16.5857 -0.6209 8.7733
v  -16.5706 -0.6141 8.7858
v  -16.5707 -0.6441 8.7923
v  -16.5857 -0.6232 8.7676
v  -16.5857 -0.6441 8.7714
v  -16.5857 -0.6069 8.7562
v  -16.5145 -0.5696 8.6188
v  -16.4761 -0.5699 8.6185
v  -16.5207 -0.6441 8.7922
v  -16.5208 -0.6140 8.7859
v  -16.5057 -0.6219 8.7708
v  -16.5057 -0.6441 8.7774
v  -16.5207 -0.5901 8.7687
v  -16.5204 -0.5758 8.7460
v  -16.5057 -0.5921 8.7386
v  -16.5057 -0.6007 8.7580
v  -16.5207 -0.5705 8.7190
v  -16.5233 -0.5696 8.6245
v  -16.5260 -0.5699 8.6161
v  -16.5085 -0.5764 8.6506
v  -16.5139 -0.5717 8.6349
v  -16.5042 -0.6117 8.6848
v  -16.5057 -0.5868 8.6652
v  -16.5054 -0.6441 8.6923
v  -16.5207 -0.5700 8.6185
v  -16.4761 -0.5699 8.6125
v  -16.5176 -0.5694 8.6125
v  -16.5707 -0.7182 8.6185
v  -16.5647 -0.7182 8.6185
v  -16.5293 -0.7185 8.6234
v  -16.5647 -0.7177 8.7190
v  -16.5267 -0.7177 8.7190
v  -16.5650 -0.7124 8.7460
v  -16.5264 -0.7124 8.7460
v  -16.5647 -0.6981 8.7686
v  -16.5646 -0.6742 8.7858
v  -16.5268 -0.6742 8.7859
v  -16.5267 -0.6981 8.7687
v  -16.5084 -0.7169 8.6332
v  -16.5027 -0.7121 8.6498
v  -16.4762 -0.7109 8.6502
v  -16.4761 -0.7162 8.6349
v  -16.4762 -0.7021 8.6643
v  -16.4997 -0.7017 8.6648
v  -16.4982 -0.6766 8.6847
v  -16.4762 -0.6770 8.6845
v  -16.5074 -0.6702 8.7788
v  -16.5124 -0.6728 8.7837
v  -16.5071 -0.7045 8.7422
v  -16.5120 -0.7099 8.7447
v  -16.5127 -0.6965 8.7670
v  -16.5078 -0.6930 8.7634
v  -16.5092 -0.7130 8.6570
v  -16.5156 -0.7175 8.6407
v  -16.5124 -0.7152 8.7192
v  -16.5075 -0.7097 8.7192
v  -16.5057 -0.6791 8.6903
v  -16.5057 -0.7014 8.7189
v  -16.5836 -0.7109 8.6186
v  -16.5786 -0.7160 8.6186
v  -16.5835 -0.7105 8.7193
v  -16.5785 -0.7155 8.7192
v  -16.5788 -0.7100 8.7455
v  -16.5837 -0.7051 8.7440
v  -16.5834 -0.6919 8.7650
v  -16.5784 -0.6959 8.7678
v  -16.5782 -0.6730 8.7841
v  -16.5832 -0.6707 8.7799
v  -16.5857 -0.6967 8.7183
v  -16.5857 -0.6918 8.7390
v  -16.5058 -0.7047 8.6694
v  -16.5857 -0.6970 8.6185
v  -16.5857 -0.7030 8.6185
v  -16.5857 -0.7027 8.7190
v  -16.5707 -0.7177 8.7190
v  -16.5857 -0.6975 8.7414
v  -16.5857 -0.6858 8.7604
v  -16.5707 -0.6981 8.7686
v  -16.5710 -0.7124 8.7460
v  -16.5857 -0.6673 8.7733
v  -16.5706 -0.6741 8.7858
v  -16.5857 -0.6650 8.7676
v  -16.5857 -0.6813 8.7562
v  -16.4761 -0.7183 8.6185
v  -16.5145 -0.7186 8.6188
v  -16.5208 -0.6742 8.7859
v  -16.5057 -0.6663 8.7708
v  -16.5204 -0.7123 8.7460
v  -16.5207 -0.6981 8.7687
v  -16.5057 -0.6875 8.7580
v  -16.5057 -0.6961 8.7386
v  -16.5233 -0.7186 8.6245
v  -16.5207 -0.7177 8.7190
v  -16.5260 -0.7182 8.6161
v  -16.5139 -0.7165 8.6349
v  -16.5085 -0.7118 8.6506
v  -16.5057 -0.7014 8.6652
v  -16.5042 -0.6765 8.6848
v  -16.5207 -0.7182 8.6185
v  -16.4761 -0.7183 8.6125
v  -16.5176 -0.7188 8.6125
v  -16.4761 -0.7189 8.4923
v  -16.5176 -0.7189 8.4923
v  -16.5263 -0.5693 8.4923
v  -16.5647 -0.5693 15.9924
v  -16.5709 -0.5693 15.9924
v  -16.5707 -0.5700 15.8662
v  -16.5647 -0.5699 15.8662
v  -16.5293 -0.5697 15.8614
v  -16.5647 -0.5705 15.7658
v  -16.5267 -0.5705 15.7657
v  -16.5650 -0.5758 15.7387
v  -16.5264 -0.5758 15.7388
v  -16.5647 -0.5901 15.7161
v  -16.5646 -0.6140 15.6989
v  -16.5268 -0.6140 15.6989
v  -16.5267 -0.5901 15.7161
v  -16.5084 -0.5713 15.8515
v  -16.5027 -0.5760 15.8350
v  -16.4762 -0.5773 15.8345
v  -16.4761 -0.5720 15.8498
v  -16.4762 -0.5861 15.8205
v  -16.4997 -0.5865 15.8199
v  -16.4982 -0.6116 15.8000
v  -16.4762 -0.6112 15.8002
v  -16.5074 -0.6180 15.7060
v  -16.5124 -0.6154 15.7010
v  -16.5129 -0.6441 15.6947
v  -16.5079 -0.6441 15.6997
v  -16.5071 -0.5837 15.7426
v  -16.5120 -0.5783 15.7401
v  -16.5127 -0.5917 15.7178
v  -16.5078 -0.5952 15.7214
v  -16.5092 -0.5752 15.8287
v  -16.5156 -0.5707 15.8449
v  -16.5124 -0.5730 15.7655
v  -16.5075 -0.5785 15.7655
v  -16.5057 -0.6441 15.7863
v  -16.5057 -0.6091 15.7944
v  -16.5057 -0.5868 15.7659
v  -16.5057 -0.6441 15.7659
v  -16.5786 -0.5716 15.9924
v  -16.5835 -0.5766 15.9924
v  -16.5836 -0.5773 15.8662
v  -16.5786 -0.5722 15.8662
v  -16.5835 -0.5777 15.7655
v  -16.5785 -0.5727 15.7655
v  -16.5788 -0.5782 15.7392
v  -16.5837 -0.5831 15.7407
v  -16.5834 -0.5963 15.7197
v  -16.5784 -0.5923 15.7170
v  -16.5782 -0.6152 15.7006
v  -16.5832 -0.6175 15.7048
v  -16.5834 -0.6441 15.6995
v  -16.5783 -0.6441 15.6946
v  -16.5857 -0.5915 15.7664
v  -16.5857 -0.6441 15.7657
v  -16.5857 -0.5964 15.7457
v  -16.5647 -0.6441 15.6925
v  -16.5267 -0.6441 15.6925
v  -16.4995 -0.6441 15.7925
v  -16.4762 -0.6441 15.7924
v  -16.5058 -0.5835 15.8153
v  -16.5857 -0.6441 15.8662
v  -16.5857 -0.5911 15.8662
v  -16.5857 -0.5903 15.9924
v  -16.5857 -0.6441 15.9924
v  -16.5857 -0.5843 15.9924
v  -16.5857 -0.5851 15.8662
v  -16.5857 -0.5855 15.7657
v  -16.5707 -0.5705 15.7658
v  -16.5857 -0.5907 15.7434
v  -16.5857 -0.6024 15.7243
v  -16.5707 -0.5901 15.7161
v  -16.5710 -0.5758 15.7387
v  -16.5857 -0.6209 15.7115
v  -16.5857 -0.6441 15.7072
v  -16.5707 -0.6441 15.6925
v  -16.5706 -0.6141 15.6989
v  -16.5857 -0.6441 15.7133
v  -16.5857 -0.6232 15.7171
v  -16.5857 -0.6069 15.7285
v  -16.4761 -0.5699 15.8662
v  -16.5145 -0.5696 15.8660
v  -16.5208 -0.6140 15.6989
v  -16.5207 -0.6441 15.6925
v  -16.5057 -0.6441 15.7073
v  -16.5057 -0.6219 15.7139
v  -16.5204 -0.5758 15.7387
v  -16.5207 -0.5901 15.7161
v  -16.5057 -0.6007 15.7267
v  -16.5057 -0.5920 15.7461
v  -16.5233 -0.5696 15.8602
v  -16.5207 -0.5705 15.7658
v  -16.5260 -0.5699 15.8687
v  -16.5139 -0.5717 15.8498
v  -16.5085 -0.5764 15.8341
v  -16.5057 -0.5868 15.8195
v  -16.5042 -0.6117 15.8000
v  -16.5054 -0.6441 15.7924
v  -16.5207 -0.5700 15.8662
v  -16.4761 -0.5699 15.8722
v  -16.5176 -0.5694 15.8722
v  -16.4761 -0.5693 15.9924
v  -16.5176 -0.5693 15.9924
v  -16.5647 -0.7189 15.9924
v  -16.5647 -0.7182 15.8662
v  -16.5707 -0.7182 15.8662
v  -16.5709 -0.7189 15.9924
v  -16.5293 -0.7185 15.8614
v  -16.5267 -0.7177 15.7657
v  -16.5647 -0.7177 15.7658
v  -16.5264 -0.7124 15.7388
v  -16.5650 -0.7124 15.7387
v  -16.5647 -0.6981 15.7161
v  -16.5267 -0.6981 15.7161
v  -16.5268 -0.6742 15.6989
v  -16.5646 -0.6742 15.6989
v  -16.5084 -0.7169 15.8515
v  -16.4761 -0.7162 15.8498
v  -16.4762 -0.7109 15.8345
v  -16.5027 -0.7121 15.8350
v  -16.4762 -0.7021 15.8205
v  -16.4762 -0.6770 15.8002
v  -16.4982 -0.6766 15.8000
v  -16.4997 -0.7017 15.8199
v  -16.5074 -0.6702 15.7060
v  -16.5124 -0.6728 15.7010
v  -16.5071 -0.7045 15.7426
v  -16.5078 -0.6930 15.7214
v  -16.5127 -0.6965 15.7178
v  -16.5120 -0.7099 15.7401
v  -16.5092 -0.7130 15.8278
v  -16.5075 -0.7097 15.7655
v  -16.5124 -0.7152 15.7655
v  -16.5156 -0.7175 15.8440
v  -16.5057 -0.7014 15.7659
v  -16.5057 -0.6791 15.7944
v  -16.5786 -0.7166 15.9924
v  -16.5786 -0.7160 15.8662
v  -16.5836 -0.7109 15.8662
v  -16.5835 -0.7116 15.9924
v  -16.5785 -0.7155 15.7655
v  -16.5835 -0.7105 15.7655
v  -16.5788 -0.7100 15.7392
v  -16.5784 -0.6959 15.7170
v  -16.5834 -0.6919 15.7197
v  -16.5837 -0.7051 15.7407
v  -16.5782 -0.6730 15.7006
v  -16.5832 -0.6707 15.7048
v  -16.5857 -0.6967 15.7664
v  -16.5857 -0.6918 15.7457
v  -16.5058 -0.7047 15.8153
v  -16.5857 -0.6979 15.9924
v  -16.5857 -0.6970 15.8662
v  -16.5857 -0.7030 15.8662
v  -16.5857 -0.7039 15.9924
v  -16.5857 -0.7027 15.7657
v  -16.5707 -0.7177 15.7658
v  -16.5857 -0.6858 15.7243
v  -16.5857 -0.6975 15.7434
v  -16.5710 -0.7124 15.7387
v  -16.5707 -0.6981 15.7161
v  -16.5857 -0.6673 15.7115
v  -16.5706 -0.6741 15.6989
v  -16.5857 -0.6650 15.7171
v  -16.5857 -0.6813 15.7285
v  -16.5145 -0.7186 15.8660
v  -16.4761 -0.7183 15.8662
v  -16.5208 -0.6742 15.6989
v  -16.5057 -0.6663 15.7139
v  -16.5207 -0.6981 15.7161
v  -16.5204 -0.7123 15.7387
v  -16.5057 -0.6961 15.7461
v  -16.5057 -0.6875 15.7267
v  -16.5207 -0.7177 15.7658
v  -16.5233 -0.7186 15.8602
v  -16.5260 -0.7182 15.8687
v  -16.5085 -0.7118 15.8341
v  -16.5139 -0.7165 15.8498
v  -16.5042 -0.6765 15.8000
v  -16.5057 -0.7014 15.8195
v  -16.5207 -0.7182 15.8662
v  -16.4761 -0.7183 15.8722
v  -16.5176 -0.7188 15.8722
v  -16.5262 -0.7189 15.9924
v  -16.5647 -0.5700 16.1187
v  -16.5707 -0.5700 16.1187
v  -16.5293 -0.5697 16.1235
v  -16.5267 -0.5705 16.2192
v  -16.5647 -0.5705 16.2191
v  -16.5264 -0.5758 16.2461
v  -16.5650 -0.5758 16.2462
v  -16.5647 -0.5901 16.2687
v  -16.5267 -0.5901 16.2688
v  -16.5268 -0.6140 16.2860
v  -16.5646 -0.6140 16.2859
v  -16.5084 -0.5713 16.1334
v  -16.4761 -0.5720 16.1351
v  -16.4762 -0.5773 16.1504
v  -16.5027 -0.5760 16.1499
v  -16.4762 -0.5861 16.1644
v  -16.4762 -0.6112 16.1847
v  -16.4982 -0.6116 16.1848
v  -16.4997 -0.5865 16.1650
v  -16.5074 -0.6180 16.2789
v  -16.5079 -0.6441 16.2852
v  -16.5129 -0.6441 16.2901
v  -16.5124 -0.6154 16.2839
v  -16.5071 -0.5837 16.2423
v  -16.5078 -0.5952 16.2635
v  -16.5127 -0.5917 16.2671
v  -16.5120 -0.5783 16.2448
v  -16.5092 -0.5752 16.1562
v  -16.5075 -0.5785 16.2194
v  -16.5124 -0.5730 16.2194
v  -16.5156 -0.5707 16.1400
v  -16.5057 -0.6441 16.1986
v  -16.5057 -0.6441 16.2190
v  -16.5057 -0.5868 16.2190
v  -16.5057 -0.6091 16.1904
v  -16.5786 -0.5722 16.1187
v  -16.5836 -0.5773 16.1187
v  -16.5785 -0.5727 16.2194
v  -16.5835 -0.5777 16.2194
v  -16.5788 -0.5782 16.2457
v  -16.5784 -0.5923 16.2679
v  -16.5834 -0.5963 16.2652
v  -16.5837 -0.5831 16.2441
v  -16.5782 -0.6152 16.2842
v  -16.5783 -0.6441 16.2903
v  -16.5834 -0.6441 16.2854
v  -16.5832 -0.6175 16.2801
v  -16.5857 -0.5915 16.2184
v  -16.5857 -0.5964 16.2392
v  -16.5857 -0.6441 16.2191
v  -16.5267 -0.6441 16.2924
v  -16.5647 -0.6441 16.2924
v  -16.4762 -0.6441 16.1924
v  -16.4995 -0.6441 16.1924
v  -16.5058 -0.5835 16.1695
v  -16.5857 -0.6441 16.1187
v  -16.5857 -0.5911 16.1187
v  -16.5857 -0.5851 16.1187
v  -16.5857 -0.5855 16.2191
v  -16.5707 -0.5705 16.2191
v  -16.5857 -0.6024 16.2605
v  -16.5857 -0.5907 16.2415
v  -16.5710 -0.5758 16.2462
v  -16.5707 -0.5901 16.2688
v  -16.5857 -0.6441 16.2777
v  -16.5857 -0.6209 16.2734
v  -16.5706 -0.6141 16.2859
v  -16.5707 -0.6441 16.2924
v  -16.5857 -0.6232 16.2677
v  -16.5857 -0.6441 16.2716
v  -16.5857 -0.6069 16.2563
v  -16.5145 -0.5696 16.1189
v  -16.4761 -0.5699 16.1186
v  -16.5207 -0.6441 16.2924
v  -16.5208 -0.6140 16.2860
v  -16.5057 -0.6219 16.2710
v  -16.5057 -0.6441 16.2775
v  -16.5207 -0.5901 16.2688
v  -16.5204 -0.5758 16.2461
v  -16.5057 -0.5921 16.2388
v  -16.5057 -0.6007 16.2582
v  -16.5207 -0.5705 16.2191
v  -16.5233 -0.5696 16.1247
v  -16.5260 -0.5699 16.1162
v  -16.5085 -0.5764 16.1508
v  -16.5139 -0.5717 16.1350
v  -16.5042 -0.6117 16.1849
v  -16.5057 -0.5868 16.1653
v  -16.5054 -0.6441 16.1924
v  -16.5207 -0.5700 16.1187
v  -16.4761 -0.5699 16.1126
v  -16.5176 -0.5694 16.1127
v  -16.5707 -0.7182 16.1187
v  -16.5647 -0.7182 16.1187
v  -16.5293 -0.7185 16.1235
v  -16.5647 -0.7177 16.2191
v  -16.5267 -0.7177 16.2192
v  -16.5650 -0.7124 16.2462
v  -16.5264 -0.7124 16.2461
v  -16.5647 -0.6981 16.2687
v  -16.5646 -0.6742 16.2859
v  -16.5268 -0.6742 16.2860
v  -16.5267 -0.6981 16.2688
v  -16.5084 -0.7169 16.1334
v  -16.5027 -0.7121 16.1499
v  -16.4762 -0.7109 16.1504
v  -16.4761 -0.7162 16.1351
v  -16.4762 -0.7021 16.1644
v  -16.4997 -0.7017 16.1650
v  -16.4982 -0.6766 16.1848
v  -16.4762 -0.6770 16.1847
v  -16.5074 -0.6702 16.2789
v  -16.5124 -0.6728 16.2839
v  -16.5071 -0.7045 16.2423
v  -16.5120 -0.7099 16.2448
v  -16.5127 -0.6965 16.2671
v  -16.5078 -0.6930 16.2635
v  -16.5092 -0.7130 16.1571
v  -16.5156 -0.7175 16.1409
v  -16.5124 -0.7152 16.2194
v  -16.5075 -0.7097 16.2194
v  -16.5057 -0.6791 16.1904
v  -16.5057 -0.7014 16.2190
v  -16.5836 -0.7109 16.1187
v  -16.5786 -0.7160 16.1187
v  -16.5835 -0.7105 16.2194
v  -16.5785 -0.7155 16.2194
v  -16.5788 -0.7100 16.2457
v  -16.5837 -0.7051 16.2441
v  -16.5834 -0.6919 16.2652
v  -16.5784 -0.6959 16.2679
v  -16.5782 -0.6730 16.2842
v  -16.5832 -0.6707 16.2801
v  -16.5857 -0.6967 16.2184
v  -16.5857 -0.6918 16.2392
v  -16.5058 -0.7047 16.1695
v  -16.5857 -0.6970 16.1187
v  -16.5857 -0.7030 16.1187
v  -16.5857 -0.7027 16.2191
v  -16.5707 -0.7177 16.2191
v  -16.5857 -0.6975 16.2415
v  -16.5857 -0.6858 16.2605
v  -16.5707 -0.6981 16.2688
v  -16.5710 -0.7124 16.2462
v  -16.5857 -0.6673 16.2734
v  -16.5706 -0.6741 16.2859
v  -16.5857 -0.6650 16.2677
v  -16.5857 -0.6813 16.2563
v  -16.4761 -0.7183 16.1186
v  -16.5145 -0.7186 16.1189
v  -16.5208 -0.6742 16.2860
v  -16.5057 -0.6663 16.2710
v  -16.5204 -0.7123 16.2461
v  -16.5207 -0.6981 16.2688
v  -16.5057 -0.6875 16.2582
v  -16.5057 -0.6961 16.2388
v  -16.5233 -0.7186 16.1247
v  -16.5207 -0.7177 16.2191
v  -16.5260 -0.7182 16.1162
v  -16.5139 -0.7165 16.1350
v  -16.5085 -0.7118 16.1508
v  -16.5057 -0.7014 16.1653
v  -16.5042 -0.6765 16.1849
v  -16.5207 -0.7182 16.1187
v  -16.4761 -0.7183 16.1126
v  -16.5176 -0.7188 16.1127
v  -16.4761 -0.7189 15.9924
v  -16.5176 -0.7189 15.9924
v  -16.5263 -0.5693 15.9924
v  -16.3060 -3.0289 21.9931
v  -16.3060 -3.0169 21.9326
v  -16.3858 -3.0169 21.9326
v  -16.3858 -3.0289 21.9931
v  -16.3060 -2.9826 21.8812
v  -16.3858 -2.9826 21.8812
v  -16.3061 -2.9312 21.8471
v  -16.3857 -2.9312 21.8471
v  -16.3062 -2.8707 21.8353
v  -16.3856 -2.8707 21.8353
v  -16.3064 -2.8105 21.8476
v  -16.3854 -2.8105 21.8476
v  -16.3065 -2.7596 21.8819
v  -16.3853 -2.7596 21.8819
v  -16.3067 -2.7258 21.9330
v  -16.3851 -2.7258 21.9330
v  -16.3067 -2.7139 21.9931
v  -16.3851 -2.7139 21.9931
v  -16.3068 -2.7260 22.0531
v  -16.3850 -2.7260 22.0531
v  -16.3067 -2.7599 22.1039
v  -16.3851 -2.7599 22.1039
v  -16.3067 -2.8107 22.1380
v  -16.3851 -2.8107 22.1380
v  -16.3065 -2.8707 22.1503
v  -16.3853 -2.8707 22.1503
v  -16.3064 -2.9310 22.1385
v  -16.3854 -2.9310 22.1385
v  -16.3063 -2.9823 22.1046
v  -16.3855 -2.9823 22.1046
v  -16.3061 -3.0167 22.0535
v  -16.3857 -3.0167 22.0535
v  -16.3921 -3.0224 21.9931
v  -16.3921 -3.0109 21.9350
v  -16.3923 -2.9682 21.9527
v  -16.3923 -2.9762 21.9930
v  -16.3921 -2.9780 21.8858
v  -16.3923 -2.9453 21.9185
v  -16.3920 -2.9287 21.8531
v  -16.3922 -2.9111 21.8958
v  -16.3919 -2.8708 21.8418
v  -16.3921 -2.8708 21.8879
v  -16.3917 -2.8130 21.8536
v  -16.3920 -2.8307 21.8961
v  -16.3917 -2.7642 21.8865
v  -16.3917 -2.7968 21.9190
v  -16.3917 -2.7317 21.9355
v  -16.3917 -2.7742 21.9530
v  -16.3917 -2.7204 21.9931
v  -16.3917 -2.7664 21.9930
v  -16.3917 -2.7319 22.0506
v  -16.3918 -2.7744 22.0330
v  -16.3917 -2.7644 22.0994
v  -16.3917 -2.7970 22.0669
v  -16.3917 -2.8132 22.1321
v  -16.3917 -2.8308 22.0896
v  -16.3917 -2.8708 22.1438
v  -16.3917 -2.8708 22.0978
v  -16.3917 -2.9285 22.1326
v  -16.3917 -2.9110 22.0900
v  -16.3919 -2.9777 22.1000
v  -16.3921 -2.9451 22.0674
v  -16.3920 -3.0107 22.0510
v  -16.3922 -2.9681 22.0333
v  -16.3986 -2.9697 21.9930
v  -16.3986 -2.9622 21.9552
v  -16.5325 -2.9622 21.9552
v  -16.5325 -2.9697 21.9930
v  -16.3986 -2.9408 21.9231
v  -16.5325 -2.9408 21.9231
v  -16.3986 -2.9087 21.9018
v  -16.5324 -2.9087 21.9018
v  -16.3985 -2.8708 21.8944
v  -16.5323 -2.8709 21.8944
v  -16.3984 -2.8332 21.9021
v  -16.5322 -2.8332 21.9021
v  -16.3983 -2.8015 21.9237
v  -16.5322 -2.8014 21.9235
v  -16.3982 -2.7802 21.9555
v  -16.5321 -2.7802 21.9555
v  -16.3982 -2.7728 21.9930
v  -16.5320 -2.7728 21.9930
v  -16.3981 -2.7803 22.0305
v  -16.5320 -2.7803 22.0305
v  -16.3982 -2.8015 22.0623
v  -16.5320 -2.8015 22.0624
v  -16.3982 -2.8333 22.0837
v  -16.5321 -2.8333 22.0837
v  -16.3983 -2.8708 22.0913
v  -16.5322 -2.8709 22.0913
v  -16.3984 -2.9085 22.0840
v  -16.5322 -2.9085 22.0840
v  -16.3985 -2.9406 22.0628
v  -16.5323 -2.9406 22.0628
v  -16.3986 -2.9621 22.0308
v  -16.5324 -2.9621 22.0308
v  -16.5433 -2.9652 21.9930
v  -16.5433 -2.9581 21.9569
v  -16.5539 -2.9482 21.9610
v  -16.5539 -2.9546 21.9930
v  -16.5433 -2.9376 21.9263
v  -16.5539 -2.9301 21.9338
v  -16.5433 -2.9069 21.9060
v  -16.5539 -2.9029 21.9158
v  -16.5432 -2.8709 21.8989
v  -16.5538 -2.8709 21.9095
v  -16.5431 -2.8349 21.9063
v  -16.5537 -2.8390 21.9160
v  -16.5430 -2.8046 21.9267
v  -16.5537 -2.8121 21.9342
v  -16.5429 -2.7844 21.9572
v  -16.5536 -2.7942 21.9612
v  -16.5429 -2.7773 21.9930
v  -16.5536 -2.7879 21.9930
v  -16.5429 -2.7845 22.0288
v  -16.5535 -2.7943 22.0247
v  -16.5429 -2.8047 22.0592
v  -16.5536 -2.8122 22.0517
v  -16.5429 -2.8350 22.0795
v  -16.5536 -2.8391 22.0697
v  -16.5430 -2.8709 22.0868
v  -16.5537 -2.8709 22.0762
v  -16.5431 -2.9068 22.0798
v  -16.5537 -2.9028 22.0700
v  -16.5432 -2.9374 22.0596
v  -16.5538 -2.9299 22.0520
v  -16.5433 -2.9579 22.0291
v  -16.5539 -2.9481 22.0250
v  -16.5584 -2.9436 21.9930
v  -16.5584 -2.9381 21.9652
v  -16.5583 -2.8711 21.9929
v  -16.5584 -2.9223 21.9416
v  -16.5584 -2.8987 21.9259
v  -16.5583 -2.8709 21.9205
v  -16.5583 -2.8432 21.9262
v  -16.5582 -2.8199 21.9419
v  -16.5581 -2.8043 21.9654
v  -16.5581 -2.7989 21.9930
v  -16.5581 -2.8044 22.0206
v  -16.5581 -2.8200 22.0439
v  -16.5581 -2.8433 22.0596
v  -16.5582 -2.8709 22.0652
v  -16.5583 -2.8986 22.0598
v  -16.5583 -2.9222 22.0443
v  -16.5584 -2.9380 22.0208
v  -16.3921 -3.0169 21.9326
v  -16.3921 -3.0289 21.9931
v  -16.3921 -2.9826 21.8812
v  -16.3920 -2.9312 21.8471
v  -16.3919 -2.8707 21.8353
v  -16.3917 -2.8105 21.8476
v  -16.3916 -2.7596 21.8819
v  -16.3915 -2.7258 21.9330
v  -16.3914 -2.7139 21.9931
v  -16.3913 -2.7260 22.0531
v  -16.3914 -2.7599 22.1039
v  -16.3915 -2.8107 22.1380
v  -16.3916 -2.8707 22.1503
v  -16.3917 -2.9310 22.1385
v  -16.3919 -2.9823 22.1046
v  -16.3920 -3.0167 22.0535
v  -16.3923 -2.9622 21.9552
v  -16.3923 -2.9697 21.9930
v  -16.3923 -2.9408 21.9231
v  -16.3922 -2.9087 21.9018
v  -16.3922 -2.8709 21.8944
v  -16.3921 -2.8332 21.9021
v  -16.3917 -2.8015 21.9237
v  -16.3918 -2.7803 21.9555
v  -16.3918 -2.7729 21.9930
v  -16.3918 -2.7803 22.0305
v  -16.3918 -2.8015 22.0623
v  -16.3919 -2.8333 22.0837
v  -16.3919 -2.8709 22.0913
v  -16.3920 -2.9085 22.0839
v  -16.3921 -2.9406 22.0628
v  -16.3922 -2.9621 22.0308
v  -16.5388 -2.9622 21.9552
v  -16.5388 -2.9697 21.9930
v  -16.5388 -2.9408 21.9231
v  -16.5387 -2.9087 21.9018
v  -16.5387 -2.8709 21.8944
v  -16.5386 -2.8332 21.9021
v  -16.5385 -2.8014 21.9235
v  -16.5384 -2.7802 21.9555
v  -16.5384 -2.7728 21.9930
v  -16.5383 -2.7803 22.0305
v  -16.5384 -2.8015 22.0623
v  -16.5384 -2.8333 22.0837
v  -16.5385 -2.8709 22.0913
v  -16.5386 -2.9085 22.0840
v  -16.5387 -2.9406 22.0628
v  -16.5387 -2.9621 22.0308
v  -16.5585 -2.9440 21.9627
v  -16.5584 -2.9501 21.9930
v  -16.5584 -2.9269 21.9370
v  -16.5584 -2.9012 21.9200
v  -16.5583 -2.8709 21.9141
v  -16.5583 -2.8407 21.9202
v  -16.5582 -2.8153 21.9374
v  -16.5581 -2.7983 21.9630
v  -16.5581 -2.7924 21.9930
v  -16.5581 -2.7985 22.0230
v  -16.5581 -2.8154 22.0485
v  -16.5581 -2.8408 22.0656
v  -16.5582 -2.8709 22.0717
v  -16.5583 -2.9011 22.0658
v  -16.5583 -2.9267 22.0488
v  -16.5584 -2.9439 22.0233
v  -16.3063 -3.0291 3.9925
v  -16.3062 -3.0170 3.9320
v  -16.3860 -3.0170 3.9320
v  -16.3860 -3.0291 3.9925
v  -16.3062 -2.9827 3.8807
v  -16.3860 -2.9827 3.8807
v  -16.3063 -2.9313 3.8466
v  -16.3859 -2.9314 3.8466
v  -16.3065 -2.8709 3.8348
v  -16.3858 -2.8709 3.8348
v  -16.3066 -2.8106 3.8471
v  -16.3856 -2.8106 3.8471
v  -16.3068 -2.7597 3.8814
v  -16.3855 -2.7598 3.8814
v  -16.3069 -2.7259 3.9325
v  -16.3853 -2.7259 3.9325
v  -16.3070 -2.7141 3.9925
v  -16.3853 -2.7141 3.9925
v  -16.3070 -2.7261 4.0525
v  -16.3852 -2.7261 4.0525
v  -16.3070 -2.7600 4.1034
v  -16.3853 -2.7600 4.1034
v  -16.3069 -2.8109 4.1375
v  -16.3853 -2.8109 4.1375
v  -16.3068 -2.8709 4.1497
v  -16.3855 -2.8709 4.1497
v  -16.3066 -2.9311 4.1380
v  -16.3856 -2.9311 4.1380
v  -16.3065 -2.9824 4.1041
v  -16.3858 -2.9824 4.1041
v  -16.3064 -3.0168 4.0530
v  -16.3859 -3.0168 4.0530
v  -16.3923 -3.0226 3.9925
v  -16.3923 -3.0111 3.9345
v  -16.3925 -2.9684 3.9522
v  -16.3925 -2.9764 3.9925
v  -16.3923 -2.9782 3.8853
v  -16.3925 -2.9455 3.9180
v  -16.3922 -2.9289 3.8526
v  -16.3924 -2.9113 3.8953
v  -16.3921 -2.8709 3.8412
v  -16.3923 -2.8710 3.8874
v  -16.3919 -2.8131 3.8530
v  -16.3922 -2.8309 3.8956
v  -16.3919 -2.7643 3.8860
v  -16.3919 -2.7969 3.9185
v  -16.3919 -2.7319 3.9349
v  -16.3919 -2.7744 3.9525
v  -16.3919 -2.7206 3.9925
v  -16.3919 -2.7665 3.9925
v  -16.3919 -2.7321 4.0500
v  -16.3920 -2.7745 4.0325
v  -16.3919 -2.7646 4.0988
v  -16.3919 -2.7971 4.0664
v  -16.3919 -2.8133 4.1315
v  -16.3919 -2.8310 4.0891
v  -16.3919 -2.8709 4.1433
v  -16.3919 -2.8710 4.0972
v  -16.3919 -2.9287 4.1320
v  -16.3919 -2.9111 4.0894
v  -16.3921 -2.9779 4.0995
v  -16.3923 -2.9453 4.0668
v  -16.3922 -3.0109 4.0505
v  -16.3924 -2.9682 4.0328
v  -16.3988 -2.9699 3.9925
v  -16.3988 -2.9624 3.9546
v  -16.5327 -2.9624 3.9546
v  -16.5327 -2.9699 3.9925
v  -16.3988 -2.9410 3.9226
v  -16.5327 -2.9410 3.9226
v  -16.3988 -2.9088 3.9012
v  -16.5326 -2.9088 3.9012
v  -16.3987 -2.8710 3.8939
v  -16.5326 -2.8710 3.8939
v  -16.3986 -2.8333 3.9015
v  -16.5325 -2.8334 3.9015
v  -16.3985 -2.8017 3.9232
v  -16.5324 -2.8015 3.9230
v  -16.3984 -2.7804 3.9550
v  -16.5323 -2.7804 3.9549
v  -16.3984 -2.7730 3.9925
v  -16.5322 -2.7730 3.9925
v  -16.3984 -2.7805 4.0300
v  -16.5322 -2.7805 4.0300
v  -16.3984 -2.8017 4.0618
v  -16.5322 -2.8017 4.0618
v  -16.3984 -2.8335 4.0831
v  -16.5323 -2.8335 4.0831
v  -16.3985 -2.8710 4.0908
v  -16.5324 -2.8710 4.0908
v  -16.3986 -2.9087 4.0834
v  -16.5325 -2.9087 4.0834
v  -16.3987 -2.9408 4.0622
v  -16.5325 -2.9408 4.0622
v  -16.3988 -2.9623 4.0303
v  -16.5326 -2.9623 4.0303
v  -16.5435 -2.9654 3.9925
v  -16.5435 -2.9582 3.9564
v  -16.5541 -2.9484 3.9604
v  -16.5541 -2.9548 3.9925
v  -16.5435 -2.9378 3.9258
v  -16.5541 -2.9302 3.9333
v  -16.5435 -2.9071 3.9054
v  -16.5541 -2.9030 3.9152
v  -16.5434 -2.8710 3.8984
v  -16.5540 -2.8711 3.9090
v  -16.5433 -2.8351 3.9057
v  -16.5539 -2.8392 3.9155
v  -16.5432 -2.8047 3.9262
v  -16.5539 -2.8122 3.9337
v  -16.5432 -2.7845 3.9567
v  -16.5538 -2.7943 3.9607
v  -16.5431 -2.7775 3.9925
v  -16.5538 -2.7881 3.9925
v  -16.5431 -2.7847 4.0283
v  -16.5537 -2.7945 4.0242
v  -16.5431 -2.8049 4.0586
v  -16.5538 -2.8124 4.0511
v  -16.5431 -2.8352 4.0790
v  -16.5538 -2.8393 4.0692
v  -16.5432 -2.8710 4.0863
v  -16.5539 -2.8711 4.0756
v  -16.5433 -2.9070 4.0793
v  -16.5539 -2.9029 4.0694
v  -16.5434 -2.9376 4.0590
v  -16.5540 -2.9301 4.0515
v  -16.5435 -2.9581 4.0285
v  -16.5541 -2.9483 4.0245
v  -16.5586 -2.9438 3.9925
v  -16.5586 -2.9382 3.9646
v  -16.5585 -2.8712 3.9924
v  -16.5586 -2.9225 3.9411
v  -16.5586 -2.8989 3.9254
v  -16.5585 -2.8711 3.9200
v  -16.5585 -2.8434 3.9256
v  -16.5584 -2.8200 3.9414
v  -16.5584 -2.8045 3.9649
v  -16.5583 -2.7991 3.9925
v  -16.5583 -2.8046 4.0200
v  -16.5583 -2.8202 4.0434
v  -16.5583 -2.8435 4.0591
v  -16.5584 -2.8711 4.0647
v  -16.5585 -2.8988 4.0593
v  -16.5585 -2.9223 4.0437
v  -16.5586 -2.9381 4.0202
v  -16.3923 -3.0170 3.9320
v  -16.3923 -3.0291 3.9925
v  -16.3923 -2.9827 3.8807
v  -16.3922 -2.9313 3.8466
v  -16.3921 -2.8709 3.8348
v  -16.3919 -2.8106 3.8471
v  -16.3918 -2.7597 3.8814
v  -16.3917 -2.7259 3.9325
v  -16.3916 -2.7141 3.9925
v  -16.3916 -2.7261 4.0525
v  -16.3916 -2.7600 4.1034
v  -16.3917 -2.8109 4.1375
v  -16.3918 -2.8709 4.1497
v  -16.3919 -2.9311 4.1380
v  -16.3921 -2.9824 4.1041
v  -16.3922 -3.0168 4.0530
v  -16.3925 -2.9624 3.9546
v  -16.3925 -2.9699 3.9925
v  -16.3925 -2.9410 3.9226
v  -16.3924 -2.9088 3.9012
v  -16.3924 -2.8710 3.8939
v  -16.3923 -2.8333 3.9015
v  -16.3919 -2.8017 3.9232
v  -16.3920 -2.7804 3.9550
v  -16.3920 -2.7731 3.9925
v  -16.3920 -2.7805 4.0300
v  -16.3921 -2.8017 4.0618
v  -16.3921 -2.8335 4.0831
v  -16.3921 -2.8710 4.0907
v  -16.3922 -2.9087 4.0834
v  -16.3924 -2.9408 4.0622
v  -16.3924 -2.9623 4.0303
v  -16.5390 -2.9624 3.9546
v  -16.5390 -2.9699 3.9925
v  -16.5390 -2.9410 3.9226
v  -16.5390 -2.9088 3.9012
v  -16.5389 -2.8710 3.8939
v  -16.5388 -2.8333 3.9015
v  -16.5387 -2.8015 3.9230
v  -16.5386 -2.7804 3.9549
v  -16.5386 -2.7730 3.9925
v  -16.5385 -2.7805 4.0300
v  -16.5386 -2.8017 4.0618
v  -16.5386 -2.8335 4.0831
v  -16.5387 -2.8710 4.0908
v  -16.5388 -2.9087 4.0834
v  -16.5389 -2.9408 4.0622
v  -16.5390 -2.9623 4.0303
v  -16.5587 -2.9442 3.9622
v  -16.5587 -2.9502 3.9925
v  -16.5587 -2.9270 3.9365
v  -16.5586 -2.9013 3.9194
v  -16.5586 -2.8711 3.9135
v  -16.5585 -2.8409 3.9197
v  -16.5584 -2.8154 3.9368
v  -16.5583 -2.7985 3.9624
v  -16.5583 -2.7926 3.9925
v  -16.5583 -2.7986 4.0225
v  -16.5583 -2.8156 4.0480
v  -16.5583 -2.8410 4.0650
v  -16.5584 -2.8711 4.0711
v  -16.5585 -2.9012 4.0653
v  -16.5585 -2.9269 4.0483
v  -16.5586 -2.9441 4.0227
v  -16.3681 -2.4253 22.3561
v  -16.3631 -2.4253 22.3612
v  -16.3631 -2.4356 22.3611
v  -16.3681 -2.4355 22.3561
v  -16.3681 -2.4114 22.2593
v  -16.3631 -2.4064 22.2593
v  -16.3631 -2.4064 22.3424
v  -16.3681 -2.4114 22.3424
v  -16.3681 -2.4114 22.3484
v  -16.3631 -2.4064 22.3484
v  -16.3634 -2.4103 22.3573
v  -16.3682 -2.4138 22.3538
v  -16.3703 -2.4355 22.3424
v  -16.3703 -2.4354 22.2594
v  -16.3703 -2.4252 22.2594
v  -16.3703 -2.4252 22.3424
v  -16.3630 -2.4458 22.3612
v  -16.3682 -2.4457 22.3560
v  -16.3681 -2.4595 22.3424
v  -16.3631 -2.4645 22.3424
v  -16.3631 -2.4645 22.2594
v  -16.3681 -2.4595 22.2594
v  -16.3682 -2.4517 22.3559
v  -16.3630 -2.4518 22.3612
v  -16.3634 -2.4606 22.3572
v  -16.3682 -2.4571 22.3537
v  -16.3703 -2.4456 22.3424
v  -16.3703 -2.4456 22.2595
v  -16.3493 -2.4356 22.3634
v  -16.3493 -2.4252 22.3634
v  -16.2829 -2.4252 22.3634
v  -16.2829 -2.4356 22.3634
v  -16.3493 -2.4042 22.3424
v  -16.3492 -2.4042 22.2593
v  -16.2829 -2.4042 22.2594
v  -16.2829 -2.4042 22.3424
v  -16.3494 -2.4086 22.3590
v  -16.2829 -2.4086 22.3590
v  -16.2829 -2.4192 22.3634
v  -16.3493 -2.4192 22.3634
v  -16.3493 -2.4458 22.3634
v  -16.2829 -2.4457 22.3634
v  -16.3493 -2.4667 22.3424
v  -16.2829 -2.4667 22.3424
v  -16.2829 -2.4667 22.2594
v  -16.3493 -2.4667 22.2594
v  -16.3494 -2.4623 22.3590
v  -16.2829 -2.4623 22.3590
v  -16.2829 -2.4667 22.3484
v  -16.3493 -2.4667 22.3484
v  -16.3553 -2.4252 22.3634
v  -16.3553 -2.4356 22.3634
v  -16.3703 -2.4253 22.3484
v  -16.3703 -2.4192 22.3484
v  -16.3681 -2.4193 22.3562
v  -16.3553 -2.4042 22.2594
v  -16.3552 -2.4042 22.3424
v  -16.3703 -2.4192 22.3424
v  -16.3553 -2.4042 22.3484
v  -16.3554 -2.4086 22.3590
v  -16.3553 -2.4457 22.3634
v  -16.3703 -2.4457 22.3483
v  -16.3703 -2.4355 22.3484
v  -16.3553 -2.4667 22.3424
v  -16.3553 -2.4667 22.2594
v  -16.3703 -2.4516 22.3424
v  -16.3703 -2.4516 22.3482
v  -16.3681 -2.4594 22.3483
v  -16.3553 -2.4517 22.3634
v  -16.3554 -2.4623 22.3590
v  -16.3631 -2.4645 22.3484
v  -16.3493 -2.4518 22.3634
v  -16.2829 -2.4517 22.3634
v  -16.3553 -2.4667 22.3484
v  -16.3631 -2.4193 22.3612
v  -16.3493 -2.4042 22.3484
v  -16.2829 -2.4042 22.3484
v  -16.3553 -2.4192 22.3634
v  -16.3681 -2.4253 22.2456
v  -16.3681 -2.4355 22.2456
v  -16.3631 -2.4356 22.2406
v  -16.3631 -2.4253 22.2406
v  -16.3682 -2.4138 22.2480
v  -16.3634 -2.4103 22.2445
v  -16.3631 -2.4064 22.2533
v  -16.3681 -2.4114 22.2533
v  -16.3682 -2.4457 22.2458
v  -16.3630 -2.4458 22.2405
v  -16.3682 -2.4571 22.2481
v  -16.3634 -2.4606 22.2445
v  -16.3630 -2.4518 22.2405
v  -16.3682 -2.4517 22.2459
v  -16.3493 -2.4356 22.2384
v  -16.2829 -2.4356 22.2384
v  -16.2829 -2.4252 22.2384
v  -16.3493 -2.4252 22.2384
v  -16.3493 -2.4192 22.2384
v  -16.2829 -2.4192 22.2384
v  -16.2829 -2.4086 22.2428
v  -16.3494 -2.4086 22.2428
v  -16.3492 -2.4458 22.2384
v  -16.2829 -2.4457 22.2384
v  -16.3493 -2.4667 22.2534
v  -16.2829 -2.4667 22.2534
v  -16.2829 -2.4623 22.2428
v  -16.3494 -2.4623 22.2428
v  -16.3553 -2.4356 22.2384
v  -16.3553 -2.4252 22.2384
v  -16.3681 -2.4193 22.2456
v  -16.3703 -2.4192 22.2534
v  -16.3703 -2.4256 22.2534
v  -16.3703 -2.4192 22.2596
v  -16.3554 -2.4086 22.2428
v  -16.3553 -2.4042 22.2534
v  -16.3553 -2.4457 22.2384
v  -16.3703 -2.4460 22.2535
v  -16.3703 -2.4516 22.2535
v  -16.3554 -2.4623 22.2428
v  -16.3553 -2.4517 22.2384
v  -16.3681 -2.4594 22.2534
v  -16.3631 -2.4645 22.2534
v  -16.2829 -2.4517 22.2384
v  -16.3493 -2.4518 22.2384
v  -16.3553 -2.4667 22.2534
v  -16.3631 -2.4193 22.2406
v  -16.2829 -2.4042 22.2534
v  -16.3493 -2.4042 22.2533
v  -16.3553 -2.4192 22.2384
v  -16.3703 -2.4516 22.2597
v  -16.3703 -2.4355 22.2534
v  -16.3681 -2.4253 21.7385
v  -16.3631 -2.4253 21.7435
v  -16.3631 -2.4356 21.7435
v  -16.3681 -2.4355 21.7385
v  -16.3681 -2.4114 21.6417
v  -16.3631 -2.4064 21.6417
v  -16.3631 -2.4064 21.7248
v  -16.3681 -2.4114 21.7248
v  -16.3681 -2.4114 21.7308
v  -16.3631 -2.4064 21.7308
v  -16.3634 -2.4103 21.7397
v  -16.3682 -2.4138 21.7361
v  -16.3703 -2.4355 21.7248
v  -16.3703 -2.4354 21.6418
v  -16.3703 -2.4252 21.6418
v  -16.3703 -2.4252 21.7248
v  -16.3630 -2.4458 21.7436
v  -16.3682 -2.4457 21.7384
v  -16.3681 -2.4595 21.7248
v  -16.3631 -2.4645 21.7247
v  -16.3631 -2.4645 21.6418
v  -16.3681 -2.4595 21.6418
v  -16.3682 -2.4517 21.7383
v  -16.3630 -2.4518 21.7436
v  -16.3634 -2.4606 21.7396
v  -16.3682 -2.4571 21.7361
v  -16.3703 -2.4456 21.7248
v  -16.3703 -2.4456 21.6418
v  -16.3493 -2.4356 21.7458
v  -16.3493 -2.4252 21.7458
v  -16.2829 -2.4252 21.7458
v  -16.2829 -2.4356 21.7458
v  -16.3493 -2.4042 21.7248
v  -16.3492 -2.4042 21.6417
v  -16.2829 -2.4042 21.6418
v  -16.2829 -2.4042 21.7248
v  -16.3494 -2.4086 21.7414
v  -16.2829 -2.4086 21.7414
v  -16.2829 -2.4192 21.7458
v  -16.3493 -2.4192 21.7458
v  -16.3493 -2.4458 21.7457
v  -16.2829 -2.4457 21.7458
v  -16.3493 -2.4667 21.7247
v  -16.2829 -2.4667 21.7248
v  -16.2829 -2.4667 21.6418
v  -16.3493 -2.4667 21.6418
v  -16.3494 -2.4623 21.7414
v  -16.2829 -2.4623 21.7414
v  -16.2829 -2.4667 21.7308
v  -16.3493 -2.4667 21.7307
v  -16.3553 -2.4252 21.7458
v  -16.3553 -2.4356 21.7458
v  -16.3703 -2.4253 21.7308
v  -16.3703 -2.4192 21.7308
v  -16.3681 -2.4193 21.7385
v  -16.3553 -2.4042 21.6418
v  -16.3552 -2.4042 21.7248
v  -16.3703 -2.4192 21.7248
v  -16.3553 -2.4042 21.7308
v  -16.3554 -2.4086 21.7414
v  -16.3553 -2.4457 21.7458
v  -16.3703 -2.4457 21.7307
v  -16.3703 -2.4355 21.7308
v  -16.3553 -2.4667 21.7248
v  -16.3553 -2.4667 21.6418
v  -16.3703 -2.4516 21.7248
v  -16.3703 -2.4516 21.7306
v  -16.3681 -2.4594 21.7307
v  -16.3553 -2.4517 21.7458
v  -16.3554 -2.4623 21.7414
v  -16.3631 -2.4645 21.7307
v  -16.3493 -2.4518 21.7457
v  -16.2829 -2.4517 21.7458
v  -16.3553 -2.4667 21.7308
v  -16.3631 -2.4193 21.7435
v  -16.3493 -2.4042 21.7308
v  -16.2829 -2.4042 21.7308
v  -16.3553 -2.4192 21.7458
v  -16.3681 -2.4253 21.6280
v  -16.3681 -2.4355 21.6280
v  -16.3631 -2.4356 21.6230
v  -16.3631 -2.4253 21.6230
v  -16.3682 -2.4138 21.6304
v  -16.3634 -2.4103 21.6269
v  -16.3631 -2.4064 21.6357
v  -16.3681 -2.4114 21.6357
v  -16.3682 -2.4457 21.6281
v  -16.3630 -2.4458 21.6229
v  -16.3682 -2.4571 21.6304
v  -16.3634 -2.4606 21.6269
v  -16.3630 -2.4518 21.6229
v  -16.3682 -2.4517 21.6282
v  -16.3493 -2.4356 21.6208
v  -16.2829 -2.4356 21.6208
v  -16.2829 -2.4252 21.6208
v  -16.3493 -2.4252 21.6208
v  -16.3493 -2.4192 21.6208
v  -16.2829 -2.4192 21.6208
v  -16.2829 -2.4086 21.6251
v  -16.3494 -2.4086 21.6251
v  -16.3492 -2.4458 21.6208
v  -16.2829 -2.4457 21.6208
v  -16.3493 -2.4667 21.6358
v  -16.2829 -2.4667 21.6358
v  -16.2829 -2.4623 21.6251
v  -16.3494 -2.4623 21.6252
v  -16.3553 -2.4356 21.6208
v  -16.3553 -2.4252 21.6208
v  -16.3681 -2.4193 21.6280
v  -16.3703 -2.4192 21.6358
v  -16.3703 -2.4256 21.6358
v  -16.3703 -2.4192 21.6420
v  -16.3554 -2.4086 21.6252
v  -16.3553 -2.4042 21.6358
v  -16.3553 -2.4457 21.6208
v  -16.3703 -2.4460 21.6358
v  -16.3703 -2.4516 21.6359
v  -16.3554 -2.4623 21.6252
v  -16.3553 -2.4517 21.6208
v  -16.3681 -2.4594 21.6358
v  -16.3631 -2.4645 21.6358
v  -16.2829 -2.4517 21.6208
v  -16.3493 -2.4518 21.6208
v  -16.3553 -2.4667 21.6358
v  -16.3631 -2.4193 21.6230
v  -16.2829 -2.4042 21.6358
v  -16.3493 -2.4042 21.6357
v  -16.3553 -2.4192 21.6208
v  -16.3703 -2.4516 21.6420
v  -16.3703 -2.4355 21.6358
v  -16.3681 -2.4253 4.3562
v  -16.3631 -2.4253 4.3612
v  -16.3631 -2.4356 4.3612
v  -16.3681 -2.4355 4.3562
v  -16.3681 -2.4114 4.2594
v  -16.3631 -2.4064 4.2594
v  -16.3631 -2.4064 4.3424
v  -16.3681 -2.4114 4.3424
v  -16.3681 -2.4114 4.3484
v  -16.3631 -2.4064 4.3484
v  -16.3634 -2.4103 4.3573
v  -16.3682 -2.4138 4.3538
v  -16.3703 -2.4355 4.3424
v  -16.3703 -2.4354 4.2594
v  -16.3703 -2.4252 4.2594
v  -16.3703 -2.4252 4.3424
v  -16.3630 -2.4458 4.3612
v  -16.3682 -2.4457 4.3560
v  -16.3681 -2.4595 4.3424
v  -16.3631 -2.4645 4.3424
v  -16.3631 -2.4645 4.2594
v  -16.3681 -2.4595 4.2595
v  -16.3682 -2.4517 4.3559
v  -16.3630 -2.4518 4.3612
v  -16.3634 -2.4606 4.3573
v  -16.3682 -2.4571 4.3537
v  -16.3703 -2.4456 4.3424
v  -16.3703 -2.4456 4.2595
v  -16.3493 -2.4356 4.3634
v  -16.3493 -2.4252 4.3634
v  -16.2829 -2.4252 4.3634
v  -16.2829 -2.4356 4.3634
v  -16.3493 -2.4042 4.3424
v  -16.3492 -2.4042 4.2594
v  -16.2829 -2.4042 4.2594
v  -16.2829 -2.4042 4.3424
v  -16.3494 -2.4086 4.3590
v  -16.2829 -2.4086 4.3590
v  -16.2829 -2.4192 4.3634
v  -16.3493 -2.4192 4.3634
v  -16.3493 -2.4458 4.3634
v  -16.2829 -2.4457 4.3634
v  -16.3493 -2.4667 4.3424
v  -16.2829 -2.4667 4.3424
v  -16.2829 -2.4667 4.2594
v  -16.3493 -2.4667 4.2594
v  -16.3494 -2.4623 4.3590
v  -16.2829 -2.4623 4.3590
v  -16.2829 -2.4667 4.3484
v  -16.3493 -2.4667 4.3484
v  -16.3553 -2.4252 4.3634
v  -16.3553 -2.4356 4.3634
v  -16.3703 -2.4253 4.3484
v  -16.3703 -2.4192 4.3484
v  -16.3681 -2.4193 4.3562
v  -16.3553 -2.4042 4.2594
v  -16.3552 -2.4042 4.3424
v  -16.3703 -2.4192 4.3424
v  -16.3553 -2.4042 4.3484
v  -16.3554 -2.4086 4.3590
v  -16.3553 -2.4457 4.3634
v  -16.3703 -2.4457 4.3483
v  -16.3703 -2.4355 4.3484
v  -16.3553 -2.4667 4.3424
v  -16.3553 -2.4667 4.2594
v  -16.3703 -2.4516 4.3424
v  -16.3703 -2.4516 4.3483
v  -16.3681 -2.4594 4.3483
v  -16.3553 -2.4517 4.3634
v  -16.3554 -2.4623 4.3590
v  -16.3631 -2.4645 4.3484
v  -16.3493 -2.4518 4.3634
v  -16.2829 -2.4517 4.3634
v  -16.3553 -2.4667 4.3484
v  -16.3631 -2.4193 4.3612
v  -16.3493 -2.4042 4.3484
v  -16.2829 -2.4042 4.3484
v  -16.3553 -2.4192 4.3634
v  -16.3681 -2.4253 4.2456
v  -16.3681 -2.4355 4.2456
v  -16.3631 -2.4356 4.2406
v  -16.3631 -2.4253 4.2406
v  -16.3682 -2.4138 4.2480
v  -16.3634 -2.4103 4.2445
v  -16.3631 -2.4064 4.2534
v  -16.3681 -2.4114 4.2534
v  -16.3682 -2.4457 4.2458
v  -16.3630 -2.4458 4.2406
v  -16.3682 -2.4571 4.2481
v  -16.3634 -2.4606 4.2445
v  -16.3630 -2.4518 4.2406
v  -16.3682 -2.4517 4.2459
v  -16.3493 -2.4356 4.2384
v  -16.2829 -2.4356 4.2384
v  -16.2829 -2.4252 4.2384
v  -16.3493 -2.4252 4.2384
v  -16.3493 -2.4192 4.2384
v  -16.2829 -2.4192 4.2384
v  -16.2829 -2.4086 4.2428
v  -16.3494 -2.4086 4.2428
v  -16.3492 -2.4458 4.2384
v  -16.2829 -2.4457 4.2384
v  -16.3493 -2.4667 4.2534
v  -16.2829 -2.4667 4.2534
v  -16.2829 -2.4623 4.2428
v  -16.3494 -2.4623 4.2428
v  -16.3553 -2.4356 4.2384
v  -16.3553 -2.4252 4.2384
v  -16.3681 -2.4193 4.2456
v  -16.3703 -2.4192 4.2534
v  -16.3703 -2.4256 4.2534
v  -16.3703 -2.4192 4.2596
v  -16.3554 -2.4086 4.2428
v  -16.3553 -2.4042 4.2534
v  -16.3553 -2.4457 4.2384
v  -16.3703 -2.4460 4.2535
v  -16.3703 -2.4516 4.2535
v  -16.3554 -2.4623 4.2428
v  -16.3553 -2.4517 4.2384
v  -16.3681 -2.4594 4.2535
v  -16.3631 -2.4645 4.2534
v  -16.2829 -2.4517 4.2384
v  -16.3493 -2.4518 4.2384
v  -16.3553 -2.4667 4.2534
v  -16.3631 -2.4193 4.2406
v  -16.2829 -2.4042 4.2534
v  -16.3493 -2.4042 4.2534
v  -16.3553 -2.4192 4.2384
v  -16.3703 -2.4516 4.2597
v  -16.3703 -2.4355 4.2534
v  -16.3681 -2.4253 3.7387
v  -16.3631 -2.4253 3.7437
v  -16.3631 -2.4356 3.7437
v  -16.3681 -2.4355 3.7387
v  -16.3681 -2.4114 3.6419
v  -16.3631 -2.4064 3.6419
v  -16.3631 -2.4064 3.7249
v  -16.3681 -2.4114 3.7249
v  -16.3681 -2.4114 3.7309
v  -16.3631 -2.4064 3.7309
v  -16.3634 -2.4103 3.7398
v  -16.3682 -2.4138 3.7363
v  -16.3703 -2.4355 3.7249
v  -16.3703 -2.4354 3.6419
v  -16.3703 -2.4252 3.6419
v  -16.3703 -2.4252 3.7249
v  -16.3630 -2.4458 3.7437
v  -16.3682 -2.4457 3.7385
v  -16.3681 -2.4595 3.7249
v  -16.3631 -2.4645 3.7249
v  -16.3631 -2.4645 3.6419
v  -16.3681 -2.4595 3.6420
v  -16.3682 -2.4517 3.7384
v  -16.3630 -2.4518 3.7437
v  -16.3634 -2.4606 3.7398
v  -16.3682 -2.4571 3.7362
v  -16.3703 -2.4456 3.7249
v  -16.3703 -2.4456 3.6420
v  -16.3493 -2.4356 3.7459
v  -16.3493 -2.4252 3.7459
v  -16.2829 -2.4252 3.7459
v  -16.2829 -2.4356 3.7459
v  -16.3493 -2.4042 3.7249
v  -16.3492 -2.4042 3.6419
v  -16.2829 -2.4042 3.6419
v  -16.2829 -2.4042 3.7249
v  -16.3494 -2.4086 3.7415
v  -16.2829 -2.4086 3.7415
v  -16.2829 -2.4192 3.7459
v  -16.3493 -2.4192 3.7459
v  -16.3493 -2.4458 3.7459
v  -16.2829 -2.4457 3.7459
v  -16.3493 -2.4667 3.7249
v  -16.2829 -2.4667 3.7249
v  -16.2829 -2.4667 3.6419
v  -16.3493 -2.4667 3.6419
v  -16.3494 -2.4623 3.7415
v  -16.2829 -2.4623 3.7415
v  -16.2829 -2.4667 3.7309
v  -16.3493 -2.4667 3.7309
v  -16.3553 -2.4252 3.7459
v  -16.3553 -2.4356 3.7459
v  -16.3703 -2.4253 3.7309
v  -16.3703 -2.4192 3.7309
v  -16.3681 -2.4193 3.7387
v  -16.3553 -2.4042 3.6419
v  -16.3552 -2.4042 3.7249
v  -16.3703 -2.4192 3.7249
v  -16.3553 -2.4042 3.7309
v  -16.3554 -2.4086 3.7415
v  -16.3553 -2.4457 3.7459
v  -16.3703 -2.4457 3.7308
v  -16.3703 -2.4355 3.7309
v  -16.3553 -2.4667 3.7249
v  -16.3553 -2.4667 3.6419
v  -16.3703 -2.4516 3.7249
v  -16.3703 -2.4516 3.7308
v  -16.3681 -2.4594 3.7308
v  -16.3553 -2.4517 3.7459
v  -16.3554 -2.4623 3.7415
v  -16.3631 -2.4645 3.7309
v  -16.3493 -2.4518 3.7459
v  -16.2829 -2.4517 3.7459
v  -16.3553 -2.4667 3.7309
v  -16.3631 -2.4193 3.7437
v  -16.3493 -2.4042 3.7309
v  -16.2829 -2.4042 3.7309
v  -16.3553 -2.4192 3.7459
v  -16.3681 -2.4253 3.6281
v  -16.3681 -2.4355 3.6281
v  -16.3631 -2.4356 3.6231
v  -16.3631 -2.4253 3.6231
v  -16.3682 -2.4138 3.6305
v  -16.3634 -2.4103 3.6270
v  -16.3631 -2.4064 3.6359
v  -16.3681 -2.4114 3.6359
v  -16.3682 -2.4457 3.6283
v  -16.3630 -2.4458 3.6231
v  -16.3682 -2.4571 3.6306
v  -16.3634 -2.4606 3.6270
v  -16.3630 -2.4518 3.6231
v  -16.3682 -2.4517 3.6284
v  -16.3493 -2.4356 3.6209
v  -16.2829 -2.4356 3.6209
v  -16.2829 -2.4252 3.6209
v  -16.3493 -2.4252 3.6209
v  -16.3493 -2.4192 3.6209
v  -16.2829 -2.4192 3.6209
v  -16.2829 -2.4086 3.6253
v  -16.3494 -2.4086 3.6253
v  -16.3492 -2.4458 3.6209
v  -16.2829 -2.4457 3.6209
v  -16.3493 -2.4667 3.6359
v  -16.2829 -2.4667 3.6359
v  -16.2829 -2.4623 3.6253
v  -16.3494 -2.4623 3.6253
v  -16.3553 -2.4356 3.6209
v  -16.3553 -2.4252 3.6209
v  -16.3681 -2.4193 3.6281
v  -16.3703 -2.4192 3.6359
v  -16.3703 -2.4256 3.6359
v  -16.3703 -2.4192 3.6421
v  -16.3554 -2.4086 3.6253
v  -16.3553 -2.4042 3.6359
v  -16.3553 -2.4457 3.6209
v  -16.3703 -2.4460 3.6360
v  -16.3703 -2.4516 3.6360
v  -16.3554 -2.4623 3.6253
v  -16.3553 -2.4517 3.6209
v  -16.3681 -2.4594 3.6360
v  -16.3631 -2.4645 3.6359
v  -16.2829 -2.4517 3.6209
v  -16.3493 -2.4518 3.6209
v  -16.3553 -2.4667 3.6359
v  -16.3631 -2.4193 3.6231
v  -16.2829 -2.4042 3.6359
v  -16.3493 -2.4042 3.6359
v  -16.3553 -2.4192 3.6209
v  -16.3703 -2.4516 3.6422
v  -16.3703 -2.4355 3.6359
v  -16.2873 -0.3971 25.2283
v  -16.2786 -0.3969 25.2283
v  -16.2804 -0.4325 25.2283
v  -16.2988 -0.4065 25.2283
v  -16.2746 -0.3895 25.2203
v  -16.2746 -0.3895 25.2283
v  -16.2795 -0.3882 25.2283
v  -16.2795 -0.3882 25.2203
v  -16.2697 -0.8599 25.2203
v  -16.2697 -0.8663 25.2203
v  -16.2697 -0.8663 25.2283
v  -16.2697 -0.8599 25.2283
v  -16.3130 -0.9032 25.2203
v  -16.3130 -0.9032 25.2283
v  -16.3130 -0.9095 25.2283
v  -16.3130 -0.9095 25.2203
v  -16.3140 -0.8977 25.2203
v  -16.3140 -0.8977 25.2283
v  -16.3174 -0.8926 25.2203
v  -16.3174 -0.8926 25.2283
v  -16.3225 -0.8892 25.2203
v  -16.3225 -0.8892 25.2283
v  -16.2707 -0.8544 25.2283
v  -16.2707 -0.8544 25.2203
v  -16.2741 -0.8493 25.2283
v  -16.2741 -0.8493 25.2203
v  -16.2792 -0.8459 25.2283
v  -16.2792 -0.8459 25.2203
v  -16.2847 -0.8449 25.2283
v  -16.2847 -0.8449 25.2203
v  -16.2917 -0.8449 25.2283
v  -16.2917 -0.8449 25.2203
v  -16.3280 -0.8882 25.2203
v  -16.3280 -0.8882 25.2283
v  -16.4693 -0.8882 25.2203
v  -16.4693 -0.8882 25.2283
v  -16.4638 -0.8882 25.2283
v  -16.4638 -0.8882 25.2203
v  -16.4259 -0.8449 25.2203
v  -16.4259 -0.8449 25.2283
v  -16.4315 -0.8438 25.2283
v  -16.4315 -0.8438 25.2203
v  -16.4366 -0.8405 25.2283
v  -16.4366 -0.8405 25.2203
v  -16.4399 -0.8354 25.2283
v  -16.4399 -0.8354 25.2203
v  -16.4748 -0.8871 25.2203
v  -16.4748 -0.8871 25.2283
v  -16.4799 -0.8838 25.2203
v  -16.4799 -0.8838 25.2283
v  -16.4832 -0.8787 25.2203
v  -16.4832 -0.8787 25.2283
v  -16.4843 -0.8732 25.2203
v  -16.4843 -0.8732 25.2283
v  -16.4409 -0.8299 25.2283
v  -16.4409 -0.8299 25.2203
v  -16.4843 -0.4583 25.2203
v  -16.4843 -0.4583 25.2283
v  -16.4843 -0.4653 25.2283
v  -16.4843 -0.4653 25.2203
v  -16.4409 -0.8240 25.2283
v  -16.4409 -0.8240 25.2203
v  -16.4409 -0.4583 25.2203
v  -16.4409 -0.4583 25.2283
v  -16.4399 -0.4528 25.2283
v  -16.4399 -0.4528 25.2203
v  -16.4853 -0.4528 25.2203
v  -16.4853 -0.4528 25.2283
v  -16.4366 -0.4477 25.2283
v  -16.4366 -0.4477 25.2203
v  -16.4886 -0.4477 25.2203
v  -16.4886 -0.4477 25.2283
v  -16.4315 -0.4444 25.2283
v  -16.4315 -0.4444 25.2203
v  -16.4937 -0.4444 25.2203
v  -16.4937 -0.4444 25.2283
v  -16.4259 -0.4433 25.2283
v  -16.4259 -0.4433 25.2203
v  -16.4993 -0.4433 25.2203
v  -16.4993 -0.4433 25.2283
v  -16.7109 -0.4418 25.2283
v  -16.7109 -0.4418 25.2203
v  -16.7168 -0.4367 25.2203
v  -16.7168 -0.4367 25.2283
v  -16.7194 -0.4283 25.2203
v  -16.7194 -0.4218 25.2203
v  -16.7194 -0.4218 25.2283
v  -16.7194 -0.4283 25.2283
v  -16.7183 -0.0095 25.2203
v  -16.7150 -0.0044 25.2203
v  -16.7150 -0.0044 25.2283
v  -16.7183 -0.0095 25.2283
v  -16.7194 -0.0150 25.2283
v  -16.7194 -0.0150 25.2203
v  -16.7099 -0.0011 25.2203
v  -16.7099 -0.0011 25.2283
v  -16.7044 -0.0000 25.2203
v  -16.7044 -0.0000 25.2283
v  -16.6911 -0.0000 25.2203
v  -16.6855 -0.0011 25.2203
v  -16.6855 -0.0011 25.2283
v  -16.6911 -0.0000 25.2283
v  -16.6805 -0.0044 25.2203
v  -16.6805 -0.0044 25.2283
v  -16.6771 -0.0095 25.2203
v  -16.6771 -0.0095 25.2283
v  -16.6761 -0.0150 25.2203
v  -16.6761 -0.0150 25.2283
v  -16.6761 -0.3902 25.2203
v  -16.6761 -0.3902 25.2283
v  -16.6761 -0.3843 25.2283
v  -16.6761 -0.3843 25.2203
v  -16.6745 -0.3955 25.2283
v  -16.6745 -0.3955 25.2203
v  -16.6712 -0.3988 25.2203
v  -16.6712 -0.3988 25.2283
v  -16.7044 -0.4433 25.2203
v  -16.7044 -0.4433 25.2283
v  -16.6978 -0.4433 25.2283
v  -16.6978 -0.4433 25.2203
v  -16.4627 -0.4000 25.2203
v  -16.4625 -0.4000 25.2283
v  -16.6597 -0.4000 25.2283
v  -16.6597 -0.4000 25.2203
v  -16.4200 -0.4433 25.2283
v  -16.4200 -0.4433 25.2203
v  -16.3040 -0.4000 25.2203
v  -16.2986 -0.3984 25.2203
v  -16.2986 -0.3984 25.2283
v  -16.3040 -0.4000 25.2283
v  -16.2847 -0.4433 25.2203
v  -16.2847 -0.4433 25.2283
v  -16.2792 -0.4423 25.2283
v  -16.2792 -0.4423 25.2203
v  -16.2741 -0.4389 25.2283
v  -16.2741 -0.4389 25.2203
v  -16.2707 -0.4338 25.2283
v  -16.2707 -0.4338 25.2203
v  -16.2697 -0.4283 25.2283
v  -16.2697 -0.4283 25.2203
v  -16.2697 -0.4231 25.2283
v  -16.2697 -0.4231 25.2203
v  -16.2950 -0.3941 25.2203
v  -16.2950 -0.3941 25.2283
v  -16.2914 -0.3898 25.2203
v  -16.2914 -0.3898 25.2283
v  -16.2860 -0.3882 25.2203
v  -16.2860 -0.3882 25.2283
v  -16.2697 -0.3980 25.2203
v  -16.2697 -0.3980 25.2283
v  -16.2711 -0.3931 25.2283
v  -16.2711 -0.3931 25.2203
v  -16.6670 -0.4080 25.2283
v  -16.6662 -0.4000 25.2283
v  -16.6604 -0.4080 25.2283
v  -16.6743 -0.4044 25.2283
v  -16.6800 -0.3987 25.2283
v  -16.6841 -0.3909 25.2283
v  -16.6841 -0.3850 25.2283
v  -16.6870 -0.0108 25.2283
v  -16.7091 -0.0110 25.2283
v  -16.7114 -0.4283 25.2283
v  -16.7113 -0.4218 25.2283
v  -16.7092 -0.4339 25.2283
v  -16.4993 -0.4353 25.2283
v  -16.5055 -0.4433 25.2283
v  -16.5054 -0.4353 25.2283
v  -16.4908 -0.4369 25.2283
v  -16.4830 -0.4420 25.2283
v  -16.4778 -0.4498 25.2283
v  -16.4763 -0.4576 25.2283
v  -16.4760 -0.8745 25.2283
v  -16.4843 -0.8666 25.2283
v  -16.4760 -0.8678 25.2283
v  -16.4742 -0.8781 25.2283
v  -16.4702 -0.8799 25.2283
v  -16.3280 -0.8802 25.2283
v  -16.3350 -0.8882 25.2283
v  -16.3351 -0.8802 25.2283
v  -16.3195 -0.8818 25.2283
v  -16.3117 -0.8869 25.2283
v  -16.3066 -0.8947 25.2283
v  -16.3050 -0.9025 25.2283
v  -16.3050 -0.9087 25.2283
v  -16.2779 -0.8586 25.2283
v  -16.2779 -0.8650 25.2283
v  -16.2798 -0.8550 25.2283
v  -16.2838 -0.8531 25.2283
v  -16.4259 -0.8529 25.2283
v  -16.4205 -0.8449 25.2283
v  -16.4205 -0.8529 25.2283
v  -16.4344 -0.8513 25.2283
v  -16.4422 -0.8462 25.2283
v  -16.4474 -0.8384 25.2283
v  -16.4489 -0.8306 25.2283
v  -16.4489 -0.4583 25.2283
v  -16.4409 -0.4646 25.2283
v  -16.4489 -0.4646 25.2283
v  -16.4474 -0.4498 25.2283
v  -16.4422 -0.4420 25.2283
v  -16.4344 -0.4369 25.2283
v  -16.4267 -0.4353 25.2283
v  -16.2895 -0.4433 25.2283
v  -16.2853 -0.4326 25.2283
v  -16.2697 -0.4037 25.2283
v  -16.4647 -0.8800 25.2283
v  -16.3050 -3.0746 25.7203
v  -16.3050 -3.0746 25.2363
v  -16.2777 -3.0746 25.2363
v  -16.2777 -3.0746 25.7203
v  -16.2777 -3.0746 25.7283
v  -16.3050 -3.0746 25.7283
v  -16.2777 -3.0826 25.7283
v  -16.2697 -3.0826 25.7283
v  -16.2697 -3.1973 25.7283
v  -16.2782 -3.1973 25.7283
v  -16.3050 -3.0826 25.7283
v  -16.3050 -3.1711 25.7283
v  -16.3130 -3.1577 25.7283
v  -16.3130 -3.0826 25.7283
v  -16.2697 -3.0746 25.2363
v  -16.2697 -3.0746 25.7203
v  -16.3130 -3.0746 25.7203
v  -16.3130 -3.0746 25.2363
v  -16.3130 -3.0826 25.2203
v  -16.3130 -3.0826 25.7203
v  -16.2697 -3.0826 25.7203
v  -16.2697 -3.0826 25.2203
v  -16.3130 -3.0746 25.7283
v  -16.2697 -3.0746 25.7283
v  -16.2801 -3.6270 25.7283
v  -16.3050 -3.6270 25.7283
v  -16.3050 -3.6194 25.7283
v  -16.2801 -3.6191 25.7283
v  -16.4763 -0.4646 25.2283
v  -16.3044 -0.4066 25.2283
v  -16.4624 -0.4080 25.2283
v  -16.3094 -0.4000 25.2203
v  -16.3094 -0.4000 25.2283
v  -16.6662 -0.4000 25.2203
v  -16.7036 -0.4353 25.2283
v  -16.7044 0.0000 0.7639
v  -16.6911 0.0000 0.7639
v  -16.3130 -3.1619 25.7283
v  -16.3130 -3.1618 25.7203
v  -16.3130 -3.1576 25.7203
v  -16.3130 -3.2202 25.7203
v  -16.3130 -3.2203 25.7283
v  -16.3130 -3.2256 25.7283
v  -16.3130 -3.2255 25.7203
v  -16.3151 -3.1696 25.7203
v  -16.3152 -3.1697 25.7284
v  -16.3202 -3.1747 25.7283
v  -16.3201 -3.1747 25.7203
v  -16.3050 -3.1761 25.7283
v  -16.3195 -3.1839 25.7289
v  -16.3180 -3.2203 25.7283
v  -16.3180 -3.2202 25.7203
v  -16.3230 -3.2202 25.7203
v  -16.3230 -3.2203 25.7283
v  -16.3280 -3.1770 25.7283
v  -16.3279 -3.1770 25.7203
v  -16.3280 -3.2202 25.7203
v  -16.3280 -3.2203 25.7283
v  -16.2697 -3.1973 25.7203
v  -17.5055 -3.2120 25.7283
v  -17.4621 -3.1850 25.7283
v  -17.4568 -3.1850 25.7283
v  -17.4999 -3.2120 25.7283
v  -17.4991 -3.2203 25.7283
v  -17.5047 -3.2203 25.7283
v  -17.5102 -3.2192 25.7283
v  -17.5095 -3.2101 25.7283
v  -17.5153 -3.2159 25.7283
v  -17.5114 -3.2061 25.7283
v  -17.5186 -3.2108 25.7283
v  -17.5197 -3.2053 25.7283
v  -17.5087 -3.0856 25.7283
v  -17.5089 -3.0945 25.7283
v  -17.5197 -3.0981 25.7283
v  -17.5197 -3.0896 25.7283
v  -17.5186 -3.0841 25.7283
v  -17.5153 -3.0790 25.7283
v  -17.5102 -3.0757 25.7283
v  -17.5047 -3.0746 25.7283
v  -17.4874 -3.0856 25.7283
v  -17.4980 -3.0746 25.7283
v  -17.4914 -3.0746 25.7283
v  -17.4859 -3.0757 25.7283
v  -17.4808 -3.0790 25.7283
v  -17.4774 -3.0841 25.7283
v  -17.4764 -3.0896 25.7283
v  -17.4844 -3.1627 25.7283
v  -17.4846 -3.1574 25.7283
v  -17.4764 -3.1570 25.7283
v  -17.4764 -3.1620 25.7283
v  -17.4829 -3.1706 25.7283
v  -17.4753 -3.1675 25.7283
v  -17.4778 -3.1784 25.7283
v  -17.4720 -3.1726 25.7283
v  -17.4700 -3.1835 25.7283
v  -17.4669 -3.1759 25.7283
v  -17.4614 -3.1770 25.7283
v  -17.4560 -3.1770 25.7283
v  -17.4774 -3.0841 25.7203
v  -17.4764 -3.0896 25.7203
v  -17.4614 -3.1770 25.7203
v  -17.4560 -3.1770 25.7203
v  -17.4669 -3.1759 25.7203
v  -17.4720 -3.1726 25.7203
v  -17.5047 -3.2203 25.7203
v  -17.5102 -3.2192 25.7203
v  -17.5153 -3.2159 25.7203
v  -17.5186 -3.2108 25.7203
v  -17.5197 -3.2053 25.7203
v  -17.5197 -3.1973 25.7203
v  -17.5197 -3.1973 25.7283
v  -17.4753 -3.1675 25.7203
v  -17.4764 -3.1620 25.7203
v  -17.4764 -3.0949 25.7203
v  -17.4764 -3.0949 25.7283
v  -17.5197 -3.0896 25.7203
v  -17.5186 -3.0841 25.7203
v  -17.5153 -3.0790 25.7203
v  -17.5102 -3.0757 25.7203
v  -17.5047 -3.0746 25.7203
v  -17.4980 -3.0746 25.7203
v  -17.4914 -3.0746 25.7203
v  -17.4859 -3.0757 25.7203
v  -17.4808 -3.0790 25.7203
v  -16.3344 -3.2202 25.7203
v  -16.3344 -3.2203 25.7283
v  -17.5112 -3.1979 25.7283
v  -17.4774 -3.0841 0.2639
v  -17.4764 -3.0896 0.2639
v  -17.4614 -3.1770 0.2639
v  -17.4560 -3.1770 0.2639
v  -17.4669 -3.1759 0.2639
v  -17.4720 -3.1726 0.2639
v  -17.5047 -3.2203 0.2639
v  -17.5102 -3.2192 0.2639
v  -17.5153 -3.2159 0.2639
v  -17.5186 -3.2108 0.2639
v  -17.5197 -3.2053 0.2639
v  -17.5197 -3.1973 0.2639
v  -17.4753 -3.1675 0.2639
v  -17.4764 -3.1620 0.2639
v  -17.4764 -3.0949 0.2639
v  -17.5197 -3.0896 0.2639
v  -17.5186 -3.0841 0.2639
v  -17.5153 -3.0790 0.2639
v  -17.5102 -3.0757 0.2639
v  -17.5047 -3.0746 0.2639
v  -17.4980 -3.0746 0.2639
v  -17.4914 -3.0746 0.2639
v  -17.4859 -3.0757 0.2639
v  -17.4808 -3.0790 0.2639
v  -16.3280 -3.2202 0.2639
v  -16.3344 -3.2202 0.2639
v  -16.3195 -3.2122 25.7283
v  -16.3050 -3.2125 25.7283
v  -16.3050 -3.2179 25.7283
v  -16.2697 -0.8599 0.7639
v  -16.2697 -0.8663 0.7639
v  -16.3130 -3.0826 0.7639
v  -16.3130 -0.9095 0.7639
v  -16.2707 -0.8544 0.7639
v  -16.2741 -0.8493 0.7639
v  -16.2792 -0.8459 0.7639
v  -16.2847 -0.8449 0.7639
v  -16.4259 -0.8449 0.7639
v  -16.4205 -0.8449 0.7639
v  -16.4205 -0.8449 25.2203
v  -16.3225 -0.8892 0.7639
v  -16.3280 -0.8882 0.7639
v  -16.4315 -0.8438 0.7639
v  -16.4366 -0.8405 0.7639
v  -16.4399 -0.8354 0.7639
v  -16.4832 -0.8787 0.7639
v  -16.4843 -0.8732 0.7639
v  -16.4409 -0.8299 0.7639
v  -16.4843 -0.8666 0.7639
v  -16.4843 -0.8666 25.2203
v  -16.4409 -0.4583 0.7639
v  -16.4409 -0.4646 0.7639
v  -16.4409 -0.4646 25.2203
v  -16.4399 -0.4528 0.7639
v  -16.4843 -0.4583 0.7639
v  -16.4853 -0.4528 0.7639
v  -16.4366 -0.4477 0.7639
v  -16.4886 -0.4477 0.7639
v  -16.4315 -0.4444 0.7639
v  -16.4937 -0.4444 0.7639
v  -16.4259 -0.4433 0.7639
v  -16.7109 -0.4418 0.7639
v  -16.7168 -0.4367 0.7639
v  -16.7194 -0.4283 0.7639
v  -16.7194 -0.4218 0.7639
v  -16.7183 -0.0095 0.7639
v  -16.7150 -0.0044 0.7639
v  -16.7194 -0.0150 0.7639
v  -16.7099 -0.0011 0.7639
v  -16.6855 -0.0011 0.7639
v  -16.6805 -0.0044 0.7639
v  -16.6771 -0.0095 0.7639
v  -16.6761 -0.0150 0.7639
v  -16.6761 -0.0206 0.7639
v  -16.6761 -0.0206 25.2203
v  -16.2847 -0.4433 0.7639
v  -16.2895 -0.4433 0.7639
v  -16.2895 -0.4433 25.2203
v  -16.2792 -0.4423 0.7639
v  -16.2741 -0.4389 0.7639
v  -16.2707 -0.4338 0.7639
v  -16.2697 -0.4283 0.7639
v  -16.2697 -0.3980 0.7639
v  -16.2697 -0.4037 0.7639
v  -16.2697 -0.4037 25.2203
v  -16.2914 -0.3898 0.7639
v  -16.2860 -0.3882 0.7639
v  -16.2795 -0.3882 0.7639
v  -16.2711 -0.3931 0.7639
v  -16.2746 -0.3895 0.7639
v  -16.4627 -0.4000 0.7639
v  -16.3094 -0.4000 0.7639
v  -16.7044 -0.4433 0.7639
v  -16.6712 -0.3988 0.7639
v  -16.6662 -0.4000 0.7639
v  -16.6761 -0.3902 0.7639
v  -16.6745 -0.3955 0.7639
v  -16.2873 -0.3971 0.7559
v  -16.2988 -0.4065 0.7559
v  -16.2804 -0.4325 0.7559
v  -16.2786 -0.3969 0.7559
v  -16.2795 -0.3882 0.7559
v  -16.2746 -0.3895 0.7559
v  -16.2697 -0.8599 0.7559
v  -16.2697 -0.8663 0.7559
v  -16.3130 -0.9032 0.7639
v  -16.3130 -0.9095 0.7559
v  -16.3130 -0.9032 0.7559
v  -16.3140 -0.8977 0.7559
v  -16.3140 -0.8977 0.7639
v  -16.3174 -0.8926 0.7559
v  -16.3174 -0.8926 0.7639
v  -16.3225 -0.8892 0.7559
v  -16.2707 -0.8544 0.7559
v  -16.2741 -0.8493 0.7559
v  -16.2792 -0.8459 0.7559
v  -16.2847 -0.8449 0.7559
v  -16.2917 -0.8449 0.7639
v  -16.2917 -0.8449 0.7559
v  -16.3280 -0.8882 0.7559
v  -16.4693 -0.8882 0.7639
v  -16.4638 -0.8882 0.7639
v  -16.4638 -0.8882 0.7559
v  -16.4693 -0.8882 0.7559
v  -16.4315 -0.8438 0.7559
v  -16.4259 -0.8449 0.7559
v  -16.4366 -0.8405 0.7559
v  -16.4399 -0.8354 0.7559
v  -16.4748 -0.8871 0.7559
v  -16.4748 -0.8871 0.7639
v  -16.4799 -0.8838 0.7559
v  -16.4799 -0.8838 0.7639
v  -16.4832 -0.8787 0.7559
v  -16.4843 -0.8732 0.7559
v  -16.4409 -0.8299 0.7559
v  -16.4843 -0.4653 0.7639
v  -16.4843 -0.4653 0.7559
v  -16.4843 -0.4583 0.7559
v  -16.4409 -0.8240 0.7639
v  -16.4409 -0.8240 0.7559
v  -16.4399 -0.4528 0.7559
v  -16.4409 -0.4583 0.7559
v  -16.4853 -0.4528 0.7559
v  -16.4366 -0.4477 0.7559
v  -16.4886 -0.4477 0.7559
v  -16.4315 -0.4444 0.7559
v  -16.4937 -0.4444 0.7559
v  -16.4259 -0.4433 0.7559
v  -16.4993 -0.4433 0.7559
v  -16.4993 -0.4433 0.7639
v  -16.7109 -0.4418 0.7559
v  -16.7168 -0.4367 0.7559
v  -16.7194 -0.4283 0.7559
v  -16.7194 -0.4218 0.7559
v  -16.7183 -0.0095 0.7559
v  -16.7150 -0.0044 0.7559
v  -16.7194 -0.0150 0.7559
v  -16.7099 -0.0011 0.7559
v  -16.7044 0.0000 0.7559
v  -16.6911 0.0000 0.7559
v  -16.6855 -0.0011 0.7559
v  -16.6805 -0.0044 0.7559
v  -16.6771 -0.0095 0.7559
v  -16.6761 -0.0150 0.7559
v  -16.6761 -0.3843 0.7639
v  -16.6761 -0.3843 0.7559
v  -16.6761 -0.3902 0.7559
v  -16.6745 -0.3955 0.7559
v  -16.6712 -0.3988 0.7559
v  -16.6978 -0.4433 0.7639
v  -16.6978 -0.4433 0.7559
v  -16.7044 -0.4433 0.7559
v  -16.6597 -0.4000 0.7639
v  -16.6597 -0.4000 0.7559
v  -16.4625 -0.4000 0.7559
v  -16.4200 -0.4433 0.7639
v  -16.4200 -0.4433 0.7559
v  -16.3040 -0.4000 0.7639
v  -16.3040 -0.4000 0.7559
v  -16.2986 -0.3984 0.7559
v  -16.2986 -0.3984 0.7639
v  -16.2792 -0.4423 0.7559
v  -16.2847 -0.4433 0.7559
v  -16.2741 -0.4389 0.7559
v  -16.2707 -0.4338 0.7559
v  -16.2697 -0.4283 0.7559
v  -16.2697 -0.4231 0.7639
v  -16.2697 -0.4231 0.7559
v  -16.2950 -0.3941 0.7559
v  -16.2950 -0.3941 0.7639
v  -16.2914 -0.3898 0.7559
v  -16.2860 -0.3882 0.7559
v  -16.2711 -0.3931 0.7559
v  -16.2697 -0.3980 0.7559
v  -16.6670 -0.4080 0.7559
v  -16.6604 -0.4080 0.7559
v  -16.6662 -0.4000 0.7559
v  -16.6800 -0.3987 0.7559
v  -16.6743 -0.4044 0.7559
v  -16.6841 -0.3909 0.7559
v  -16.6841 -0.3850 0.7559
v  -16.6870 -0.0108 0.7559
v  -16.7091 -0.0110 0.7559
v  -16.7114 -0.4283 0.7559
v  -16.7113 -0.4218 0.7559
v  -16.7092 -0.4339 0.7559
v  -16.4993 -0.4353 0.7559
v  -16.5054 -0.4353 0.7559
v  -16.5055 -0.4433 0.7559
v  -16.4908 -0.4369 0.7559
v  -16.4830 -0.4420 0.7559
v  -16.4778 -0.4498 0.7559
v  -16.4763 -0.4576 0.7559
v  -16.4760 -0.8745 0.7559
v  -16.4760 -0.8678 0.7559
v  -16.4843 -0.8666 0.7559
v  -16.4742 -0.8781 0.7559
v  -16.4702 -0.8799 0.7559
v  -16.3280 -0.8802 0.7559
v  -16.3351 -0.8802 0.7559
v  -16.3350 -0.8882 0.7559
v  -16.3195 -0.8818 0.7559
v  -16.3117 -0.8869 0.7559
v  -16.3066 -0.8947 0.7559
v  -16.3050 -0.9025 0.7559
v  -16.3050 -0.9087 0.7559
v  -16.2779 -0.8586 0.7559
v  -16.2779 -0.8650 0.7559
v  -16.2798 -0.8550 0.7559
v  -16.2838 -0.8531 0.7559
v  -16.4259 -0.8529 0.7559
v  -16.4205 -0.8529 0.7559
v  -16.4205 -0.8449 0.7559
v  -16.4344 -0.8513 0.7559
v  -16.4422 -0.8462 0.7559
v  -16.4474 -0.8384 0.7559
v  -16.4489 -0.8306 0.7559
v  -16.4489 -0.4583 0.7559
v  -16.4489 -0.4646 0.7559
v  -16.4409 -0.4646 0.7559
v  -16.4474 -0.4498 0.7559
v  -16.4422 -0.4420 0.7559
v  -16.4344 -0.4369 0.7559
v  -16.4267 -0.4353 0.7559
v  -16.2853 -0.4326 0.7559
v  -16.2895 -0.4433 0.7559
v  -16.2697 -0.4037 0.7559
v  -16.4647 -0.8800 0.7559
v  -16.3050 -3.0746 0.2639
v  -16.2777 -3.0746 0.2639
v  -16.2777 -3.0746 0.7479
v  -16.3050 -3.0746 0.7479
v  -16.3130 -3.6270 0.2639
v  -16.3130 -3.6195 0.2639
v  -16.3130 -3.6195 25.7203
v  -16.3130 -3.6270 25.7203
v  -16.3050 -3.0746 0.2559
v  -16.2777 -3.0746 0.2559
v  -16.2777 -3.0826 0.2559
v  -16.2782 -3.1973 0.2559
v  -16.2697 -3.1973 0.2559
v  -16.2697 -3.0826 0.2559
v  -16.3050 -3.0826 0.2559
v  -16.3130 -3.0826 0.2559
v  -16.3130 -3.1577 0.2559
v  -16.3050 -3.1711 0.2559
v  -16.2697 -3.0746 0.2639
v  -16.2697 -3.0746 0.7479
v  -16.3130 -3.0746 0.7479
v  -16.3130 -3.0746 0.2639
v  -16.3130 -3.0826 0.2639
v  -16.2697 -3.0826 0.2639
v  -16.2697 -3.0826 0.7639
v  -16.3130 -3.0746 0.2559
v  -16.2697 -3.0746 0.2559
v  -16.2801 -3.6270 0.2559
v  -16.2801 -3.6191 0.2559
v  -16.3050 -3.6194 0.2559
v  -16.3050 -3.6270 0.2559
v  -16.4763 -0.4646 0.7559
v  -16.3044 -0.4066 0.7559
v  -16.4624 -0.4080 0.7559
v  -16.3094 -0.4000 0.7559
v  -16.7036 -0.4353 0.7559
v  -16.3130 -3.1619 0.2559
v  -16.3130 -3.1576 0.2639
v  -16.3130 -3.1618 0.2639
v  -16.3130 -3.2202 0.2639
v  -16.3130 -3.2255 0.2639
v  -16.3130 -3.2256 0.2559
v  -16.3130 -3.2203 0.2559
v  -16.3151 -3.1696 0.2639
v  -16.3201 -3.1747 0.2639
v  -16.3202 -3.1747 0.2559
v  -16.3152 -3.1697 0.2559
v  -16.3195 -3.1839 0.2554
v  -16.3050 -3.1761 0.2559
v  -16.3180 -3.2202 0.2639
v  -16.3230 -3.2202 0.2639
v  -16.3180 -3.2203 0.2559
v  -16.3230 -3.2203 0.2559
v  -16.3279 -3.1770 0.2639
v  -16.3280 -3.1770 0.2559
v  -16.3280 -3.2203 0.2559
v  -17.5055 -3.2120 0.2559
v  -17.4999 -3.2120 0.2559
v  -17.4568 -3.1850 0.2559
v  -17.4621 -3.1850 0.2559
v  -17.5047 -3.2203 0.2559
v  -17.4991 -3.2203 0.2559
v  -17.5102 -3.2192 0.2559
v  -17.5095 -3.2101 0.2559
v  -17.5153 -3.2159 0.2559
v  -17.5114 -3.2061 0.2559
v  -17.5186 -3.2108 0.2559
v  -17.5197 -3.2053 0.2559
v  -17.5087 -3.0856 0.2559
v  -17.5197 -3.0896 0.2559
v  -17.5197 -3.0951 0.2559
v  -17.5089 -3.0915 0.2559
v  -17.5186 -3.0841 0.2559
v  -17.5153 -3.0790 0.2559
v  -17.5102 -3.0757 0.2559
v  -17.5047 -3.0746 0.2559
v  -17.4874 -3.0856 0.2559
v  -17.4980 -3.0746 0.2559
v  -17.4859 -3.0757 0.2559
v  -17.4914 -3.0746 0.2559
v  -17.4808 -3.0790 0.2559
v  -17.4774 -3.0841 0.2559
v  -17.4764 -3.0896 0.2559
v  -17.4844 -3.1627 0.2559
v  -17.4764 -3.1620 0.2559
v  -17.4764 -3.1570 0.2559
v  -17.4846 -3.1574 0.2559
v  -17.4829 -3.1705 0.2559
v  -17.4753 -3.1675 0.2559
v  -17.4778 -3.1783 0.2559
v  -17.4720 -3.1726 0.2559
v  -17.4700 -3.1835 0.2559
v  -17.4669 -3.1759 0.2559
v  -17.4614 -3.1770 0.2559
v  -17.4560 -3.1770 0.2559
v  -17.5197 -3.1973 0.2559
v  -17.4764 -3.0949 0.2559
v  -16.3344 -3.2203 0.2559
v  -17.5112 -3.1979 0.2559
v  -16.3195 -3.2122 0.2559
v  -16.3050 -3.2125 0.2559
v  -16.3050 -3.2179 0.2559
v  -16.3350 -0.8882 0.7639
v  -16.3350 -0.8882 25.2203
v  -16.5055 -0.4433 0.7639
v  -16.5055 -0.4433 25.2203
v  -16.7194 -0.0212 25.2283
v  -16.7194 -0.0212 25.2203
v  -16.6761 -0.0206 25.2283
v  -16.6870 -0.0165 25.2283
v  -16.7091 -0.0172 25.2283
v  -16.7194 -0.0212 0.7639
v  -16.7194 -0.0212 0.7559
v  -16.6761 -0.0206 0.7559
v  -16.6870 -0.0165 0.7559
v  -16.7091 -0.0172 0.7559
v  -16.6971 -0.4353 25.2283
v  -16.6971 -0.4353 0.7559
v  -16.4489 -0.8247 25.2283
v  -16.4489 -0.8247 0.7559
v  -16.4205 -0.4352 25.2283
v  -16.4205 -0.4352 0.7559
v  -16.2908 -0.8531 25.2283
v  -16.2908 -0.8531 0.7559
v  -16.2697 -3.0666 25.2283
v  -16.3130 -3.0666 25.2283
v  -16.3050 -3.0666 25.2283
v  -16.2777 -3.0666 25.2283
v  -16.2697 -3.0666 0.7559
v  -16.3130 -3.0666 0.7559
v  -16.3050 -3.0666 0.7559
v  -16.2777 -3.0666 0.7559
v  -16.3130 -3.6270 0.2559
v  -16.3050 -3.6270 0.2639
v  -16.2697 -3.6270 25.7283
v  -16.2697 -3.6270 25.7203
v  -16.2801 -3.6270 25.7203
v  -16.3050 -3.6270 25.7203
v  -16.2801 -3.6270 0.2639
v  -16.2697 -3.6270 0.2639
v  -16.2697 -3.6270 0.2559
v  -16.3130 -3.6270 25.7283
v  -16.2697 -3.6191 0.2639
v  -16.2697 -3.6191 25.7203
v  -16.3130 -3.6195 25.7283
v  -16.2697 -3.6191 25.7283
v  -16.3130 -3.6195 0.2559
v  -16.2697 -3.6191 0.2559
v  -16.2697 -3.1973 0.2639
v  -16.3258 -3.1840 25.7289
v  -16.3260 -3.2122 25.7283
v  -16.3341 -3.1770 25.7283
v  -16.3341 -3.1770 25.7203
v  -17.4991 -3.2203 25.7203
v  -16.3341 -3.1770 0.2639
v  -17.4991 -3.2203 0.2639
v  -16.3260 -3.2122 0.2559
v  -16.3258 -3.1839 0.2554
v  -16.3341 -3.1770 0.2559
v  -17.4872 -3.0913 25.7283
v  -17.5197 -3.0981 25.7203
v  -17.4764 -3.1570 25.7203
v  -17.5197 -3.0951 0.2639
v  -17.4764 -3.1570 0.2639
v  -17.4872 -3.0913 0.2559
v  -16.3130 -3.0746 25.2283
v  -16.2697 -3.0746 25.2283
v  -16.3050 -3.0746 25.2283
v  -16.2777 -3.0746 25.2283
v  -16.3130 -3.0746 0.7559
v  -16.2697 -3.0746 0.7559
v  -16.2777 -3.0746 0.7559
v  -16.3050 -3.0746 0.7559
v  -16.2697 -1.0212 24.7004
v  -16.2697 -1.0228 24.6934
v  -16.2650 -1.0228 24.6934
v  -16.2650 -1.0212 24.7004
v  -16.2697 -1.0218 24.6879
v  -16.2650 -1.0218 24.6879
v  -16.2697 -1.0185 24.6832
v  -16.2650 -1.0185 24.6832
v  -16.2697 -1.0134 24.6795
v  -16.2650 -1.0134 24.6795
v  -16.2697 -1.0079 24.6785
v  -16.2650 -1.0079 24.6785
v  -16.2697 -0.9911 24.6785
v  -16.2650 -0.9911 24.6785
v  -16.2697 -0.6684 24.6783
v  -16.2697 -0.6145 24.6732
v  -16.2650 -0.6145 24.6732
v  -16.2650 -0.6684 24.6783
v  -16.2697 -0.5587 24.6572
v  -16.2650 -0.5587 24.6572
v  -16.2697 -0.5055 24.6295
v  -16.2650 -0.5055 24.6295
v  -16.2697 -0.4745 24.6057
v  -16.2650 -0.4745 24.6057
v  -16.2697 -0.4682 24.6009
v  -16.2697 -0.4637 24.5980
v  -16.2650 -0.4637 24.5980
v  -16.2650 -0.4682 24.6009
v  -16.2697 -0.4582 24.5970
v  -16.2650 -0.4582 24.5970
v  -16.2697 -0.4527 24.5980
v  -16.2650 -0.4527 24.5980
v  -16.2697 -0.4476 24.6014
v  -16.2650 -0.4476 24.6014
v  -16.2697 -0.4443 24.6064
v  -16.2650 -0.4443 24.6064
v  -16.2697 -0.4433 24.6119
v  -16.2650 -0.4433 24.6119
v  -16.2697 -0.4432 24.6185
v  -16.2650 -0.4432 24.6185
v  -16.2697 -0.4427 24.9425
v  -16.2697 -0.4420 25.1702
v  -16.2650 -0.4420 25.1702
v  -16.2650 -0.4427 24.9425
v  -16.2697 -0.4430 25.1757
v  -16.2650 -0.4430 25.1757
v  -16.2697 -0.4464 25.1808
v  -16.2650 -0.4464 25.1808
v  -16.2697 -0.4514 25.1841
v  -16.2650 -0.4514 25.1841
v  -16.2697 -0.4569 25.1852
v  -16.2650 -0.4569 25.1852
v  -16.2697 -0.4671 25.1852
v  -16.2650 -0.4671 25.1852
v  -16.2697 -0.5267 25.1852
v  -16.2697 -0.5322 25.1862
v  -16.2650 -0.5322 25.1862
v  -16.2650 -0.5267 25.1852
v  -16.2697 -0.5373 25.1895
v  -16.2650 -0.5373 25.1895
v  -16.2697 -0.5406 25.1946
v  -16.2650 -0.5406 25.1946
v  -16.2697 -0.5416 25.2001
v  -16.2650 -0.5416 25.2001
v  -16.2697 -0.5416 25.2134
v  -16.2650 -0.5416 25.2134
v  -16.2697 -0.5406 25.2189
v  -16.2650 -0.5406 25.2189
v  -16.2697 -0.5373 25.2240
v  -16.2650 -0.5373 25.2240
v  -16.2697 -0.5322 25.2273
v  -16.2650 -0.5322 25.2273
v  -16.2697 -0.5267 25.2283
v  -16.2650 -0.5267 25.2283
v  -16.2697 -0.5218 25.2283
v  -16.2650 -0.5218 25.2283
v  -16.2697 -0.4180 25.2283
v  -16.2697 -0.0212 25.2283
v  -16.2650 -0.0212 25.2283
v  -16.2650 -0.4189 25.2283
v  -16.2697 -0.0150 25.2283
v  -16.2697 -0.0095 25.2273
v  -16.2650 -0.0095 25.2273
v  -16.2650 -0.0150 25.2283
v  -16.2697 -0.0044 25.2240
v  -16.2650 -0.0044 25.2240
v  -16.2697 -0.0011 25.2189
v  -16.2650 -0.0011 25.2189
v  -16.2697 -0.0000 25.2134
v  -16.2650 -0.0000 25.2134
v  -16.2697 -0.0000 25.2085
v  -16.2650 -0.0000 25.2085
v  -16.2697 -0.0000 24.9724
v  -16.2697 -0.0011 24.9669
v  -16.2650 -0.0011 24.9669
v  -16.2650 -0.0000 24.9724
v  -16.2697 -0.0044 24.9619
v  -16.2650 -0.0044 24.9619
v  -16.2697 -0.0095 24.9585
v  -16.2650 -0.0095 24.9585
v  -16.2697 -0.0150 24.9575
v  -16.2650 -0.0150 24.9575
v  -16.2697 -0.0283 24.9575
v  -16.2650 -0.0283 24.9575
v  -16.2697 -0.0338 24.9585
v  -16.2650 -0.0338 24.9585
v  -16.2697 -0.0388 24.9619
v  -16.2650 -0.0388 24.9619
v  -16.2697 -0.0422 24.9669
v  -16.2650 -0.0422 24.9669
v  -16.2697 -0.0432 24.9724
v  -16.2650 -0.0432 24.9724
v  -16.2697 -0.0432 24.9779
v  -16.2650 -0.0432 24.9779
v  -16.2697 -0.0432 25.1702
v  -16.2697 -0.0443 25.1757
v  -16.2650 -0.0443 25.1757
v  -16.2650 -0.0432 25.1702
v  -16.2697 -0.0476 25.1808
v  -16.2650 -0.0476 25.1808
v  -16.2697 -0.0527 25.1841
v  -16.2650 -0.0527 25.1841
v  -16.2697 -0.0582 25.1852
v  -16.2650 -0.0582 25.1852
v  -16.2697 -0.0631 25.1852
v  -16.2650 -0.0631 25.1852
v  -16.2697 -0.3839 25.1852
v  -16.2697 -0.3894 25.1841
v  -16.2650 -0.3894 25.1841
v  -16.2650 -0.3839 25.1852
v  -16.2697 -0.3944 25.1808
v  -16.2650 -0.3944 25.1808
v  -16.2697 -0.3978 25.1757
v  -16.2650 -0.3978 25.1757
v  -16.2697 -0.3988 25.1702
v  -16.2650 -0.3988 25.1702
v  -16.2697 -0.3998 24.9771
v  -16.2650 -0.3998 24.9771
v  -16.2697 -0.3999 24.9725
v  -16.2697 -0.3988 24.9670
v  -16.2650 -0.3988 24.9670
v  -16.2650 -0.3999 24.9725
v  -16.2697 -0.3955 24.9619
v  -16.2650 -0.3955 24.9619
v  -16.2697 -0.3904 24.9586
v  -16.2650 -0.3904 24.9586
v  -16.2697 -0.3849 24.9575
v  -16.2650 -0.3849 24.9575
v  -16.2697 -0.3808 24.9575
v  -16.2650 -0.3808 24.9575
v  -16.2697 -0.2948 24.9574
v  -16.2697 -0.2893 24.9564
v  -16.2650 -0.2893 24.9564
v  -16.2650 -0.2948 24.9574
v  -16.2697 -0.2842 24.9531
v  -16.2650 -0.2842 24.9531
v  -16.2697 -0.2809 24.9480
v  -16.2650 -0.2809 24.9480
v  -16.2697 -0.2799 24.9425
v  -16.2650 -0.2799 24.9425
v  -16.2697 -0.2799 24.9359
v  -16.2650 -0.2799 24.9359
v  -16.2697 -0.2799 24.9292
v  -16.2697 -0.2809 24.9237
v  -16.2650 -0.2809 24.9237
v  -16.2650 -0.2799 24.9292
v  -16.2697 -0.2842 24.9187
v  -16.2650 -0.2842 24.9187
v  -16.2697 -0.2893 24.9153
v  -16.2650 -0.2893 24.9153
v  -16.2697 -0.2948 24.9143
v  -16.2650 -0.2948 24.9143
v  -16.2697 -0.2995 24.9143
v  -16.2650 -0.2995 24.9143
v  -16.2697 -0.3849 24.9141
v  -16.2697 -0.3904 24.9131
v  -16.2650 -0.3904 24.9131
v  -16.2650 -0.3849 24.9141
v  -16.2697 -0.3955 24.9098
v  -16.2650 -0.3955 24.9098
v  -16.2697 -0.3988 24.9047
v  -16.2650 -0.3988 24.9047
v  -16.2697 -0.3999 24.8992
v  -16.2650 -0.3999 24.8992
v  -16.2697 -0.3999 24.8932
v  -16.2650 -0.3999 24.8932
v  -16.2697 -0.3998 24.5336
v  -16.2697 -0.3988 24.5281
v  -16.2650 -0.3988 24.5281
v  -16.2650 -0.3998 24.5336
v  -16.2697 -0.3954 24.5231
v  -16.2650 -0.3954 24.5231
v  -16.2697 -0.3924 24.5204
v  -16.2650 -0.3924 24.5204
v  -16.2697 -0.3891 24.5154
v  -16.2650 -0.3891 24.5154
v  -16.2697 -0.3880 24.5098
v  -16.2650 -0.3880 24.5098
v  -16.2697 -0.3880 24.4934
v  -16.2650 -0.3880 24.4934
v  -16.2697 -0.3891 24.4879
v  -16.2650 -0.3891 24.4879
v  -16.2697 -0.3924 24.4828
v  -16.2650 -0.3924 24.4828
v  -16.2697 -0.3975 24.4795
v  -16.2650 -0.3975 24.4795
v  -16.2697 -0.4030 24.4785
v  -16.2650 -0.4030 24.4785
v  -16.2697 -0.4233 24.4785
v  -16.2650 -0.4233 24.4785
v  -16.2697 -0.4288 24.4795
v  -16.2650 -0.4288 24.4795
v  -16.2697 -0.4339 24.4828
v  -16.2650 -0.4339 24.4828
v  -16.2697 -0.4369 24.4871
v  -16.2650 -0.4369 24.4871
v  -16.2697 -0.4545 24.5188
v  -16.2650 -0.4545 24.5188
v  -16.2697 -0.4874 24.5612
v  -16.2650 -0.4874 24.5612
v  -16.2697 -0.4943 24.5668
v  -16.2650 -0.4943 24.5668
v  -16.2697 -0.5284 24.5944
v  -16.2697 -0.5742 24.6182
v  -16.2650 -0.5742 24.6182
v  -16.2650 -0.5284 24.5944
v  -16.2697 -0.6218 24.6319
v  -16.2650 -0.6218 24.6319
v  -16.2697 -0.6684 24.6351
v  -16.2650 -0.6684 24.6351
v  -16.2697 -0.6856 24.6351
v  -16.2650 -0.6856 24.6351
v  -16.2697 -1.0682 24.6352
v  -16.2697 -1.1381 24.6352
v  -16.2650 -1.1381 24.6352
v  -16.2650 -1.0682 24.6352
v  -16.2697 -1.2276 24.6355
v  -16.2650 -1.2276 24.6355
v  -16.2697 -1.2361 24.6355
v  -16.2650 -1.2361 24.6355
v  -16.2697 -2.7615 24.6349
v  -16.2697 -2.8272 24.6349
v  -16.2650 -2.8272 24.6349
v  -16.2650 -2.7615 24.6349
v  -16.2697 -2.9052 24.6349
v  -16.2650 -2.9052 24.6349
v  -16.2697 -2.9160 24.6349
v  -16.2650 -2.9160 24.6349
v  -16.2697 -3.5039 24.6354
v  -16.2697 -3.5258 24.6333
v  -16.2650 -3.5258 24.6333
v  -16.2650 -3.5039 24.6354
v  -16.2697 -3.5482 24.6269
v  -16.2650 -3.5482 24.6269
v  -16.2697 -3.5697 24.6157
v  -16.2650 -3.5697 24.6157
v  -16.2697 -3.5825 24.6060
v  -16.2650 -3.5825 24.6060
v  -16.2697 -3.5867 24.6034
v  -16.2650 -3.5867 24.6034
v  -16.2697 -3.5922 24.6024
v  -16.2650 -3.5922 24.6024
v  -16.2697 -3.5977 24.6034
v  -16.2650 -3.5977 24.6034
v  -16.2697 -3.6028 24.6068
v  -16.2650 -3.6028 24.6068
v  -16.2697 -3.6061 24.6118
v  -16.2650 -3.6061 24.6118
v  -16.2697 -3.6072 24.6173
v  -16.2650 -3.6072 24.6173
v  -16.2697 -3.6072 24.6251
v  -16.2650 -3.6072 24.6251
v  -16.2697 -3.6073 25.7134
v  -16.2697 -3.6062 25.7189
v  -16.2650 -3.6062 25.7189
v  -16.2650 -3.6073 25.7134
v  -16.2697 -3.6028 25.7240
v  -16.2650 -3.6028 25.7240
v  -16.2697 -3.5978 25.7273
v  -16.2650 -3.5978 25.7273
v  -16.2697 -3.5920 25.7283
v  -16.2650 -3.5920 25.7283
v  -16.2697 -3.5847 25.7283
v  -16.2650 -3.5847 25.7283
v  -16.2697 -3.0896 25.7283
v  -16.2697 -3.0841 25.7273
v  -16.2650 -3.0841 25.7273
v  -16.2650 -3.0896 25.7283
v  -16.2697 -3.0790 25.7240
v  -16.2650 -3.0790 25.7240
v  -16.2697 -3.0757 25.7189
v  -16.2650 -3.0757 25.7189
v  -16.2697 -3.0747 25.7134
v  -16.2650 -3.0747 25.7134
v  -16.2697 -3.0747 25.7068
v  -16.2650 -3.0747 25.7068
v  -16.2697 -3.0747 25.6409
v  -16.2697 -3.0757 25.6354
v  -16.2650 -3.0757 25.6354
v  -16.2650 -3.0747 25.6409
v  -16.2697 -3.0790 25.6303
v  -16.2650 -3.0790 25.6303
v  -16.2697 -3.0841 25.6270
v  -16.2650 -3.0841 25.6270
v  -16.2697 -3.0896 25.6259
v  -16.2650 -3.0896 25.6259
v  -16.2697 -3.1029 25.6259
v  -16.2650 -3.1029 25.6259
v  -16.2697 -3.1084 25.6270
v  -16.2650 -3.1084 25.6270
v  -16.2697 -3.1134 25.6303
v  -16.2650 -3.1134 25.6303
v  -16.2697 -3.1168 25.6354
v  -16.2650 -3.1168 25.6354
v  -16.2697 -3.1178 25.6409
v  -16.2650 -3.1178 25.6409
v  -16.2697 -3.1178 25.6459
v  -16.2650 -3.1178 25.6459
v  -16.2697 -3.1178 25.6702
v  -16.2697 -3.1189 25.6757
v  -16.2650 -3.1189 25.6757
v  -16.2650 -3.1178 25.6702
v  -16.2697 -3.1222 25.6808
v  -16.2650 -3.1222 25.6808
v  -16.2697 -3.1273 25.6841
v  -16.2650 -3.1273 25.6841
v  -16.2697 -3.1328 25.6852
v  -16.2650 -3.1328 25.6852
v  -16.2697 -3.1384 25.6852
v  -16.2650 -3.1384 25.6852
v  -16.2697 -3.5488 25.6852
v  -16.2697 -3.5543 25.6841
v  -16.2650 -3.5543 25.6841
v  -16.2650 -3.5488 25.6852
v  -16.2697 -3.5594 25.6808
v  -16.2650 -3.5594 25.6808
v  -16.2697 -3.5627 25.6757
v  -16.2650 -3.5627 25.6757
v  -16.2697 -3.5638 25.6702
v  -16.2650 -3.5638 25.6702
v  -16.2697 -3.5638 25.6638
v  -16.2650 -3.5638 25.6638
v  -16.2697 -3.5638 24.6935
v  -16.2697 -3.5629 24.6878
v  -16.2650 -3.5629 24.6878
v  -16.2650 -3.5638 24.6935
v  -16.2697 -3.5596 24.6827
v  -16.2650 -3.5596 24.6827
v  -16.2697 -3.5545 24.6794
v  -16.2650 -3.5545 24.6794
v  -16.2697 -3.5490 24.6784
v  -16.2650 -3.5490 24.6784
v  -16.2697 -3.5432 24.6784
v  -16.2650 -3.5432 24.6784
v  -16.2697 -2.9539 24.6791
v  -16.2697 -2.9474 24.6805
v  -16.2650 -2.9474 24.6805
v  -16.2650 -2.9539 24.6791
v  -16.2697 -2.9424 24.6846
v  -16.2650 -2.9424 24.6846
v  -16.2697 -2.9396 24.6899
v  -16.2650 -2.9396 24.6899
v  -16.2697 -2.9391 24.6959
v  -16.2650 -2.9391 24.6959
v  -16.2697 -2.9406 24.7010
v  -16.2650 -2.9406 24.7010
v  -16.2697 -2.9472 24.7237
v  -16.2650 -2.9472 24.7237
v  -16.2697 -2.9492 24.7458
v  -16.2650 -2.9492 24.7458
v  -16.2697 -2.9472 24.7680
v  -16.2650 -2.9472 24.7680
v  -16.2697 -2.9406 24.7906
v  -16.2650 -2.9406 24.7906
v  -16.2697 -2.9293 24.8124
v  -16.2650 -2.9293 24.8124
v  -16.2697 -2.9146 24.8308
v  -16.2650 -2.9146 24.8308
v  -16.2697 -2.9038 24.8379
v  -16.2650 -2.9038 24.8379
v  -16.2697 -2.8923 24.8401
v  -16.2650 -2.8923 24.8401
v  -16.2697 -2.8701 24.8309
v  -16.2650 -2.8701 24.8309
v  -16.2697 -2.8631 24.8203
v  -16.2650 -2.8631 24.8203
v  -16.2697 -2.8609 24.8087
v  -16.2650 -2.8609 24.8087
v  -16.2697 -2.8608 24.7892
v  -16.2650 -2.8608 24.7892
v  -16.2697 -2.8634 24.7827
v  -16.2650 -2.8634 24.7827
v  -16.2697 -2.8705 24.7740
v  -16.2650 -2.8705 24.7740
v  -16.2697 -2.8735 24.7707
v  -16.2650 -2.8735 24.7707
v  -16.2697 -2.8778 24.7694
v  -16.2650 -2.8778 24.7694
v  -16.2697 -2.8822 24.7694
v  -16.2650 -2.8822 24.7694
v  -16.2697 -2.8868 24.7680
v  -16.2650 -2.8868 24.7680
v  -16.2697 -2.8896 24.7641
v  -16.2650 -2.8896 24.7641
v  -16.2697 -2.8912 24.7576
v  -16.2650 -2.8912 24.7576
v  -16.2697 -2.8926 24.7458
v  -16.2650 -2.8926 24.7458
v  -16.2697 -2.8912 24.7335
v  -16.2650 -2.8912 24.7335
v  -16.2697 -2.8899 24.7270
v  -16.2650 -2.8899 24.7270
v  -16.2697 -2.8872 24.7233
v  -16.2650 -2.8872 24.7233
v  -16.2697 -2.8822 24.7217
v  -16.2650 -2.8822 24.7217
v  -16.2697 -2.8778 24.7217
v  -16.2650 -2.8778 24.7217
v  -16.2697 -2.8736 24.7206
v  -16.2650 -2.8736 24.7206
v  -16.2697 -2.8705 24.7171
v  -16.2650 -2.8705 24.7171
v  -16.2697 -2.8639 24.7089
v  -16.2650 -2.8639 24.7089
v  -16.2697 -2.8556 24.7022
v  -16.2650 -2.8556 24.7022
v  -16.2697 -2.8464 24.6974
v  -16.2650 -2.8464 24.6974
v  -16.2697 -2.8369 24.6947
v  -16.2650 -2.8369 24.6947
v  -16.2697 -2.8275 24.6938
v  -16.2650 -2.8275 24.6938
v  -16.2697 -2.8182 24.6947
v  -16.2650 -2.8182 24.6947
v  -16.2697 -2.8086 24.6974
v  -16.2650 -2.8086 24.6974
v  -16.2697 -2.7994 24.7022
v  -16.2650 -2.7994 24.7022
v  -16.2697 -2.7912 24.7089
v  -16.2650 -2.7912 24.7089
v  -16.2697 -2.7845 24.7171
v  -16.2650 -2.7845 24.7171
v  -16.2697 -2.7816 24.7204
v  -16.2650 -2.7816 24.7204
v  -16.2697 -2.7772 24.7217
v  -16.2650 -2.7772 24.7217
v  -16.2697 -2.7728 24.7217
v  -16.2650 -2.7728 24.7217
v  -16.2697 -2.7685 24.7230
v  -16.2650 -2.7685 24.7230
v  -16.2697 -2.7654 24.7270
v  -16.2650 -2.7654 24.7270
v  -16.2697 -2.7638 24.7335
v  -16.2650 -2.7638 24.7335
v  -16.2697 -2.7628 24.7458
v  -16.2650 -2.7628 24.7458
v  -16.2697 -2.7638 24.7576
v  -16.2650 -2.7638 24.7576
v  -16.2697 -2.7654 24.7641
v  -16.2650 -2.7654 24.7641
v  -16.2697 -2.7686 24.7680
v  -16.2650 -2.7686 24.7680
v  -16.2697 -2.7728 24.7694
v  -16.2650 -2.7728 24.7694
v  -16.2697 -2.7772 24.7694
v  -16.2650 -2.7772 24.7694
v  -16.2697 -2.7816 24.7707
v  -16.2650 -2.7816 24.7707
v  -16.2697 -2.7845 24.7740
v  -16.2650 -2.7845 24.7740
v  -16.2697 -2.7916 24.7827
v  -16.2650 -2.7916 24.7827
v  -16.2697 -2.7941 24.7892
v  -16.2650 -2.7941 24.7892
v  -16.2697 -2.7942 24.8087
v  -16.2650 -2.7942 24.8087
v  -16.2697 -2.7919 24.8203
v  -16.2650 -2.7919 24.8203
v  -16.2697 -2.7850 24.8309
v  -16.2650 -2.7850 24.8309
v  -16.2697 -2.7628 24.8401
v  -16.2650 -2.7628 24.8401
v  -16.2697 -2.7512 24.8379
v  -16.2650 -2.7512 24.8379
v  -16.2697 -2.7404 24.8308
v  -16.2650 -2.7404 24.8308
v  -16.2697 -2.7257 24.8124
v  -16.2650 -2.7257 24.8124
v  -16.2697 -2.7144 24.7906
v  -16.2650 -2.7144 24.7906
v  -16.2697 -2.7079 24.7680
v  -16.2650 -2.7079 24.7680
v  -16.2697 -2.7058 24.7458
v  -16.2650 -2.7058 24.7458
v  -16.2697 -2.7079 24.7237
v  -16.2650 -2.7079 24.7237
v  -16.2697 -2.7144 24.7010
v  -16.2650 -2.7144 24.7010
v  -16.2697 -2.7160 24.6941
v  -16.2650 -2.7160 24.6941
v  -16.2697 -2.7150 24.6886
v  -16.2650 -2.7150 24.6886
v  -16.2697 -2.7117 24.6830
v  -16.2650 -2.7117 24.6830
v  -16.2697 -2.7066 24.6796
v  -16.2650 -2.7066 24.6796
v  -16.2697 -2.7011 24.6784
v  -16.2650 -2.7011 24.6784
v  -16.2697 -2.6947 24.6784
v  -16.2650 -2.6947 24.6784
v  -16.2697 -1.2616 24.6788
v  -16.2697 -1.2551 24.6802
v  -16.2650 -1.2551 24.6802
v  -16.2650 -1.2616 24.6788
v  -16.2697 -1.2497 24.6845
v  -16.2650 -1.2497 24.6845
v  -16.2697 -1.2469 24.6902
v  -16.2650 -1.2469 24.6902
v  -16.2697 -1.2469 24.6965
v  -16.2650 -1.2469 24.6965
v  -16.2697 -1.2483 24.7007
v  -16.2650 -1.2483 24.7007
v  -16.2697 -1.2548 24.7234
v  -16.2650 -1.2548 24.7234
v  -16.2697 -1.2568 24.7455
v  -16.2650 -1.2568 24.7455
v  -16.2697 -1.2548 24.7676
v  -16.2650 -1.2548 24.7676
v  -16.2697 -1.2483 24.7903
v  -16.2650 -1.2483 24.7903
v  -16.2697 -1.2370 24.8121
v  -16.2650 -1.2370 24.8121
v  -16.2697 -1.2223 24.8304
v  -16.2650 -1.2223 24.8304
v  -16.2697 -1.2171 24.8347
v  -16.2650 -1.2171 24.8347
v  -16.2697 -1.2115 24.8376
v  -16.2650 -1.2115 24.8376
v  -16.2697 -1.2056 24.8393
v  -16.2650 -1.2056 24.8393
v  -16.2697 -1.1999 24.8398
v  -16.2650 -1.1999 24.8398
v  -16.2697 -1.1942 24.8393
v  -16.2650 -1.1942 24.8393
v  -16.2697 -1.1883 24.8376
v  -16.2650 -1.1883 24.8376
v  -16.2697 -1.1827 24.8347
v  -16.2650 -1.1827 24.8347
v  -16.2697 -1.1777 24.8306
v  -16.2650 -1.1777 24.8306
v  -16.2697 -1.1736 24.8256
v  -16.2650 -1.1736 24.8256
v  -16.2697 -1.1707 24.8200
v  -16.2650 -1.1707 24.8200
v  -16.2697 -1.1690 24.8141
v  -16.2650 -1.1690 24.8141
v  -16.2697 -1.1685 24.8084
v  -16.2650 -1.1685 24.8084
v  -16.2697 -1.1685 24.7881
v  -16.2650 -1.1685 24.7881
v  -16.2697 -1.1710 24.7823
v  -16.2650 -1.1710 24.7823
v  -16.2697 -1.1782 24.7736
v  -16.2650 -1.1782 24.7736
v  -16.2697 -1.1809 24.7705
v  -16.2650 -1.1809 24.7705
v  -16.2697 -1.1854 24.7691
v  -16.2650 -1.1854 24.7691
v  -16.2697 -1.1898 24.7691
v  -16.2650 -1.1898 24.7691
v  -16.2697 -1.1944 24.7676
v  -16.2650 -1.1944 24.7676
v  -16.2697 -1.1973 24.7637
v  -16.2650 -1.1973 24.7637
v  -16.2697 -1.1988 24.7573
v  -16.2650 -1.1988 24.7573
v  -16.2697 -1.1999 24.7455
v  -16.2650 -1.1999 24.7455
v  -16.2697 -1.1988 24.7337
v  -16.2650 -1.1988 24.7337
v  -16.2697 -1.1973 24.7273
v  -16.2650 -1.1973 24.7273
v  -16.2697 -1.1945 24.7235
v  -16.2650 -1.1945 24.7235
v  -16.2697 -1.1898 24.7220
v  -16.2650 -1.1898 24.7220
v  -16.2697 -1.1854 24.7220
v  -16.2650 -1.1854 24.7220
v  -16.2697 -1.1809 24.7207
v  -16.2650 -1.1809 24.7207
v  -16.2697 -1.1782 24.7174
v  -16.2650 -1.1782 24.7174
v  -16.2697 -1.1715 24.7091
v  -16.2650 -1.1715 24.7091
v  -16.2697 -1.1625 24.7022
v  -16.2650 -1.1625 24.7022
v  -16.2697 -1.1532 24.6974
v  -16.2650 -1.1532 24.6974
v  -16.2697 -1.1437 24.6946
v  -16.2650 -1.1437 24.6946
v  -16.2697 -1.1343 24.6938
v  -16.2650 -1.1343 24.6938
v  -16.2697 -1.1250 24.6946
v  -16.2650 -1.1250 24.6946
v  -16.2697 -1.1154 24.6974
v  -16.2650 -1.1154 24.6974
v  -16.2697 -1.1062 24.7022
v  -16.2650 -1.1062 24.7022
v  -16.2697 -1.0980 24.7088
v  -16.2650 -1.0980 24.7088
v  -16.2697 -1.0913 24.7171
v  -16.2650 -1.0913 24.7171
v  -16.2697 -1.0886 24.7205
v  -16.2650 -1.0886 24.7205
v  -16.2697 -1.0841 24.7216
v  -16.2650 -1.0841 24.7216
v  -16.2697 -1.0796 24.7216
v  -16.2650 -1.0796 24.7216
v  -16.2697 -1.0748 24.7233
v  -16.2650 -1.0748 24.7233
v  -16.2697 -1.0722 24.7270
v  -16.2650 -1.0722 24.7270
v  -16.2697 -1.0706 24.7334
v  -16.2650 -1.0706 24.7334
v  -16.2697 -1.0696 24.7452
v  -16.2650 -1.0696 24.7452
v  -16.2697 -1.0706 24.7570
v  -16.2650 -1.0706 24.7570
v  -16.2697 -1.0722 24.7634
v  -16.2650 -1.0722 24.7634
v  -16.2697 -1.0750 24.7676
v  -16.2650 -1.0750 24.7676
v  -16.2697 -1.0796 24.7691
v  -16.2650 -1.0796 24.7691
v  -16.2697 -1.0841 24.7691
v  -16.2650 -1.0841 24.7691
v  -16.2697 -1.0885 24.7701
v  -16.2650 -1.0885 24.7701
v  -16.2697 -1.0913 24.7733
v  -16.2650 -1.0913 24.7733
v  -16.2697 -1.0984 24.7820
v  -16.2650 -1.0984 24.7820
v  -16.2697 -1.1009 24.7886
v  -16.2650 -1.1009 24.7886
v  -16.2697 -1.1010 24.8081
v  -16.2650 -1.1010 24.8081
v  -16.2697 -1.1004 24.8138
v  -16.2650 -1.1004 24.8138
v  -16.2697 -1.0988 24.8196
v  -16.2650 -1.0988 24.8196
v  -16.2697 -1.0958 24.8253
v  -16.2650 -1.0958 24.8253
v  -16.2697 -1.0918 24.8303
v  -16.2650 -1.0918 24.8303
v  -16.2697 -1.0867 24.8344
v  -16.2650 -1.0867 24.8344
v  -16.2697 -1.0811 24.8373
v  -16.2650 -1.0811 24.8373
v  -16.2697 -1.0753 24.8390
v  -16.2650 -1.0753 24.8390
v  -16.2697 -1.0696 24.8395
v  -16.2650 -1.0696 24.8395
v  -16.2697 -1.0638 24.8390
v  -16.2650 -1.0638 24.8390
v  -16.2697 -1.0580 24.8373
v  -16.2650 -1.0580 24.8373
v  -16.2697 -1.0524 24.8344
v  -16.2650 -1.0524 24.8344
v  -16.2697 -1.0472 24.8301
v  -16.2650 -1.0472 24.8301
v  -16.2697 -1.0325 24.8118
v  -16.2650 -1.0325 24.8118
v  -16.2697 -1.0212 24.7900
v  -16.2650 -1.0212 24.7900
v  -16.2697 -1.0147 24.7673
v  -16.2650 -1.0147 24.7673
v  -16.2697 -1.0126 24.7452
v  -16.2650 -1.0126 24.7452
v  -16.2697 -1.0147 24.7231
v  -16.2650 -1.0147 24.7231
v  -16.2697 -0.0060 25.2128
v  -16.2697 -0.0077 25.2181
v  -16.2697 -0.0386 25.1780
v  -16.2697 -0.0372 25.1708
v  -16.2697 -0.5720 24.6237
v  -16.2697 -0.5610 24.6517
v  -16.2697 -0.6156 24.6673
v  -16.2697 -0.6207 24.6378
v  -16.2697 -1.2427 24.7881
v  -16.2697 -1.2228 24.7770
v  -16.2697 -1.2157 24.7898
v  -16.2697 -1.2319 24.8088
v  -16.2697 -0.4048 25.1708
v  -16.2697 -0.4360 25.1708
v  -16.2697 -0.4367 24.9425
v  -16.2697 -0.4058 24.9766
v  -16.2697 -3.0902 25.7224
v  -16.2697 -3.1322 25.6912
v  -16.2697 -3.1250 25.6898
v  -16.2697 -3.0849 25.7206
v  -16.2697 -3.1179 25.6851
v  -16.2697 -3.1132 25.6780
v  -16.2697 -3.0810 25.7147
v  -16.2697 -3.1118 25.6708
v  -16.2697 -3.1118 25.6665
v  -16.2697 -3.0810 25.7079
v  -16.2697 -3.0810 25.6396
v  -16.2697 -3.0961 25.6409
v  -16.2697 -3.0849 25.6336
v  -16.2697 -3.0902 25.6319
v  -16.2697 -3.1042 25.6323
v  -16.2697 -3.1101 25.6362
v  -16.2697 -3.1118 25.6415
v  -16.2697 -3.0995 25.6465
v  -16.2697 -3.1118 25.6465
v  -16.2697 -3.5933 25.7220
v  -16.2697 -3.5494 25.6912
v  -16.2697 -3.5434 25.6912
v  -16.2697 -3.5861 25.7220
v  -16.2697 -3.5566 25.6898
v  -16.2697 -3.5993 25.7181
v  -16.2697 -3.5637 25.6851
v  -16.2697 -3.5684 25.6780
v  -16.2697 -3.6010 25.7128
v  -16.2697 -3.5698 25.6708
v  -16.2697 -3.6012 24.6179
v  -16.2697 -3.5698 24.6929
v  -16.2697 -3.5698 24.6998
v  -16.2697 -3.6012 24.6256
v  -16.2697 -3.5995 24.6126
v  -16.2697 -3.5684 24.6857
v  -16.2697 -3.5638 24.6786
v  -16.2697 -3.5938 24.6088
v  -16.2697 -3.5567 24.6739
v  -16.2697 -3.5495 24.6725
v  -16.2697 -3.5874 24.6100
v  -16.2697 -3.5729 24.6208
v  -16.2697 -3.5504 24.6325
v  -16.2697 -3.5269 24.6392
v  -16.2697 -3.5041 24.6413
v  -16.2697 -2.9412 24.7669
v  -16.2697 -2.8952 24.7666
v  -16.2697 -2.8904 24.7731
v  -16.2697 -2.8831 24.7754
v  -16.2697 -2.9351 24.7884
v  -16.2697 -2.8971 24.7586
v  -16.2697 -2.9432 24.7458
v  -16.2697 -2.8983 24.7458
v  -16.2697 -2.9412 24.7248
v  -16.2697 -2.8971 24.7325
v  -16.2697 -2.8768 24.7764
v  -16.2697 -2.9243 24.8091
v  -16.2697 -2.9106 24.8263
v  -16.2697 -2.9015 24.8323
v  -16.2697 -2.8686 24.7857
v  -16.2697 -2.8929 24.8339
v  -16.2697 -2.8668 24.7903
v  -16.2697 -2.8741 24.8261
v  -16.2697 -2.8669 24.8082
v  -16.2697 -2.8687 24.8180
v  -16.2697 -2.9349 24.7028
v  -16.2697 -2.8952 24.7246
v  -16.2697 -2.9330 24.6966
v  -16.2697 -2.8909 24.7182
v  -16.2697 -2.9337 24.6882
v  -16.2697 -2.9377 24.6807
v  -16.2697 -2.8831 24.7157
v  -16.2697 -2.8272 24.6408
v  -16.2697 -2.8275 24.6878
v  -16.2697 -2.8380 24.6888
v  -16.2697 -2.8487 24.6919
v  -16.2697 -2.8589 24.6972
v  -16.2697 -2.8170 24.6888
v  -16.2697 -2.8064 24.6919
v  -16.2697 -2.7961 24.6972
v  -16.2697 -2.8681 24.7046
v  -16.2697 -2.8769 24.7148
v  -16.2697 -2.9052 24.6408
v  -16.2697 -2.9448 24.6750
v  -16.2697 -2.9533 24.6731
v  -16.2697 -2.9641 24.6731
v  -16.2697 -2.9160 24.6408
v  -16.2697 -2.7615 24.6408
v  -16.2697 -2.7869 24.7046
v  -16.2697 -2.7781 24.7147
v  -16.2697 -2.7718 24.7157
v  -16.2697 -2.7651 24.7180
v  -16.2697 -2.7599 24.7243
v  -16.2697 -2.7202 24.7026
v  -16.2697 -2.7221 24.6942
v  -16.2697 -2.7206 24.6863
v  -16.2697 -2.7160 24.6786
v  -16.2697 -2.7089 24.6739
v  -16.2697 -2.7017 24.6724
v  -16.2697 -2.7138 24.7248
v  -16.2697 -2.7579 24.7325
v  -16.2697 -2.7119 24.7458
v  -16.2697 -2.7567 24.7458
v  -16.2697 -2.7138 24.7669
v  -16.2697 -2.7579 24.7586
v  -16.2697 -2.7200 24.7884
v  -16.2697 -2.7599 24.7668
v  -16.2697 -2.7651 24.7731
v  -16.2697 -2.7718 24.7754
v  -16.2697 -2.7307 24.8091
v  -16.2697 -2.7782 24.7764
v  -16.2697 -2.7445 24.8263
v  -16.2697 -2.7535 24.8323
v  -16.2697 -2.7621 24.8339
v  -16.2697 -2.7864 24.7857
v  -16.2697 -2.7810 24.8261
v  -16.2697 -2.7881 24.7903
v  -16.2697 -2.7863 24.8180
v  -16.2697 -2.7882 24.8082
v  -16.2697 -1.1381 24.6412
v  -16.2697 -1.1343 24.6878
v  -16.2697 -1.1448 24.6887
v  -16.2697 -1.1239 24.6887
v  -16.2697 -1.1555 24.6918
v  -16.2697 -1.1657 24.6971
v  -16.2697 -1.1758 24.7049
v  -16.2697 -1.2276 24.6415
v  -16.2697 -1.1132 24.6918
v  -16.2697 -1.1029 24.6971
v  -16.2697 -1.0937 24.7046
v  -16.2697 -1.2409 24.6888
v  -16.2697 -1.2449 24.6807
v  -16.2697 -1.2409 24.6974
v  -16.2697 -1.2524 24.6746
v  -16.2697 -1.2609 24.6728
v  -16.2697 -1.2689 24.6728
v  -16.2697 -1.2361 24.6415
v  -16.2697 -1.2426 24.7025
v  -16.2697 -1.2221 24.7130
v  -16.2697 -1.2268 24.7285
v  -16.2697 -1.2489 24.7245
v  -16.2697 -1.2284 24.7455
v  -16.2697 -1.2508 24.7455
v  -16.2697 -1.2268 24.7625
v  -16.2697 -1.2489 24.7665
v  -16.2697 -1.2037 24.8008
v  -16.2697 -1.2180 24.8262
v  -16.2697 -1.2138 24.8296
v  -16.2696 -1.1934 24.8063
v  -16.2697 -1.2092 24.8320
v  -16.2697 -1.2045 24.8334
v  -16.2697 -1.1867 24.8131
v  -16.2697 -1.1999 24.8338
v  -16.2697 -1.0786 24.7157
v  -16.2697 -1.0270 24.7019
v  -16.2697 -1.0710 24.7182
v  -16.2697 -1.0850 24.7147
v  -16.2697 -1.0290 24.6936
v  -16.2697 -1.0274 24.6855
v  -16.2697 -1.0228 24.6790
v  -16.2697 -1.0682 24.6412
v  -16.2697 -1.0158 24.6739
v  -16.2697 -1.0084 24.6725
v  -16.2697 -1.0666 24.7245
v  -16.2697 -1.0206 24.7242
v  -16.2697 -1.0647 24.7324
v  -16.2697 -1.0187 24.7452
v  -16.2697 -1.0636 24.7452
v  -16.2697 -1.0206 24.7662
v  -16.2697 -1.0647 24.7580
v  -16.2697 -1.0667 24.7660
v  -16.2697 -1.0268 24.7878
v  -16.2697 -1.0713 24.7723
v  -16.2697 -1.0787 24.7747
v  -16.2697 -1.0375 24.8085
v  -16.2697 -1.0850 24.7757
v  -16.2697 -1.0932 24.7850
v  -16.2697 -1.0949 24.7896
v  -16.2697 -1.0515 24.8259
v  -16.2697 -1.0740 24.8191
v  -16.2697 -1.0950 24.8078
v  -16.2697 -1.0945 24.8127
v  -16.2697 -1.0932 24.8174
v  -16.2697 -1.0908 24.8220
v  -16.2697 -1.0875 24.8260
v  -16.2697 -1.0834 24.8293
v  -16.2697 -1.0789 24.8317
v  -16.2697 -1.0742 24.8331
v  -16.2697 -1.0696 24.8335
v  -16.2697 -1.0650 24.8331
v  -16.2697 -1.0602 24.8317
v  -16.2697 -1.0557 24.8293
v  -16.2697 -1.1953 24.8334
v  -16.2697 -1.1906 24.8320
v  -16.2697 -1.1860 24.8296
v  -16.2697 -1.1820 24.8263
v  -16.2697 -1.1787 24.8223
v  -16.2697 -1.1763 24.8177
v  -16.2697 -1.1749 24.8130
v  -16.2697 -1.1745 24.8081
v  -16.2697 -1.1745 24.7893
v  -16.2697 -1.1762 24.7855
v  -16.2697 -1.2028 24.7663
v  -16.2697 -1.1981 24.7727
v  -16.2697 -1.2158 24.7057
v  -16.2697 -1.1845 24.7150
v  -16.2697 -1.1908 24.7160
v  -16.2697 -1.1982 24.7184
v  -16.2697 -1.2028 24.7247
v  -16.2697 -1.2047 24.7327
v  -16.2697 -1.2059 24.7455
v  -16.2697 -1.2047 24.7583
v  -16.2697 -1.1908 24.7750
v  -16.2697 -1.1845 24.7761
v  -16.2697 -0.6681 24.6411
v  -16.2697 -0.6687 24.6723
v  -16.2697 -0.6833 24.6723
v  -16.2697 -0.6854 24.6411
v  -16.2697 -0.5251 24.5994
v  -16.2697 -0.5087 24.6244
v  -16.2697 -0.4832 24.5654
v  -16.2697 -0.4717 24.5959
v  -16.2697 -0.4779 24.6007
v  -16.2697 -0.4903 24.5712
v  -16.2697 -0.4659 24.5924
v  -16.2697 -0.4582 24.5909
v  -16.2697 -0.4495 24.5222
v  -16.2697 -0.4504 24.5924
v  -16.2697 -0.4044 24.5258
v  -16.2697 -0.4433 24.5970
v  -16.2697 -0.4058 24.5331
v  -16.2697 -0.4386 24.6041
v  -16.2697 -0.4373 24.6114
v  -16.2697 -0.4224 24.5222
v  -16.2697 -0.4000 24.5191
v  -16.2697 -0.3970 24.5165
v  -16.2697 -0.3944 24.5112
v  -16.2697 -0.3944 24.4921
v  -16.2697 -0.3982 24.4862
v  -16.2697 -0.4035 24.4844
v  -16.2697 -0.4246 24.4848
v  -16.2697 -0.4307 24.4887
v  -16.2697 -0.2935 24.9511
v  -16.2697 -0.2948 24.9357
v  -16.2697 -0.2876 24.9472
v  -16.2697 -0.2859 24.9419
v  -16.2697 -0.2862 24.9279
v  -16.2697 -0.2860 24.9349
v  -16.2697 -0.2901 24.9220
v  -16.2697 -0.2954 24.9203
v  -16.2697 -0.3001 24.9202
v  -16.2697 -0.3855 24.9516
v  -16.2697 -0.3855 24.9201
v  -16.2697 -0.3813 24.9201
v  -16.2697 -0.3812 24.9515
v  -16.2697 -0.3927 24.9529
v  -16.2697 -0.3927 24.9187
v  -16.2697 -0.3998 24.9576
v  -16.2697 -0.3998 24.9141
v  -16.2697 -0.4045 24.9647
v  -16.2697 -0.4045 24.9070
v  -16.2697 -0.4059 24.8997
v  -16.2697 -0.4059 24.9719
v  -16.2697 -0.4058 24.8938
v  -16.2697 -0.4034 25.1780
v  -16.2697 -0.4374 25.1780
v  -16.2697 -0.3987 25.1851
v  -16.2697 -0.4420 25.1851
v  -16.2697 -0.3916 25.1898
v  -16.2697 -0.4491 25.1898
v  -16.2697 -0.3844 25.1912
v  -16.2697 -0.4189 25.2224
v  -16.2697 -0.4564 25.1912
v  -16.2697 -0.4245 25.2224
v  -16.2697 -0.4665 25.1912
v  -16.2697 -0.5261 25.1912
v  -16.2697 -0.5267 25.2069
v  -16.2697 -0.5314 25.1929
v  -16.2697 -0.5353 25.1988
v  -16.2697 -0.5353 25.2147
v  -16.2697 -0.5314 25.2206
v  -16.2697 -0.5261 25.2224
v  -16.2697 -0.0060 24.9730
v  -16.2697 -0.0210 24.9724
v  -16.2697 -0.0077 24.9677
v  -16.2697 -0.0137 24.9638
v  -16.2697 -0.0296 24.9638
v  -16.2697 -0.0355 24.9677
v  -16.2697 -0.0372 24.9730
v  -16.2697 -0.0215 24.9778
v  -16.2697 -0.0372 24.9784
v  -16.2697 -0.0060 25.2079
v  -16.2697 -0.0433 25.1851
v  -16.2697 -0.0137 25.2220
v  -16.2697 -0.0504 25.1898
v  -16.2697 -0.0576 25.1912
v  -16.2697 -0.0199 25.2220
v  -16.2697 -0.0626 25.1912
v  -16.2697 -0.5203 25.2078
v  -16.2697 -0.5213 25.2224
v  -16.2697 -0.9917 24.6725
v  -16.2697 -0.4373 24.6179
v  -16.2697 -0.4107 25.2224
v  -16.2697 -3.1378 25.6912
v  -16.2697 -3.5698 25.6644
v  -16.2697 -3.5437 24.6725
v  -16.2697 -2.6952 24.6724
v  -16.2697 -3.0963 25.7283
v  -16.2650 -3.0963 25.7283
v  -16.2697 -3.5428 25.6852
v  -16.2650 -3.5428 25.6852
v  -16.2697 -3.0969 25.7224
v  -16.2697 -3.0747 25.6475
v  -16.2650 -3.0747 25.6475
v  -16.2697 -3.0810 25.6464
v  -16.2697 -3.1178 25.6660
v  -16.2650 -3.1178 25.6660
v  -16.2697 -3.6073 25.7062
v  -16.2650 -3.6073 25.7062
v  -16.2697 -3.5638 24.7004
v  -16.2650 -3.5638 24.7004
v  -16.2697 -3.6010 25.7057
v  -16.2697 -3.4980 24.6353
v  -16.2650 -3.4980 24.6353
v  -16.2697 -2.9647 24.6791
v  -16.2650 -2.9647 24.6791
v  -16.2697 -3.4983 24.6413
v  -16.2697 -2.7546 24.6349
v  -16.2650 -2.7546 24.6349
v  -16.2697 -1.2695 24.6788
v  -16.2650 -1.2695 24.6788
v  -16.2697 -2.7546 24.6408
v  -16.2697 -0.6830 24.6783
v  -16.2650 -0.6830 24.6783
v  -16.2697 -1.0484 24.6352
v  -16.2650 -1.0484 24.6352
v  -16.2697 -1.0484 24.6412
v  -16.2697 -0.3998 24.5409
v  -16.2650 -0.3998 24.5409
v  -16.2697 -0.4058 24.5403
v  -16.2697 -0.3004 24.9575
v  -16.2650 -0.3004 24.9575
v  -16.2697 -0.2992 24.9511
v  -16.2697 -0.3807 24.9141
v  -16.2650 -0.3807 24.9141
v  -16.2697 -0.5222 25.1852
v  -16.2650 -0.5222 25.1852
v  -16.2697 -0.5216 25.1912
v  -16.2697 -0.3773 25.1852
v  -16.2650 -0.3773 25.1852
v  -16.2697 -0.3778 25.1912
v  -16.2697 -0.0432 25.1659
v  -16.2650 -0.0432 25.1659
v  -16.2697 -0.0372 25.1664
v  -16.2697 -0.0000 24.9791
v  -16.2650 -0.0000 24.9791
v  -16.2697 -0.0060 24.9796
v  -16.2697 -0.0060 0.7715
v  -16.2697 -0.0372 0.8135
v  -16.2697 -0.0386 0.8063
v  -16.2697 -0.0077 0.7662
v  -16.2697 -0.5719 1.3606
v  -16.2697 -0.6207 1.3465
v  -16.2697 -0.6155 1.3170
v  -16.2697 -0.5609 1.3326
v  -16.2697 -1.2426 1.1962
v  -16.2697 -1.2319 1.1755
v  -16.2697 -1.2157 1.1945
v  -16.2697 -1.2227 1.2073
v  -16.2697 -0.4047 0.8135
v  -16.2697 -0.4058 1.0077
v  -16.2697 -0.4366 1.0418
v  -16.2697 -0.4360 0.8135
v  -16.2697 -3.0900 0.2618
v  -16.2697 -3.0847 0.2635
v  -16.2697 -3.1248 0.2944
v  -16.2697 -3.1320 0.2930
v  -16.2697 -3.1177 0.2991
v  -16.2697 -3.0808 0.2695
v  -16.2697 -3.1130 0.3062
v  -16.2697 -3.1117 0.3134
v  -16.2697 -3.0808 0.2762
v  -16.2697 -3.1117 0.3176
v  -16.2697 -3.0808 0.3446
v  -16.2697 -3.0847 0.3505
v  -16.2697 -3.0960 0.3433
v  -16.2697 -3.0900 0.3522
v  -16.2697 -3.1040 0.3519
v  -16.2697 -3.1099 0.3480
v  -16.2697 -3.1117 0.3427
v  -16.2697 -3.1117 0.3382
v  -16.2697 -3.0992 0.3380
v  -16.2697 -3.5932 0.2622
v  -16.2697 -3.5859 0.2622
v  -16.2697 -3.5432 0.2930
v  -16.2697 -3.5492 0.2930
v  -16.2697 -3.5565 0.2944
v  -16.2697 -3.5991 0.2660
v  -16.2697 -3.5636 0.2991
v  -16.2697 -3.5682 0.3062
v  -16.2697 -3.6008 0.2713
v  -16.2697 -3.5696 0.3134
v  -16.2697 -3.6012 1.3664
v  -16.2697 -3.6012 1.3587
v  -16.2697 -3.5698 1.2845
v  -16.2697 -3.5698 1.2914
v  -16.2697 -3.5994 1.3717
v  -16.2697 -3.5684 1.2986
v  -16.2697 -3.5637 1.3057
v  -16.2697 -3.5938 1.3755
v  -16.2697 -3.5566 1.3104
v  -16.2697 -3.5494 1.3118
v  -16.2697 -3.5873 1.3743
v  -16.2697 -3.5729 1.3635
v  -16.2697 -3.5503 1.3518
v  -16.2697 -3.5268 1.3451
v  -16.2697 -3.5041 1.3430
v  -16.2697 -2.9412 1.2174
v  -16.2697 -2.8904 1.2112
v  -16.2697 -2.8951 1.2177
v  -16.2697 -2.9350 1.1959
v  -16.2697 -2.8831 1.2089
v  -16.2697 -2.8971 1.2257
v  -16.2697 -2.9431 1.2385
v  -16.2697 -2.8982 1.2385
v  -16.2697 -2.9412 1.2595
v  -16.2697 -2.8971 1.2518
v  -16.2697 -2.9243 1.1752
v  -16.2697 -2.8768 1.2079
v  -16.2697 -2.9105 1.1580
v  -16.2697 -2.9015 1.1520
v  -16.2697 -2.8929 1.1504
v  -16.2697 -2.8686 1.1986
v  -16.2697 -2.8740 1.1582
v  -16.2697 -2.8668 1.1940
v  -16.2697 -2.8687 1.1663
v  -16.2697 -2.8668 1.1761
v  -16.2697 -2.9349 1.2815
v  -16.2697 -2.8952 1.2597
v  -16.2697 -2.9330 1.2877
v  -16.2697 -2.8908 1.2661
v  -16.2697 -2.9337 1.2961
v  -16.2697 -2.9376 1.3036
v  -16.2697 -2.8831 1.2686
v  -16.2697 -2.8271 1.3435
v  -16.2697 -2.8379 1.2955
v  -16.2697 -2.8275 1.2965
v  -16.2697 -2.8486 1.2924
v  -16.2697 -2.8589 1.2871
v  -16.2697 -2.8170 1.2955
v  -16.2697 -2.8063 1.2924
v  -16.2697 -2.7960 1.2871
v  -16.2697 -2.8681 1.2797
v  -16.2697 -2.9052 1.3435
v  -16.2697 -2.8768 1.2696
v  -16.2697 -2.9447 1.3093
v  -16.2697 -2.9533 1.3112
v  -16.2697 -2.9160 1.3435
v  -16.2697 -2.9640 1.3112
v  -16.2697 -2.7614 1.3435
v  -16.2697 -2.7869 1.2797
v  -16.2697 -2.7781 1.2697
v  -16.2697 -2.7718 1.2686
v  -16.2697 -2.7650 1.2663
v  -16.2697 -2.7599 1.2600
v  -16.2697 -2.7201 1.2817
v  -16.2697 -2.7221 1.2901
v  -16.2697 -2.7206 1.2980
v  -16.2697 -2.7160 1.3057
v  -16.2697 -2.7089 1.3104
v  -16.2697 -2.7016 1.3119
v  -16.2697 -2.7579 1.2518
v  -16.2697 -2.7137 1.2595
v  -16.2697 -2.7567 1.2385
v  -16.2697 -2.7118 1.2385
v  -16.2697 -2.7579 1.2257
v  -16.2697 -2.7137 1.2174
v  -16.2697 -2.7599 1.2175
v  -16.2697 -2.7199 1.1959
v  -16.2697 -2.7650 1.2112
v  -16.2697 -2.7718 1.2089
v  -16.2697 -2.7781 1.2079
v  -16.2697 -2.7307 1.1752
v  -16.2697 -2.7444 1.1580
v  -16.2697 -2.7535 1.1520
v  -16.2697 -2.7864 1.1986
v  -16.2697 -2.7621 1.1504
v  -16.2697 -2.7881 1.1940
v  -16.2697 -2.7809 1.1582
v  -16.2697 -2.7881 1.1761
v  -16.2697 -2.7863 1.1663
v  -16.2697 -1.1381 1.3431
v  -16.2697 -1.1447 1.2956
v  -16.2697 -1.1343 1.2965
v  -16.2697 -1.1238 1.2956
v  -16.2697 -1.1554 1.2925
v  -16.2697 -1.1657 1.2872
v  -16.2697 -1.1757 1.2794
v  -16.2697 -1.2276 1.3428
v  -16.2697 -1.1131 1.2925
v  -16.2697 -1.1028 1.2872
v  -16.2697 -1.0937 1.2797
v  -16.2697 -1.2449 1.3036
v  -16.2697 -1.2408 1.2955
v  -16.2697 -1.2409 1.2869
v  -16.2697 -1.2524 1.3097
v  -16.2697 -1.2609 1.3115
v  -16.2697 -1.2361 1.3428
v  -16.2697 -1.2688 1.3115
v  -16.2697 -1.2425 1.2818
v  -16.2697 -1.2488 1.2598
v  -16.2697 -1.2268 1.2558
v  -16.2697 -1.2220 1.2713
v  -16.2697 -1.2508 1.2388
v  -16.2697 -1.2283 1.2388
v  -16.2697 -1.2488 1.2178
v  -16.2697 -1.2268 1.2218
v  -16.2697 -1.2179 1.1581
v  -16.2697 -1.2036 1.1835
v  -16.2697 -1.2137 1.1547
v  -16.2697 -1.2092 1.1523
v  -16.2697 -1.1933 1.1780
v  -16.2697 -1.2045 1.1509
v  -16.2697 -1.1999 1.1505
v  -16.2697 -1.1867 1.1712
v  -16.2697 -1.0786 1.2686
v  -16.2697 -1.0710 1.2661
v  -16.2697 -1.0269 1.2824
v  -16.2697 -1.0849 1.2696
v  -16.2697 -1.0289 1.2907
v  -16.2697 -1.0274 1.2988
v  -16.2697 -1.0227 1.3053
v  -16.2697 -1.0681 1.3431
v  -16.2697 -1.0158 1.3104
v  -16.2697 -1.0084 1.3118
v  -16.2697 -1.0666 1.2598
v  -16.2697 -1.0647 1.2519
v  -16.2697 -1.0205 1.2601
v  -16.2697 -1.0635 1.2391
v  -16.2697 -1.0186 1.2391
v  -16.2697 -1.0647 1.2263
v  -16.2697 -1.0205 1.2181
v  -16.2697 -1.0666 1.2183
v  -16.2697 -1.0713 1.2120
v  -16.2697 -1.0267 1.1965
v  -16.2697 -1.0786 1.2096
v  -16.2697 -1.0849 1.2086
v  -16.2697 -1.0375 1.1758
v  -16.2697 -1.0931 1.1993
v  -16.2697 -1.0948 1.1947
v  -16.2697 -1.0739 1.1652
v  -16.2697 -1.0514 1.1584
v  -16.2697 -1.0949 1.1765
v  -16.2697 -1.0945 1.1716
v  -16.2697 -1.0931 1.1669
v  -16.2697 -1.0908 1.1623
v  -16.2697 -1.0875 1.1583
v  -16.2697 -1.0834 1.1550
v  -16.2697 -1.0788 1.1526
v  -16.2697 -1.0741 1.1512
v  -16.2697 -1.0695 1.1508
v  -16.2697 -1.0649 1.1512
v  -16.2697 -1.0602 1.1526
v  -16.2697 -1.0556 1.1550
v  -16.2697 -1.1953 1.1509
v  -16.2697 -1.1905 1.1523
v  -16.2697 -1.1860 1.1547
v  -16.2697 -1.1819 1.1580
v  -16.2697 -1.1786 1.1620
v  -16.2697 -1.1762 1.1666
v  -16.2697 -1.1749 1.1713
v  -16.2697 -1.1744 1.1762
v  -16.2697 -1.1744 1.1950
v  -16.2697 -1.1761 1.1988
v  -16.2697 -1.1981 1.2116
v  -16.2697 -1.2028 1.2180
v  -16.2697 -1.2157 1.2786
v  -16.2697 -1.1907 1.2683
v  -16.2697 -1.1844 1.2693
v  -16.2697 -1.1982 1.2659
v  -16.2697 -1.2028 1.2596
v  -16.2697 -1.2047 1.2516
v  -16.2697 -1.2059 1.2388
v  -16.2697 -1.2047 1.2260
v  -16.2697 -1.1907 1.2093
v  -16.2697 -1.1844 1.2083
v  -16.2697 -0.6681 1.3432
v  -16.2697 -0.6853 1.3432
v  -16.2697 -0.6833 1.3120
v  -16.2697 -0.6686 1.3120
v  -16.2697 -0.5250 1.3849
v  -16.2697 -0.5086 1.3599
v  -16.2697 -0.4832 1.4189
v  -16.2697 -0.4902 1.4131
v  -16.2697 -0.4779 1.3836
v  -16.2697 -0.4716 1.3884
v  -16.2697 -0.4659 1.3919
v  -16.2697 -0.4582 1.3934
v  -16.2697 -0.4495 1.4621
v  -16.2697 -0.4504 1.3919
v  -16.2697 -0.4044 1.4585
v  -16.2697 -0.4433 1.3873
v  -16.2697 -0.4057 1.4512
v  -16.2697 -0.4386 1.3802
v  -16.2697 -0.4372 1.3729
v  -16.2697 -0.3999 1.4652
v  -16.2697 -0.4223 1.4621
v  -16.2697 -0.3969 1.4678
v  -16.2697 -0.3943 1.4731
v  -16.2697 -0.3943 1.4922
v  -16.2697 -0.3982 1.4982
v  -16.2697 -0.4035 1.4999
v  -16.2697 -0.4246 1.4995
v  -16.2697 -0.4307 1.4956
v  -16.2697 -0.2935 1.0332
v  -16.2697 -0.2875 1.0371
v  -16.2697 -0.2948 1.0486
v  -16.2697 -0.2858 1.0424
v  -16.2697 -0.2862 1.0564
v  -16.2697 -0.2900 1.0623
v  -16.2697 -0.2953 1.0640
v  -16.2697 -0.3000 1.0641
v  -16.2697 -0.3854 1.0327
v  -16.2697 -0.2991 1.0332
v  -16.2697 -0.3854 1.0642
v  -16.2697 -0.3927 1.0314
v  -16.2697 -0.3927 1.0656
v  -16.2697 -0.3998 1.0267
v  -16.2697 -0.3998 1.0702
v  -16.2697 -0.4044 1.0196
v  -16.2697 -0.4044 1.0773
v  -16.2697 -0.4058 1.0846
v  -16.2697 -0.4058 1.0124
v  -16.2697 -0.4058 1.0905
v  -16.2697 -0.4034 0.8063
v  -16.2697 -0.4373 0.8063
v  -16.2697 -0.3987 0.7992
v  -16.2697 -0.4420 0.7992
v  -16.2697 -0.3916 0.7945
v  -16.2697 -0.4491 0.7945
v  -16.2697 -0.3844 0.7932
v  -16.2697 -0.4180 0.7619
v  -16.2697 -0.4563 0.7932
v  -16.2697 -0.4665 0.7932
v  -16.2697 -0.5261 0.7932
v  -16.2697 -0.5314 0.7914
v  -16.2697 -0.5266 0.7774
v  -16.2697 -0.5352 0.7855
v  -16.2697 -0.5352 0.7696
v  -16.2697 -0.5314 0.7637
v  -16.2697 -0.5261 0.7619
v  -16.2697 -0.0060 1.0113
v  -16.2697 -0.0077 1.0166
v  -16.2697 -0.0210 1.0119
v  -16.2697 -0.0136 1.0205
v  -16.2697 -0.0295 1.0205
v  -16.2697 -0.0355 1.0166
v  -16.2697 -0.0372 1.0113
v  -16.2697 -0.0060 0.7764
v  -16.2697 -0.0372 0.8179
v  -16.2697 -0.0432 0.7992
v  -16.2697 -0.0503 0.7945
v  -16.2697 -0.0136 0.7623
v  -16.2697 -0.0576 0.7932
v  -16.2697 -0.0625 0.7932
v  -16.2697 -0.0198 0.7623
v  -16.2697 -0.5213 0.7619
v  -16.2650 -1.0228 1.2909
v  -16.2650 -1.0211 1.2839
v  -16.2650 -1.0217 1.2964
v  -16.2650 -1.0184 1.3011
v  -16.2650 -1.0146 1.2612
v  -16.2650 -1.0133 1.3048
v  -16.2650 -1.0126 1.2391
v  -16.2650 -1.0146 1.2170
v  -16.2650 -1.0695 1.2391
v  -16.2650 -1.0706 1.2509
v  -16.2650 -1.0706 1.2273
v  -16.2650 -1.1999 1.2388
v  -16.2650 -1.1988 1.2270
v  -16.2650 -1.1988 1.2506
v  -16.2650 -1.2568 1.2388
v  -16.2650 -1.2547 1.2609
v  -16.2650 -1.2547 1.2167
v  -16.2650 -1.2468 1.2878
v  -16.2650 -1.2468 1.2941
v  -16.2650 -2.7160 1.2902
v  -16.2650 -2.7143 1.2833
v  -16.2650 -2.7149 1.2957
v  -16.2650 -2.7116 1.3013
v  -16.2650 -2.7078 1.2606
v  -16.2650 -2.7066 1.3048
v  -16.2650 -2.7058 1.2385
v  -16.2650 -2.7078 1.2163
v  -16.2650 -2.7627 1.2385
v  -16.2650 -2.7638 1.2508
v  -16.2650 -2.7638 1.2267
v  -16.2650 -2.8925 1.2385
v  -16.2650 -2.8911 1.2267
v  -16.2650 -2.8911 1.2508
v  -16.2650 -2.9491 1.2385
v  -16.2650 -2.9471 1.2606
v  -16.2650 -2.9471 1.2163
v  -16.2650 -2.9390 1.2884
v  -16.2650 -2.9395 1.2944
v  -16.2650 -2.9406 1.2833
v  -16.2650 -2.9424 1.2997
v  -16.2650 -2.9474 1.3038
v  -16.2650 -2.8896 1.2202
v  -16.2650 -2.8899 1.2573
v  -16.2650 -2.8867 1.2163
v  -16.2650 -2.8872 1.2610
v  -16.2650 -2.8822 1.2149
v  -16.2650 -2.8822 1.2626
v  -16.2650 -2.8777 1.2149
v  -16.2650 -2.8777 1.2626
v  -16.2650 -2.8734 1.2136
v  -16.2650 -2.8736 1.2637
v  -16.2650 -2.8705 1.2103
v  -16.2650 -2.8705 1.2672
v  -16.2650 -2.8638 1.2754
v  -16.2650 -2.8633 1.2016
v  -16.2650 -2.8556 1.2821
v  -16.2650 -2.8608 1.1951
v  -16.2650 -2.8608 1.1756
v  -16.2650 -2.7653 1.2573
v  -16.2650 -2.7653 1.2202
v  -16.2650 -2.7685 1.2613
v  -16.2650 -2.7685 1.2163
v  -16.2650 -2.7728 1.2626
v  -16.2650 -2.7728 1.2149
v  -16.2650 -2.7772 1.2626
v  -16.2650 -2.7772 1.2149
v  -16.2650 -2.7816 1.2639
v  -16.2650 -2.7815 1.2136
v  -16.2650 -2.7844 1.2672
v  -16.2650 -2.7844 1.2103
v  -16.2650 -2.7911 1.2754
v  -16.2650 -2.7916 1.2016
v  -16.2650 -2.7993 1.2821
v  -16.2650 -2.7941 1.1951
v  -16.2650 -2.7941 1.1756
v  -16.2650 -1.2482 1.2836
v  -16.2650 -1.2496 1.2998
v  -16.2650 -1.2550 1.3041
v  -16.2650 -1.1972 1.2206
v  -16.2650 -1.1972 1.2570
v  -16.2650 -1.1944 1.2167
v  -16.2650 -1.1945 1.2608
v  -16.2650 -1.1898 1.2623
v  -16.2650 -1.1898 1.2152
v  -16.2650 -1.1854 1.2152
v  -16.2650 -1.1854 1.2623
v  -16.2650 -1.1808 1.2138
v  -16.2650 -1.1809 1.2636
v  -16.2650 -1.1781 1.2669
v  -16.2650 -1.1781 1.2107
v  -16.2650 -1.1715 1.2752
v  -16.2650 -1.1710 1.2020
v  -16.2650 -1.1624 1.2821
v  -16.2650 -1.1685 1.1962
v  -16.2650 -1.1685 1.1759
v  -16.2650 -1.0722 1.2573
v  -16.2650 -1.0722 1.2209
v  -16.2650 -1.0748 1.2610
v  -16.2650 -1.0750 1.2167
v  -16.2650 -1.0796 1.2627
v  -16.2650 -1.0796 1.2152
v  -16.2650 -1.0840 1.2627
v  -16.2650 -1.0840 1.2152
v  -16.2650 -1.0885 1.2638
v  -16.2650 -1.0884 1.2142
v  -16.2650 -1.0912 1.2672
v  -16.2650 -1.0912 1.2110
v  -16.2650 -1.0979 1.2755
v  -16.2650 -1.0984 1.2023
v  -16.2650 -1.1061 1.2821
v  -16.2650 -1.1008 1.1957
v  -16.2650 -1.1009 1.1762
v  -16.2650 -3.5638 1.2908
v  -16.2650 -3.5638 1.2839
v  -16.2650 -3.5629 1.2965
v  -16.2650 -3.5636 0.3140
v  -16.2650 -3.5626 0.3084
v  -16.2650 -3.5592 0.3034
v  -16.2650 -3.5596 1.3016
v  -16.2650 -3.5542 0.3000
v  -16.2650 -3.5545 1.3049
v  -16.2650 -3.5487 0.2990
v  -16.2650 -3.5490 1.3060
v  -16.2650 -3.5426 0.2990
v  -16.2650 -2.9539 1.3052
v  -16.2650 -2.9647 1.3052
v  -16.2650 -3.1326 0.2990
v  -16.2650 -3.1271 0.3000
v  -16.2650 -3.1220 0.3034
v  -16.2650 -3.1187 0.3084
v  -16.2650 -3.1176 0.3140
v  -16.2650 -3.1176 0.3182
v  -16.2650 -3.1176 0.3433
v  -16.2650 -3.1166 0.3488
v  -16.2650 -3.1133 0.3538
v  -16.2650 -3.1082 0.3572
v  -16.2650 -3.1027 0.3582
v  -16.2650 -3.0894 0.3582
v  -16.2650 -3.0839 0.3572
v  -16.2650 -3.0789 0.3538
v  -16.2650 -3.0755 0.3488
v  -16.2650 -3.0745 0.3433
v  -16.2650 -3.0745 0.3367
v  -16.2650 -3.6071 0.2708
v  -16.2650 -3.6071 0.2779
v  -16.2650 -3.6060 0.2652
v  -16.2650 -3.6071 1.3670
v  -16.2650 -3.6061 1.3725
v  -16.2650 -3.6028 1.3775
v  -16.2650 -3.6027 0.2602
v  -16.2650 -3.5977 1.3809
v  -16.2650 -3.5976 0.2568
v  -16.2650 -3.5922 1.3819
v  -16.2650 -3.5918 0.2558
v  -16.2650 -3.0894 0.2558
v  -16.2650 -3.0962 0.2558
v  -16.2650 -3.5867 1.3809
v  -16.2650 -3.5824 1.3783
v  -16.2650 -3.5697 1.3686
v  -16.2650 -3.5481 1.3574
v  -16.2650 -3.5257 1.3510
v  -16.2650 -3.5038 1.3490
v  -16.2650 -1.0681 1.3491
v  -16.2650 -1.0484 1.3491
v  -16.2650 -3.0839 0.2569
v  -16.2650 -3.0789 0.2602
v  -16.2650 -3.0755 0.2653
v  -16.2650 -3.0745 0.2708
v  -16.2650 -2.9406 1.1937
v  -16.2650 -2.9293 1.1719
v  -16.2650 -2.9146 1.1535
v  -16.2650 -2.9038 1.1464
v  -16.2650 -2.8922 1.1442
v  -16.2650 -2.8700 1.1534
v  -16.2650 -2.8630 1.1640
v  -16.2650 -2.8464 1.2869
v  -16.2650 -2.8368 1.2896
v  -16.2650 -2.8275 1.2905
v  -16.2650 -2.8181 1.2896
v  -16.2650 -2.8085 1.2869
v  -16.2650 -2.7919 1.1640
v  -16.2650 -2.7849 1.1534
v  -16.2650 -2.7627 1.1442
v  -16.2650 -2.7512 1.1464
v  -16.2650 -2.7403 1.1535
v  -16.2650 -2.7256 1.1719
v  -16.2650 -2.7143 1.1937
v  -16.2650 -2.7011 1.3059
v  -16.2650 -1.2615 1.3055
v  -16.2650 -1.2695 1.3055
v  -16.2650 -1.2482 1.1940
v  -16.2650 -1.2369 1.1722
v  -16.2650 -1.2222 1.1539
v  -16.2650 -1.2170 1.1496
v  -16.2650 -1.2114 1.1467
v  -16.2650 -1.2056 1.1450
v  -16.2650 -1.1999 1.1445
v  -16.2650 -1.1941 1.1450
v  -16.2650 -1.1883 1.1467
v  -16.2650 -1.1827 1.1496
v  -16.2650 -1.1777 1.1537
v  -16.2650 -1.1736 1.1587
v  -16.2650 -1.1707 1.1644
v  -16.2650 -1.1690 1.1702
v  -16.2650 -1.1532 1.2869
v  -16.2650 -1.1436 1.2897
v  -16.2650 -1.1343 1.2905
v  -16.2650 -1.1249 1.2897
v  -16.2650 -1.1153 1.2869
v  -16.2650 -1.1004 1.1705
v  -16.2650 -1.0987 1.1647
v  -16.2650 -1.0958 1.1590
v  -16.2650 -1.0917 1.1540
v  -16.2650 -1.0867 1.1499
v  -16.2650 -1.0811 1.1470
v  -16.2650 -1.0752 1.1453
v  -16.2650 -1.0695 1.1448
v  -16.2650 -1.0638 1.1453
v  -16.2650 -1.0580 1.1470
v  -16.2650 -1.0523 1.1499
v  -16.2650 -1.0472 1.1542
v  -16.2650 -1.0324 1.1725
v  -16.2650 -1.0211 1.1943
v  -16.2650 -1.0078 1.3058
v  -16.2650 -0.6684 1.3060
v  -16.2650 -0.6830 1.3060
v  -16.2650 -0.6684 1.3492
v  -16.2650 -0.6218 1.3525
v  -16.2650 -0.6144 1.3111
v  -16.2650 -0.5742 1.3661
v  -16.2650 -0.5587 1.3271
v  -16.2650 -0.5283 1.3899
v  -16.2650 -0.5054 1.3548
v  -16.2650 -0.4943 1.4175
v  -16.2650 -0.4682 1.3834
v  -16.2650 -0.4745 1.3786
v  -16.2650 -0.4874 1.4231
v  -16.2650 -0.4545 1.4655
v  -16.2650 -0.4637 1.3863
v  -16.2650 -0.4582 1.3873
v  -16.2650 -0.4527 1.3863
v  -16.2650 -0.4368 1.4972
v  -16.2650 -0.4476 1.3829
v  -16.2650 -0.4443 1.3779
v  -16.2650 -0.4432 1.3724
v  -16.2650 -0.4432 1.0418
v  -16.2650 -0.4432 1.3658
v  -16.2650 -0.3880 1.4909
v  -16.2650 -0.3880 1.4745
v  -16.2650 -0.3890 1.4964
v  -16.2650 -0.3890 1.4689
v  -16.2650 -0.3924 1.4639
v  -16.2650 -0.3924 1.5015
v  -16.2650 -0.3954 1.4612
v  -16.2650 -0.3974 1.5048
v  -16.2650 -0.3987 1.4562
v  -16.2650 -0.4029 1.5059
v  -16.2650 -0.3998 1.4507
v  -16.2650 -0.3998 1.4434
v  -16.2650 -0.2798 1.0551
v  -16.2650 -0.2798 1.0418
v  -16.2650 -0.2809 1.0606
v  -16.2650 -0.2809 1.0363
v  -16.2650 -0.2842 1.0312
v  -16.2650 -0.2842 1.0656
v  -16.2650 -0.2893 1.0279
v  -16.2650 -0.2893 1.0690
v  -16.2650 -0.2948 1.0269
v  -16.2650 -0.2948 1.0700
v  -16.2650 -0.3003 1.0268
v  -16.2650 -0.3849 1.0702
v  -16.2650 -0.2995 1.0700
v  -16.2650 -0.3849 1.0268
v  -16.2650 -0.3904 1.0257
v  -16.2650 -0.3904 1.0712
v  -16.2650 -0.3954 1.0224
v  -16.2650 -0.3954 1.0745
v  -16.2650 -0.3988 1.0173
v  -16.2650 -0.3988 1.0796
v  -16.2650 -0.3998 1.0118
v  -16.2650 -0.3998 1.0851
v  -16.2650 -0.3998 1.0072
v  -16.2650 -0.3988 0.8141
v  -16.2650 -0.3977 0.8086
v  -16.2650 -0.0432 0.8141
v  -16.2650 -0.0432 0.8184
v  -16.2650 -0.0442 0.8086
v  -16.2650 -0.0000 1.0119
v  -16.2650 -0.0000 1.0067
v  -16.2650 -0.0011 1.0174
v  -16.2650 -0.0000 0.7709
v  -16.2650 -0.0011 0.7654
v  -16.2650 -0.0044 0.7603
v  -16.2650 -0.0044 1.0224
v  -16.2650 -0.0095 0.7570
v  -16.2650 -0.0095 1.0258
v  -16.2650 -0.0150 0.7560
v  -16.2650 -0.0150 1.0268
v  -16.2650 -0.4188 0.7560
v  -16.2650 -0.5218 0.7560
v  -16.2650 -0.0282 1.0268
v  -16.2650 -0.0337 1.0258
v  -16.2650 -0.0388 1.0224
v  -16.2650 -0.0421 1.0174
v  -16.2650 -0.0432 1.0119
v  -16.2650 -0.0476 0.8035
v  -16.2650 -0.0526 0.8002
v  -16.2650 -0.0581 0.7991
v  -16.2650 -0.3838 0.7991
v  -16.2650 -0.3772 0.7991
v  -16.2650 -0.3893 0.8002
v  -16.2650 -0.3944 0.8035
v  -16.2650 -0.4233 1.5059
v  -16.2650 -0.4288 1.5048
v  -16.2650 -0.4338 1.5015
v  -16.2650 -0.4441 0.8087
v  -16.2650 -0.4431 0.8142
v  -16.2650 -0.4474 0.8036
v  -16.2650 -0.4525 0.8003
v  -16.2650 -0.4580 0.7992
v  -16.2650 -0.5266 0.7991
v  -16.2650 -0.5222 0.7991
v  -16.2650 -0.5266 0.7560
v  -16.2650 -0.5321 0.7570
v  -16.2650 -0.5321 0.7981
v  -16.2650 -0.5372 0.7603
v  -16.2650 -0.5372 0.7948
v  -16.2650 -0.5405 0.7654
v  -16.2650 -0.5405 0.7897
v  -16.2650 -0.5416 0.7709
v  -16.2650 -0.5416 0.7842
v  -16.2650 -2.9052 1.3494
v  -16.2650 -2.8271 1.3494
v  -16.2650 -3.4980 1.3490
v  -16.2650 -2.7614 1.3494
v  -16.2650 -2.7545 1.3494
v  -16.2650 -1.2276 1.3488
v  -16.2650 -1.1381 1.3491
v  -16.2650 -0.0211 0.7560
v  -16.2697 -1.0228 1.2909
v  -16.2697 -1.0211 1.2839
v  -16.2697 -1.0146 1.2612
v  -16.2697 -1.0126 1.2391
v  -16.2697 -1.0146 1.2170
v  -16.2697 -1.0211 1.1943
v  -16.2697 -1.0324 1.1725
v  -16.2697 -1.0472 1.1542
v  -16.2697 -1.0523 1.1499
v  -16.2697 -1.0580 1.1470
v  -16.2697 -1.0638 1.1453
v  -16.2697 -1.0695 1.1448
v  -16.2697 -1.0752 1.1453
v  -16.2697 -1.0811 1.1470
v  -16.2697 -1.0867 1.1499
v  -16.2697 -1.0917 1.1540
v  -16.2697 -1.0958 1.1590
v  -16.2697 -1.0987 1.1647
v  -16.2697 -1.1004 1.1705
v  -16.2697 -1.1009 1.1762
v  -16.2697 -1.1008 1.1957
v  -16.2697 -1.0984 1.2023
v  -16.2697 -1.0912 1.2110
v  -16.2697 -1.0884 1.2142
v  -16.2697 -1.0840 1.2152
v  -16.2697 -1.0796 1.2152
v  -16.2697 -1.0750 1.2167
v  -16.2697 -1.0722 1.2209
v  -16.2697 -1.0706 1.2273
v  -16.2697 -1.0695 1.2391
v  -16.2697 -1.0706 1.2509
v  -16.2697 -1.0722 1.2573
v  -16.2697 -1.0748 1.2610
v  -16.2697 -1.0796 1.2627
v  -16.2697 -1.0840 1.2627
v  -16.2697 -1.0885 1.2638
v  -16.2697 -1.0912 1.2672
v  -16.2697 -1.0979 1.2755
v  -16.2697 -1.1061 1.2821
v  -16.2697 -1.1153 1.2869
v  -16.2697 -1.1249 1.2897
v  -16.2697 -1.1343 1.2905
v  -16.2697 -1.1436 1.2897
v  -16.2697 -1.1532 1.2869
v  -16.2697 -1.1624 1.2821
v  -16.2697 -1.1715 1.2752
v  -16.2697 -1.1781 1.2669
v  -16.2697 -1.1809 1.2636
v  -16.2697 -1.1854 1.2623
v  -16.2697 -1.1898 1.2623
v  -16.2697 -1.1945 1.2608
v  -16.2697 -1.1972 1.2570
v  -16.2697 -1.1988 1.2506
v  -16.2697 -1.1999 1.2388
v  -16.2697 -1.1988 1.2270
v  -16.2697 -1.1972 1.2206
v  -16.2697 -1.1944 1.2167
v  -16.2697 -1.1898 1.2152
v  -16.2697 -1.1854 1.2152
v  -16.2697 -1.1808 1.2138
v  -16.2697 -1.1781 1.2107
v  -16.2697 -1.1710 1.2020
v  -16.2697 -1.1685 1.1962
v  -16.2697 -1.1685 1.1759
v  -16.2697 -1.1690 1.1702
v  -16.2697 -1.1707 1.1644
v  -16.2697 -1.1736 1.1587
v  -16.2697 -1.1777 1.1537
v  -16.2697 -1.1827 1.1496
v  -16.2697 -1.1883 1.1467
v  -16.2697 -1.1941 1.1450
v  -16.2697 -1.1999 1.1445
v  -16.2697 -1.2056 1.1450
v  -16.2697 -1.2114 1.1467
v  -16.2697 -1.2170 1.1496
v  -16.2697 -1.2222 1.1539
v  -16.2697 -1.2369 1.1722
v  -16.2697 -1.2482 1.1940
v  -16.2697 -1.2547 1.2167
v  -16.2697 -1.2568 1.2388
v  -16.2697 -1.2547 1.2609
v  -16.2697 -1.2482 1.2836
v  -16.2697 -1.2468 1.2878
v  -16.2697 -1.2468 1.2941
v  -16.2697 -1.2496 1.2998
v  -16.2697 -1.2550 1.3041
v  -16.2697 -1.2615 1.3055
v  -16.2697 -1.2695 1.3055
v  -16.2697 -2.7011 1.3059
v  -16.2697 -2.7066 1.3048
v  -16.2697 -2.7116 1.3013
v  -16.2697 -2.7149 1.2957
v  -16.2697 -2.7160 1.2902
v  -16.2697 -2.7143 1.2833
v  -16.2697 -2.7078 1.2606
v  -16.2697 -2.7058 1.2385
v  -16.2697 -2.7078 1.2163
v  -16.2697 -2.7143 1.1937
v  -16.2697 -2.7256 1.1719
v  -16.2697 -2.7403 1.1535
v  -16.2697 -2.7512 1.1464
v  -16.2697 -2.7627 1.1442
v  -16.2697 -2.7849 1.1534
v  -16.2697 -2.7919 1.1640
v  -16.2697 -2.7941 1.1756
v  -16.2697 -2.7941 1.1951
v  -16.2697 -2.7916 1.2016
v  -16.2697 -2.7844 1.2103
v  -16.2697 -2.7815 1.2136
v  -16.2697 -2.7772 1.2149
v  -16.2697 -2.7728 1.2149
v  -16.2697 -2.7685 1.2163
v  -16.2697 -2.7653 1.2202
v  -16.2697 -2.7638 1.2267
v  -16.2697 -2.7627 1.2385
v  -16.2697 -2.7638 1.2508
v  -16.2697 -2.7653 1.2573
v  -16.2697 -2.7685 1.2613
v  -16.2697 -2.7728 1.2626
v  -16.2697 -2.7772 1.2626
v  -16.2697 -2.7816 1.2639
v  -16.2697 -2.7844 1.2672
v  -16.2697 -2.7911 1.2754
v  -16.2697 -2.7993 1.2821
v  -16.2697 -2.8085 1.2869
v  -16.2697 -2.8181 1.2896
v  -16.2697 -2.8275 1.2905
v  -16.2697 -2.8368 1.2896
v  -16.2697 -2.8464 1.2869
v  -16.2697 -2.8556 1.2821
v  -16.2697 -2.8638 1.2754
v  -16.2697 -2.8705 1.2672
v  -16.2697 -2.8736 1.2637
v  -16.2697 -2.8777 1.2626
v  -16.2697 -2.8822 1.2626
v  -16.2697 -2.8872 1.2610
v  -16.2697 -2.8899 1.2573
v  -16.2697 -2.8911 1.2508
v  -16.2697 -2.8925 1.2385
v  -16.2697 -2.8911 1.2267
v  -16.2697 -2.8896 1.2202
v  -16.2697 -2.8867 1.2163
v  -16.2697 -2.8822 1.2149
v  -16.2697 -2.8777 1.2149
v  -16.2697 -2.8734 1.2136
v  -16.2697 -2.8705 1.2103
v  -16.2697 -2.8633 1.2016
v  -16.2697 -2.8608 1.1951
v  -16.2697 -2.8608 1.1756
v  -16.2697 -2.8630 1.1640
v  -16.2697 -2.8700 1.1534
v  -16.2697 -2.8922 1.1442
v  -16.2697 -2.9038 1.1464
v  -16.2697 -2.9146 1.1535
v  -16.2697 -2.9293 1.1719
v  -16.2697 -2.9406 1.1937
v  -16.2697 -2.9471 1.2163
v  -16.2697 -2.9491 1.2385
v  -16.2697 -2.9471 1.2606
v  -16.2697 -2.9406 1.2833
v  -16.2697 -2.9390 1.2884
v  -16.2697 -2.9395 1.2944
v  -16.2697 -2.9424 1.2997
v  -16.2697 -2.9474 1.3038
v  -16.2697 -2.9539 1.3052
v  -16.2697 -2.9647 1.3052
v  -16.2697 -3.5490 1.3060
v  -16.2697 -3.5545 1.3049
v  -16.2697 -3.5596 1.3016
v  -16.2697 -3.5629 1.2965
v  -16.2697 -3.5638 1.2908
v  -16.2697 -3.5638 1.2839
v  -16.2697 -3.5636 0.3140
v  -16.2697 -3.5626 0.3084
v  -16.2697 -3.5592 0.3034
v  -16.2697 -3.5542 0.3000
v  -16.2697 -3.5487 0.2990
v  -16.2697 -3.5426 0.2990
v  -16.2697 -3.1326 0.2990
v  -16.2697 -3.1271 0.3000
v  -16.2697 -3.1220 0.3034
v  -16.2697 -3.1187 0.3084
v  -16.2697 -3.1176 0.3140
v  -16.2697 -3.1176 0.3182
v  -16.2697 -3.1176 0.3433
v  -16.2697 -3.1166 0.3488
v  -16.2697 -3.1133 0.3538
v  -16.2697 -3.1082 0.3572
v  -16.2697 -3.1027 0.3582
v  -16.2697 -3.0894 0.3582
v  -16.2697 -3.0839 0.3572
v  -16.2697 -3.0789 0.3538
v  -16.2697 -3.0755 0.3488
v  -16.2697 -3.0745 0.3433
v  -16.2697 -3.0745 0.3367
v  -16.2697 -3.0745 0.2708
v  -16.2697 -3.0755 0.2653
v  -16.2697 -3.0789 0.2602
v  -16.2697 -3.0839 0.2569
v  -16.2697 -3.0894 0.2558
v  -16.2697 -3.0962 0.2558
v  -16.2697 -3.5918 0.2558
v  -16.2697 -3.5976 0.2568
v  -16.2697 -3.6027 0.2602
v  -16.2697 -3.6060 0.2652
v  -16.2697 -3.6071 0.2708
v  -16.2697 -3.6071 0.2779
v  -16.2697 -3.6071 1.3670
v  -16.2697 -3.6061 1.3725
v  -16.2697 -3.6028 1.3775
v  -16.2697 -3.5977 1.3809
v  -16.2697 -3.5922 1.3819
v  -16.2697 -3.5867 1.3809
v  -16.2697 -3.5824 1.3783
v  -16.2697 -3.5697 1.3686
v  -16.2697 -3.5481 1.3574
v  -16.2697 -3.5257 1.3510
v  -16.2697 -3.5038 1.3490
v  -16.2697 -3.4980 1.3490
v  -16.2697 -2.9052 1.3494
v  -16.2697 -2.8271 1.3494
v  -16.2697 -2.7614 1.3494
v  -16.2697 -2.7545 1.3494
v  -16.2697 -1.2276 1.3488
v  -16.2697 -1.1381 1.3491
v  -16.2697 -1.0681 1.3491
v  -16.2697 -1.0484 1.3491
v  -16.2697 -0.6684 1.3492
v  -16.2697 -0.6218 1.3525
v  -16.2697 -0.5742 1.3661
v  -16.2697 -0.5283 1.3899
v  -16.2697 -0.4943 1.4175
v  -16.2697 -0.4874 1.4231
v  -16.2697 -0.4545 1.4655
v  -16.2697 -0.4368 1.4972
v  -16.2697 -0.4338 1.5015
v  -16.2697 -0.4288 1.5048
v  -16.2697 -0.4233 1.5059
v  -16.2697 -0.4029 1.5059
v  -16.2697 -0.3974 1.5048
v  -16.2697 -0.3924 1.5015
v  -16.2697 -0.3890 1.4964
v  -16.2697 -0.3880 1.4909
v  -16.2697 -0.3880 1.4745
v  -16.2697 -0.3890 1.4689
v  -16.2697 -0.3924 1.4639
v  -16.2697 -0.3954 1.4612
v  -16.2697 -0.3987 1.4562
v  -16.2697 -0.3998 1.4507
v  -16.2697 -0.3998 1.4434
v  -16.2697 -0.3998 1.0851
v  -16.2697 -0.3988 1.0796
v  -16.2697 -0.3954 1.0745
v  -16.2697 -0.3904 1.0712
v  -16.2697 -0.3849 1.0702
v  -16.2697 -0.2995 1.0700
v  -16.2697 -0.2948 1.0700
v  -16.2697 -0.2893 1.0690
v  -16.2697 -0.2842 1.0656
v  -16.2697 -0.2809 1.0606
v  -16.2697 -0.2798 1.0551
v  -16.2697 -0.2798 1.0418
v  -16.2697 -0.2809 1.0363
v  -16.2697 -0.2842 1.0312
v  -16.2697 -0.2893 1.0279
v  -16.2697 -0.2948 1.0269
v  -16.2697 -0.3003 1.0268
v  -16.2697 -0.3849 1.0268
v  -16.2697 -0.3904 1.0257
v  -16.2697 -0.3954 1.0224
v  -16.2697 -0.3988 1.0173
v  -16.2697 -0.3998 1.0118
v  -16.2697 -0.3998 1.0072
v  -16.2697 -0.3988 0.8141
v  -16.2697 -0.3977 0.8086
v  -16.2697 -0.3944 0.8035
v  -16.2697 -0.3893 0.8002
v  -16.2697 -0.3838 0.7991
v  -16.2697 -0.3772 0.7991
v  -16.2697 -0.0581 0.7991
v  -16.2697 -0.0526 0.8002
v  -16.2697 -0.0476 0.8035
v  -16.2697 -0.0442 0.8086
v  -16.2697 -0.0432 0.8141
v  -16.2697 -0.0432 0.8184
v  -16.2697 -0.0432 1.0119
v  -16.2697 -0.0421 1.0174
v  -16.2697 -0.0388 1.0224
v  -16.2697 -0.0337 1.0258
v  -16.2697 -0.0282 1.0268
v  -16.2697 -0.0150 1.0268
v  -16.2697 -0.0095 1.0258
v  -16.2697 -0.0044 1.0224
v  -16.2697 -0.0011 1.0174
v  -16.2697 -0.0000 1.0119
v  -16.2697 -0.0000 1.0067
v  -16.2697 -0.0000 0.7709
v  -16.2697 -0.0011 0.7654
v  -16.2697 -0.0044 0.7603
v  -16.2697 -0.0095 0.7570
v  -16.2697 -0.0150 0.7560
v  -16.2697 -0.0211 0.7560
v  -16.2697 -0.4180 0.7560
v  -16.2697 -0.5218 0.7560
v  -16.2697 -0.5266 0.7560
v  -16.2697 -0.5321 0.7570
v  -16.2697 -0.5372 0.7603
v  -16.2697 -0.5405 0.7654
v  -16.2697 -0.5416 0.7709
v  -16.2697 -0.5416 0.7842
v  -16.2697 -0.5405 0.7897
v  -16.2697 -0.5372 0.7948
v  -16.2697 -0.5321 0.7981
v  -16.2697 -0.5266 0.7991
v  -16.2697 -0.5222 0.7991
v  -16.2697 -0.4580 0.7992
v  -16.2697 -0.4525 0.8003
v  -16.2697 -0.4474 0.8036
v  -16.2697 -0.4441 0.8087
v  -16.2697 -0.4431 0.8142
v  -16.2697 -0.4432 1.0418
v  -16.2697 -0.4432 1.3658
v  -16.2697 -0.4432 1.3724
v  -16.2697 -0.4443 1.3779
v  -16.2697 -0.4476 1.3829
v  -16.2697 -0.4527 1.3863
v  -16.2697 -0.4582 1.3873
v  -16.2697 -0.4637 1.3863
v  -16.2697 -0.4682 1.3834
v  -16.2697 -0.4745 1.3786
v  -16.2697 -0.5054 1.3548
v  -16.2697 -0.5587 1.3271
v  -16.2697 -0.6144 1.3111
v  -16.2697 -0.6684 1.3060
v  -16.2697 -0.6830 1.3060
v  -16.2697 -1.0078 1.3058
v  -16.2697 -1.0133 1.3048
v  -16.2697 -1.0184 1.3011
v  -16.2697 -1.0217 1.2964
v  -16.2697 -0.9911 1.3058
v  -16.2697 -0.9916 1.3118
v  -16.2697 -0.4372 1.3664
v  -16.2697 -0.4680 0.7992
v  -16.2697 -0.0000 0.7758
v  -16.2697 -0.0432 1.0076
v  -16.2697 -0.0372 1.0071
v  -16.2697 -0.0631 0.7991
v  -16.2697 -0.3998 1.0911
v  -16.2697 -0.6856 1.3492
v  -16.2697 -1.2361 1.3488
v  -16.2697 -2.9160 1.3494
v  -16.2697 -3.6071 1.3592
v  -16.2697 -3.5846 0.2558
v  -16.2697 -3.0745 0.2773
v  -16.2697 -3.1176 0.3382
v  -16.2697 -3.1382 0.2990
v  -16.2697 -3.1376 0.2930
v  -16.2697 -3.5636 0.3203
v  -16.2697 -3.5696 0.3198
v  -16.2697 -3.5432 1.3059
v  -16.2697 -3.5436 1.3118
v  -16.2697 -2.6946 1.3059
v  -16.2697 -2.6952 1.3119
v  -16.2697 -3.0967 0.2618
v  -16.2650 -3.1382 0.2990
v  -16.2650 -3.5846 0.2558
v  -16.2697 -3.0808 0.3378
v  -16.2650 -3.0745 0.2773
v  -16.2650 -3.1176 0.3382
v  -16.2697 -3.6008 0.2785
v  -16.2650 -3.5636 0.3203
v  -16.2650 -3.6071 1.3592
v  -16.2697 -3.4983 1.3430
v  -16.2650 -3.5432 1.3059
v  -16.2650 -2.9160 1.3494
v  -16.2697 -2.7545 1.3435
v  -16.2650 -2.6946 1.3059
v  -16.2650 -1.2361 1.3488
v  -16.2697 -1.0484 1.3432
v  -16.2650 -0.6856 1.3492
v  -16.2650 -0.9911 1.3058
v  -16.2697 -0.4057 1.4440
v  -16.2650 -0.3998 1.0911
v  -16.2697 -0.5216 0.7932
v  -16.2650 -0.4680 0.7992
v  -16.2697 -0.3778 0.7932
v  -16.2650 -0.0631 0.7991
v  -16.2697 -0.0060 1.0062
v  -16.2697 -0.0213 1.0076
v  -16.2650 -0.0432 1.0076
v  -16.2650 -0.0000 0.7758
v  -17.3819 -0.2578 2.1359
v  -17.3819 -0.2578 2.8847
v  -17.3819 -0.9211 2.8847
v  -17.3819 -0.9211 2.1359
v  -17.3806 -0.2578 2.8971
v  -17.3806 -0.9211 2.8971
v  -17.3786 -0.2578 2.9037
v  -17.3790 -0.9271 2.9039
v  -17.3819 -2.3384 2.8847
v  -17.3819 -2.3384 2.1359
v  -17.3790 -2.3324 2.9039
v  -17.3806 -2.3384 2.8971
v  -17.3819 -3.0017 2.8847
v  -17.3819 -3.0017 2.1359
v  -17.3786 -3.0017 2.9037
v  -17.3806 -3.0017 2.8971
v  -17.3759 -0.2578 2.1299
v  -17.3759 -0.9211 2.1299
v  -17.3564 -0.9211 2.1299
v  -17.3564 -0.2578 2.1299
v  -17.3759 -2.3384 2.1299
v  -17.3564 -2.3384 2.1299
v  -17.3759 -3.0017 2.1299
v  -17.3564 -3.0017 2.1299
v  -17.3504 -0.2578 2.1359
v  -17.3504 -0.9211 2.1359
v  -17.3504 -0.9211 2.8847
v  -17.3504 -0.2578 2.8847
v  -17.3504 -2.3384 2.1359
v  -17.3504 -2.3384 2.8847
v  -17.3504 -3.0017 2.1359
v  -17.3504 -3.0017 2.8847
v  -17.3479 -0.9211 2.8973
v  -17.3484 -0.2582 2.8951
v  -17.3479 -2.3384 2.8973
v  -17.3479 -3.0017 2.8973
v  -17.3420 -0.9211 2.9047
v  -17.3449 -0.2604 2.9025
v  -17.3420 -2.3384 2.9047
v  -17.3420 -3.0017 2.9047
v  -17.3539 -0.2516 2.8958
v  -17.3507 -0.2518 2.9039
v  -17.3724 -0.2518 2.9035
v  -17.3747 -0.2518 2.8959
v  -17.3564 -0.2518 2.8853
v  -17.3759 -0.2518 2.8844
v  -17.3564 -0.2518 2.1359
v  -17.3759 -0.2518 2.1359
v  -17.3564 -3.0077 2.8853
v  -17.3564 -3.0077 2.1359
v  -17.3759 -3.0077 2.1359
v  -17.3759 -3.0077 2.8844
v  -17.3537 -3.0074 2.8971
v  -17.3741 -3.0074 2.8969
v  -17.3495 -3.0077 2.9048
v  -17.3724 -3.0077 2.9035
v  -17.3443 -2.3384 2.9095
v  -17.3443 -3.0017 2.9095
v  -17.3708 -3.0017 2.9095
v  -17.3708 -2.3384 2.9095
v  -17.3443 -0.2578 2.9095
v  -17.3443 -0.9211 2.9095
v  -17.3708 -0.9211 2.9095
v  -17.3708 -0.2578 2.9095
v  -17.3334 -0.9271 2.9129
v  -17.3334 -2.3324 2.9129
v  -16.3603 -2.3324 3.5992
v  -16.3603 -0.9271 3.5992
v  -16.3554 -0.9271 3.6026
v  -16.3554 -2.3324 3.6026
v  -16.3362 -2.3324 3.6256
v  -16.3362 -0.9271 3.6255
v  -16.3287 -0.9271 3.6600
v  -16.3287 -2.3324 3.6601
v  -16.3287 -2.3324 4.3241
v  -16.3287 -0.9271 4.3241
v  -16.3287 -0.9271 4.3301
v  -16.3287 -2.3324 4.3301
v  -16.3346 -2.3324 4.3572
v  -16.3346 -0.9271 4.3572
v  -17.3689 -0.9271 2.9231
v  -17.3689 -2.3324 2.9231
v  -17.3596 -0.9271 2.9320
v  -17.3596 -2.3324 2.9320
v  -17.3503 -2.3324 2.9396
v  -17.3503 -0.9271 2.9396
v  -16.3785 -0.9271 3.6249
v  -16.3785 -2.3324 3.6249
v  -16.3736 -2.3324 3.6284
v  -16.3736 -0.9271 3.6284
v  -16.3634 -0.9271 3.6398
v  -16.3634 -2.3324 3.6400
v  -16.3602 -2.3324 3.6601
v  -16.3602 -0.9271 3.6600
v  -16.3602 -0.9271 4.3241
v  -16.3602 -2.3324 4.3241
v  -16.3602 -2.3324 4.3301
v  -16.3602 -0.9271 4.3301
v  -16.3638 -0.9271 4.3443
v  -16.3638 -2.3324 4.3443
v  -16.3554 -2.3324 4.3816
v  -16.3554 -0.9271 4.3816
v  -16.3736 -0.9271 4.3559
v  -16.3736 -2.3324 4.3559
v  -16.3287 -2.3324 3.6541
v  -16.3287 -0.9271 3.6540
v  -16.3602 -0.9271 3.6540
v  -16.3602 -2.3324 3.6541
v  -17.3819 -0.2578 5.8483
v  -17.3819 -0.9211 5.8483
v  -17.3819 -0.9211 5.0996
v  -17.3819 -0.2578 5.0996
v  -17.3806 -0.9211 5.0872
v  -17.3813 -0.2586 5.0897
v  -17.3790 -0.9271 5.0804
v  -17.3789 -0.2578 5.0805
v  -17.3819 -2.3384 5.8483
v  -17.3819 -2.3384 5.0996
v  -17.3806 -2.3384 5.0872
v  -17.3790 -2.3324 5.0804
v  -17.3819 -3.0017 5.8483
v  -17.3819 -3.0017 5.0996
v  -17.3811 -3.0013 5.0894
v  -17.3788 -3.0006 5.0807
v  -17.3759 -0.2578 5.8543
v  -17.3564 -0.2578 5.8543
v  -17.3564 -0.9211 5.8543
v  -17.3759 -0.9211 5.8543
v  -17.3564 -2.3384 5.8543
v  -17.3759 -2.3384 5.8543
v  -17.3564 -3.0017 5.8543
v  -17.3759 -3.0017 5.8543
v  -17.3504 -0.2578 5.8483
v  -17.3504 -0.2578 5.0996
v  -17.3504 -0.9211 5.0996
v  -17.3504 -0.9211 5.8483
v  -17.3504 -2.3384 5.0996
v  -17.3504 -2.3384 5.8483
v  -17.3504 -3.0017 5.0996
v  -17.3504 -3.0017 5.8483
v  -17.3487 -0.2589 5.0892
v  -17.3479 -0.9211 5.0870
v  -17.3479 -2.3384 5.0870
v  -17.3491 -3.0016 5.0905
v  -17.3420 -0.2578 5.0795
v  -17.3420 -0.9211 5.0795
v  -17.3420 -2.3384 5.0795
v  -17.3457 -3.0011 5.0832
v  -17.3545 -0.2513 5.0907
v  -17.3753 -0.2518 5.0912
v  -17.3724 -0.2518 5.0808
v  -17.3507 -0.2518 5.0808
v  -17.3564 -0.2518 5.0990
v  -17.3759 -0.2518 5.0999
v  -17.3564 -0.2518 5.8483
v  -17.3759 -0.2518 5.8483
v  -17.3564 -3.0077 5.0990
v  -17.3759 -3.0077 5.0999
v  -17.3759 -3.0077 5.8483
v  -17.3564 -3.0077 5.8483
v  -17.3554 -3.0077 5.0904
v  -17.3748 -3.0077 5.0899
v  -17.3507 -3.0077 5.0815
v  -17.3724 -3.0077 5.0808
v  -17.3443 -2.3384 5.0748
v  -17.3708 -2.3384 5.0748
v  -17.3708 -3.0017 5.0748
v  -17.3443 -3.0017 5.0748
v  -17.3443 -0.2578 5.0748
v  -17.3708 -0.2578 5.0748
v  -17.3708 -0.9211 5.0748
v  -17.3443 -0.9211 5.0748
v  -17.3334 -0.9271 5.0713
v  -16.3603 -0.9271 4.3851
v  -16.3603 -2.3324 4.3851
v  -17.3334 -2.3324 5.0713
v  -17.3689 -2.3324 5.0611
v  -17.3689 -0.9271 5.0611
v  -17.3552 -2.3324 5.0481
v  -17.3552 -0.9271 5.0481
v  -16.3785 -2.3324 4.3593
v  -16.3785 -0.9271 4.3593
v  -16.3744 -0.9211 3.6203
v  -17.3471 -0.9211 2.9345
v  -17.3366 -0.9211 2.9180
v  -16.3644 -0.9211 3.6035
v  -16.3417 -0.9211 3.6283
v  -16.3579 -0.9211 3.6370
v  -16.3696 -0.9211 3.6239
v  -16.3595 -0.9211 3.6071
v  -16.3347 -0.9211 3.6547
v  -16.3542 -0.9211 3.6533
v  -16.3541 -0.9211 4.3248
v  -16.3541 -0.9211 3.6593
v  -16.3346 -0.9211 3.6608
v  -16.3346 -0.9211 4.3235
v  -16.3402 -0.9211 4.3545
v  -16.3583 -0.9211 4.3471
v  -16.3542 -0.9211 4.3309
v  -16.3347 -0.9211 4.3295
v  -16.3595 -0.9211 4.3771
v  -16.3695 -0.9211 4.3603
v  -17.3514 -0.9211 5.0528
v  -16.3743 -0.9211 4.3639
v  -16.3644 -0.9211 4.3807
v  -17.3641 -0.9211 5.0649
v  -16.3743 -2.3384 4.3639
v  -17.3514 -2.3384 5.0528
v  -16.3644 -2.3384 4.3807
v  -17.3641 -2.3384 5.0649
v  -16.3583 -2.3384 4.3471
v  -16.3402 -2.3384 4.3545
v  -16.3347 -2.3384 4.3295
v  -16.3542 -2.3384 4.3309
v  -16.3695 -2.3384 4.3603
v  -16.3595 -2.3384 4.3771
v  -16.3541 -2.3384 3.6595
v  -16.3541 -2.3384 4.3248
v  -16.3346 -2.3384 4.3235
v  -16.3346 -2.3384 3.6609
v  -16.3417 -2.3384 3.6284
v  -16.3579 -2.3384 3.6372
v  -16.3542 -2.3384 3.6535
v  -16.3347 -2.3384 3.6549
v  -16.3595 -2.3384 3.6071
v  -16.3696 -2.3384 3.6239
v  -17.3471 -2.3384 2.9345
v  -16.3744 -2.3384 3.6203
v  -16.3644 -2.3384 3.6035
v  -17.3366 -2.3384 2.9180
v  -17.3641 -2.3384 2.9194
v  -17.3564 -2.3384 2.9268
v  -17.3641 -0.9211 2.9194
v  -17.3564 -0.9211 2.9268
v  -17.3819 -0.2578 2.1299
v  -17.3819 -0.2518 2.1299
v  -17.3819 -0.2518 2.1359
v  -17.3786 -0.2518 2.9037
v  -17.3768 -0.2518 2.9095
v  -17.3768 -0.2578 2.9095
v  -17.3819 -3.0077 2.1359
v  -17.3819 -3.0077 2.1299
v  -17.3819 -3.0017 2.1299
v  -17.3768 -3.0017 2.9095
v  -17.3768 -3.0077 2.9095
v  -17.3786 -3.0077 2.9037
v  -17.3759 -0.2518 2.1299
v  -17.3504 -0.2578 2.1299
v  -17.3504 -0.2518 2.1299
v  -17.3564 -0.2518 2.1299
v  -17.3759 -3.0077 2.1299
v  -17.3564 -3.0077 2.1299
v  -17.3504 -3.0077 2.1299
v  -17.3504 -3.0017 2.1299
v  -17.3504 -0.2518 2.1359
v  -17.3504 -3.0077 2.1359
v  -17.3383 -0.2578 2.9095
v  -17.3383 -0.2518 2.9095
v  -17.3449 -0.2518 2.9029
v  -17.3420 -3.0077 2.9047
v  -17.3383 -3.0077 2.9095
v  -17.3383 -3.0017 2.9095
v  -17.3443 -0.2518 2.9095
v  -17.3708 -0.2518 2.9095
v  -17.3443 -3.0077 2.9095
v  -17.3708 -3.0077 2.9095
v  -17.3334 -0.9211 2.9129
v  -17.3383 -0.9211 2.9095
v  -17.3383 -0.9271 2.9095
v  -17.3383 -2.3324 2.9095
v  -17.3383 -2.3384 2.9095
v  -17.3334 -2.3384 2.9129
v  -17.3596 -0.9211 2.9320
v  -17.3552 -0.9211 2.9361
v  -17.3552 -0.9271 2.9361
v  -17.3552 -2.3324 2.9361
v  -17.3552 -2.3384 2.9361
v  -17.3596 -2.3384 2.9320
v  -17.3503 -2.3384 2.9396
v  -17.3503 -0.9211 2.9396
v  -17.3819 -0.2518 5.8483
v  -17.3819 -0.2518 5.8543
v  -17.3819 -0.2578 5.8543
v  -17.3768 -0.2578 5.0748
v  -17.3768 -0.2518 5.0748
v  -17.3786 -0.2518 5.0805
v  -17.3819 -3.0017 5.8543
v  -17.3819 -3.0077 5.8543
v  -17.3819 -3.0077 5.8483
v  -17.3788 -3.0072 5.0805
v  -17.3768 -3.0077 5.0748
v  -17.3768 -3.0017 5.0748
v  -17.3759 -0.2518 5.8543
v  -17.3564 -0.2518 5.8543
v  -17.3504 -0.2518 5.8543
v  -17.3504 -0.2578 5.8543
v  -17.3504 -3.0017 5.8543
v  -17.3504 -3.0077 5.8543
v  -17.3564 -3.0077 5.8543
v  -17.3759 -3.0077 5.8543
v  -17.3504 -0.2518 5.8483
v  -17.3504 -3.0077 5.8483
v  -17.3443 -0.2518 5.0808
v  -17.3383 -0.2518 5.0748
v  -17.3383 -0.2578 5.0748
v  -17.3383 -3.0017 5.0748
v  -17.3383 -3.0077 5.0748
v  -17.3450 -3.0077 5.0820
v  -17.3708 -0.2518 5.0748
v  -17.3443 -0.2518 5.0748
v  -17.3443 -3.0077 5.0748
v  -17.3708 -3.0077 5.0748
v  -17.3383 -0.9271 5.0748
v  -17.3383 -0.9211 5.0748
v  -17.3334 -0.9211 5.0713
v  -17.3334 -2.3384 5.0713
v  -17.3383 -2.3384 5.0748
v  -17.3383 -2.3324 5.0748
v  -17.3520 -0.9211 2.9311
v  -17.3415 -0.9211 2.9145
v  -17.3520 -2.3384 2.9311
v  -17.3415 -2.3384 2.9145
v  -17.3819 -0.2518 2.8847
v  -17.3819 -0.9211 2.1299
v  -17.3806 -0.2518 2.8971
v  -17.3768 -0.9211 2.9095
v  -17.3819 -2.3384 2.1299
v  -17.3819 -3.0077 2.8847
v  -17.3768 -2.3384 2.9095
v  -17.3806 -3.0077 2.8971
v  -17.3504 -0.9211 2.1299
v  -17.3504 -2.3384 2.1299
v  -17.3504 -0.2518 2.8847
v  -17.3504 -3.0077 2.8847
v  -17.3484 -0.2516 2.8952
v  -17.3479 -3.0077 2.8973
v  -16.3603 -2.3384 3.5992
v  -16.3603 -0.9211 3.5992
v  -16.3554 -2.3384 3.6026
v  -16.3362 -2.3384 3.6256
v  -16.3362 -0.9211 3.6255
v  -16.3554 -0.9211 3.6026
v  -16.3287 -2.3384 3.6601
v  -16.3287 -2.3384 4.3241
v  -16.3287 -0.9211 4.3241
v  -16.3287 -0.9211 3.6600
v  -16.3287 -2.3384 4.3301
v  -16.3346 -2.3384 4.3572
v  -16.3346 -0.9211 4.3572
v  -16.3287 -0.9211 4.3301
v  -17.3689 -0.9211 2.9231
v  -17.3689 -2.3384 2.9231
v  -16.3785 -0.9211 3.6249
v  -16.3785 -2.3384 3.6249
v  -16.3736 -0.9211 3.6284
v  -16.3634 -0.9211 3.6398
v  -16.3634 -2.3384 3.6400
v  -16.3736 -2.3384 3.6284
v  -16.3602 -0.9211 3.6600
v  -16.3602 -0.9211 4.3241
v  -16.3602 -2.3384 4.3241
v  -16.3602 -2.3384 3.6601
v  -16.3602 -0.9211 4.3301
v  -16.3638 -0.9211 4.3443
v  -16.3638 -2.3384 4.3443
v  -16.3602 -2.3384 4.3301
v  -16.3554 -2.3384 4.3816
v  -16.3554 -0.9211 4.3816
v  -16.3736 -0.9211 4.3559
v  -16.3736 -2.3384 4.3559
v  -16.3287 -2.3384 3.6541
v  -16.3287 -0.9211 3.6540
v  -16.3602 -0.9211 3.6540
v  -16.3602 -2.3384 3.6541
v  -17.3819 -0.9211 5.8543
v  -17.3819 -0.2518 5.0996
v  -17.3812 -0.2522 5.0905
v  -17.3768 -0.9211 5.0748
v  -17.3819 -2.3384 5.8543
v  -17.3819 -3.0077 5.0996
v  -17.3810 -3.0074 5.0897
v  -17.3768 -2.3384 5.0748
v  -17.3504 -0.9211 5.8543
v  -17.3504 -2.3384 5.8543
v  -17.3504 -0.2518 5.0996
v  -17.3504 -3.0077 5.0996
v  -17.3490 -0.2518 5.0906
v  -17.3488 -3.0079 5.0904
v  -16.3603 -0.9211 4.3851
v  -16.3603 -2.3384 4.3851
v  -17.3689 -2.3384 5.0611
v  -17.3689 -0.9211 5.0611
v  -17.3552 -2.3384 5.0481
v  -17.3552 -0.9211 5.0481
v  -16.3785 -2.3384 4.3593
v  -16.3785 -0.9211 4.3593
v  -17.3819 -3.0077 2.8386
v  -17.4016 -3.0077 2.8386
v  -17.4016 -0.3699 2.8386
v  -17.3819 -0.3699 2.8386
v  -17.4016 -0.3699 2.1299
v  -17.3819 -0.3699 2.1299
v  -17.4016 -3.0077 2.1299
v  -17.3819 -3.0077 2.1299
v  -17.3819 -0.2578 20.1359
v  -17.3819 -0.2578 20.8847
v  -17.3819 -0.9211 20.8847
v  -17.3819 -0.9211 20.1359
v  -17.3806 -0.2578 20.8971
v  -17.3806 -0.9211 20.8971
v  -17.3786 -0.2578 20.9037
v  -17.3790 -0.9271 20.9039
v  -17.3819 -2.3384 20.8847
v  -17.3819 -2.3384 20.1359
v  -17.3790 -2.3324 20.9039
v  -17.3806 -2.3384 20.8971
v  -17.3819 -3.0017 20.8847
v  -17.3819 -3.0017 20.1359
v  -17.3786 -3.0017 20.9037
v  -17.3806 -3.0017 20.8971
v  -17.3759 -0.2578 20.1299
v  -17.3759 -0.9211 20.1299
v  -17.3564 -0.9211 20.1299
v  -17.3564 -0.2578 20.1299
v  -17.3759 -2.3384 20.1299
v  -17.3564 -2.3384 20.1299
v  -17.3759 -3.0017 20.1299
v  -17.3564 -3.0017 20.1299
v  -17.3504 -0.2578 20.1359
v  -17.3504 -0.9211 20.1359
v  -17.3504 -0.9211 20.8847
v  -17.3504 -0.2578 20.8847
v  -17.3504 -2.3384 20.1359
v  -17.3504 -2.3384 20.8847
v  -17.3504 -3.0017 20.1359
v  -17.3504 -3.0017 20.8847
v  -17.3479 -0.9211 20.8973
v  -17.3484 -0.2582 20.8951
v  -17.3479 -2.3384 20.8973
v  -17.3479 -3.0017 20.8973
v  -17.3420 -0.9211 20.9047
v  -17.3449 -0.2604 20.9025
v  -17.3420 -2.3384 20.9047
v  -17.3420 -3.0017 20.9047
v  -17.3539 -0.2516 20.8958
v  -17.3507 -0.2518 20.9039
v  -17.3724 -0.2518 20.9035
v  -17.3747 -0.2518 20.8959
v  -17.3564 -0.2518 20.8853
v  -17.3759 -0.2518 20.8844
v  -17.3564 -0.2518 20.1359
v  -17.3759 -0.2518 20.1359
v  -17.3564 -3.0077 20.8853
v  -17.3564 -3.0077 20.1359
v  -17.3759 -3.0077 20.1359
v  -17.3759 -3.0077 20.8844
v  -17.3537 -3.0074 20.8971
v  -17.3741 -3.0074 20.8969
v  -17.3495 -3.0077 20.9048
v  -17.3724 -3.0077 20.9035
v  -17.3443 -2.3384 20.9095
v  -17.3443 -3.0017 20.9095
v  -17.3708 -3.0017 20.9095
v  -17.3708 -2.3384 20.9095
v  -17.3443 -0.2578 20.9095
v  -17.3443 -0.9211 20.9095
v  -17.3708 -0.9211 20.9095
v  -17.3708 -0.2578 20.9095
v  -17.3334 -0.9271 20.9129
v  -17.3334 -2.3324 20.9129
v  -16.3603 -2.3324 21.5992
v  -16.3603 -0.9271 21.5992
v  -16.3554 -0.9271 21.6026
v  -16.3554 -2.3324 21.6026
v  -16.3362 -2.3324 21.6256
v  -16.3362 -0.9271 21.6255
v  -16.3287 -0.9271 21.6600
v  -16.3287 -2.3324 21.6601
v  -16.3287 -2.3324 22.3241
v  -16.3287 -0.9271 22.3241
v  -16.3287 -0.9271 22.3301
v  -16.3287 -2.3324 22.3301
v  -16.3346 -2.3324 22.3572
v  -16.3346 -0.9271 22.3572
v  -17.3689 -0.9271 20.9231
v  -17.3689 -2.3324 20.9231
v  -17.3596 -0.9271 20.9320
v  -17.3596 -2.3324 20.9320
v  -17.3503 -2.3324 20.9396
v  -17.3503 -0.9271 20.9396
v  -16.3785 -0.9271 21.6249
v  -16.3785 -2.3324 21.6249
v  -16.3736 -2.3324 21.6284
v  -16.3736 -0.9271 21.6284
v  -16.3634 -0.9271 21.6398
v  -16.3634 -2.3324 21.6400
v  -16.3602 -2.3324 21.6601
v  -16.3602 -0.9271 21.6600
v  -16.3602 -0.9271 22.3241
v  -16.3602 -2.3324 22.3241
v  -16.3602 -2.3324 22.3301
v  -16.3602 -0.9271 22.3301
v  -16.3638 -0.9271 22.3443
v  -16.3638 -2.3324 22.3443
v  -16.3554 -2.3324 22.3816
v  -16.3554 -0.9271 22.3816
v  -16.3736 -0.9271 22.3559
v  -16.3736 -2.3324 22.3559
v  -16.3287 -2.3324 21.6541
v  -16.3287 -0.9271 21.6540
v  -16.3602 -0.9271 21.6540
v  -16.3602 -2.3324 21.6541
v  -17.3819 -0.2578 23.8483
v  -17.3819 -0.9211 23.8483
v  -17.3819 -0.9211 23.0996
v  -17.3819 -0.2578 23.0996
v  -17.3806 -0.9211 23.0872
v  -17.3813 -0.2586 23.0897
v  -17.3790 -0.9271 23.0804
v  -17.3789 -0.2578 23.0805
v  -17.3819 -2.3384 23.8483
v  -17.3819 -2.3384 23.0996
v  -17.3806 -2.3384 23.0872
v  -17.3790 -2.3324 23.0804
v  -17.3819 -3.0017 23.8483
v  -17.3819 -3.0017 23.0996
v  -17.3811 -3.0013 23.0894
v  -17.3788 -3.0006 23.0807
v  -17.3759 -0.2578 23.8543
v  -17.3564 -0.2578 23.8543
v  -17.3564 -0.9211 23.8543
v  -17.3759 -0.9211 23.8543
v  -17.3564 -2.3384 23.8543
v  -17.3759 -2.3384 23.8543
v  -17.3564 -3.0017 23.8543
v  -17.3759 -3.0017 23.8543
v  -17.3504 -0.2578 23.8483
v  -17.3504 -0.2578 23.0996
v  -17.3504 -0.9211 23.0996
v  -17.3504 -0.9211 23.8483
v  -17.3504 -2.3384 23.0996
v  -17.3504 -2.3384 23.8483
v  -17.3504 -3.0017 23.0996
v  -17.3504 -3.0017 23.8483
v  -17.3487 -0.2589 23.0892
v  -17.3479 -0.9211 23.0870
v  -17.3479 -2.3384 23.0870
v  -17.3491 -3.0016 23.0905
v  -17.3420 -0.2578 23.0795
v  -17.3420 -0.9211 23.0795
v  -17.3420 -2.3384 23.0795
v  -17.3457 -3.0011 23.0832
v  -17.3545 -0.2513 23.0907
v  -17.3753 -0.2518 23.0912
v  -17.3724 -0.2518 23.0808
v  -17.3507 -0.2518 23.0808
v  -17.3564 -0.2518 23.0990
v  -17.3759 -0.2518 23.0999
v  -17.3564 -0.2518 23.8483
v  -17.3759 -0.2518 23.8483
v  -17.3564 -3.0077 23.0990
v  -17.3759 -3.0077 23.0999
v  -17.3759 -3.0077 23.8483
v  -17.3564 -3.0077 23.8483
v  -17.3554 -3.0077 23.0904
v  -17.3748 -3.0077 23.0899
v  -17.3507 -3.0077 23.0815
v  -17.3724 -3.0077 23.0808
v  -17.3443 -2.3384 23.0748
v  -17.3708 -2.3384 23.0748
v  -17.3708 -3.0017 23.0748
v  -17.3443 -3.0017 23.0748
v  -17.3443 -0.2578 23.0748
v  -17.3708 -0.2578 23.0748
v  -17.3708 -0.9211 23.0748
v  -17.3443 -0.9211 23.0748
v  -17.3334 -0.9271 23.0713
v  -16.3603 -0.9271 22.3851
v  -16.3603 -2.3324 22.3851
v  -17.3334 -2.3324 23.0713
v  -17.3689 -2.3324 23.0611
v  -17.3689 -0.9271 23.0611
v  -17.3552 -2.3324 23.0481
v  -17.3552 -0.9271 23.0481
v  -16.3785 -2.3324 22.3593
v  -16.3785 -0.9271 22.3593
v  -16.3744 -0.9211 21.6203
v  -17.3471 -0.9211 20.9345
v  -17.3366 -0.9211 20.9180
v  -16.3644 -0.9211 21.6035
v  -16.3417 -0.9211 21.6283
v  -16.3579 -0.9211 21.6370
v  -16.3696 -0.9211 21.6239
v  -16.3595 -0.9211 21.6071
v  -16.3347 -0.9211 21.6547
v  -16.3542 -0.9211 21.6533
v  -16.3541 -0.9211 22.3248
v  -16.3541 -0.9211 21.6593
v  -16.3346 -0.9211 21.6608
v  -16.3346 -0.9211 22.3235
v  -16.3402 -0.9211 22.3545
v  -16.3583 -0.9211 22.3471
v  -16.3542 -0.9211 22.3309
v  -16.3347 -0.9211 22.3295
v  -16.3595 -0.9211 22.3771
v  -16.3695 -0.9211 22.3603
v  -17.3514 -0.9211 23.0528
v  -16.3743 -0.9211 22.3639
v  -16.3644 -0.9211 22.3807
v  -17.3641 -0.9211 23.0649
v  -16.3743 -2.3384 22.3639
v  -17.3514 -2.3384 23.0528
v  -16.3644 -2.3384 22.3807
v  -17.3641 -2.3384 23.0649
v  -16.3583 -2.3384 22.3471
v  -16.3402 -2.3384 22.3545
v  -16.3347 -2.3384 22.3295
v  -16.3542 -2.3384 22.3309
v  -16.3695 -2.3384 22.3603
v  -16.3595 -2.3384 22.3771
v  -16.3541 -2.3384 21.6595
v  -16.3541 -2.3384 22.3248
v  -16.3346 -2.3384 22.3235
v  -16.3346 -2.3384 21.6609
v  -16.3417 -2.3384 21.6284
v  -16.3579 -2.3384 21.6372
v  -16.3542 -2.3384 21.6535
v  -16.3347 -2.3384 21.6549
v  -16.3595 -2.3384 21.6071
v  -16.3696 -2.3384 21.6239
v  -17.3471 -2.3384 20.9345
v  -16.3744 -2.3384 21.6203
v  -16.3644 -2.3384 21.6035
v  -17.3366 -2.3384 20.9180
v  -17.3641 -2.3384 20.9194
v  -17.3564 -2.3384 20.9268
v  -17.3641 -0.9211 20.9194
v  -17.3564 -0.9211 20.9268
v  -17.3819 -0.2578 20.1299
v  -17.3819 -0.2518 20.1299
v  -17.3819 -0.2518 20.1359
v  -17.3786 -0.2518 20.9037
v  -17.3768 -0.2518 20.9095
v  -17.3768 -0.2578 20.9095
v  -17.3819 -3.0077 20.1359
v  -17.3819 -3.0077 20.1299
v  -17.3819 -3.0017 20.1299
v  -17.3768 -3.0017 20.9095
v  -17.3768 -3.0077 20.9095
v  -17.3786 -3.0077 20.9037
v  -17.3759 -0.2518 20.1299
v  -17.3504 -0.2578 20.1299
v  -17.3504 -0.2518 20.1299
v  -17.3564 -0.2518 20.1299
v  -17.3759 -3.0077 20.1299
v  -17.3564 -3.0077 20.1299
v  -17.3504 -3.0077 20.1299
v  -17.3504 -3.0017 20.1299
v  -17.3504 -0.2518 20.1359
v  -17.3504 -3.0077 20.1359
v  -17.3383 -0.2578 20.9095
v  -17.3383 -0.2518 20.9095
v  -17.3449 -0.2518 20.9029
v  -17.3420 -3.0077 20.9047
v  -17.3383 -3.0077 20.9095
v  -17.3383 -3.0017 20.9095
v  -17.3443 -0.2518 20.9095
v  -17.3708 -0.2518 20.9095
v  -17.3443 -3.0077 20.9095
v  -17.3708 -3.0077 20.9095
v  -17.3334 -0.9211 20.9129
v  -17.3383 -0.9211 20.9095
v  -17.3383 -0.9271 20.9095
v  -17.3383 -2.3324 20.9095
v  -17.3383 -2.3384 20.9095
v  -17.3334 -2.3384 20.9129
v  -17.3596 -0.9211 20.9320
v  -17.3552 -0.9211 20.9361
v  -17.3552 -0.9271 20.9361
v  -17.3552 -2.3324 20.9361
v  -17.3552 -2.3384 20.9361
v  -17.3596 -2.3384 20.9320
v  -17.3503 -2.3384 20.9396
v  -17.3503 -0.9211 20.9396
v  -17.3819 -0.2518 23.8483
v  -17.3819 -0.2518 23.8543
v  -17.3819 -0.2578 23.8543
v  -17.3768 -0.2578 23.0748
v  -17.3768 -0.2518 23.0748
v  -17.3786 -0.2518 23.0805
v  -17.3819 -3.0017 23.8543
v  -17.3819 -3.0077 23.8543
v  -17.3819 -3.0077 23.8483
v  -17.3788 -3.0072 23.0805
v  -17.3768 -3.0077 23.0748
v  -17.3768 -3.0017 23.0748
v  -17.3759 -0.2518 23.8543
v  -17.3564 -0.2518 23.8543
v  -17.3504 -0.2518 23.8543
v  -17.3504 -0.2578 23.8543
v  -17.3504 -3.0017 23.8543
v  -17.3504 -3.0077 23.8543
v  -17.3564 -3.0077 23.8543
v  -17.3759 -3.0077 23.8543
v  -17.3504 -0.2518 23.8483
v  -17.3504 -3.0077 23.8483
v  -17.3443 -0.2518 23.0808
v  -17.3383 -0.2518 23.0748
v  -17.3383 -0.2578 23.0748
v  -17.3383 -3.0017 23.0748
v  -17.3383 -3.0077 23.0748
v  -17.3450 -3.0077 23.0820
v  -17.3708 -0.2518 23.0748
v  -17.3443 -0.2518 23.0748
v  -17.3443 -3.0077 23.0748
v  -17.3708 -3.0077 23.0748
v  -17.3383 -0.9271 23.0748
v  -17.3383 -0.9211 23.0748
v  -17.3334 -0.9211 23.0713
v  -17.3334 -2.3384 23.0713
v  -17.3383 -2.3384 23.0748
v  -17.3383 -2.3324 23.0748
v  -17.3520 -0.9211 20.9311
v  -17.3415 -0.9211 20.9145
v  -17.3520 -2.3384 20.9311
v  -17.3415 -2.3384 20.9145
v  -17.3819 -0.2518 20.8847
v  -17.3819 -0.9211 20.1299
v  -17.3806 -0.2518 20.8971
v  -17.3768 -0.9211 20.9095
v  -17.3819 -2.3384 20.1299
v  -17.3819 -3.0077 20.8847
v  -17.3768 -2.3384 20.9095
v  -17.3806 -3.0077 20.8971
v  -17.3504 -0.9211 20.1299
v  -17.3504 -2.3384 20.1299
v  -17.3504 -0.2518 20.8847
v  -17.3504 -3.0077 20.8847
v  -17.3484 -0.2516 20.8952
v  -17.3479 -3.0077 20.8973
v  -16.3603 -2.3384 21.5992
v  -16.3603 -0.9211 21.5992
v  -16.3554 -2.3384 21.6026
v  -16.3362 -2.3384 21.6256
v  -16.3362 -0.9211 21.6255
v  -16.3554 -0.9211 21.6026
v  -16.3287 -2.3384 21.6601
v  -16.3287 -2.3384 22.3241
v  -16.3287 -0.9211 22.3241
v  -16.3287 -0.9211 21.6600
v  -16.3287 -2.3384 22.3301
v  -16.3346 -2.3384 22.3572
v  -16.3346 -0.9211 22.3572
v  -16.3287 -0.9211 22.3301
v  -17.3689 -0.9211 20.9231
v  -17.3689 -2.3384 20.9231
v  -16.3785 -0.9211 21.6249
v  -16.3785 -2.3384 21.6249
v  -16.3736 -0.9211 21.6284
v  -16.3634 -0.9211 21.6398
v  -16.3634 -2.3384 21.6400
v  -16.3736 -2.3384 21.6284
v  -16.3602 -0.9211 21.6600
v  -16.3602 -0.9211 22.3241
v  -16.3602 -2.3384 22.3241
v  -16.3602 -2.3384 21.6601
v  -16.3602 -0.9211 22.3301
v  -16.3638 -0.9211 22.3443
v  -16.3638 -2.3384 22.3443
v  -16.3602 -2.3384 22.3301
v  -16.3554 -2.3384 22.3816
v  -16.3554 -0.9211 22.3816
v  -16.3736 -0.9211 22.3559
v  -16.3736 -2.3384 22.3559
v  -16.3287 -2.3384 21.6541
v  -16.3287 -0.9211 21.6540
v  -16.3602 -0.9211 21.6540
v  -16.3602 -2.3384 21.6541
v  -17.3819 -0.9211 23.8543
v  -17.3819 -0.2518 23.0996
v  -17.3812 -0.2522 23.0905
v  -17.3768 -0.9211 23.0748
v  -17.3819 -2.3384 23.8543
v  -17.3819 -3.0077 23.0996
v  -17.3810 -3.0074 23.0897
v  -17.3768 -2.3384 23.0748
v  -17.3504 -0.9211 23.8543
v  -17.3504 -2.3384 23.8543
v  -17.3504 -0.2518 23.0996
v  -17.3504 -3.0077 23.0996
v  -17.3490 -0.2518 23.0906
v  -17.3488 -3.0079 23.0904
v  -16.3603 -0.9211 22.3851
v  -16.3603 -2.3384 22.3851
v  -17.3689 -2.3384 23.0611
v  -17.3689 -0.9211 23.0611
v  -17.3552 -2.3384 23.0481
v  -17.3552 -0.9211 23.0481
v  -16.3785 -2.3384 22.3593
v  -16.3785 -0.9211 22.3593
v  -17.3819 -3.0077 20.8386
v  -17.4016 -3.0077 20.8386
v  -17.4016 -0.3699 20.8386
v  -17.3819 -0.3699 20.8386
v  -17.4016 -0.3699 20.1299
v  -17.3819 -0.3699 20.1299
v  -17.4016 -3.0077 20.1299
v  -17.3819 -3.0077 20.1299
v  -17.3819 -3.0077 5.8543
v  -17.4016 -3.0077 5.8543
v  -17.4016 -0.3699 5.8543
v  -17.3819 -0.3699 5.8543
v  -17.4016 -0.3699 5.1456
v  -17.3819 -0.3699 5.1456
v  -17.4016 -3.0077 5.1456
v  -17.3819 -3.0077 5.1456
v  -17.3819 -3.0077 23.8543
v  -17.4016 -3.0077 23.8543
v  -17.4016 -0.3699 23.8543
v  -17.3819 -0.3699 23.8543
v  -17.4016 -0.3699 23.1457
v  -17.3819 -0.3699 23.1457
v  -17.4016 -3.0077 23.1457
v  -17.3819 -3.0077 23.1457
v  16.6339 -0.3882 24.8819
v  16.6259 -0.3882 24.8819
v  16.6339 -0.3802 24.8819
v  16.6339 -0.3882 24.8739
v  16.6339 -0.2701 24.8819
v  16.6339 -0.2781 24.8819
v  16.6259 -0.2701 24.8819
v  16.6339 -0.2701 24.8739
v  16.6339 -0.2701 1.1024
v  16.6259 -0.2701 1.1024
v  16.6339 -0.2781 1.1024
v  16.6339 -0.2701 1.1104
v  16.6339 -0.3882 1.1024
v  16.6339 -0.3802 1.1024
v  16.6259 -0.3882 1.1024
v  16.6339 -0.3882 1.1104
v  16.6259 -0.3802 24.8819
v  16.6259 -0.2781 24.8819
v  16.6259 -0.2781 1.1024
v  16.6259 -0.3802 1.1024
v  16.6259 -0.3882 1.1104
v  16.6259 -0.3882 24.8739
v  16.6339 -0.3802 24.8739
v  16.6339 -0.3802 1.1104
v  16.6339 -0.2781 1.1104
v  16.6339 -0.2781 24.8739
v  16.6259 -0.2701 24.8739
v  16.6259 -0.2701 1.1104
v  16.3815 -2.8964 1.2974
v  16.3814 -2.8729 1.3170
v  16.3819 -2.7845 1.3174
v  16.3822 -2.7608 1.2977
v  16.3832 -2.7603 1.1831
v  16.3833 -2.7840 1.1631
v  16.3828 -2.8734 1.1634
v  16.3824 -2.8969 1.1835
v  16.3357 -2.9604 1.2403
v  16.3353 -2.9522 1.2855
v  16.3351 -2.9292 1.3249
v  16.3350 -2.8943 1.3541
v  16.3351 -2.8516 1.3698
v  16.3354 -2.8060 1.3700
v  16.3358 -2.7630 1.3546
v  16.3363 -2.7277 1.3254
v  16.3368 -2.7043 1.2857
v  16.3371 -2.6960 1.2406
v  16.3375 -2.7038 1.1951
v  16.3376 -2.7268 1.1550
v  16.3377 -2.7622 1.1252
v  16.3376 -2.8057 1.1095
v  16.3373 -2.8519 1.1097
v  16.3370 -2.8951 1.1257
v  16.3365 -2.9302 1.1555
v  16.3360 -2.9528 1.1955
v  16.3617 -2.9409 1.2412
v  16.3615 -2.9337 1.2794
v  16.3614 -2.9145 1.3122
v  16.3614 -2.8860 1.3365
v  16.3612 -2.8484 1.3508
v  16.3604 -2.8103 1.3500
v  16.3620 -2.7716 1.3370
v  16.3623 -2.7426 1.3127
v  16.3627 -2.7231 1.2797
v  16.3629 -2.7157 1.2406
v  16.3633 -2.7224 1.2017
v  16.3636 -2.7417 1.1681
v  16.3637 -2.7708 1.1434
v  16.3634 -2.8097 1.1288
v  16.3632 -2.8491 1.1292
v  16.3631 -2.8868 1.1440
v  16.3626 -2.9154 1.1687
v  16.3621 -2.9344 1.2021
v  16.3286 -2.9640 1.2403
v  16.3282 -2.9556 1.2867
v  16.3280 -2.9320 1.3272
v  16.3279 -2.8962 1.3573
v  16.3280 -2.8522 1.3734
v  16.3283 -2.8054 1.3736
v  16.3287 -2.7611 1.3578
v  16.3292 -2.7249 1.3278
v  16.3297 -2.7009 1.2869
v  16.3301 -2.6924 1.2406
v  16.3304 -2.7003 1.1939
v  16.3306 -2.7240 1.1526
v  16.3307 -2.7603 1.1220
v  16.3306 -2.8051 1.1059
v  16.3303 -2.8525 1.1061
v  16.3299 -2.8970 1.1226
v  16.3295 -2.9330 1.1532
v  16.3290 -2.9563 1.1942
v  16.3131 -2.9468 1.2402
v  16.3127 -2.9395 1.2808
v  16.3125 -2.9189 1.3162
v  16.3124 -2.8876 1.3424
v  16.3125 -2.8492 1.3565
v  16.3128 -2.8083 1.3567
v  16.3131 -2.7697 1.3429
v  16.3136 -2.7380 1.3167
v  16.3140 -2.7171 1.2810
v  16.3143 -2.7096 1.2406
v  16.3146 -2.7166 1.1997
v  16.3148 -2.7372 1.1637
v  16.3149 -2.7690 1.1370
v  16.3148 -2.8080 1.1229
v  16.3145 -2.8495 1.1231
v  16.3142 -2.8883 1.1374
v  16.3138 -2.9197 1.1642
v  16.3134 -2.9401 1.2000
v  16.3202 -2.9619 1.2403
v  16.3198 -2.9536 1.2860
v  16.3195 -2.9304 1.3259
v  16.3195 -2.8951 1.3554
v  16.3196 -2.8518 1.3713
v  16.3199 -2.8057 1.3715
v  16.3203 -2.7622 1.3559
v  16.3207 -2.7265 1.3264
v  16.3212 -2.7029 1.2862
v  16.3216 -2.6945 1.2406
v  16.3219 -2.7023 1.1946
v  16.3221 -2.7256 1.1540
v  16.3222 -2.7614 1.1239
v  16.3221 -2.8054 1.1080
v  16.3218 -2.8522 1.1082
v  16.3215 -2.8959 1.1244
v  16.3210 -2.9313 1.1546
v  16.3205 -2.9542 1.1950
v  16.3137 -2.8285 1.2401
v  16.3850 -2.8286 1.1539
v  16.3375 -2.8288 1.1068
v  16.3633 -2.8294 1.1265
v  16.3305 -2.8288 1.1031
v  16.3147 -2.8288 1.1205
v  16.3220 -2.8288 1.1053
v  16.3850 -2.8273 1.3236
v  16.3352 -2.8288 1.3726
v  16.3607 -2.8294 1.3526
v  16.3281 -2.8288 1.3763
v  16.3126 -2.8288 1.3590
v  16.3197 -2.8288 1.3741
v  16.3777 -2.8277 1.1870
v  16.3777 -2.8277 1.2151
v  16.3777 -2.8277 1.2629
v  16.3777 -2.8277 1.2909
v  16.3777 -2.7758 1.2390
v  16.3777 -2.8038 1.2390
v  16.3777 -2.8277 1.2390
v  16.3777 -2.8517 1.2390
v  16.3777 -2.8797 1.2390
v  16.3152 -2.9579 1.2403
v  16.3148 -2.9499 1.2846
v  16.3146 -2.9274 1.3233
v  16.3145 -2.8931 1.3520
v  16.3146 -2.8511 1.3674
v  16.3149 -2.8064 1.3675
v  16.3153 -2.7642 1.3525
v  16.3157 -2.7295 1.3239
v  16.3162 -2.7066 1.2848
v  16.3165 -2.6985 1.2406
v  16.3169 -2.7061 1.1959
v  16.3171 -2.7287 1.1566
v  16.3172 -2.7634 1.1273
v  16.3170 -2.8061 1.1119
v  16.3168 -2.8514 1.1121
v  16.3164 -2.8939 1.1278
v  16.3160 -2.9283 1.1571
v  16.3155 -2.9505 1.1963
v  16.3169 -2.8288 1.1093
v  16.3147 -2.8288 1.3701
v  16.3981 -2.8490 1.1850
v  16.4025 -2.8593 1.2076
v  16.3983 -2.8813 1.2174
v  16.3853 -2.9122 1.2392
v  16.3983 -2.8816 1.2601
v  16.4025 -2.8593 1.2704
v  16.3981 -2.8489 1.2929
v  16.3981 -2.8066 1.2930
v  16.4025 -2.7962 1.2704
v  16.3983 -2.7739 1.2601
v  16.3852 -2.7433 1.2407
v  16.3983 -2.7739 1.2179
v  16.4025 -2.7962 1.2076
v  16.3982 -2.8066 1.1850
v  16.4000 -2.8805 1.2552
v  16.3947 -2.8795 1.2545
v  16.4051 -2.8554 1.2666
v  16.3995 -2.8546 1.2658
v  16.4000 -2.8440 1.2917
v  16.3947 -2.8432 1.2907
v  16.3880 -2.8272 1.3189
v  16.4000 -2.8115 1.2917
v  16.3947 -2.8123 1.2907
v  16.4051 -2.8001 1.2666
v  16.3995 -2.8009 1.2658
v  16.4000 -2.7750 1.2552
v  16.3947 -2.7761 1.2545
v  16.4000 -2.7750 1.2227
v  16.3947 -2.7761 1.2235
v  16.4051 -2.8001 1.2114
v  16.3995 -2.8009 1.2121
v  16.4000 -2.8115 1.1862
v  16.3947 -2.8123 1.1873
v  16.3879 -2.8286 1.1587
v  16.4000 -2.8440 1.1862
v  16.3947 -2.8432 1.1873
v  16.4051 -2.8554 1.2114
v  16.3995 -2.8546 1.2121
v  16.4000 -2.8805 1.2227
v  16.3947 -2.8794 1.2235
v  16.3885 -2.9076 1.2390
v  16.3885 -2.7478 1.2406
v  16.3829 -2.8145 1.1627
v  16.3832 -2.8200 1.1620
v  16.3777 -2.8154 1.1651
v  16.3777 -2.8210 1.1646
v  16.3777 -2.8154 1.1707
v  16.3777 -2.8277 1.1641
v  16.3828 -2.8280 1.1614
v  16.3777 -2.8277 1.1697
v  16.3777 -2.8400 1.1651
v  16.3777 -2.8345 1.1646
v  16.3829 -2.8410 1.1627
v  16.3777 -2.8400 1.1707
v  16.3843 -2.8412 1.1682
v  16.3777 -2.8400 1.1870
v  16.3831 -2.8411 1.1871
v  16.3777 -2.8345 1.1881
v  16.3777 -2.8517 1.2151
v  16.3832 -2.8524 1.2143
v  16.3777 -2.8474 1.2193
v  16.3777 -2.8797 1.2267
v  16.3831 -2.8799 1.2257
v  16.3777 -2.8786 1.2323
v  16.3777 -2.9017 1.2267
v  16.3777 -2.8961 1.2267
v  16.3829 -2.9040 1.2257
v  16.3777 -2.9021 1.2322
v  16.3833 -2.9046 1.2313
v  16.3777 -2.9027 1.2390
v  16.3831 -2.9051 1.2389
v  16.3777 -2.8971 1.2390
v  16.3777 -2.9017 1.2513
v  16.3777 -2.9021 1.2457
v  16.3829 -2.9040 1.2522
v  16.3777 -2.8961 1.2513
v  16.3843 -2.8985 1.2525
v  16.3777 -2.8797 1.2513
v  16.3831 -2.8797 1.2523
v  16.3777 -2.8786 1.2457
v  16.3777 -2.8517 1.2629
v  16.3832 -2.8524 1.2636
v  16.3777 -2.8474 1.2586
v  16.3777 -2.8400 1.2909
v  16.3831 -2.8410 1.2911
v  16.3777 -2.8345 1.2898
v  16.3777 -2.8400 1.3129
v  16.3777 -2.8400 1.3073
v  16.3829 -2.8410 1.3152
v  16.3777 -2.8345 1.3133
v  16.3832 -2.8354 1.3159
v  16.3777 -2.8277 1.3139
v  16.3828 -2.8276 1.3164
v  16.3777 -2.8277 1.3083
v  16.3777 -2.8154 1.3129
v  16.3777 -2.8210 1.3133
v  16.3829 -2.8145 1.3152
v  16.3777 -2.8154 1.3073
v  16.3843 -2.8142 1.3097
v  16.3777 -2.8154 1.2909
v  16.3831 -2.8144 1.2909
v  16.3777 -2.8210 1.2898
v  16.3777 -2.8038 1.2629
v  16.3832 -2.8031 1.2636
v  16.3777 -2.8081 1.2586
v  16.3777 -2.7758 1.2513
v  16.3831 -2.7756 1.2523
v  16.3777 -2.7769 1.2457
v  16.3777 -2.7538 1.2513
v  16.3777 -2.7594 1.2513
v  16.3829 -2.7515 1.2522
v  16.3777 -2.7534 1.2457
v  16.3832 -2.7508 1.2467
v  16.3777 -2.7528 1.2390
v  16.3831 -2.7503 1.2399
v  16.3777 -2.7584 1.2390
v  16.3777 -2.7538 1.2267
v  16.3777 -2.7534 1.2322
v  16.3828 -2.7513 1.2258
v  16.3777 -2.7594 1.2267
v  16.3843 -2.7568 1.2255
v  16.3777 -2.7758 1.2267
v  16.3831 -2.7758 1.2257
v  16.3777 -2.7769 1.2323
v  16.3777 -2.8038 1.2151
v  16.3832 -2.8031 1.2143
v  16.3777 -2.8081 1.2193
v  16.3777 -2.8154 1.1870
v  16.3831 -2.8145 1.1869
v  16.3777 -2.8210 1.1881
v  16.3851 -2.9099 1.2585
v  16.3882 -2.9063 1.2531
v  16.3905 -2.9012 1.2535
v  16.3883 -2.9068 1.2481
v  16.3882 -2.8419 1.3176
v  16.3881 -2.8368 1.3180
v  16.3905 -2.8423 1.3124
v  16.3850 -2.8462 1.3219
v  16.3882 -2.8136 1.3175
v  16.3905 -2.8132 1.3124
v  16.3881 -2.8187 1.3181
v  16.3852 -2.8095 1.3217
v  16.3849 -2.7452 1.2195
v  16.3879 -2.7488 1.2249
v  16.3902 -2.7538 1.2245
v  16.3881 -2.7485 1.2297
v  16.3882 -2.8136 1.1604
v  16.3881 -2.8187 1.1598
v  16.3905 -2.8132 1.1656
v  16.3852 -2.8094 1.1562
v  16.3882 -2.8419 1.1604
v  16.3905 -2.8423 1.1656
v  16.3881 -2.8368 1.1598
v  16.3851 -2.8463 1.1562
v  16.3851 -2.9100 1.2195
v  16.3882 -2.9063 1.2248
v  16.3883 -2.9068 1.2299
v  16.3905 -2.9012 1.2244
v  16.3853 -2.7458 1.2585
v  16.3882 -2.7492 1.2531
v  16.3883 -2.7486 1.2481
v  16.3905 -2.7543 1.2535
v  16.3832 -2.8354 1.1619
v  16.3843 -2.8985 1.2255
v  16.3833 -2.9046 1.2467
v  16.3843 -2.8412 1.3097
v  16.3832 -2.8201 1.3159
v  16.3843 -2.7570 1.2525
v  16.3832 -2.7509 1.2313
v  16.3842 -2.8142 1.1682
v  16.3777 -2.8345 1.1702
v  16.3777 -2.7590 1.2323
v  16.3777 -2.8965 1.2323
v  16.3777 -2.8345 1.3077
v  16.3777 -2.8210 1.1702
v  16.3777 -2.8210 1.3077
v  16.3777 -2.7590 1.2457
v  16.3777 -2.8965 1.2457
v  16.3815 -1.2035 1.2974
v  16.3814 -1.1800 1.3170
v  16.3819 -1.0916 1.3174
v  16.3822 -1.0678 1.2977
v  16.3832 -1.0673 1.1831
v  16.3833 -1.0911 1.1631
v  16.3828 -1.1804 1.1634
v  16.3824 -1.2040 1.1835
v  16.3357 -1.2674 1.2403
v  16.3353 -1.2592 1.2855
v  16.3351 -1.2363 1.3249
v  16.3350 -1.2014 1.3541
v  16.3351 -1.1586 1.3698
v  16.3354 -1.1130 1.3700
v  16.3358 -1.0700 1.3546
v  16.3363 -1.0347 1.3254
v  16.3368 -1.0114 1.2857
v  16.3371 -1.0031 1.2406
v  16.3375 -1.0108 1.1951
v  16.3376 -1.0338 1.1550
v  16.3377 -1.0692 1.1252
v  16.3376 -1.1127 1.1095
v  16.3373 -1.1589 1.1097
v  16.3370 -1.2022 1.1257
v  16.3365 -1.2372 1.1555
v  16.3360 -1.2599 1.1955
v  16.3617 -1.2480 1.2412
v  16.3615 -1.2408 1.2794
v  16.3614 -1.2216 1.3122
v  16.3614 -1.1930 1.3365
v  16.3612 -1.1555 1.3508
v  16.3604 -1.1173 1.3500
v  16.3620 -1.0786 1.3370
v  16.3623 -1.0497 1.3127
v  16.3627 -1.0302 1.2797
v  16.3629 -1.0227 1.2406
v  16.3633 -1.0295 1.2017
v  16.3636 -1.0488 1.1681
v  16.3637 -1.0778 1.1434
v  16.3634 -1.1168 1.1288
v  16.3632 -1.1561 1.1292
v  16.3631 -1.1938 1.1440
v  16.3626 -1.2224 1.1687
v  16.3621 -1.2414 1.2021
v  16.3286 -1.2710 1.2403
v  16.3282 -1.2627 1.2867
v  16.3280 -1.2391 1.3272
v  16.3279 -1.2032 1.3573
v  16.3280 -1.1593 1.3734
v  16.3283 -1.1124 1.3736
v  16.3287 -1.0682 1.3578
v  16.3292 -1.0319 1.3278
v  16.3297 -1.0079 1.2869
v  16.3301 -0.9994 1.2406
v  16.3304 -1.0074 1.1939
v  16.3306 -1.0310 1.1526
v  16.3307 -1.0674 1.1220
v  16.3306 -1.1121 1.1059
v  16.3303 -1.1596 1.1061
v  16.3299 -1.2040 1.1226
v  16.3295 -1.2400 1.1532
v  16.3290 -1.2633 1.1942
v  16.3131 -1.2539 1.2402
v  16.3127 -1.2465 1.2808
v  16.3125 -1.2260 1.3162
v  16.3124 -1.1946 1.3424
v  16.3125 -1.1562 1.3565
v  16.3128 -1.1153 1.3567
v  16.3131 -1.0767 1.3429
v  16.3136 -1.0450 1.3167
v  16.3140 -1.0241 1.2810
v  16.3143 -1.0167 1.2406
v  16.3146 -1.0236 1.1997
v  16.3148 -1.0442 1.1637
v  16.3149 -1.0760 1.1370
v  16.3148 -1.1151 1.1229
v  16.3145 -1.1565 1.1231
v  16.3142 -1.1953 1.1374
v  16.3138 -1.2268 1.1642
v  16.3134 -1.2471 1.2000
v  16.3202 -1.2689 1.2403
v  16.3198 -1.2606 1.2860
v  16.3195 -1.2374 1.3259
v  16.3195 -1.2021 1.3554
v  16.3196 -1.1589 1.3713
v  16.3199 -1.1128 1.3715
v  16.3203 -1.0693 1.3559
v  16.3207 -1.0335 1.3264
v  16.3212 -1.0100 1.2862
v  16.3216 -1.0015 1.2406
v  16.3219 -1.0094 1.1946
v  16.3221 -1.0326 1.1540
v  16.3222 -1.0685 1.1239
v  16.3221 -1.1125 1.1080
v  16.3218 -1.1592 1.1082
v  16.3215 -1.2029 1.1244
v  16.3210 -1.2384 1.1546
v  16.3205 -1.2613 1.1950
v  16.3137 -1.1355 1.2401
v  16.3850 -1.1357 1.1539
v  16.3375 -1.1358 1.1068
v  16.3633 -1.1365 1.1265
v  16.3305 -1.1358 1.1031
v  16.3147 -1.1358 1.1205
v  16.3220 -1.1358 1.1053
v  16.3850 -1.1344 1.3236
v  16.3352 -1.1358 1.3726
v  16.3607 -1.1364 1.3526
v  16.3281 -1.1358 1.3763
v  16.3126 -1.1358 1.3590
v  16.3197 -1.1358 1.3741
v  16.3777 -1.1348 1.1870
v  16.3777 -1.1348 1.2151
v  16.3777 -1.1348 1.2629
v  16.3777 -1.1348 1.2909
v  16.3777 -1.0828 1.2390
v  16.3777 -1.1109 1.2390
v  16.3777 -1.1348 1.2390
v  16.3777 -1.1587 1.2390
v  16.3777 -1.1867 1.2390
v  16.3152 -1.2649 1.2403
v  16.3148 -1.2569 1.2846
v  16.3146 -1.2344 1.3233
v  16.3145 -1.2002 1.3520
v  16.3146 -1.1582 1.3674
v  16.3149 -1.1134 1.3675
v  16.3153 -1.0712 1.3525
v  16.3157 -1.0366 1.3239
v  16.3162 -1.0137 1.2848
v  16.3165 -1.0055 1.2406
v  16.3169 -1.0131 1.1959
v  16.3171 -1.0357 1.1566
v  16.3172 -1.0704 1.1273
v  16.3170 -1.1131 1.1119
v  16.3168 -1.1585 1.1121
v  16.3164 -1.2009 1.1278
v  16.3160 -1.2353 1.1571
v  16.3155 -1.2575 1.1963
v  16.3169 -1.1358 1.1093
v  16.3147 -1.1358 1.3701
v  16.3981 -1.1560 1.1850
v  16.4025 -1.1664 1.2076
v  16.3983 -1.1884 1.2174
v  16.3853 -1.2192 1.2392
v  16.3983 -1.1887 1.2601
v  16.4025 -1.1663 1.2704
v  16.3981 -1.1560 1.2929
v  16.3981 -1.1137 1.2930
v  16.4025 -1.1033 1.2704
v  16.3983 -1.0809 1.2601
v  16.3852 -1.0503 1.2407
v  16.3983 -1.0809 1.2179
v  16.4025 -1.1032 1.2076
v  16.3982 -1.1136 1.1850
v  16.4000 -1.1876 1.2552
v  16.3947 -1.1865 1.2545
v  16.4051 -1.1624 1.2666
v  16.3995 -1.1617 1.2658
v  16.4000 -1.1510 1.2917
v  16.3947 -1.1503 1.2907
v  16.3880 -1.1343 1.3189
v  16.4000 -1.1186 1.2917
v  16.3947 -1.1193 1.2907
v  16.4051 -1.1072 1.2666
v  16.3995 -1.1079 1.2658
v  16.4000 -1.0821 1.2552
v  16.3947 -1.0831 1.2545
v  16.4000 -1.0821 1.2227
v  16.3947 -1.0831 1.2235
v  16.4051 -1.1072 1.2114
v  16.3995 -1.1079 1.2121
v  16.4000 -1.1186 1.1862
v  16.3947 -1.1193 1.1873
v  16.3879 -1.1356 1.1587
v  16.4000 -1.1510 1.1862
v  16.3947 -1.1503 1.1873
v  16.4051 -1.1624 1.2114
v  16.3995 -1.1617 1.2121
v  16.4000 -1.1875 1.2227
v  16.3947 -1.1865 1.2235
v  16.3885 -1.2147 1.2390
v  16.3885 -1.0549 1.2406
v  16.3829 -1.1216 1.1627
v  16.3832 -1.1271 1.1620
v  16.3777 -1.1225 1.1651
v  16.3777 -1.1281 1.1646
v  16.3777 -1.1225 1.1707
v  16.3777 -1.1348 1.1641
v  16.3828 -1.1351 1.1614
v  16.3777 -1.1348 1.1697
v  16.3777 -1.1471 1.1651
v  16.3777 -1.1415 1.1646
v  16.3829 -1.1480 1.1627
v  16.3777 -1.1471 1.1707
v  16.3843 -1.1483 1.1682
v  16.3777 -1.1471 1.1870
v  16.3831 -1.1481 1.1871
v  16.3777 -1.1415 1.1881
v  16.3777 -1.1587 1.2151
v  16.3832 -1.1594 1.2143
v  16.3777 -1.1544 1.2193
v  16.3777 -1.1867 1.2267
v  16.3831 -1.1869 1.2257
v  16.3777 -1.1856 1.2323
v  16.3777 -1.2087 1.2267
v  16.3777 -1.2031 1.2267
v  16.3829 -1.2110 1.2257
v  16.3777 -1.2092 1.2322
v  16.3833 -1.2116 1.2313
v  16.3777 -1.2097 1.2390
v  16.3831 -1.2122 1.2389
v  16.3777 -1.2041 1.2390
v  16.3777 -1.2087 1.2513
v  16.3777 -1.2092 1.2457
v  16.3829 -1.2110 1.2522
v  16.3777 -1.2031 1.2513
v  16.3843 -1.2055 1.2525
v  16.3777 -1.1867 1.2513
v  16.3831 -1.1867 1.2523
v  16.3777 -1.1856 1.2457
v  16.3777 -1.1587 1.2629
v  16.3832 -1.1594 1.2636
v  16.3777 -1.1544 1.2586
v  16.3777 -1.1471 1.2909
v  16.3831 -1.1481 1.2911
v  16.3777 -1.1415 1.2898
v  16.3777 -1.1471 1.3129
v  16.3777 -1.1471 1.3073
v  16.3829 -1.1480 1.3152
v  16.3777 -1.1415 1.3133
v  16.3832 -1.1425 1.3159
v  16.3777 -1.1348 1.3139
v  16.3828 -1.1347 1.3164
v  16.3777 -1.1348 1.3083
v  16.3777 -1.1225 1.3129
v  16.3777 -1.1281 1.3133
v  16.3829 -1.1216 1.3152
v  16.3777 -1.1225 1.3073
v  16.3843 -1.1213 1.3097
v  16.3777 -1.1225 1.2909
v  16.3831 -1.1215 1.2909
v  16.3777 -1.1281 1.2898
v  16.3777 -1.1109 1.2629
v  16.3832 -1.1101 1.2636
v  16.3777 -1.1151 1.2586
v  16.3777 -1.0828 1.2513
v  16.3831 -1.0827 1.2523
v  16.3777 -1.0839 1.2457
v  16.3777 -1.0609 1.2513
v  16.3777 -1.0665 1.2513
v  16.3829 -1.0586 1.2522
v  16.3777 -1.0604 1.2457
v  16.3832 -1.0579 1.2467
v  16.3777 -1.0599 1.2390
v  16.3831 -1.0574 1.2399
v  16.3777 -1.0655 1.2390
v  16.3777 -1.0609 1.2267
v  16.3777 -1.0604 1.2322
v  16.3828 -1.0584 1.2258
v  16.3777 -1.0665 1.2267
v  16.3843 -1.0638 1.2255
v  16.3777 -1.0828 1.2267
v  16.3831 -1.0829 1.2257
v  16.3777 -1.0839 1.2323
v  16.3777 -1.1109 1.2151
v  16.3832 -1.1101 1.2143
v  16.3777 -1.1151 1.2193
v  16.3777 -1.1225 1.1870
v  16.3831 -1.1215 1.1869
v  16.3777 -1.1281 1.1881
v  16.3851 -1.2169 1.2585
v  16.3882 -1.2134 1.2531
v  16.3905 -1.2082 1.2535
v  16.3883 -1.2138 1.2481
v  16.3882 -1.1489 1.3176
v  16.3881 -1.1438 1.3180
v  16.3905 -1.1494 1.3124
v  16.3850 -1.1532 1.3219
v  16.3882 -1.1206 1.3175
v  16.3905 -1.1202 1.3124
v  16.3881 -1.1258 1.3181
v  16.3852 -1.1166 1.3217
v  16.3849 -1.0522 1.2195
v  16.3879 -1.0558 1.2249
v  16.3902 -1.0608 1.2245
v  16.3881 -1.0555 1.2297
v  16.3882 -1.1206 1.1604
v  16.3881 -1.1258 1.1598
v  16.3905 -1.1202 1.1656
v  16.3852 -1.1165 1.1562
v  16.3882 -1.1489 1.1604
v  16.3905 -1.1494 1.1656
v  16.3881 -1.1438 1.1598
v  16.3851 -1.1534 1.1562
v  16.3851 -1.2170 1.2195
v  16.3882 -1.2134 1.2248
v  16.3883 -1.2138 1.2299
v  16.3905 -1.2082 1.2244
v  16.3853 -1.0529 1.2585
v  16.3882 -1.0562 1.2531
v  16.3883 -1.0557 1.2481
v  16.3905 -1.0613 1.2535
v  16.3832 -1.1425 1.1619
v  16.3843 -1.2055 1.2255
v  16.3833 -1.2116 1.2467
v  16.3843 -1.1483 1.3097
v  16.3832 -1.1271 1.3159
v  16.3843 -1.0641 1.2525
v  16.3832 -1.0579 1.2313
v  16.3842 -1.1213 1.1682
v  16.3777 -1.1415 1.1702
v  16.3777 -1.0660 1.2323
v  16.3777 -1.2036 1.2323
v  16.3777 -1.1415 1.3077
v  16.3777 -1.1281 1.1702
v  16.3777 -1.1281 1.3077
v  16.3777 -1.0660 1.2457
v  16.3777 -1.2036 1.2457
v  16.3815 -2.8964 24.8039
v  16.3814 -2.8729 24.8236
v  16.3819 -2.7845 24.8239
v  16.3822 -2.7608 24.8043
v  16.3832 -2.7603 24.6897
v  16.3833 -2.7840 24.6696
v  16.3828 -2.8734 24.6699
v  16.3824 -2.8969 24.6900
v  16.3357 -2.9604 24.7468
v  16.3353 -2.9522 24.7920
v  16.3351 -2.9292 24.8314
v  16.3350 -2.8943 24.8607
v  16.3351 -2.8516 24.8763
v  16.3354 -2.8060 24.8765
v  16.3358 -2.7630 24.8612
v  16.3363 -2.7277 24.8320
v  16.3368 -2.7043 24.7922
v  16.3371 -2.6960 24.7472
v  16.3375 -2.7038 24.7017
v  16.3376 -2.7268 24.6615
v  16.3377 -2.7622 24.6318
v  16.3376 -2.8057 24.6160
v  16.3373 -2.8519 24.6162
v  16.3370 -2.8951 24.6323
v  16.3365 -2.9302 24.6621
v  16.3360 -2.9528 24.7020
v  16.3617 -2.9409 24.7478
v  16.3615 -2.9337 24.7859
v  16.3614 -2.9145 24.8187
v  16.3614 -2.8860 24.8430
v  16.3612 -2.8484 24.8573
v  16.3604 -2.8103 24.8565
v  16.3620 -2.7716 24.8435
v  16.3623 -2.7426 24.8193
v  16.3627 -2.7231 24.7863
v  16.3629 -2.7157 24.7472
v  16.3633 -2.7224 24.7082
v  16.3636 -2.7417 24.6746
v  16.3637 -2.7708 24.6500
v  16.3634 -2.8097 24.6354
v  16.3632 -2.8491 24.6357
v  16.3631 -2.8868 24.6505
v  16.3626 -2.9154 24.6752
v  16.3621 -2.9344 24.7086
v  16.3286 -2.9640 24.7468
v  16.3282 -2.9556 24.7933
v  16.3280 -2.9320 24.8338
v  16.3279 -2.8962 24.8638
v  16.3280 -2.8522 24.8799
v  16.3283 -2.8054 24.8801
v  16.3287 -2.7611 24.8643
v  16.3292 -2.7249 24.8343
v  16.3297 -2.7009 24.7935
v  16.3301 -2.6924 24.7472
v  16.3304 -2.7003 24.7004
v  16.3306 -2.7240 24.6592
v  16.3307 -2.7603 24.6286
v  16.3306 -2.8051 24.6124
v  16.3303 -2.8525 24.6126
v  16.3299 -2.8970 24.6291
v  16.3295 -2.9330 24.6597
v  16.3290 -2.9563 24.7008
v  16.3131 -2.9468 24.7468
v  16.3127 -2.9395 24.7874
v  16.3125 -2.9189 24.8227
v  16.3124 -2.8876 24.8490
v  16.3125 -2.8492 24.8630
v  16.3128 -2.8083 24.8632
v  16.3131 -2.7697 24.8494
v  16.3136 -2.7380 24.8232
v  16.3140 -2.7171 24.7875
v  16.3143 -2.7096 24.7471
v  16.3146 -2.7166 24.7063
v  16.3148 -2.7372 24.6703
v  16.3149 -2.7690 24.6435
v  16.3148 -2.8080 24.6294
v  16.3145 -2.8495 24.6296
v  16.3142 -2.8883 24.6440
v  16.3138 -2.9197 24.6708
v  16.3134 -2.9401 24.7066
v  16.3202 -2.9619 24.7468
v  16.3198 -2.9536 24.7925
v  16.3195 -2.9304 24.8324
v  16.3195 -2.8951 24.8620
v  16.3196 -2.8518 24.8778
v  16.3199 -2.8057 24.8780
v  16.3203 -2.7622 24.8625
v  16.3207 -2.7265 24.8330
v  16.3212 -2.7029 24.7927
v  16.3216 -2.6945 24.7472
v  16.3219 -2.7023 24.7011
v  16.3221 -2.7256 24.6606
v  16.3222 -2.7614 24.6304
v  16.3221 -2.8054 24.6145
v  16.3218 -2.8522 24.6147
v  16.3215 -2.8959 24.6309
v  16.3210 -2.9313 24.6611
v  16.3205 -2.9542 24.7015
v  16.3137 -2.8285 24.7467
v  16.3850 -2.8286 24.6605
v  16.3375 -2.8288 24.6133
v  16.3633 -2.8294 24.6331
v  16.3305 -2.8288 24.6097
v  16.3147 -2.8288 24.6270
v  16.3220 -2.8288 24.6118
v  16.3850 -2.8273 24.8302
v  16.3352 -2.8288 24.8791
v  16.3607 -2.8294 24.8592
v  16.3281 -2.8288 24.8828
v  16.3126 -2.8288 24.8655
v  16.3197 -2.8288 24.8806
v  16.3777 -2.8277 24.6936
v  16.3777 -2.8277 24.7216
v  16.3777 -2.8277 24.7694
v  16.3777 -2.8277 24.7975
v  16.3777 -2.7758 24.7455
v  16.3777 -2.8038 24.7455
v  16.3777 -2.8277 24.7455
v  16.3777 -2.8517 24.7455
v  16.3777 -2.8797 24.7455
v  16.3152 -2.9579 24.7468
v  16.3148 -2.9499 24.7912
v  16.3146 -2.9274 24.8298
v  16.3145 -2.8931 24.8586
v  16.3146 -2.8511 24.8739
v  16.3149 -2.8064 24.8741
v  16.3153 -2.7642 24.8590
v  16.3157 -2.7295 24.8304
v  16.3162 -2.7066 24.7914
v  16.3165 -2.6985 24.7471
v  16.3169 -2.7061 24.7025
v  16.3171 -2.7287 24.6631
v  16.3172 -2.7634 24.6339
v  16.3170 -2.8061 24.6184
v  16.3168 -2.8514 24.6186
v  16.3164 -2.8939 24.6344
v  16.3160 -2.9283 24.6637
v  16.3155 -2.9505 24.7028
v  16.3169 -2.8288 24.6158
v  16.3147 -2.8288 24.8767
v  16.3981 -2.8490 24.6916
v  16.4025 -2.8593 24.7141
v  16.3983 -2.8813 24.7239
v  16.3853 -2.9122 24.7457
v  16.3983 -2.8816 24.7666
v  16.4025 -2.8593 24.7769
v  16.3981 -2.8489 24.7995
v  16.3981 -2.8066 24.7995
v  16.4025 -2.7962 24.7769
v  16.3983 -2.7739 24.7666
v  16.3852 -2.7433 24.7472
v  16.3983 -2.7739 24.7245
v  16.4025 -2.7962 24.7141
v  16.3982 -2.8066 24.6915
v  16.4000 -2.8805 24.7618
v  16.3947 -2.8795 24.7610
v  16.4051 -2.8554 24.7731
v  16.3995 -2.8546 24.7724
v  16.4000 -2.8440 24.7983
v  16.3947 -2.8432 24.7972
v  16.3880 -2.8272 24.8254
v  16.4000 -2.8115 24.7983
v  16.3947 -2.8123 24.7972
v  16.4051 -2.8001 24.7731
v  16.3995 -2.8009 24.7724
v  16.4000 -2.7750 24.7618
v  16.3947 -2.7761 24.7610
v  16.4000 -2.7750 24.7293
v  16.3947 -2.7761 24.7300
v  16.4051 -2.8001 24.7179
v  16.3995 -2.8009 24.7187
v  16.4000 -2.8115 24.6928
v  16.3947 -2.8123 24.6938
v  16.3879 -2.8286 24.6653
v  16.4000 -2.8440 24.6928
v  16.3947 -2.8432 24.6938
v  16.4051 -2.8554 24.7179
v  16.3995 -2.8546 24.7187
v  16.4000 -2.8805 24.7293
v  16.3947 -2.8794 24.7300
v  16.3885 -2.9076 24.7456
v  16.3885 -2.7478 24.7471
v  16.3829 -2.8145 24.6693
v  16.3832 -2.8200 24.6685
v  16.3777 -2.8154 24.6716
v  16.3777 -2.8210 24.6712
v  16.3777 -2.8154 24.6772
v  16.3777 -2.8277 24.6706
v  16.3828 -2.8280 24.6679
v  16.3777 -2.8277 24.6762
v  16.3777 -2.8400 24.6716
v  16.3777 -2.8345 24.6712
v  16.3829 -2.8410 24.6693
v  16.3777 -2.8400 24.6772
v  16.3843 -2.8412 24.6748
v  16.3777 -2.8400 24.6936
v  16.3831 -2.8411 24.6936
v  16.3777 -2.8345 24.6947
v  16.3777 -2.8517 24.7216
v  16.3832 -2.8524 24.7209
v  16.3777 -2.8474 24.7259
v  16.3777 -2.8797 24.7332
v  16.3831 -2.8799 24.7322
v  16.3777 -2.8786 24.7388
v  16.3777 -2.9017 24.7332
v  16.3777 -2.8961 24.7332
v  16.3829 -2.9040 24.7323
v  16.3777 -2.9021 24.7388
v  16.3833 -2.9046 24.7378
v  16.3777 -2.9027 24.7455
v  16.3831 -2.9051 24.7455
v  16.3777 -2.8971 24.7455
v  16.3777 -2.9017 24.7578
v  16.3777 -2.9021 24.7523
v  16.3829 -2.9040 24.7587
v  16.3777 -2.8961 24.7578
v  16.3843 -2.8985 24.7590
v  16.3777 -2.8797 24.7578
v  16.3831 -2.8797 24.7588
v  16.3777 -2.8786 24.7522
v  16.3777 -2.8517 24.7694
v  16.3832 -2.8524 24.7702
v  16.3777 -2.8474 24.7652
v  16.3777 -2.8400 24.7975
v  16.3831 -2.8410 24.7976
v  16.3777 -2.8345 24.7964
v  16.3777 -2.8400 24.8194
v  16.3777 -2.8400 24.8138
v  16.3829 -2.8410 24.8218
v  16.3777 -2.8345 24.8199
v  16.3832 -2.8354 24.8224
v  16.3777 -2.8277 24.8204
v  16.3828 -2.8276 24.8229
v  16.3777 -2.8277 24.8148
v  16.3777 -2.8154 24.8194
v  16.3777 -2.8210 24.8199
v  16.3829 -2.8145 24.8218
v  16.3777 -2.8154 24.8138
v  16.3843 -2.8142 24.8163
v  16.3777 -2.8154 24.7975
v  16.3831 -2.8144 24.7974
v  16.3777 -2.8210 24.7964
v  16.3777 -2.8038 24.7694
v  16.3832 -2.8031 24.7702
v  16.3777 -2.8081 24.7652
v  16.3777 -2.7758 24.7578
v  16.3831 -2.7756 24.7588
v  16.3777 -2.7769 24.7522
v  16.3777 -2.7538 24.7578
v  16.3777 -2.7594 24.7578
v  16.3829 -2.7515 24.7587
v  16.3777 -2.7534 24.7523
v  16.3832 -2.7508 24.7532
v  16.3777 -2.7528 24.7455
v  16.3831 -2.7503 24.7464
v  16.3777 -2.7584 24.7455
v  16.3777 -2.7538 24.7332
v  16.3777 -2.7534 24.7388
v  16.3828 -2.7513 24.7323
v  16.3777 -2.7594 24.7332
v  16.3843 -2.7568 24.7320
v  16.3777 -2.7758 24.7332
v  16.3831 -2.7758 24.7322
v  16.3777 -2.7769 24.7388
v  16.3777 -2.8038 24.7216
v  16.3832 -2.8031 24.7209
v  16.3777 -2.8081 24.7259
v  16.3777 -2.8154 24.6936
v  16.3831 -2.8145 24.6934
v  16.3777 -2.8210 24.6947
v  16.3851 -2.9099 24.7650
v  16.3882 -2.9063 24.7597
v  16.3905 -2.9012 24.7601
v  16.3883 -2.9068 24.7547
v  16.3882 -2.8419 24.8241
v  16.3881 -2.8368 24.8246
v  16.3905 -2.8423 24.8189
v  16.3850 -2.8462 24.8284
v  16.3882 -2.8136 24.8241
v  16.3905 -2.8132 24.8189
v  16.3881 -2.8187 24.8246
v  16.3852 -2.8095 24.8283
v  16.3849 -2.7452 24.7260
v  16.3879 -2.7488 24.7314
v  16.3902 -2.7538 24.7310
v  16.3881 -2.7485 24.7363
v  16.3882 -2.8136 24.6670
v  16.3881 -2.8187 24.6664
v  16.3905 -2.8132 24.6721
v  16.3852 -2.8094 24.6628
v  16.3882 -2.8419 24.6670
v  16.3905 -2.8423 24.6721
v  16.3881 -2.8368 24.6663
v  16.3851 -2.8463 24.6627
v  16.3851 -2.9100 24.7260
v  16.3882 -2.9063 24.7314
v  16.3883 -2.9068 24.7364
v  16.3905 -2.9012 24.7309
v  16.3853 -2.7458 24.7650
v  16.3882 -2.7492 24.7597
v  16.3883 -2.7486 24.7546
v  16.3905 -2.7543 24.7601
v  16.3832 -2.8354 24.6685
v  16.3843 -2.8985 24.7320
v  16.3833 -2.9046 24.7532
v  16.3843 -2.8412 24.8163
v  16.3832 -2.8201 24.8225
v  16.3843 -2.7570 24.7590
v  16.3832 -2.7509 24.7379
v  16.3842 -2.8142 24.6748
v  16.3777 -2.8345 24.6768
v  16.3777 -2.7590 24.7388
v  16.3777 -2.8965 24.7388
v  16.3777 -2.8345 24.8143
v  16.3777 -2.8210 24.6768
v  16.3777 -2.8210 24.8143
v  16.3777 -2.7590 24.7522
v  16.3777 -2.8965 24.7522
v  16.3815 -1.2035 24.8039
v  16.3814 -1.1800 24.8236
v  16.3819 -1.0916 24.8239
v  16.3822 -1.0678 24.8043
v  16.3832 -1.0673 24.6897
v  16.3833 -1.0911 24.6696
v  16.3828 -1.1804 24.6699
v  16.3824 -1.2040 24.6900
v  16.3357 -1.2674 24.7468
v  16.3353 -1.2592 24.7920
v  16.3351 -1.2363 24.8314
v  16.3350 -1.2014 24.8607
v  16.3351 -1.1586 24.8763
v  16.3354 -1.1130 24.8765
v  16.3358 -1.0700 24.8612
v  16.3363 -1.0347 24.8320
v  16.3368 -1.0114 24.7922
v  16.3371 -1.0031 24.7472
v  16.3375 -1.0108 24.7017
v  16.3376 -1.0338 24.6615
v  16.3377 -1.0692 24.6318
v  16.3376 -1.1127 24.6160
v  16.3373 -1.1589 24.6162
v  16.3370 -1.2022 24.6323
v  16.3365 -1.2372 24.6621
v  16.3360 -1.2599 24.7020
v  16.3617 -1.2480 24.7478
v  16.3615 -1.2408 24.7859
v  16.3614 -1.2216 24.8187
v  16.3614 -1.1930 24.8430
v  16.3612 -1.1555 24.8573
v  16.3604 -1.1173 24.8565
v  16.3620 -1.0786 24.8435
v  16.3623 -1.0497 24.8193
v  16.3627 -1.0302 24.7863
v  16.3629 -1.0227 24.7472
v  16.3633 -1.0295 24.7082
v  16.3636 -1.0488 24.6746
v  16.3637 -1.0778 24.6500
v  16.3634 -1.1168 24.6354
v  16.3632 -1.1561 24.6357
v  16.3631 -1.1938 24.6505
v  16.3626 -1.2224 24.6752
v  16.3621 -1.2414 24.7086
v  16.3286 -1.2710 24.7468
v  16.3282 -1.2627 24.7933
v  16.3280 -1.2391 24.8338
v  16.3279 -1.2032 24.8638
v  16.3280 -1.1593 24.8799
v  16.3283 -1.1124 24.8801
v  16.3287 -1.0682 24.8643
v  16.3292 -1.0319 24.8343
v  16.3297 -1.0079 24.7935
v  16.3301 -0.9994 24.7472
v  16.3304 -1.0074 24.7004
v  16.3306 -1.0310 24.6592
v  16.3307 -1.0674 24.6286
v  16.3306 -1.1121 24.6124
v  16.3303 -1.1596 24.6126
v  16.3299 -1.2040 24.6291
v  16.3295 -1.2400 24.6597
v  16.3290 -1.2633 24.7008
v  16.3131 -1.2539 24.7468
v  16.3127 -1.2465 24.7874
v  16.3125 -1.2260 24.8227
v  16.3124 -1.1946 24.8490
v  16.3125 -1.1562 24.8630
v  16.3128 -1.1153 24.8632
v  16.3131 -1.0767 24.8494
v  16.3136 -1.0450 24.8232
v  16.3140 -1.0241 24.7875
v  16.3143 -1.0167 24.7471
v  16.3146 -1.0236 24.7063
v  16.3148 -1.0442 24.6703
v  16.3149 -1.0760 24.6435
v  16.3148 -1.1151 24.6294
v  16.3145 -1.1565 24.6296
v  16.3142 -1.1953 24.6440
v  16.3138 -1.2268 24.6708
v  16.3134 -1.2471 24.7066
v  16.3202 -1.2689 24.7468
v  16.3198 -1.2606 24.7925
v  16.3195 -1.2374 24.8324
v  16.3195 -1.2021 24.8620
v  16.3196 -1.1589 24.8778
v  16.3199 -1.1128 24.8780
v  16.3203 -1.0693 24.8625
v  16.3207 -1.0335 24.8330
v  16.3212 -1.0100 24.7927
v  16.3216 -1.0015 24.7472
v  16.3219 -1.0094 24.7011
v  16.3221 -1.0326 24.6606
v  16.3222 -1.0685 24.6304
v  16.3221 -1.1125 24.6145
v  16.3218 -1.1592 24.6147
v  16.3215 -1.2029 24.6309
v  16.3210 -1.2384 24.6611
v  16.3205 -1.2613 24.7015
v  16.3137 -1.1355 24.7467
v  16.3850 -1.1357 24.6605
v  16.3375 -1.1358 24.6133
v  16.3633 -1.1365 24.6331
v  16.3305 -1.1358 24.6097
v  16.3147 -1.1358 24.6270
v  16.3220 -1.1358 24.6118
v  16.3850 -1.1344 24.8302
v  16.3352 -1.1358 24.8791
v  16.3607 -1.1364 24.8592
v  16.3281 -1.1358 24.8828
v  16.3126 -1.1358 24.8655
v  16.3197 -1.1358 24.8806
v  16.3777 -1.1348 24.6936
v  16.3777 -1.1348 24.7216
v  16.3777 -1.1348 24.7694
v  16.3777 -1.1348 24.7975
v  16.3777 -1.0828 24.7455
v  16.3777 -1.1109 24.7455
v  16.3777 -1.1348 24.7455
v  16.3777 -1.1587 24.7455
v  16.3777 -1.1867 24.7455
v  16.3152 -1.2649 24.7468
v  16.3148 -1.2569 24.7912
v  16.3146 -1.2344 24.8298
v  16.3145 -1.2002 24.8586
v  16.3146 -1.1582 24.8739
v  16.3149 -1.1134 24.8741
v  16.3153 -1.0712 24.8590
v  16.3157 -1.0366 24.8304
v  16.3162 -1.0137 24.7914
v  16.3165 -1.0055 24.7471
v  16.3169 -1.0131 24.7025
v  16.3171 -1.0357 24.6631
v  16.3172 -1.0704 24.6339
v  16.3170 -1.1131 24.6184
v  16.3168 -1.1585 24.6186
v  16.3164 -1.2009 24.6344
v  16.3160 -1.2353 24.6637
v  16.3155 -1.2575 24.7028
v  16.3169 -1.1358 24.6158
v  16.3147 -1.1358 24.8767
v  16.3981 -1.1560 24.6916
v  16.4025 -1.1664 24.7141
v  16.3983 -1.1884 24.7239
v  16.3853 -1.2192 24.7457
v  16.3983 -1.1887 24.7666
v  16.4025 -1.1663 24.7769
v  16.3981 -1.1560 24.7995
v  16.3981 -1.1137 24.7995
v  16.4025 -1.1033 24.7769
v  16.3983 -1.0809 24.7666
v  16.3852 -1.0503 24.7472
v  16.3983 -1.0809 24.7245
v  16.4025 -1.1032 24.7141
v  16.3982 -1.1136 24.6915
v  16.4000 -1.1876 24.7618
v  16.3947 -1.1865 24.7610
v  16.4051 -1.1624 24.7731
v  16.3995 -1.1617 24.7724
v  16.4000 -1.1510 24.7983
v  16.3947 -1.1503 24.7972
v  16.3880 -1.1343 24.8254
v  16.4000 -1.1186 24.7983
v  16.3947 -1.1193 24.7972
v  16.4051 -1.1072 24.7731
v  16.3995 -1.1079 24.7724
v  16.4000 -1.0821 24.7618
v  16.3947 -1.0831 24.7610
v  16.4000 -1.0821 24.7293
v  16.3947 -1.0831 24.7300
v  16.4051 -1.1072 24.7179
v  16.3995 -1.1079 24.7187
v  16.4000 -1.1186 24.6928
v  16.3947 -1.1193 24.6938
v  16.3879 -1.1356 24.6653
v  16.4000 -1.1510 24.6928
v  16.3947 -1.1503 24.6938
v  16.4051 -1.1624 24.7179
v  16.3995 -1.1617 24.7187
v  16.4000 -1.1875 24.7293
v  16.3947 -1.1865 24.7300
v  16.3885 -1.2147 24.7456
v  16.3885 -1.0549 24.7471
v  16.3829 -1.1216 24.6693
v  16.3832 -1.1271 24.6685
v  16.3777 -1.1225 24.6716
v  16.3777 -1.1281 24.6712
v  16.3777 -1.1225 24.6772
v  16.3777 -1.1348 24.6706
v  16.3828 -1.1351 24.6679
v  16.3777 -1.1348 24.6762
v  16.3777 -1.1471 24.6716
v  16.3777 -1.1415 24.6712
v  16.3829 -1.1480 24.6693
v  16.3777 -1.1471 24.6772
v  16.3843 -1.1483 24.6748
v  16.3777 -1.1471 24.6936
v  16.3831 -1.1481 24.6936
v  16.3777 -1.1415 24.6947
v  16.3777 -1.1587 24.7216
v  16.3832 -1.1594 24.7209
v  16.3777 -1.1544 24.7259
v  16.3777 -1.1867 24.7332
v  16.3831 -1.1869 24.7322
v  16.3777 -1.1856 24.7388
v  16.3777 -1.2087 24.7332
v  16.3777 -1.2031 24.7332
v  16.3829 -1.2110 24.7323
v  16.3777 -1.2092 24.7388
v  16.3833 -1.2116 24.7378
v  16.3777 -1.2097 24.7455
v  16.3831 -1.2122 24.7455
v  16.3777 -1.2041 24.7455
v  16.3777 -1.2087 24.7578
v  16.3777 -1.2092 24.7523
v  16.3829 -1.2110 24.7587
v  16.3777 -1.2031 24.7578
v  16.3843 -1.2055 24.7590
v  16.3777 -1.1867 24.7578
v  16.3831 -1.1867 24.7588
v  16.3777 -1.1856 24.7522
v  16.3777 -1.1587 24.7694
v  16.3832 -1.1594 24.7702
v  16.3777 -1.1544 24.7652
v  16.3777 -1.1471 24.7975
v  16.3831 -1.1481 24.7976
v  16.3777 -1.1415 24.7964
v  16.3777 -1.1471 24.8194
v  16.3777 -1.1471 24.8138
v  16.3829 -1.1480 24.8218
v  16.3777 -1.1415 24.8199
v  16.3832 -1.1425 24.8224
v  16.3777 -1.1348 24.8204
v  16.3828 -1.1347 24.8229
v  16.3777 -1.1348 24.8148
v  16.3777 -1.1225 24.8194
v  16.3777 -1.1281 24.8199
v  16.3829 -1.1216 24.8218
v  16.3777 -1.1225 24.8138
v  16.3843 -1.1213 24.8163
v  16.3777 -1.1225 24.7975
v  16.3831 -1.1215 24.7974
v  16.3777 -1.1281 24.7964
v  16.3777 -1.1109 24.7694
v  16.3832 -1.1101 24.7702
v  16.3777 -1.1151 24.7652
v  16.3777 -1.0828 24.7578
v  16.3831 -1.0827 24.7588
v  16.3777 -1.0839 24.7522
v  16.3777 -1.0609 24.7578
v  16.3777 -1.0665 24.7578
v  16.3829 -1.0586 24.7587
v  16.3777 -1.0604 24.7523
v  16.3832 -1.0579 24.7532
v  16.3777 -1.0599 24.7455
v  16.3831 -1.0574 24.7464
v  16.3777 -1.0655 24.7455
v  16.3777 -1.0609 24.7332
v  16.3777 -1.0604 24.7388
v  16.3828 -1.0584 24.7323
v  16.3777 -1.0665 24.7332
v  16.3843 -1.0638 24.7320
v  16.3777 -1.0828 24.7332
v  16.3831 -1.0829 24.7322
v  16.3777 -1.0839 24.7388
v  16.3777 -1.1109 24.7216
v  16.3832 -1.1101 24.7209
v  16.3777 -1.1151 24.7259
v  16.3777 -1.1225 24.6936
v  16.3831 -1.1215 24.6934
v  16.3777 -1.1281 24.6947
v  16.3851 -1.2169 24.7650
v  16.3882 -1.2134 24.7597
v  16.3905 -1.2082 24.7601
v  16.3883 -1.2138 24.7547
v  16.3882 -1.1489 24.8241
v  16.3881 -1.1438 24.8246
v  16.3905 -1.1494 24.8189
v  16.3850 -1.1532 24.8284
v  16.3882 -1.1206 24.8241
v  16.3905 -1.1202 24.8189
v  16.3881 -1.1258 24.8246
v  16.3852 -1.1166 24.8283
v  16.3849 -1.0522 24.7260
v  16.3879 -1.0558 24.7314
v  16.3902 -1.0608 24.7310
v  16.3881 -1.0555 24.7363
v  16.3882 -1.1206 24.6670
v  16.3881 -1.1258 24.6664
v  16.3905 -1.1202 24.6721
v  16.3852 -1.1165 24.6628
v  16.3882 -1.1489 24.6670
v  16.3905 -1.1494 24.6721
v  16.3881 -1.1438 24.6663
v  16.3851 -1.1534 24.6627
v  16.3851 -1.2170 24.7260
v  16.3882 -1.2134 24.7314
v  16.3883 -1.2138 24.7364
v  16.3905 -1.2082 24.7309
v  16.3853 -1.0529 24.7650
v  16.3882 -1.0562 24.7597
v  16.3883 -1.0557 24.7546
v  16.3905 -1.0613 24.7601
v  16.3832 -1.1425 24.6685
v  16.3843 -1.2055 24.7320
v  16.3833 -1.2116 24.7532
v  16.3843 -1.1483 24.8163
v  16.3832 -1.1271 24.8225
v  16.3843 -1.0641 24.7590
v  16.3832 -1.0579 24.7379
v  16.3842 -1.1213 24.6748
v  16.3777 -1.1415 24.6768
v  16.3777 -1.0660 24.7388
v  16.3777 -1.2036 24.7388
v  16.3777 -1.1415 24.8143
v  16.3777 -1.1281 24.6768
v  16.3777 -1.1281 24.8143
v  16.3777 -1.0660 24.7522
v  16.3777 -1.2036 24.7522
v  15.6627 -1.1344 1.2391
v  16.3132 -1.0921 1.2391
v  16.3132 -1.0950 1.2546
v  16.3132 -1.1044 1.2690
v  16.3132 -1.1188 1.2784
v  16.3132 -1.1344 1.2814
v  16.3132 -1.1500 1.2784
v  16.3132 -1.1643 1.2690
v  16.3132 -1.1737 1.2546
v  16.3132 -1.1643 1.2092
v  16.3132 -1.1500 1.1997
v  16.3132 -1.1344 1.1968
v  16.3132 -1.1188 1.1997
v  16.3132 -1.1044 1.2092
v  16.3132 -1.0950 1.2235
v  16.3132 -1.1737 1.2235
v  16.3132 -1.1767 1.2391
v  15.6630 -1.0921 1.2391
v  15.6713 -1.0921 1.2391
v  15.6629 -1.1005 1.2391
v  15.6630 -1.0950 1.2235
v  15.6629 -1.1028 1.2267
v  15.6713 -1.0950 1.2235
v  15.6630 -1.0950 1.2547
v  15.6713 -1.0950 1.2547
v  15.6629 -1.1028 1.2515
v  15.6630 -1.1044 1.2690
v  15.6713 -1.1044 1.2690
v  15.6629 -1.1104 1.2630
v  15.6630 -1.1044 1.2092
v  15.6629 -1.1104 1.2151
v  15.6713 -1.1044 1.2092
v  15.6630 -1.1188 1.2784
v  15.6713 -1.1188 1.2784
v  15.6629 -1.1220 1.2706
v  15.6630 -1.1188 1.1997
v  15.6629 -1.1220 1.2075
v  15.6713 -1.1188 1.1997
v  15.6630 -1.1344 1.2814
v  15.6713 -1.1344 1.2814
v  15.6629 -1.1344 1.2730
v  15.6630 -1.1344 1.1968
v  15.6629 -1.1344 1.2052
v  15.6713 -1.1344 1.1968
v  15.6630 -1.1500 1.2784
v  15.6713 -1.1500 1.2784
v  15.6629 -1.1468 1.2706
v  15.6630 -1.1500 1.1997
v  15.6629 -1.1468 1.2075
v  15.6713 -1.1500 1.1997
v  15.6630 -1.1643 1.2690
v  15.6713 -1.1643 1.2690
v  15.6629 -1.1583 1.2630
v  15.6630 -1.1643 1.2092
v  15.6629 -1.1583 1.2151
v  15.6713 -1.1643 1.2092
v  15.6630 -1.1737 1.2547
v  15.6713 -1.1737 1.2547
v  15.6629 -1.1659 1.2515
v  15.6630 -1.1767 1.2391
v  15.6713 -1.1767 1.2391
v  15.6629 -1.1683 1.2391
v  15.6630 -1.1737 1.2235
v  15.6629 -1.1659 1.2267
v  15.6713 -1.1737 1.2235
v  15.6627 -2.8275 1.2391
v  16.3132 -2.7852 1.2391
v  16.3132 -2.7882 1.2546
v  16.3132 -2.7976 1.2690
v  16.3132 -2.8119 1.2784
v  16.3132 -2.8275 1.2814
v  16.3132 -2.8431 1.2784
v  16.3132 -2.8574 1.2690
v  16.3132 -2.8669 1.2546
v  16.3132 -2.8574 1.2091
v  16.3132 -2.8431 1.1997
v  16.3132 -2.8275 1.1968
v  16.3132 -2.8119 1.1997
v  16.3132 -2.7976 1.2091
v  16.3132 -2.7882 1.2235
v  16.3132 -2.8669 1.2235
v  16.3132 -2.8698 1.2391
v  15.6630 -2.7852 1.2391
v  15.6713 -2.7852 1.2391
v  15.6629 -2.7936 1.2391
v  15.6630 -2.7882 1.2235
v  15.6629 -2.7960 1.2267
v  15.6713 -2.7882 1.2235
v  15.6630 -2.7882 1.2547
v  15.6713 -2.7882 1.2547
v  15.6629 -2.7960 1.2515
v  15.6630 -2.7976 1.2690
v  15.6713 -2.7976 1.2690
v  15.6629 -2.8036 1.2630
v  15.6630 -2.7976 1.2092
v  15.6629 -2.8036 1.2151
v  15.6713 -2.7976 1.2092
v  15.6630 -2.8119 1.2784
v  15.6713 -2.8119 1.2784
v  15.6629 -2.8151 1.2706
v  15.6630 -2.8119 1.1997
v  15.6629 -2.8151 1.2075
v  15.6713 -2.8119 1.1997
v  15.6630 -2.8275 1.2814
v  15.6713 -2.8275 1.2814
v  15.6629 -2.8275 1.2730
v  15.6630 -2.8275 1.1968
v  15.6629 -2.8275 1.2052
v  15.6713 -2.8275 1.1968
v  15.6630 -2.8431 1.2784
v  15.6713 -2.8431 1.2784
v  15.6629 -2.8399 1.2706
v  15.6630 -2.8431 1.1997
v  15.6629 -2.8399 1.2075
v  15.6713 -2.8431 1.1997
v  15.6630 -2.8574 1.2690
v  15.6713 -2.8574 1.2690
v  15.6629 -2.8515 1.2630
v  15.6630 -2.8574 1.2092
v  15.6629 -2.8515 1.2151
v  15.6713 -2.8574 1.2092
v  15.6630 -2.8669 1.2547
v  15.6713 -2.8669 1.2547
v  15.6629 -2.8590 1.2515
v  15.6630 -2.8698 1.2391
v  15.6713 -2.8698 1.2391
v  15.6629 -2.8614 1.2391
v  15.6630 -2.8669 1.2235
v  15.6629 -2.8590 1.2267
v  15.6713 -2.8669 1.2235
v  15.6627 -1.1344 24.7452
v  16.3132 -1.0921 24.7452
v  16.3132 -1.0950 24.7607
v  16.3132 -1.1044 24.7751
v  16.3132 -1.1188 24.7845
v  16.3132 -1.1344 24.7875
v  16.3132 -1.1500 24.7845
v  16.3132 -1.1643 24.7751
v  16.3132 -1.1737 24.7607
v  16.3132 -1.1643 24.7153
v  16.3132 -1.1500 24.7058
v  16.3132 -1.1344 24.7029
v  16.3132 -1.1188 24.7058
v  16.3132 -1.1044 24.7153
v  16.3132 -1.0950 24.7296
v  16.3132 -1.1737 24.7296
v  16.3132 -1.1767 24.7452
v  15.6630 -1.0921 24.7452
v  15.6713 -1.0921 24.7452
v  15.6629 -1.1005 24.7452
v  15.6630 -1.0950 24.7296
v  15.6629 -1.1028 24.7328
v  15.6713 -1.0950 24.7296
v  15.6630 -1.0950 24.7608
v  15.6713 -1.0950 24.7608
v  15.6629 -1.1028 24.7576
v  15.6630 -1.1044 24.7751
v  15.6713 -1.1044 24.7751
v  15.6629 -1.1104 24.7691
v  15.6630 -1.1044 24.7153
v  15.6629 -1.1104 24.7212
v  15.6713 -1.1044 24.7153
v  15.6630 -1.1188 24.7845
v  15.6713 -1.1188 24.7845
v  15.6629 -1.1220 24.7767
v  15.6630 -1.1188 24.7058
v  15.6629 -1.1220 24.7136
v  15.6713 -1.1188 24.7058
v  15.6630 -1.1344 24.7875
v  15.6713 -1.1344 24.7875
v  15.6629 -1.1344 24.7791
v  15.6630 -1.1344 24.7029
v  15.6629 -1.1344 24.7113
v  15.6713 -1.1344 24.7029
v  15.6630 -1.1500 24.7845
v  15.6713 -1.1500 24.7845
v  15.6629 -1.1468 24.7767
v  15.6630 -1.1500 24.7058
v  15.6629 -1.1468 24.7136
v  15.6713 -1.1500 24.7058
v  15.6630 -1.1643 24.7751
v  15.6713 -1.1643 24.7751
v  15.6629 -1.1583 24.7691
v  15.6630 -1.1643 24.7153
v  15.6629 -1.1583 24.7212
v  15.6713 -1.1643 24.7153
v  15.6630 -1.1737 24.7608
v  15.6713 -1.1737 24.7608
v  15.6629 -1.1659 24.7576
v  15.6630 -1.1767 24.7452
v  15.6713 -1.1767 24.7452
v  15.6629 -1.1683 24.7452
v  15.6630 -1.1737 24.7296
v  15.6629 -1.1659 24.7328
v  15.6713 -1.1737 24.7296
v  15.6627 -2.8275 24.7452
v  16.3132 -2.7852 24.7452
v  16.3132 -2.7882 24.7607
v  16.3132 -2.7976 24.7751
v  16.3132 -2.8119 24.7845
v  16.3132 -2.8275 24.7875
v  16.3132 -2.8431 24.7845
v  16.3132 -2.8574 24.7751
v  16.3132 -2.8669 24.7607
v  16.3132 -2.8574 24.7152
v  16.3132 -2.8431 24.7058
v  16.3132 -2.8275 24.7029
v  16.3132 -2.8119 24.7058
v  16.3132 -2.7976 24.7152
v  16.3132 -2.7882 24.7296
v  16.3132 -2.8669 24.7296
v  16.3132 -2.8698 24.7452
v  15.6630 -2.7852 24.7452
v  15.6713 -2.7852 24.7452
v  15.6629 -2.7936 24.7452
v  15.6630 -2.7882 24.7296
v  15.6629 -2.7960 24.7328
v  15.6713 -2.7882 24.7296
v  15.6630 -2.7882 24.7607
v  15.6713 -2.7882 24.7607
v  15.6629 -2.7960 24.7576
v  15.6630 -2.7976 24.7751
v  15.6713 -2.7976 24.7751
v  15.6629 -2.8036 24.7691
v  15.6630 -2.7976 24.7153
v  15.6629 -2.8036 24.7212
v  15.6713 -2.7976 24.7153
v  15.6630 -2.8119 24.7845
v  15.6713 -2.8119 24.7845
v  15.6629 -2.8151 24.7767
v  15.6630 -2.8119 24.7058
v  15.6629 -2.8151 24.7136
v  15.6713 -2.8119 24.7058
v  15.6630 -2.8275 24.7875
v  15.6713 -2.8275 24.7875
v  15.6629 -2.8275 24.7791
v  15.6630 -2.8275 24.7029
v  15.6629 -2.8275 24.7113
v  15.6713 -2.8275 24.7029
v  15.6630 -2.8431 24.7845
v  15.6713 -2.8431 24.7845
v  15.6629 -2.8399 24.7767
v  15.6630 -2.8431 24.7058
v  15.6629 -2.8399 24.7136
v  15.6713 -2.8431 24.7058
v  15.6630 -2.8574 24.7751
v  15.6713 -2.8574 24.7751
v  15.6629 -2.8515 24.7691
v  15.6630 -2.8574 24.7153
v  15.6629 -2.8515 24.7212
v  15.6713 -2.8574 24.7153
v  15.6630 -2.8669 24.7607
v  15.6713 -2.8669 24.7607
v  15.6629 -2.8590 24.7576
v  15.6630 -2.8698 24.7452
v  15.6713 -2.8698 24.7452
v  15.6629 -2.8614 24.7452
v  15.6630 -2.8669 24.7296
v  15.6629 -2.8590 24.7328
v  15.6713 -2.8669 24.7296
v  16.5647 -0.5699 8.3661
v  16.5707 -0.5699 8.3660
v  16.5293 -0.5697 8.3612
v  16.5267 -0.5705 8.2656
v  16.5647 -0.5705 8.2656
v  16.5264 -0.5758 8.2386
v  16.5650 -0.5758 8.2385
v  16.5647 -0.5901 8.2160
v  16.5267 -0.5901 8.2159
v  16.5268 -0.6140 8.1987
v  16.5646 -0.6140 8.1988
v  16.5084 -0.5713 8.3514
v  16.4762 -0.5720 8.3496
v  16.4762 -0.5773 8.3344
v  16.5027 -0.5760 8.3348
v  16.4763 -0.5861 8.3203
v  16.4763 -0.6112 8.3001
v  16.4982 -0.6116 8.2999
v  16.4997 -0.5865 8.3197
v  16.5074 -0.6180 8.2058
v  16.5079 -0.6441 8.1996
v  16.5129 -0.6441 8.1946
v  16.5124 -0.6154 8.2009
v  16.5071 -0.5837 8.2424
v  16.5078 -0.5952 8.2212
v  16.5127 -0.5916 8.2176
v  16.5120 -0.5783 8.2399
v  16.5092 -0.5751 8.3285
v  16.5075 -0.5785 8.2654
v  16.5124 -0.5730 8.2654
v  16.5156 -0.5707 8.3448
v  16.5057 -0.6441 8.2862
v  16.5057 -0.6441 8.2657
v  16.5057 -0.5868 8.2657
v  16.5057 -0.6091 8.2943
v  16.5786 -0.5722 8.3660
v  16.5836 -0.5772 8.3660
v  16.5835 -0.5765 8.4923
v  16.5785 -0.5727 8.2653
v  16.5835 -0.5777 8.2653
v  16.5788 -0.5781 8.2391
v  16.5784 -0.5922 8.2168
v  16.5834 -0.5963 8.2196
v  16.5837 -0.5831 8.2406
v  16.5782 -0.6152 8.2005
v  16.5783 -0.6441 8.1944
v  16.5834 -0.6441 8.1993
v  16.5832 -0.6175 8.2046
v  16.5857 -0.5915 8.2663
v  16.5857 -0.5963 8.2455
v  16.5857 -0.6441 8.2656
v  16.5267 -0.6441 8.1924
v  16.5647 -0.6441 8.1923
v  16.4762 -0.6441 8.2923
v  16.4995 -0.6441 8.2923
v  16.5058 -0.5835 8.3152
v  16.5857 -0.6441 8.3660
v  16.5857 -0.6441 8.4923
v  16.5857 -0.5903 8.4923
v  16.5857 -0.5911 8.3661
v  16.5857 -0.5851 8.3660
v  16.5857 -0.5843 8.4923
v  16.5857 -0.5855 8.2656
v  16.5707 -0.5705 8.2656
v  16.5857 -0.6024 8.2242
v  16.5857 -0.5907 8.2432
v  16.5710 -0.5758 8.2386
v  16.5707 -0.5901 8.2160
v  16.5857 -0.6441 8.2071
v  16.5857 -0.6208 8.2113
v  16.5706 -0.6140 8.1988
v  16.5707 -0.6441 8.1923
v  16.5857 -0.6232 8.2170
v  16.5857 -0.6441 8.2132
v  16.5857 -0.6068 8.2284
v  16.5145 -0.5696 8.3658
v  16.4761 -0.5699 8.3661
v  16.5207 -0.6441 8.1924
v  16.5208 -0.6140 8.1987
v  16.5057 -0.6219 8.2137
v  16.5057 -0.6441 8.2072
v  16.5207 -0.5901 8.2159
v  16.5204 -0.5758 8.2386
v  16.5057 -0.5920 8.2460
v  16.5057 -0.6007 8.2265
v  16.5207 -0.5705 8.2656
v  16.5233 -0.5696 8.3600
v  16.5260 -0.5699 8.3685
v  16.5085 -0.5764 8.3340
v  16.5139 -0.5717 8.3497
v  16.5042 -0.6117 8.2998
v  16.5057 -0.5868 8.3194
v  16.5054 -0.6441 8.2923
v  16.5207 -0.5699 8.3660
v  16.4761 -0.5699 8.3721
v  16.5176 -0.5694 8.3721
v  16.5707 -0.7182 8.3660
v  16.5647 -0.7182 8.3661
v  16.5293 -0.7185 8.3612
v  16.5647 -0.7177 8.2656
v  16.5267 -0.7177 8.2656
v  16.5650 -0.7124 8.2385
v  16.5264 -0.7124 8.2386
v  16.5647 -0.6981 8.2160
v  16.5646 -0.6741 8.1988
v  16.5268 -0.6742 8.1987
v  16.5267 -0.6981 8.2159
v  16.5084 -0.7168 8.3514
v  16.5027 -0.7121 8.3348
v  16.4762 -0.7109 8.3344
v  16.4762 -0.7162 8.3496
v  16.4763 -0.7021 8.3203
v  16.4997 -0.7017 8.3197
v  16.4982 -0.6766 8.2999
v  16.4763 -0.6770 8.3001
v  16.5074 -0.6702 8.2058
v  16.5124 -0.6728 8.2009
v  16.5071 -0.7045 8.2424
v  16.5120 -0.7099 8.2399
v  16.5127 -0.6965 8.2176
v  16.5078 -0.6930 8.2212
v  16.5092 -0.7130 8.3276
v  16.5156 -0.7174 8.3438
v  16.5124 -0.7152 8.2654
v  16.5075 -0.7097 8.2654
v  16.5057 -0.6791 8.2943
v  16.5057 -0.7014 8.2657
v  16.5835 -0.7116 8.4923
v  16.5836 -0.7109 8.3660
v  16.5786 -0.7160 8.3660
v  16.5835 -0.7105 8.2653
v  16.5785 -0.7155 8.2653
v  16.5788 -0.7100 8.2391
v  16.5837 -0.7051 8.2406
v  16.5834 -0.6918 8.2196
v  16.5784 -0.6959 8.2168
v  16.5782 -0.6730 8.2005
v  16.5832 -0.6707 8.2046
v  16.5857 -0.6967 8.2663
v  16.5857 -0.6918 8.2455
v  16.5058 -0.7047 8.3152
v  16.5857 -0.6970 8.3661
v  16.5857 -0.6979 8.4923
v  16.5857 -0.7039 8.4923
v  16.5857 -0.7030 8.3660
v  16.5857 -0.7027 8.2656
v  16.5707 -0.7177 8.2656
v  16.5857 -0.6974 8.2432
v  16.5857 -0.6858 8.2242
v  16.5707 -0.6980 8.2160
v  16.5710 -0.7124 8.2386
v  16.5857 -0.6673 8.2113
v  16.5706 -0.6741 8.1988
v  16.5857 -0.6650 8.2170
v  16.5857 -0.6813 8.2284
v  16.4761 -0.7183 8.3661
v  16.5145 -0.7186 8.3658
v  16.5208 -0.6742 8.1987
v  16.5057 -0.6663 8.2137
v  16.5204 -0.7123 8.2386
v  16.5207 -0.6981 8.2159
v  16.5057 -0.6875 8.2265
v  16.5057 -0.6961 8.2460
v  16.5233 -0.7185 8.3600
v  16.5207 -0.7177 8.2656
v  16.5260 -0.7182 8.3685
v  16.5139 -0.7165 8.3497
v  16.5085 -0.7118 8.3340
v  16.5057 -0.7014 8.3194
v  16.5042 -0.6764 8.2998
v  16.5207 -0.7182 8.3660
v  16.4761 -0.7183 8.3721
v  16.5176 -0.7188 8.3721
v  16.4761 -0.5693 8.4923
v  16.4763 -0.5861 8.6643
v  16.5057 -0.5868 8.7189
v  16.5057 -0.6007 8.7580
v  16.5057 -0.6441 8.7774
v  16.4763 -0.6112 8.6845
v  16.5057 -0.6219 8.7708
v  16.5057 -0.5920 8.7386
v  16.5786 -0.5715 8.4923
v  16.5785 -0.5727 8.7192
v  16.5835 -0.5777 8.7193
v  16.5784 -0.5922 8.7678
v  16.5834 -0.5963 8.7650
v  16.5783 -0.6441 8.7902
v  16.5782 -0.6152 8.7841
v  16.5832 -0.6175 8.7799
v  16.5788 -0.5781 8.7455
v  16.5837 -0.5831 8.7440
v  16.4762 -0.5773 8.6502
v  16.4762 -0.5720 8.6349
v  16.5078 -0.5952 8.7634
v  16.5127 -0.5916 8.7670
v  16.5075 -0.5785 8.7192
v  16.5124 -0.5730 8.7192
v  16.5129 -0.6441 8.7900
v  16.5074 -0.6180 8.7788
v  16.5124 -0.6154 8.7837
v  16.5071 -0.5837 8.7422
v  16.5120 -0.5783 8.7447
v  16.5139 -0.5717 8.6349
v  16.5084 -0.5713 8.6332
v  16.5156 -0.5707 8.6398
v  16.5057 -0.5868 8.6652
v  16.5058 -0.5835 8.6694
v  16.4997 -0.5865 8.6648
v  16.5042 -0.6117 8.6848
v  16.4982 -0.6116 8.6847
v  16.5057 -0.6091 8.6903
v  16.4995 -0.6441 8.6923
v  16.5786 -0.5722 8.6186
v  16.5836 -0.5772 8.6186
v  16.5085 -0.5764 8.6506
v  16.5027 -0.5760 8.6498
v  16.5092 -0.5751 8.6560
v  16.5709 -0.5693 8.4923
v  16.5707 -0.5699 8.6185
v  16.5647 -0.5699 8.6185
v  16.5145 -0.5696 8.6188
v  16.5176 -0.5694 8.6125
v  16.4761 -0.5699 8.6185
v  16.4761 -0.5699 8.6125
v  16.5707 -0.5705 8.7190
v  16.5647 -0.5705 8.7190
v  16.5207 -0.5705 8.7190
v  16.5267 -0.5705 8.7190
v  16.5233 -0.5696 8.6245
v  16.5293 -0.5697 8.6234
v  16.5710 -0.5758 8.7460
v  16.5650 -0.5758 8.7460
v  16.5204 -0.5758 8.7460
v  16.5264 -0.5758 8.7460
v  16.5707 -0.5901 8.7686
v  16.5647 -0.5901 8.7686
v  16.5706 -0.6140 8.7858
v  16.5646 -0.6140 8.7858
v  16.5208 -0.6140 8.7859
v  16.5268 -0.6140 8.7859
v  16.5207 -0.5901 8.7687
v  16.5267 -0.5901 8.7687
v  16.5857 -0.5907 8.7414
v  16.5857 -0.5963 8.7390
v  16.5857 -0.5855 8.7190
v  16.5857 -0.5915 8.7183
v  16.5207 -0.6441 8.7922
v  16.5707 -0.6441 8.7923
v  16.5647 -0.6441 8.7923
v  16.5857 -0.5851 8.6185
v  16.5857 -0.5911 8.6185
v  16.5857 -0.6441 8.7714
v  16.5857 -0.6024 8.7604
v  16.5857 -0.6068 8.7562
v  16.5857 -0.6208 8.7733
v  16.5857 -0.6232 8.7676
v  16.5207 -0.5699 8.6185
v  16.5260 -0.5699 8.6161
v  16.5647 -0.5693 8.4923
v  16.5647 -0.7189 8.4923
v  16.5709 -0.7189 8.4923
v  16.5707 -0.7182 8.6185
v  16.5647 -0.7182 8.6185
v  16.5293 -0.7185 8.6234
v  16.5647 -0.7177 8.7190
v  16.5267 -0.7177 8.7190
v  16.5650 -0.7124 8.7460
v  16.5264 -0.7124 8.7460
v  16.5647 -0.6981 8.7686
v  16.5646 -0.6741 8.7858
v  16.5268 -0.6742 8.7859
v  16.5267 -0.6981 8.7687
v  16.5084 -0.7168 8.6332
v  16.5027 -0.7121 8.6498
v  16.4762 -0.7109 8.6502
v  16.4762 -0.7162 8.6349
v  16.4763 -0.7021 8.6643
v  16.4997 -0.7017 8.6648
v  16.4982 -0.6766 8.6847
v  16.4763 -0.6770 8.6845
v  16.5074 -0.6702 8.7788
v  16.5124 -0.6728 8.7837
v  16.5079 -0.6441 8.7850
v  16.5071 -0.7045 8.7422
v  16.5120 -0.7099 8.7447
v  16.5127 -0.6965 8.7670
v  16.5078 -0.6930 8.7634
v  16.5092 -0.7130 8.6570
v  16.5156 -0.7174 8.6407
v  16.5124 -0.7152 8.7192
v  16.5075 -0.7097 8.7192
v  16.5057 -0.6441 8.6984
v  16.5057 -0.6791 8.6903
v  16.5057 -0.7014 8.7189
v  16.5057 -0.6441 8.7189
v  16.5786 -0.7166 8.4923
v  16.5836 -0.7109 8.6186
v  16.5786 -0.7160 8.6186
v  16.5835 -0.7105 8.7193
v  16.5785 -0.7155 8.7192
v  16.5788 -0.7100 8.7455
v  16.5837 -0.7051 8.7440
v  16.5834 -0.6918 8.7650
v  16.5784 -0.6959 8.7678
v  16.5782 -0.6730 8.7841
v  16.5832 -0.6707 8.7799
v  16.5834 -0.6441 8.7853
v  16.5857 -0.6967 8.7183
v  16.5857 -0.6441 8.7190
v  16.5857 -0.6918 8.7390
v  16.5267 -0.6441 8.7922
v  16.4762 -0.6441 8.6923
v  16.5058 -0.7047 8.6694
v  16.5857 -0.6441 8.6185
v  16.5857 -0.6970 8.6185
v  16.5857 -0.7030 8.6185
v  16.5857 -0.7027 8.7190
v  16.5707 -0.7177 8.7190
v  16.5857 -0.6974 8.7414
v  16.5857 -0.6858 8.7604
v  16.5707 -0.6980 8.7686
v  16.5710 -0.7124 8.7460
v  16.5857 -0.6673 8.7733
v  16.5857 -0.6441 8.7775
v  16.5706 -0.6741 8.7858
v  16.5857 -0.6650 8.7676
v  16.5857 -0.6813 8.7562
v  16.4761 -0.7183 8.6185
v  16.5145 -0.7186 8.6188
v  16.5208 -0.6742 8.7859
v  16.5057 -0.6663 8.7708
v  16.5204 -0.7123 8.7460
v  16.5207 -0.6981 8.7687
v  16.5057 -0.6875 8.7580
v  16.5057 -0.6961 8.7386
v  16.5233 -0.7185 8.6245
v  16.5207 -0.7177 8.7190
v  16.5260 -0.7182 8.6161
v  16.5139 -0.7165 8.6349
v  16.5085 -0.7118 8.6506
v  16.5057 -0.7014 8.6652
v  16.5042 -0.6764 8.6848
v  16.5054 -0.6441 8.6923
v  16.5207 -0.7182 8.6185
v  16.4761 -0.7183 8.6125
v  16.5176 -0.7188 8.6125
v  16.4761 -0.7189 8.4923
v  16.5176 -0.7189 8.4923
v  16.5262 -0.7189 8.4923
v  16.5176 -0.5693 8.4923
v  16.5263 -0.5693 8.4923
v  16.5647 -0.5699 15.8662
v  16.5707 -0.5699 15.8662
v  16.5293 -0.5697 15.8614
v  16.5267 -0.5705 15.7657
v  16.5647 -0.5705 15.7658
v  16.5264 -0.5758 15.7388
v  16.5650 -0.5758 15.7387
v  16.5647 -0.5901 15.7161
v  16.5267 -0.5901 15.7161
v  16.5268 -0.6140 15.6989
v  16.5646 -0.6140 15.6989
v  16.5084 -0.5713 15.8515
v  16.4762 -0.5720 15.8498
v  16.4762 -0.5773 15.8345
v  16.5027 -0.5760 15.8350
v  16.4763 -0.5861 15.8205
v  16.4763 -0.6112 15.8002
v  16.4982 -0.6116 15.8000
v  16.4997 -0.5865 15.8199
v  16.5074 -0.6180 15.7060
v  16.5079 -0.6441 15.6997
v  16.5129 -0.6441 15.6947
v  16.5124 -0.6154 15.7010
v  16.5071 -0.5837 15.7426
v  16.5078 -0.5952 15.7214
v  16.5127 -0.5916 15.7178
v  16.5120 -0.5783 15.7401
v  16.5092 -0.5751 15.8287
v  16.5075 -0.5785 15.7655
v  16.5124 -0.5730 15.7655
v  16.5156 -0.5707 15.8449
v  16.5057 -0.6441 15.7863
v  16.5057 -0.6441 15.7659
v  16.5057 -0.5868 15.7659
v  16.5057 -0.6091 15.7944
v  16.5786 -0.5722 15.8662
v  16.5836 -0.5772 15.8662
v  16.5835 -0.5765 15.9924
v  16.5785 -0.5727 15.7655
v  16.5835 -0.5777 15.7655
v  16.5788 -0.5781 15.7392
v  16.5784 -0.5922 15.7170
v  16.5834 -0.5963 15.7197
v  16.5837 -0.5831 15.7407
v  16.5782 -0.6152 15.7006
v  16.5783 -0.6441 15.6946
v  16.5834 -0.6441 15.6995
v  16.5832 -0.6175 15.7048
v  16.5857 -0.5915 15.7664
v  16.5857 -0.5963 15.7457
v  16.5857 -0.6441 15.7657
v  16.5267 -0.6441 15.6925
v  16.5647 -0.6441 15.6925
v  16.4762 -0.6441 15.7924
v  16.4995 -0.6441 15.7925
v  16.5058 -0.5835 15.8153
v  16.5857 -0.6441 15.8662
v  16.5857 -0.6441 15.9924
v  16.5857 -0.5903 15.9924
v  16.5857 -0.5911 15.8662
v  16.5857 -0.5851 15.8662
v  16.5857 -0.5843 15.9924
v  16.5857 -0.5855 15.7657
v  16.5707 -0.5705 15.7658
v  16.5857 -0.6024 15.7243
v  16.5857 -0.5907 15.7434
v  16.5710 -0.5758 15.7387
v  16.5707 -0.5901 15.7161
v  16.5857 -0.6441 15.7072
v  16.5857 -0.6208 15.7115
v  16.5706 -0.6140 15.6989
v  16.5707 -0.6441 15.6925
v  16.5857 -0.6232 15.7171
v  16.5857 -0.6441 15.7133
v  16.5857 -0.6068 15.7286
v  16.5145 -0.5696 15.8660
v  16.4761 -0.5699 15.8662
v  16.5207 -0.6441 15.6925
v  16.5208 -0.6140 15.6989
v  16.5057 -0.6219 15.7139
v  16.5057 -0.6441 15.7073
v  16.5207 -0.5901 15.7161
v  16.5204 -0.5758 15.7387
v  16.5057 -0.5920 15.7461
v  16.5057 -0.6007 15.7267
v  16.5207 -0.5705 15.7658
v  16.5233 -0.5696 15.8602
v  16.5260 -0.5699 15.8687
v  16.5085 -0.5764 15.8341
v  16.5139 -0.5717 15.8498
v  16.5042 -0.6117 15.8000
v  16.5057 -0.5868 15.8195
v  16.5054 -0.6441 15.7925
v  16.5207 -0.5699 15.8662
v  16.4761 -0.5699 15.8723
v  16.5176 -0.5694 15.8722
v  16.5707 -0.7182 15.8662
v  16.5647 -0.7182 15.8662
v  16.5293 -0.7185 15.8614
v  16.5647 -0.7177 15.7658
v  16.5267 -0.7177 15.7657
v  16.5650 -0.7124 15.7387
v  16.5264 -0.7124 15.7388
v  16.5647 -0.6981 15.7161
v  16.5646 -0.6741 15.6989
v  16.5268 -0.6742 15.6989
v  16.5267 -0.6981 15.7161
v  16.5084 -0.7168 15.8515
v  16.5027 -0.7121 15.8350
v  16.4762 -0.7109 15.8345
v  16.4762 -0.7162 15.8498
v  16.4763 -0.7021 15.8205
v  16.4997 -0.7017 15.8199
v  16.4982 -0.6766 15.8000
v  16.4763 -0.6770 15.8002
v  16.5074 -0.6702 15.7060
v  16.5124 -0.6728 15.7010
v  16.5071 -0.7045 15.7426
v  16.5120 -0.7099 15.7401
v  16.5127 -0.6965 15.7178
v  16.5078 -0.6930 15.7214
v  16.5092 -0.7130 15.8278
v  16.5156 -0.7174 15.8440
v  16.5124 -0.7152 15.7655
v  16.5075 -0.7097 15.7655
v  16.5057 -0.6791 15.7944
v  16.5057 -0.7014 15.7659
v  16.5835 -0.7116 15.9924
v  16.5836 -0.7109 15.8662
v  16.5786 -0.7160 15.8662
v  16.5835 -0.7105 15.7655
v  16.5785 -0.7155 15.7655
v  16.5788 -0.7100 15.7392
v  16.5837 -0.7051 15.7407
v  16.5834 -0.6918 15.7197
v  16.5784 -0.6959 15.7170
v  16.5782 -0.6730 15.7006
v  16.5832 -0.6707 15.7048
v  16.5857 -0.6967 15.7664
v  16.5857 -0.6918 15.7457
v  16.5058 -0.7047 15.8153
v  16.5857 -0.6970 15.8662
v  16.5857 -0.6979 15.9924
v  16.5857 -0.7039 15.9924
v  16.5857 -0.7030 15.8662
v  16.5857 -0.7027 15.7657
v  16.5707 -0.7177 15.7658
v  16.5857 -0.6974 15.7434
v  16.5857 -0.6858 15.7243
v  16.5707 -0.6980 15.7161
v  16.5710 -0.7124 15.7387
v  16.5857 -0.6673 15.7115
v  16.5706 -0.6741 15.6989
v  16.5857 -0.6650 15.7171
v  16.5857 -0.6813 15.7286
v  16.4761 -0.7183 15.8662
v  16.5145 -0.7186 15.8660
v  16.5208 -0.6742 15.6989
v  16.5057 -0.6663 15.7139
v  16.5204 -0.7123 15.7387
v  16.5207 -0.6981 15.7161
v  16.5057 -0.6875 15.7267
v  16.5057 -0.6961 15.7461
v  16.5233 -0.7185 15.8602
v  16.5207 -0.7177 15.7658
v  16.5260 -0.7182 15.8687
v  16.5139 -0.7165 15.8498
v  16.5085 -0.7118 15.8341
v  16.5057 -0.7014 15.8195
v  16.5042 -0.6764 15.8000
v  16.5207 -0.7182 15.8662
v  16.4761 -0.7183 15.8723
v  16.5176 -0.7188 15.8722
v  16.4761 -0.5693 15.9924
v  16.4763 -0.5861 16.1644
v  16.5057 -0.5868 16.2190
v  16.5057 -0.6007 16.2582
v  16.5057 -0.6441 16.2775
v  16.4763 -0.6112 16.1847
v  16.5057 -0.6219 16.2710
v  16.5057 -0.5920 16.2388
v  16.5786 -0.5715 15.9924
v  16.5785 -0.5727 16.2194
v  16.5835 -0.5777 16.2194
v  16.5784 -0.5922 16.2679
v  16.5834 -0.5963 16.2652
v  16.5783 -0.6441 16.2903
v  16.5782 -0.6152 16.2842
v  16.5832 -0.6175 16.2801
v  16.5788 -0.5781 16.2457
v  16.5837 -0.5831 16.2441
v  16.4762 -0.5773 16.1504
v  16.4762 -0.5720 16.1351
v  16.5078 -0.5952 16.2635
v  16.5127 -0.5916 16.2671
v  16.5075 -0.5785 16.2194
v  16.5124 -0.5730 16.2194
v  16.5129 -0.6441 16.2901
v  16.5074 -0.6180 16.2789
v  16.5124 -0.6154 16.2839
v  16.5071 -0.5837 16.2423
v  16.5120 -0.5783 16.2448
v  16.5139 -0.5717 16.1350
v  16.5084 -0.5713 16.1334
v  16.5156 -0.5707 16.1400
v  16.5057 -0.5868 16.1653
v  16.5058 -0.5835 16.1695
v  16.4997 -0.5865 16.1650
v  16.5042 -0.6117 16.1849
v  16.4982 -0.6116 16.1848
v  16.5057 -0.6091 16.1904
v  16.4995 -0.6441 16.1924
v  16.5786 -0.5722 16.1187
v  16.5836 -0.5772 16.1187
v  16.5085 -0.5764 16.1508
v  16.5027 -0.5760 16.1499
v  16.5092 -0.5751 16.1562
v  16.5709 -0.5693 15.9924
v  16.5707 -0.5699 16.1187
v  16.5647 -0.5699 16.1187
v  16.5145 -0.5696 16.1189
v  16.5176 -0.5694 16.1127
v  16.4761 -0.5699 16.1186
v  16.4761 -0.5699 16.1126
v  16.5707 -0.5705 16.2191
v  16.5647 -0.5705 16.2191
v  16.5207 -0.5705 16.2191
v  16.5267 -0.5705 16.2192
v  16.5233 -0.5696 16.1247
v  16.5293 -0.5697 16.1235
v  16.5710 -0.5758 16.2462
v  16.5650 -0.5758 16.2462
v  16.5204 -0.5758 16.2461
v  16.5264 -0.5758 16.2461
v  16.5707 -0.5901 16.2688
v  16.5647 -0.5901 16.2687
v  16.5706 -0.6140 16.2859
v  16.5646 -0.6140 16.2859
v  16.5208 -0.6140 16.2860
v  16.5268 -0.6140 16.2860
v  16.5207 -0.5901 16.2688
v  16.5267 -0.5901 16.2688
v  16.5857 -0.5907 16.2415
v  16.5857 -0.5963 16.2392
v  16.5857 -0.5855 16.2191
v  16.5857 -0.5915 16.2184
v  16.5207 -0.6441 16.2924
v  16.5707 -0.6441 16.2924
v  16.5647 -0.6441 16.2924
v  16.5857 -0.5851 16.1187
v  16.5857 -0.5911 16.1187
v  16.5857 -0.6441 16.2716
v  16.5857 -0.6024 16.2605
v  16.5857 -0.6068 16.2563
v  16.5857 -0.6208 16.2734
v  16.5857 -0.6232 16.2677
v  16.5207 -0.5699 16.1187
v  16.5260 -0.5699 16.1162
v  16.5647 -0.5693 15.9924
v  16.5647 -0.7189 15.9924
v  16.5709 -0.7189 15.9924
v  16.5707 -0.7182 16.1187
v  16.5647 -0.7182 16.1187
v  16.5293 -0.7185 16.1235
v  16.5647 -0.7177 16.2191
v  16.5267 -0.7177 16.2192
v  16.5650 -0.7124 16.2462
v  16.5264 -0.7124 16.2461
v  16.5647 -0.6981 16.2687
v  16.5646 -0.6741 16.2859
v  16.5268 -0.6742 16.2860
v  16.5267 -0.6981 16.2688
v  16.5084 -0.7168 16.1334
v  16.5027 -0.7121 16.1499
v  16.4762 -0.7109 16.1504
v  16.4762 -0.7162 16.1351
v  16.4763 -0.7021 16.1644
v  16.4997 -0.7017 16.1650
v  16.4982 -0.6766 16.1848
v  16.4763 -0.6770 16.1847
v  16.5074 -0.6702 16.2789
v  16.5124 -0.6728 16.2839
v  16.5079 -0.6441 16.2852
v  16.5071 -0.7045 16.2423
v  16.5120 -0.7099 16.2448
v  16.5127 -0.6965 16.2671
v  16.5078 -0.6930 16.2635
v  16.5092 -0.7130 16.1571
v  16.5156 -0.7174 16.1409
v  16.5124 -0.7152 16.2194
v  16.5075 -0.7097 16.2194
v  16.5057 -0.6441 16.1986
v  16.5057 -0.6791 16.1904
v  16.5057 -0.7014 16.2190
v  16.5057 -0.6441 16.2190
v  16.5786 -0.7166 15.9924
v  16.5836 -0.7109 16.1187
v  16.5786 -0.7160 16.1187
v  16.5835 -0.7105 16.2194
v  16.5785 -0.7155 16.2194
v  16.5788 -0.7100 16.2457
v  16.5837 -0.7051 16.2441
v  16.5834 -0.6918 16.2652
v  16.5784 -0.6959 16.2679
v  16.5782 -0.6730 16.2842
v  16.5832 -0.6707 16.2801
v  16.5834 -0.6441 16.2854
v  16.5857 -0.6967 16.2184
v  16.5857 -0.6441 16.2191
v  16.5857 -0.6918 16.2392
v  16.5267 -0.6441 16.2924
v  16.4762 -0.6441 16.1924
v  16.5058 -0.7047 16.1695
v  16.5857 -0.6441 16.1187
v  16.5857 -0.6970 16.1187
v  16.5857 -0.7030 16.1187
v  16.5857 -0.7027 16.2191
v  16.5707 -0.7177 16.2191
v  16.5857 -0.6974 16.2415
v  16.5857 -0.6858 16.2605
v  16.5707 -0.6980 16.2688
v  16.5710 -0.7124 16.2462
v  16.5857 -0.6673 16.2734
v  16.5857 -0.6441 16.2777
v  16.5706 -0.6741 16.2859
v  16.5857 -0.6650 16.2677
v  16.5857 -0.6813 16.2563
v  16.4761 -0.7183 16.1186
v  16.5145 -0.7186 16.1189
v  16.5208 -0.6742 16.2860
v  16.5057 -0.6663 16.2710
v  16.5204 -0.7123 16.2461
v  16.5207 -0.6981 16.2688
v  16.5057 -0.6875 16.2582
v  16.5057 -0.6961 16.2388
v  16.5233 -0.7185 16.1247
v  16.5207 -0.7177 16.2191
v  16.5260 -0.7182 16.1162
v  16.5139 -0.7165 16.1350
v  16.5085 -0.7118 16.1508
v  16.5057 -0.7014 16.1653
v  16.5042 -0.6764 16.1849
v  16.5054 -0.6441 16.1924
v  16.5207 -0.7182 16.1187
v  16.4761 -0.7183 16.1126
v  16.5176 -0.7188 16.1127
v  16.4761 -0.7189 15.9924
v  16.5176 -0.7189 15.9924
v  16.5262 -0.7189 15.9924
v  16.5176 -0.5693 15.9924
v  16.5263 -0.5693 15.9924
v  16.3060 -3.0289 21.9931
v  16.3060 -3.0169 21.9326
v  16.3060 -2.9826 21.8812
v  16.3061 -2.9312 21.8471
v  16.3062 -2.8707 21.8353
v  16.3064 -2.8105 21.8476
v  16.3065 -2.7596 21.8819
v  16.3067 -2.7257 21.9330
v  16.3067 -2.7139 21.9931
v  16.3068 -2.7260 22.0531
v  16.3067 -2.7599 22.1039
v  16.3067 -2.8107 22.1380
v  16.3065 -2.8707 22.1503
v  16.3064 -2.9310 22.1385
v  16.3063 -2.9823 22.1046
v  16.3061 -3.0166 22.0535
v  16.5583 -2.8711 21.9929
v  16.3921 -3.0169 21.9326
v  16.3921 -3.0109 21.9350
v  16.3858 -3.0169 21.9326
v  16.3921 -3.0289 21.9931
v  16.3858 -3.0289 21.9931
v  16.3921 -3.0224 21.9931
v  16.3921 -2.9826 21.8812
v  16.3921 -2.9780 21.8858
v  16.3858 -2.9826 21.8813
v  16.3920 -2.9312 21.8471
v  16.3920 -2.9287 21.8531
v  16.3857 -2.9312 21.8471
v  16.3919 -2.8707 21.8353
v  16.3919 -2.8707 21.8418
v  16.3856 -2.8707 21.8353
v  16.3917 -2.8105 21.8476
v  16.3917 -2.8130 21.8536
v  16.3854 -2.8105 21.8476
v  16.3916 -2.7596 21.8819
v  16.3917 -2.7642 21.8865
v  16.3853 -2.7596 21.8819
v  16.3915 -2.7257 21.9330
v  16.3917 -2.7317 21.9355
v  16.3851 -2.7257 21.9330
v  16.3914 -2.7139 21.9931
v  16.3917 -2.7204 21.9931
v  16.3851 -2.7139 21.9931
v  16.3913 -2.7260 22.0531
v  16.3917 -2.7319 22.0506
v  16.3850 -2.7260 22.0531
v  16.3914 -2.7599 22.1039
v  16.3917 -2.7644 22.0994
v  16.3851 -2.7599 22.1039
v  16.3914 -2.8107 22.1380
v  16.3917 -2.8132 22.1321
v  16.3851 -2.8107 22.1380
v  16.3916 -2.8707 22.1503
v  16.3917 -2.8707 22.1438
v  16.3853 -2.8707 22.1503
v  16.3917 -2.9310 22.1385
v  16.3917 -2.9285 22.1326
v  16.3854 -2.9310 22.1385
v  16.3919 -2.9823 22.1046
v  16.3919 -2.9777 22.1000
v  16.3855 -2.9823 22.1046
v  16.3920 -3.0166 22.0535
v  16.3920 -3.0107 22.0510
v  16.3857 -3.0167 22.0535
v  16.3923 -2.9622 21.9552
v  16.3986 -2.9622 21.9552
v  16.3923 -2.9682 21.9527
v  16.3923 -2.9697 21.9930
v  16.3923 -2.9762 21.9930
v  16.3986 -2.9697 21.9930
v  16.3923 -2.9408 21.9231
v  16.3986 -2.9408 21.9231
v  16.3923 -2.9453 21.9185
v  16.3922 -2.9086 21.9018
v  16.3986 -2.9086 21.9018
v  16.3922 -2.9111 21.8958
v  16.3922 -2.8708 21.8944
v  16.3985 -2.8708 21.8944
v  16.3921 -2.8708 21.8879
v  16.3921 -2.8332 21.9021
v  16.3984 -2.8332 21.9021
v  16.3920 -2.8307 21.8961
v  16.3917 -2.8015 21.9237
v  16.3983 -2.8015 21.9237
v  16.3917 -2.7968 21.9190
v  16.3918 -2.7802 21.9555
v  16.3982 -2.7802 21.9555
v  16.3917 -2.7742 21.9530
v  16.3918 -2.7729 21.9930
v  16.3982 -2.7728 21.9930
v  16.3917 -2.7664 21.9930
v  16.3918 -2.7803 22.0305
v  16.3981 -2.7803 22.0305
v  16.3918 -2.7744 22.0330
v  16.3918 -2.8015 22.0623
v  16.3982 -2.8015 22.0623
v  16.3917 -2.7970 22.0669
v  16.3919 -2.8333 22.0837
v  16.3982 -2.8333 22.0837
v  16.3917 -2.8308 22.0896
v  16.3919 -2.8708 22.0913
v  16.3983 -2.8708 22.0913
v  16.3917 -2.8708 22.0978
v  16.3920 -2.9085 22.0839
v  16.3984 -2.9085 22.0840
v  16.3917 -2.9110 22.0900
v  16.3921 -2.9406 22.0628
v  16.3985 -2.9406 22.0628
v  16.3921 -2.9451 22.0674
v  16.3922 -2.9621 22.0308
v  16.3986 -2.9621 22.0308
v  16.3922 -2.9680 22.0333
v  16.5388 -2.9622 21.9552
v  16.5433 -2.9580 21.9569
v  16.5325 -2.9622 21.9552
v  16.5388 -2.9697 21.9930
v  16.5325 -2.9697 21.9930
v  16.5433 -2.9652 21.9930
v  16.5388 -2.9408 21.9231
v  16.5433 -2.9376 21.9263
v  16.5325 -2.9408 21.9231
v  16.5387 -2.9086 21.9018
v  16.5433 -2.9069 21.9060
v  16.5324 -2.9087 21.9018
v  16.5387 -2.8708 21.8944
v  16.5432 -2.8709 21.8989
v  16.5323 -2.8709 21.8944
v  16.5386 -2.8332 21.9021
v  16.5431 -2.8349 21.9063
v  16.5322 -2.8332 21.9021
v  16.5385 -2.8014 21.9235
v  16.5430 -2.8045 21.9267
v  16.5322 -2.8014 21.9235
v  16.5384 -2.7802 21.9555
v  16.5429 -2.7844 21.9572
v  16.5321 -2.7802 21.9555
v  16.5384 -2.7728 21.9930
v  16.5429 -2.7773 21.9930
v  16.5320 -2.7728 21.9930
v  16.5383 -2.7803 22.0305
v  16.5429 -2.7845 22.0288
v  16.5320 -2.7803 22.0305
v  16.5384 -2.8015 22.0623
v  16.5429 -2.8047 22.0592
v  16.5320 -2.8015 22.0624
v  16.5384 -2.8333 22.0837
v  16.5429 -2.8350 22.0795
v  16.5321 -2.8333 22.0837
v  16.5385 -2.8708 22.0913
v  16.5430 -2.8709 22.0868
v  16.5322 -2.8709 22.0913
v  16.5386 -2.9085 22.0840
v  16.5431 -2.9068 22.0798
v  16.5322 -2.9085 22.0840
v  16.5387 -2.9406 22.0628
v  16.5432 -2.9374 22.0596
v  16.5323 -2.9406 22.0628
v  16.5387 -2.9621 22.0308
v  16.5433 -2.9579 22.0291
v  16.5324 -2.9621 22.0308
v  16.5584 -2.9440 21.9627
v  16.5584 -2.9381 21.9652
v  16.5539 -2.9482 21.9610
v  16.5584 -2.9500 21.9930
v  16.5539 -2.9546 21.9930
v  16.5584 -2.9436 21.9930
v  16.5584 -2.9269 21.9370
v  16.5584 -2.9223 21.9416
v  16.5539 -2.9301 21.9338
v  16.5584 -2.9011 21.9200
v  16.5584 -2.8987 21.9259
v  16.5539 -2.9029 21.9158
v  16.5583 -2.8709 21.9141
v  16.5583 -2.8709 21.9205
v  16.5538 -2.8709 21.9095
v  16.5583 -2.8407 21.9202
v  16.5583 -2.8432 21.9262
v  16.5537 -2.8390 21.9160
v  16.5582 -2.8153 21.9374
v  16.5582 -2.8198 21.9419
v  16.5537 -2.8121 21.9342
v  16.5581 -2.7983 21.9630
v  16.5581 -2.8043 21.9654
v  16.5536 -2.7942 21.9612
v  16.5581 -2.7924 21.9930
v  16.5581 -2.7989 21.9930
v  16.5536 -2.7879 21.9930
v  16.5581 -2.7984 22.0230
v  16.5581 -2.8044 22.0206
v  16.5535 -2.7943 22.0247
v  16.5581 -2.8154 22.0485
v  16.5581 -2.8200 22.0439
v  16.5536 -2.8122 22.0517
v  16.5581 -2.8408 22.0656
v  16.5581 -2.8433 22.0596
v  16.5536 -2.8391 22.0697
v  16.5582 -2.8709 22.0717
v  16.5582 -2.8709 22.0652
v  16.5537 -2.8709 22.0762
v  16.5583 -2.9010 22.0658
v  16.5583 -2.8986 22.0598
v  16.5537 -2.9028 22.0700
v  16.5583 -2.9267 22.0488
v  16.5583 -2.9222 22.0443
v  16.5538 -2.9299 22.0520
v  16.5584 -2.9439 22.0233
v  16.5584 -2.9380 22.0208
v  16.5539 -2.9481 22.0250
v  16.3063 -3.0290 3.9925
v  16.3062 -3.0170 3.9320
v  16.3062 -2.9827 3.8807
v  16.3063 -2.9313 3.8466
v  16.3065 -2.8709 3.8348
v  16.3066 -2.8106 3.8471
v  16.3068 -2.7597 3.8814
v  16.3069 -2.7259 3.9325
v  16.3070 -2.7141 3.9925
v  16.3070 -2.7261 4.0525
v  16.3070 -2.7600 4.1034
v  16.3069 -2.8108 4.1375
v  16.3068 -2.8709 4.1497
v  16.3066 -2.9311 4.1380
v  16.3065 -2.9824 4.1041
v  16.3064 -3.0168 4.0530
v  16.5585 -2.8712 3.9924
v  16.3923 -3.0170 3.9320
v  16.3923 -3.0111 3.9345
v  16.3860 -3.0170 3.9320
v  16.3923 -3.0290 3.9925
v  16.3860 -3.0290 3.9925
v  16.3923 -3.0226 3.9925
v  16.3923 -2.9827 3.8807
v  16.3923 -2.9782 3.8853
v  16.3860 -2.9827 3.8807
v  16.3922 -2.9313 3.8466
v  16.3922 -2.9289 3.8526
v  16.3859 -2.9313 3.8466
v  16.3921 -2.8709 3.8348
v  16.3921 -2.8709 3.8412
v  16.3858 -2.8709 3.8348
v  16.3919 -2.8106 3.8471
v  16.3919 -2.8131 3.8530
v  16.3856 -2.8106 3.8471
v  16.3918 -2.7597 3.8814
v  16.3919 -2.7643 3.8860
v  16.3855 -2.7597 3.8814
v  16.3917 -2.7259 3.9325
v  16.3919 -2.7319 3.9350
v  16.3853 -2.7259 3.9325
v  16.3916 -2.7141 3.9925
v  16.3919 -2.7206 3.9925
v  16.3853 -2.7141 3.9925
v  16.3916 -2.7261 4.0525
v  16.3919 -2.7321 4.0500
v  16.3852 -2.7261 4.0525
v  16.3916 -2.7600 4.1034
v  16.3919 -2.7646 4.0989
v  16.3853 -2.7600 4.1034
v  16.3917 -2.8108 4.1375
v  16.3919 -2.8133 4.1315
v  16.3853 -2.8108 4.1375
v  16.3918 -2.8709 4.1497
v  16.3919 -2.8709 4.1433
v  16.3855 -2.8709 4.1497
v  16.3919 -2.9311 4.1380
v  16.3919 -2.9287 4.1320
v  16.3856 -2.9311 4.1380
v  16.3921 -2.9824 4.1041
v  16.3921 -2.9779 4.0995
v  16.3858 -2.9824 4.1041
v  16.3922 -3.0168 4.0530
v  16.3922 -3.0109 4.0505
v  16.3859 -3.0168 4.0530
v  16.3925 -2.9624 3.9546
v  16.3988 -2.9624 3.9546
v  16.3925 -2.9684 3.9522
v  16.3925 -2.9699 3.9925
v  16.3925 -2.9764 3.9925
v  16.3988 -2.9699 3.9925
v  16.3925 -2.9409 3.9226
v  16.3988 -2.9409 3.9226
v  16.3925 -2.9455 3.9180
v  16.3924 -2.9088 3.9012
v  16.3988 -2.9088 3.9012
v  16.3924 -2.9113 3.8953
v  16.3924 -2.8710 3.8939
v  16.3987 -2.8710 3.8939
v  16.3923 -2.8710 3.8874
v  16.3923 -2.8333 3.9015
v  16.3986 -2.8333 3.9016
v  16.3922 -2.8308 3.8956
v  16.3919 -2.8017 3.9232
v  16.3985 -2.8017 3.9232
v  16.3919 -2.7969 3.9185
v  16.3920 -2.7804 3.9550
v  16.3984 -2.7804 3.9550
v  16.3919 -2.7744 3.9525
v  16.3920 -2.7730 3.9925
v  16.3984 -2.7730 3.9925
v  16.3919 -2.7665 3.9925
v  16.3920 -2.7805 4.0300
v  16.3984 -2.7805 4.0300
v  16.3920 -2.7745 4.0325
v  16.3921 -2.8017 4.0618
v  16.3984 -2.8017 4.0618
v  16.3919 -2.7971 4.0664
v  16.3921 -2.8335 4.0831
v  16.3984 -2.8335 4.0831
v  16.3919 -2.8310 4.0891
v  16.3921 -2.8710 4.0907
v  16.3985 -2.8710 4.0908
v  16.3919 -2.8710 4.0972
v  16.3922 -2.9087 4.0834
v  16.3986 -2.9087 4.0834
v  16.3919 -2.9111 4.0894
v  16.3924 -2.9408 4.0622
v  16.3987 -2.9407 4.0622
v  16.3923 -2.9453 4.0668
v  16.3924 -2.9623 4.0303
v  16.3988 -2.9623 4.0303
v  16.3924 -2.9682 4.0328
v  16.5390 -2.9624 3.9546
v  16.5435 -2.9582 3.9564
v  16.5327 -2.9624 3.9546
v  16.5390 -2.9699 3.9925
v  16.5327 -2.9699 3.9925
v  16.5435 -2.9654 3.9925
v  16.5390 -2.9409 3.9226
v  16.5435 -2.9377 3.9258
v  16.5327 -2.9409 3.9226
v  16.5390 -2.9088 3.9012
v  16.5435 -2.9071 3.9054
v  16.5326 -2.9088 3.9012
v  16.5389 -2.8710 3.8939
v  16.5434 -2.8710 3.8984
v  16.5326 -2.8710 3.8939
v  16.5388 -2.8333 3.9015
v  16.5433 -2.8351 3.9057
v  16.5325 -2.8333 3.9015
v  16.5387 -2.8015 3.9230
v  16.5432 -2.8047 3.9262
v  16.5324 -2.8015 3.9230
v  16.5386 -2.7804 3.9549
v  16.5432 -2.7845 3.9567
v  16.5323 -2.7804 3.9549
v  16.5386 -2.7730 3.9925
v  16.5431 -2.7775 3.9925
v  16.5322 -2.7730 3.9925
v  16.5385 -2.7805 4.0300
v  16.5431 -2.7847 4.0283
v  16.5322 -2.7805 4.0300
v  16.5386 -2.8017 4.0618
v  16.5431 -2.8049 4.0586
v  16.5322 -2.8017 4.0618
v  16.5386 -2.8335 4.0831
v  16.5431 -2.8352 4.0790
v  16.5323 -2.8335 4.0831
v  16.5387 -2.8710 4.0908
v  16.5432 -2.8710 4.0863
v  16.5324 -2.8710 4.0908
v  16.5388 -2.9087 4.0834
v  16.5433 -2.9070 4.0793
v  16.5325 -2.9087 4.0834
v  16.5389 -2.9408 4.0622
v  16.5434 -2.9376 4.0590
v  16.5325 -2.9408 4.0622
v  16.5390 -2.9623 4.0303
v  16.5435 -2.9581 4.0285
v  16.5326 -2.9623 4.0303
v  16.5587 -2.9442 3.9622
v  16.5586 -2.9382 3.9646
v  16.5541 -2.9484 3.9604
v  16.5587 -2.9502 3.9925
v  16.5541 -2.9547 3.9925
v  16.5586 -2.9438 3.9925
v  16.5587 -2.9270 3.9365
v  16.5586 -2.9225 3.9411
v  16.5541 -2.9302 3.9333
v  16.5586 -2.9013 3.9194
v  16.5586 -2.8989 3.9254
v  16.5541 -2.9030 3.9152
v  16.5586 -2.8711 3.9135
v  16.5585 -2.8711 3.9200
v  16.5540 -2.8710 3.9090
v  16.5585 -2.8409 3.9197
v  16.5585 -2.8434 3.9256
v  16.5539 -2.8392 3.9155
v  16.5584 -2.8154 3.9369
v  16.5584 -2.8200 3.9414
v  16.5539 -2.8122 3.9337
v  16.5583 -2.7985 3.9624
v  16.5583 -2.8045 3.9649
v  16.5538 -2.7943 3.9607
v  16.5583 -2.7926 3.9925
v  16.5583 -2.7990 3.9925
v  16.5538 -2.7881 3.9925
v  16.5583 -2.7986 4.0225
v  16.5583 -2.8046 4.0200
v  16.5537 -2.7944 4.0242
v  16.5583 -2.8156 4.0480
v  16.5583 -2.8201 4.0434
v  16.5538 -2.8124 4.0511
v  16.5583 -2.8410 4.0650
v  16.5583 -2.8435 4.0591
v  16.5538 -2.8393 4.0692
v  16.5584 -2.8711 4.0711
v  16.5584 -2.8711 4.0647
v  16.5539 -2.8710 4.0756
v  16.5585 -2.9012 4.0653
v  16.5585 -2.8988 4.0593
v  16.5539 -2.9029 4.0694
v  16.5585 -2.9269 4.0483
v  16.5585 -2.9223 4.0437
v  16.5540 -2.9301 4.0515
v  16.5586 -2.9441 4.0227
v  16.5586 -2.9381 4.0202
v  16.5541 -2.9483 4.0245
v  16.2829 -2.4356 22.3634
v  16.3681 -2.4355 22.3561
v  16.3631 -2.4356 22.3612
v  16.2829 -2.4623 22.3590
v  16.3634 -2.4606 22.3572
v  16.3682 -2.4571 22.3537
v  16.2829 -2.4086 22.3590
v  16.3634 -2.4103 22.3573
v  16.3682 -2.4138 22.3538
v  16.3553 -2.4356 22.3634
v  16.3493 -2.4356 22.3634
v  16.3554 -2.4086 22.3590
v  16.3494 -2.4086 22.3590
v  16.3554 -2.4623 22.3590
v  16.3494 -2.4623 22.3590
v  16.3631 -2.4356 22.2406
v  16.3681 -2.4355 22.2456
v  16.3634 -2.4103 22.2445
v  16.3682 -2.4138 22.2480
v  16.3634 -2.4606 22.2445
v  16.3682 -2.4571 22.2481
v  16.3493 -2.4356 22.2384
v  16.2829 -2.4356 22.2384
v  16.3494 -2.4086 22.2428
v  16.2829 -2.4086 22.2428
v  16.3494 -2.4623 22.2428
v  16.2829 -2.4623 22.2428
v  16.3553 -2.4356 22.2384
v  16.3554 -2.4086 22.2428
v  16.3554 -2.4623 22.2428
v  16.3681 -2.4193 22.3562
v  16.3681 -2.4253 22.3561
v  16.3631 -2.4193 22.3612
v  16.3631 -2.4253 22.3612
v  16.3631 -2.4064 22.3484
v  16.3631 -2.4064 22.3424
v  16.3681 -2.4114 22.3484
v  16.3681 -2.4114 22.3424
v  16.3630 -2.4518 22.3612
v  16.3630 -2.4458 22.3612
v  16.3682 -2.4517 22.3559
v  16.3682 -2.4457 22.3560
v  16.3681 -2.4594 22.3483
v  16.3681 -2.4594 22.3424
v  16.3631 -2.4645 22.3484
v  16.3631 -2.4645 22.3424
v  16.3493 -2.4192 22.3634
v  16.3493 -2.4252 22.3634
v  16.2829 -2.4192 22.3634
v  16.2829 -2.4252 22.3634
v  16.2829 -2.4042 22.3484
v  16.2829 -2.4042 22.3424
v  16.3493 -2.4042 22.3484
v  16.3493 -2.4042 22.3424
v  16.2829 -2.4517 22.3634
v  16.2829 -2.4457 22.3634
v  16.3493 -2.4518 22.3634
v  16.3493 -2.4458 22.3634
v  16.3493 -2.4667 22.3484
v  16.3493 -2.4667 22.3424
v  16.2829 -2.4667 22.3484
v  16.2829 -2.4667 22.3424
v  16.3553 -2.4192 22.3634
v  16.3553 -2.4252 22.3634
v  16.3553 -2.4042 22.3484
v  16.3552 -2.4042 22.3424
v  16.3553 -2.4517 22.3634
v  16.3553 -2.4457 22.3634
v  16.3553 -2.4667 22.3484
v  16.3553 -2.4667 22.3424
v  16.3631 -2.4193 22.2406
v  16.3631 -2.4253 22.2406
v  16.3681 -2.4193 22.2456
v  16.3681 -2.4253 22.2456
v  16.3681 -2.4114 22.2534
v  16.3681 -2.4114 22.2594
v  16.3631 -2.4064 22.2534
v  16.3631 -2.4064 22.2593
v  16.3682 -2.4517 22.2459
v  16.3682 -2.4457 22.2458
v  16.3630 -2.4518 22.2405
v  16.3630 -2.4458 22.2405
v  16.3631 -2.4645 22.2534
v  16.3631 -2.4645 22.2594
v  16.3681 -2.4594 22.2534
v  16.3681 -2.4594 22.2594
v  16.2829 -2.4192 22.2384
v  16.2829 -2.4252 22.2384
v  16.3493 -2.4192 22.2384
v  16.3493 -2.4252 22.2384
v  16.3493 -2.4042 22.2533
v  16.3492 -2.4042 22.2593
v  16.2829 -2.4042 22.2534
v  16.2829 -2.4042 22.2594
v  16.3493 -2.4518 22.2384
v  16.3492 -2.4458 22.2384
v  16.2829 -2.4517 22.2384
v  16.2829 -2.4457 22.2384
v  16.2829 -2.4667 22.2534
v  16.2829 -2.4667 22.2594
v  16.3493 -2.4667 22.2534
v  16.3493 -2.4667 22.2594
v  16.3553 -2.4192 22.2384
v  16.3553 -2.4252 22.2384
v  16.3553 -2.4042 22.2534
v  16.3553 -2.4042 22.2594
v  16.3553 -2.4517 22.2384
v  16.3553 -2.4457 22.2384
v  16.3553 -2.4667 22.2534
v  16.3553 -2.4667 22.2594
v  16.3703 -2.4192 22.3484
v  16.3703 -2.4355 22.3484
v  16.3703 -2.4355 22.3424
v  16.3703 -2.4516 22.3482
v  16.3703 -2.4355 22.2534
v  16.3703 -2.4354 22.2594
v  16.3703 -2.4192 22.2534
v  16.3703 -2.4516 22.2535
v  16.3703 -2.4252 22.3424
v  16.3703 -2.4456 22.3424
v  16.3703 -2.4252 22.2594
v  16.3703 -2.4253 22.3484
v  16.3703 -2.4192 22.3424
v  16.3703 -2.4457 22.3483
v  16.3703 -2.4516 22.3424
v  16.3703 -2.4516 22.2597
v  16.3703 -2.4456 22.2595
v  16.3703 -2.4460 22.2535
v  16.3703 -2.4256 22.2534
v  16.3703 -2.4192 22.2596
v  16.2829 -2.4356 21.7458
v  16.3681 -2.4355 21.7385
v  16.3631 -2.4356 21.7435
v  16.2829 -2.4623 21.7414
v  16.3634 -2.4606 21.7396
v  16.3682 -2.4571 21.7361
v  16.2829 -2.4086 21.7414
v  16.3634 -2.4103 21.7397
v  16.3682 -2.4138 21.7361
v  16.3553 -2.4356 21.7458
v  16.3493 -2.4356 21.7458
v  16.3554 -2.4086 21.7414
v  16.3494 -2.4086 21.7414
v  16.3554 -2.4623 21.7414
v  16.3494 -2.4623 21.7414
v  16.3631 -2.4356 21.6230
v  16.3681 -2.4355 21.6280
v  16.3634 -2.4103 21.6269
v  16.3682 -2.4138 21.6304
v  16.3634 -2.4606 21.6269
v  16.3682 -2.4571 21.6304
v  16.3493 -2.4356 21.6208
v  16.2829 -2.4356 21.6208
v  16.3494 -2.4086 21.6251
v  16.2829 -2.4086 21.6251
v  16.3494 -2.4623 21.6252
v  16.2829 -2.4623 21.6251
v  16.3553 -2.4356 21.6208
v  16.3554 -2.4086 21.6252
v  16.3554 -2.4623 21.6252
v  16.3681 -2.4193 21.7385
v  16.3681 -2.4253 21.7385
v  16.3631 -2.4193 21.7435
v  16.3631 -2.4253 21.7435
v  16.3631 -2.4064 21.7308
v  16.3631 -2.4064 21.7248
v  16.3681 -2.4114 21.7308
v  16.3681 -2.4114 21.7248
v  16.3630 -2.4518 21.7436
v  16.3630 -2.4458 21.7436
v  16.3682 -2.4517 21.7383
v  16.3682 -2.4457 21.7384
v  16.3681 -2.4594 21.7307
v  16.3681 -2.4594 21.7248
v  16.3631 -2.4645 21.7307
v  16.3631 -2.4645 21.7247
v  16.3493 -2.4192 21.7458
v  16.3493 -2.4252 21.7458
v  16.2829 -2.4192 21.7458
v  16.2829 -2.4252 21.7458
v  16.2829 -2.4042 21.7308
v  16.2829 -2.4042 21.7248
v  16.3493 -2.4042 21.7308
v  16.3493 -2.4042 21.7248
v  16.2829 -2.4517 21.7458
v  16.2829 -2.4457 21.7458
v  16.3493 -2.4518 21.7457
v  16.3493 -2.4458 21.7457
v  16.3493 -2.4667 21.7307
v  16.3493 -2.4667 21.7247
v  16.2829 -2.4667 21.7308
v  16.2829 -2.4667 21.7248
v  16.3553 -2.4192 21.7458
v  16.3553 -2.4252 21.7458
v  16.3553 -2.4042 21.7308
v  16.3552 -2.4042 21.7248
v  16.3553 -2.4517 21.7458
v  16.3553 -2.4457 21.7458
v  16.3553 -2.4667 21.7308
v  16.3553 -2.4667 21.7248
v  16.3631 -2.4193 21.6230
v  16.3631 -2.4253 21.6230
v  16.3681 -2.4193 21.6280
v  16.3681 -2.4253 21.6280
v  16.3681 -2.4114 21.6357
v  16.3681 -2.4114 21.6417
v  16.3631 -2.4064 21.6357
v  16.3631 -2.4064 21.6417
v  16.3682 -2.4517 21.6282
v  16.3682 -2.4457 21.6282
v  16.3630 -2.4518 21.6229
v  16.3630 -2.4458 21.6229
v  16.3631 -2.4645 21.6358
v  16.3631 -2.4645 21.6418
v  16.3681 -2.4594 21.6358
v  16.3681 -2.4594 21.6418
v  16.2829 -2.4192 21.6208
v  16.2829 -2.4252 21.6208
v  16.3493 -2.4192 21.6208
v  16.3493 -2.4252 21.6208
v  16.3493 -2.4042 21.6357
v  16.3492 -2.4042 21.6417
v  16.2829 -2.4042 21.6358
v  16.2829 -2.4042 21.6418
v  16.3493 -2.4518 21.6208
v  16.3492 -2.4458 21.6208
v  16.2829 -2.4517 21.6208
v  16.2829 -2.4457 21.6208
v  16.2829 -2.4667 21.6358
v  16.2829 -2.4667 21.6418
v  16.3493 -2.4667 21.6358
v  16.3493 -2.4667 21.6418
v  16.3553 -2.4192 21.6208
v  16.3553 -2.4252 21.6208
v  16.3553 -2.4042 21.6358
v  16.3553 -2.4042 21.6418
v  16.3553 -2.4517 21.6208
v  16.3553 -2.4457 21.6208
v  16.3553 -2.4667 21.6358
v  16.3553 -2.4667 21.6418
v  16.3703 -2.4192 21.7308
v  16.3703 -2.4355 21.7308
v  16.3703 -2.4355 21.7248
v  16.3703 -2.4516 21.7306
v  16.3703 -2.4355 21.6358
v  16.3703 -2.4354 21.6418
v  16.3703 -2.4192 21.6358
v  16.3703 -2.4516 21.6359
v  16.3703 -2.4252 21.7248
v  16.3703 -2.4456 21.7248
v  16.3703 -2.4252 21.6418
v  16.3703 -2.4253 21.7308
v  16.3703 -2.4192 21.7248
v  16.3703 -2.4457 21.7307
v  16.3703 -2.4516 21.7248
v  16.3703 -2.4516 21.6421
v  16.3703 -2.4456 21.6418
v  16.3703 -2.4460 21.6358
v  16.3703 -2.4256 21.6358
v  16.3703 -2.4192 21.6420
v  16.2829 -2.4356 4.3634
v  16.3681 -2.4355 4.3562
v  16.3631 -2.4356 4.3612
v  16.2829 -2.4623 4.3590
v  16.3634 -2.4606 4.3573
v  16.3682 -2.4571 4.3537
v  16.2829 -2.4086 4.3590
v  16.3634 -2.4103 4.3573
v  16.3682 -2.4138 4.3538
v  16.3553 -2.4356 4.3634
v  16.3493 -2.4356 4.3634
v  16.3554 -2.4086 4.3590
v  16.3494 -2.4086 4.3590
v  16.3554 -2.4623 4.3590
v  16.3494 -2.4623 4.3590
v  16.3631 -2.4356 4.2406
v  16.3681 -2.4355 4.2456
v  16.3634 -2.4103 4.2445
v  16.3682 -2.4138 4.2480
v  16.3634 -2.4606 4.2445
v  16.3682 -2.4571 4.2481
v  16.3493 -2.4356 4.2384
v  16.2829 -2.4356 4.2384
v  16.3494 -2.4086 4.2428
v  16.2829 -2.4086 4.2428
v  16.3494 -2.4623 4.2428
v  16.2829 -2.4623 4.2428
v  16.3553 -2.4356 4.2384
v  16.3554 -2.4086 4.2428
v  16.3554 -2.4623 4.2428
v  16.3681 -2.4193 4.3562
v  16.3681 -2.4253 4.3562
v  16.3631 -2.4193 4.3612
v  16.3631 -2.4253 4.3612
v  16.3631 -2.4064 4.3484
v  16.3631 -2.4064 4.3424
v  16.3681 -2.4114 4.3484
v  16.3681 -2.4114 4.3424
v  16.3630 -2.4518 4.3612
v  16.3630 -2.4458 4.3612
v  16.3682 -2.4517 4.3559
v  16.3682 -2.4457 4.3560
v  16.3681 -2.4594 4.3483
v  16.3681 -2.4594 4.3424
v  16.3631 -2.4645 4.3484
v  16.3631 -2.4645 4.3424
v  16.3493 -2.4192 4.3634
v  16.3493 -2.4252 4.3634
v  16.2829 -2.4192 4.3634
v  16.2829 -2.4252 4.3634
v  16.2829 -2.4042 4.3484
v  16.2829 -2.4042 4.3424
v  16.3493 -2.4042 4.3484
v  16.3493 -2.4042 4.3424
v  16.2829 -2.4517 4.3634
v  16.2829 -2.4457 4.3634
v  16.3493 -2.4518 4.3634
v  16.3493 -2.4458 4.3634
v  16.3493 -2.4667 4.3484
v  16.3493 -2.4667 4.3424
v  16.2829 -2.4667 4.3484
v  16.2829 -2.4667 4.3424
v  16.3553 -2.4192 4.3634
v  16.3553 -2.4252 4.3634
v  16.3553 -2.4042 4.3484
v  16.3552 -2.4042 4.3424
v  16.3553 -2.4517 4.3634
v  16.3553 -2.4457 4.3634
v  16.3553 -2.4667 4.3484
v  16.3553 -2.4667 4.3424
v  16.3631 -2.4193 4.2406
v  16.3631 -2.4253 4.2406
v  16.3681 -2.4193 4.2456
v  16.3681 -2.4253 4.2456
v  16.3681 -2.4114 4.2534
v  16.3681 -2.4114 4.2594
v  16.3631 -2.4064 4.2534
v  16.3631 -2.4064 4.2594
v  16.3682 -2.4517 4.2459
v  16.3682 -2.4457 4.2458
v  16.3630 -2.4518 4.2406
v  16.3630 -2.4458 4.2406
v  16.3631 -2.4645 4.2534
v  16.3631 -2.4645 4.2594
v  16.3681 -2.4594 4.2535
v  16.3681 -2.4594 4.2595
v  16.2829 -2.4192 4.2384
v  16.2829 -2.4252 4.2384
v  16.3493 -2.4192 4.2384
v  16.3493 -2.4252 4.2384
v  16.3493 -2.4042 4.2534
v  16.3492 -2.4042 4.2594
v  16.2829 -2.4042 4.2534
v  16.2829 -2.4042 4.2594
v  16.3493 -2.4518 4.2384
v  16.3492 -2.4458 4.2384
v  16.2829 -2.4517 4.2384
v  16.2829 -2.4457 4.2384
v  16.2829 -2.4667 4.2534
v  16.2829 -2.4667 4.2594
v  16.3493 -2.4667 4.2534
v  16.3493 -2.4667 4.2594
v  16.3553 -2.4192 4.2384
v  16.3553 -2.4252 4.2384
v  16.3553 -2.4042 4.2534
v  16.3553 -2.4042 4.2594
v  16.3553 -2.4517 4.2384
v  16.3553 -2.4457 4.2384
v  16.3553 -2.4667 4.2534
v  16.3553 -2.4667 4.2594
v  16.3703 -2.4192 4.3484
v  16.3703 -2.4355 4.3484
v  16.3703 -2.4355 4.3424
v  16.3703 -2.4516 4.3483
v  16.3703 -2.4355 4.2534
v  16.3703 -2.4354 4.2594
v  16.3703 -2.4192 4.2534
v  16.3703 -2.4516 4.2535
v  16.3703 -2.4252 4.3424
v  16.3703 -2.4456 4.3424
v  16.3703 -2.4252 4.2594
v  16.3703 -2.4253 4.3484
v  16.3703 -2.4192 4.3424
v  16.3703 -2.4457 4.3483
v  16.3703 -2.4516 4.3424
v  16.3703 -2.4516 4.2597
v  16.3703 -2.4456 4.2595
v  16.3703 -2.4460 4.2535
v  16.3703 -2.4256 4.2534
v  16.3703 -2.4192 4.2596
v  16.2829 -2.4356 3.7459
v  16.3681 -2.4355 3.7387
v  16.3631 -2.4356 3.7437
v  16.2829 -2.4623 3.7415
v  16.3634 -2.4606 3.7398
v  16.3682 -2.4571 3.7362
v  16.2829 -2.4086 3.7415
v  16.3634 -2.4103 3.7398
v  16.3682 -2.4138 3.7363
v  16.3553 -2.4356 3.7459
v  16.3493 -2.4356 3.7459
v  16.3554 -2.4086 3.7415
v  16.3494 -2.4086 3.7415
v  16.3554 -2.4623 3.7415
v  16.3494 -2.4623 3.7415
v  16.3631 -2.4356 3.6231
v  16.3681 -2.4355 3.6281
v  16.3634 -2.4103 3.6270
v  16.3682 -2.4138 3.6305
v  16.3634 -2.4606 3.6270
v  16.3682 -2.4571 3.6306
v  16.3493 -2.4356 3.6209
v  16.2829 -2.4356 3.6209
v  16.3494 -2.4086 3.6253
v  16.2829 -2.4086 3.6253
v  16.3494 -2.4623 3.6253
v  16.2829 -2.4623 3.6253
v  16.3553 -2.4356 3.6209
v  16.3554 -2.4086 3.6253
v  16.3554 -2.4623 3.6253
v  16.3681 -2.4193 3.7387
v  16.3681 -2.4253 3.7387
v  16.3631 -2.4193 3.7437
v  16.3631 -2.4253 3.7437
v  16.3631 -2.4064 3.7309
v  16.3631 -2.4064 3.7249
v  16.3681 -2.4114 3.7309
v  16.3681 -2.4114 3.7249
v  16.3630 -2.4518 3.7437
v  16.3630 -2.4458 3.7437
v  16.3682 -2.4517 3.7384
v  16.3682 -2.4457 3.7385
v  16.3681 -2.4594 3.7308
v  16.3681 -2.4594 3.7249
v  16.3631 -2.4645 3.7309
v  16.3631 -2.4645 3.7249
v  16.3493 -2.4192 3.7459
v  16.3493 -2.4252 3.7459
v  16.2829 -2.4192 3.7459
v  16.2829 -2.4252 3.7459
v  16.2829 -2.4042 3.7309
v  16.2829 -2.4042 3.7249
v  16.3493 -2.4042 3.7309
v  16.3493 -2.4042 3.7249
v  16.2829 -2.4517 3.7459
v  16.2829 -2.4457 3.7459
v  16.3493 -2.4518 3.7459
v  16.3493 -2.4458 3.7459
v  16.3493 -2.4667 3.7309
v  16.3493 -2.4667 3.7249
v  16.2829 -2.4667 3.7309
v  16.2829 -2.4667 3.7249
v  16.3553 -2.4192 3.7459
v  16.3553 -2.4252 3.7459
v  16.3553 -2.4042 3.7309
v  16.3552 -2.4042 3.7249
v  16.3553 -2.4517 3.7459
v  16.3553 -2.4457 3.7459
v  16.3553 -2.4667 3.7309
v  16.3553 -2.4667 3.7249
v  16.3631 -2.4193 3.6231
v  16.3631 -2.4253 3.6231
v  16.3681 -2.4193 3.6281
v  16.3681 -2.4253 3.6281
v  16.3681 -2.4114 3.6359
v  16.3681 -2.4114 3.6419
v  16.3631 -2.4064 3.6359
v  16.3631 -2.4064 3.6419
v  16.3682 -2.4517 3.6284
v  16.3682 -2.4457 3.6283
v  16.3630 -2.4518 3.6231
v  16.3630 -2.4458 3.6231
v  16.3631 -2.4645 3.6359
v  16.3631 -2.4645 3.6419
v  16.3681 -2.4594 3.6360
v  16.3681 -2.4594 3.6420
v  16.2829 -2.4192 3.6209
v  16.2829 -2.4252 3.6209
v  16.3493 -2.4192 3.6209
v  16.3493 -2.4252 3.6209
v  16.3493 -2.4042 3.6359
v  16.3492 -2.4042 3.6419
v  16.2829 -2.4042 3.6359
v  16.2829 -2.4042 3.6419
v  16.3493 -2.4518 3.6209
v  16.3492 -2.4458 3.6209
v  16.2829 -2.4517 3.6209
v  16.2829 -2.4457 3.6209
v  16.2829 -2.4667 3.6359
v  16.2829 -2.4667 3.6419
v  16.3493 -2.4667 3.6359
v  16.3493 -2.4667 3.6419
v  16.3553 -2.4192 3.6209
v  16.3553 -2.4252 3.6209
v  16.3553 -2.4042 3.6359
v  16.3553 -2.4042 3.6419
v  16.3553 -2.4517 3.6209
v  16.3553 -2.4457 3.6209
v  16.3553 -2.4667 3.6359
v  16.3553 -2.4667 3.6419
v  16.3703 -2.4192 3.7309
v  16.3703 -2.4355 3.7309
v  16.3703 -2.4355 3.7249
v  16.3703 -2.4516 3.7308
v  16.3703 -2.4355 3.6359
v  16.3703 -2.4354 3.6419
v  16.3703 -2.4192 3.6359
v  16.3703 -2.4516 3.6360
v  16.3703 -2.4252 3.7249
v  16.3703 -2.4456 3.7249
v  16.3703 -2.4252 3.6419
v  16.3703 -2.4253 3.7309
v  16.3703 -2.4192 3.7249
v  16.3703 -2.4457 3.7308
v  16.3703 -2.4516 3.7249
v  16.3703 -2.4516 3.6422
v  16.3703 -2.4456 3.6420
v  16.3703 -2.4460 3.6360
v  16.3703 -2.4256 3.6359
v  16.3703 -2.4192 3.6421
v  16.2746 -0.3895 25.2283
v  16.2746 -0.3895 25.2203
v  16.2795 -0.3882 25.2283
v  16.2795 -0.3882 25.2203
v  16.2697 -0.8599 25.2283
v  16.2697 -0.8599 25.2203
v  16.3130 -0.9032 25.2283
v  16.3130 -0.9032 25.2203
v  16.3140 -0.8977 25.2283
v  16.3140 -0.8977 25.2203
v  16.3174 -0.8926 25.2283
v  16.3174 -0.8926 25.2203
v  16.2707 -0.8544 25.2283
v  16.2707 -0.8544 25.2203
v  16.2741 -0.8493 25.2283
v  16.2741 -0.8493 25.2203
v  16.2792 -0.8459 25.2283
v  16.2792 -0.8459 25.2203
v  16.2847 -0.8449 25.2283
v  16.2847 -0.8449 25.2203
v  16.3225 -0.8892 25.2283
v  16.3225 -0.8892 25.2203
v  16.4259 -0.8449 25.2283
v  16.4259 -0.8449 25.2203
v  16.3280 -0.8882 25.2283
v  16.3280 -0.8882 25.2203
v  16.4693 -0.8882 25.2283
v  16.4693 -0.8882 25.2203
v  16.4315 -0.8438 25.2283
v  16.4315 -0.8438 25.2203
v  16.4366 -0.8405 25.2283
v  16.4366 -0.8405 25.2203
v  16.4748 -0.8871 25.2283
v  16.4748 -0.8871 25.2203
v  16.4799 -0.8838 25.2283
v  16.4799 -0.8838 25.2203
v  16.4832 -0.8787 25.2283
v  16.4832 -0.8787 25.2203
v  16.4843 -0.8732 25.2283
v  16.4843 -0.8732 25.2203
v  16.4399 -0.8354 25.2283
v  16.4399 -0.8354 25.2203
v  16.4843 -0.4583 25.2283
v  16.4843 -0.4583 25.2203
v  16.4409 -0.8299 25.2283
v  16.4409 -0.8299 25.2203
v  16.4409 -0.4583 25.2283
v  16.4409 -0.4583 25.2203
v  16.4399 -0.4528 25.2283
v  16.4399 -0.4528 25.2203
v  16.4853 -0.4528 25.2283
v  16.4853 -0.4528 25.2203
v  16.4366 -0.4477 25.2283
v  16.4366 -0.4477 25.2203
v  16.4886 -0.4477 25.2283
v  16.4886 -0.4477 25.2203
v  16.4315 -0.4444 25.2283
v  16.4315 -0.4444 25.2203
v  16.4937 -0.4444 25.2283
v  16.4937 -0.4444 25.2203
v  16.7044 -0.4433 25.2283
v  16.7044 -0.4433 25.2203
v  16.7194 -0.4283 25.2283
v  16.7194 -0.4283 25.2203
v  16.7183 -0.0095 25.2283
v  16.7183 -0.0095 25.2203
v  16.7150 -0.0044 25.2283
v  16.7150 -0.0044 25.2203
v  16.7099 -0.0010 25.2283
v  16.7099 -0.0010 25.2203
v  16.6855 -0.0010 25.2283
v  16.6855 -0.0010 25.2203
v  16.6805 -0.0044 25.2283
v  16.6805 -0.0044 25.2203
v  16.6771 -0.0095 25.2283
v  16.6771 -0.0095 25.2203
v  16.6761 -0.3901 25.2283
v  16.6761 -0.3901 25.2203
v  16.6662 -0.4000 25.2283
v  16.6662 -0.4000 25.2203
v  16.4993 -0.4433 25.2283
v  16.4993 -0.4433 25.2203
v  16.3040 -0.4000 25.2283
v  16.3040 -0.4000 25.2203
v  16.4259 -0.4433 25.2283
v  16.4259 -0.4433 25.2203
v  16.2847 -0.4433 25.2283
v  16.2847 -0.4433 25.2203
v  16.2986 -0.3984 25.2283
v  16.2986 -0.3984 25.2203
v  16.2792 -0.4422 25.2283
v  16.2792 -0.4422 25.2203
v  16.2741 -0.4389 25.2283
v  16.2741 -0.4389 25.2203
v  16.2707 -0.4338 25.2283
v  16.2707 -0.4338 25.2203
v  16.2697 -0.4283 25.2283
v  16.2697 -0.4283 25.2203
v  16.2697 -0.3980 25.2283
v  16.2697 -0.3980 25.2203
v  16.2950 -0.3941 25.2283
v  16.2950 -0.3941 25.2203
v  16.2914 -0.3898 25.2283
v  16.2914 -0.3898 25.2203
v  16.2860 -0.3882 25.2283
v  16.2860 -0.3882 25.2203
v  16.2710 -0.3931 25.2283
v  16.2710 -0.3931 25.2203
v  16.2873 -0.3971 25.2283
v  16.2988 -0.4065 25.2283
v  16.6670 -0.4080 25.2283
v  16.6841 -0.3909 25.2283
v  16.6870 -0.0108 25.2283
v  16.7091 -0.0109 25.2283
v  16.7114 -0.4283 25.2283
v  16.7036 -0.4353 25.2283
v  16.4993 -0.4353 25.2283
v  16.4908 -0.4369 25.2283
v  16.4830 -0.4420 25.2283
v  16.4778 -0.4498 25.2283
v  16.4763 -0.4576 25.2283
v  16.4760 -0.8745 25.2283
v  16.4742 -0.8781 25.2283
v  16.4702 -0.8799 25.2283
v  16.3280 -0.8802 25.2283
v  16.3195 -0.8818 25.2283
v  16.3117 -0.8869 25.2283
v  16.3066 -0.8947 25.2283
v  16.3050 -0.9024 25.2283
v  16.2779 -0.8586 25.2283
v  16.2798 -0.8550 25.2283
v  16.2838 -0.8531 25.2283
v  16.4259 -0.8529 25.2283
v  16.4344 -0.8513 25.2283
v  16.4422 -0.8462 25.2283
v  16.4474 -0.8384 25.2283
v  16.4489 -0.8306 25.2283
v  16.4489 -0.4583 25.2283
v  16.4474 -0.4498 25.2283
v  16.4422 -0.4420 25.2283
v  16.4344 -0.4369 25.2283
v  16.4267 -0.4353 25.2283
v  16.2786 -0.3969 25.2283
v  16.3130 -3.6270 25.7283
v  16.3130 -3.6270 25.7203
v  16.2697 -3.6270 25.7283
v  16.2697 -3.6270 25.7203
v  16.2801 -3.6270 25.7283
v  16.3050 -3.6270 25.7283
v  16.2697 -3.0746 25.7203
v  16.2697 -3.0826 25.7203
v  16.2777 -3.0746 25.7203
v  16.3130 -3.0826 25.2203
v  16.3130 -3.0746 25.7203
v  16.3050 -3.0746 25.7203
v  16.3130 -3.0826 25.7203
v  16.3130 -3.0746 25.7283
v  16.3050 -3.0746 25.7283
v  16.3130 -3.0826 25.7283
v  16.2697 -3.0746 25.7283
v  16.2697 -3.0826 25.7283
v  16.2777 -3.0746 25.7283
v  16.2777 -3.0826 25.7283
v  16.3050 -3.0826 25.7283
v  16.4625 -0.4000 25.2283
v  16.4627 -0.4000 25.2203
v  16.7194 -0.0150 25.2203
v  16.7044 0.0000 25.2203
v  16.6911 0.0000 25.2203
v  16.6761 -0.0150 25.2203
v  16.7194 -0.0150 25.2283
v  16.7044 0.0000 25.2283
v  16.6911 0.0000 25.2283
v  16.6761 -0.0150 25.2283
v  16.7109 -0.4418 25.2203
v  16.7168 -0.4367 25.2203
v  16.6745 -0.3955 25.2203
v  16.6712 -0.3988 25.2203
v  16.7109 -0.4418 25.2283
v  16.7168 -0.4367 25.2283
v  16.6745 -0.3955 25.2283
v  16.6712 -0.3988 25.2283
v  16.6800 -0.3987 25.2283
v  16.6743 -0.4044 25.2283
v  16.7092 -0.4339 25.2283
v  16.3130 -3.1619 25.7283
v  16.3130 -3.1618 25.7203
v  16.3130 -3.2202 25.7203
v  16.3130 -3.2203 25.7283
v  16.3280 -3.1770 25.7283
v  16.3280 -3.2202 25.7203
v  16.3195 -3.2122 25.7283
v  16.3195 -3.1839 25.7289
v  16.3152 -3.1697 25.7284
v  16.3202 -3.1747 25.7283
v  16.3151 -3.1696 25.7203
v  16.3201 -3.1747 25.7203
v  16.3180 -3.2202 25.7203
v  16.3230 -3.2202 25.7203
v  16.3180 -3.2203 25.7283
v  16.3230 -3.2203 25.7283
v  17.4774 -3.0841 25.7283
v  17.4774 -3.0841 25.7203
v  17.4764 -3.0896 25.7283
v  17.4764 -3.0896 25.7203
v  17.4614 -3.1770 25.7283
v  17.4614 -3.1770 25.7203
v  16.3279 -3.1770 25.7203
v  17.4669 -3.1759 25.7283
v  17.4669 -3.1759 25.7203
v  17.4720 -3.1726 25.7283
v  17.4720 -3.1726 25.7203
v  17.5047 -3.2203 25.7283
v  17.5047 -3.2203 25.7203
v  17.5102 -3.2192 25.7283
v  17.5102 -3.2192 25.7203
v  17.5153 -3.2159 25.7283
v  17.5153 -3.2159 25.7203
v  17.5186 -3.2108 25.7283
v  17.5186 -3.2108 25.7203
v  17.5197 -3.2053 25.7283
v  17.5197 -3.2053 25.7203
v  17.5197 -3.0896 25.7283
v  17.5197 -3.0896 25.7203
v  17.4753 -3.1675 25.7283
v  17.4753 -3.1675 25.7203
v  17.4764 -3.1620 25.7283
v  17.4764 -3.1620 25.7203
v  17.5186 -3.0841 25.7283
v  17.5186 -3.0841 25.7203
v  17.5153 -3.0790 25.7283
v  17.5153 -3.0790 25.7203
v  17.5102 -3.0756 25.7283
v  17.5102 -3.0756 25.7203
v  17.5047 -3.0746 25.7283
v  17.5047 -3.0746 25.7203
v  17.4914 -3.0746 25.7283
v  17.4914 -3.0746 25.7203
v  17.4859 -3.0756 25.7283
v  17.4859 -3.0756 25.7203
v  17.4808 -3.0790 25.7283
v  17.4808 -3.0790 25.7203
v  16.3280 -3.2203 25.7283
v  17.5055 -3.2120 25.7283
v  17.5095 -3.2101 25.7283
v  17.5114 -3.2061 25.7283
v  17.5087 -3.0856 25.7283
v  17.4874 -3.0856 25.7283
v  17.4844 -3.1627 25.7283
v  17.4829 -3.1705 25.7283
v  17.4778 -3.1783 25.7283
v  17.4700 -3.1835 25.7283
v  17.4621 -3.1850 25.7283
v  16.3050 -3.1761 25.7283
v  16.3050 -3.2125 25.7283
v  16.2697 -3.1973 25.7283
v  16.2873 -0.3971 0.7559
v  16.2988 -0.4065 0.7559
v  16.2804 -0.4325 0.7559
v  16.2746 -0.3895 0.7639
v  16.2795 -0.3882 0.7639
v  16.2795 -0.3882 0.7559
v  16.2746 -0.3895 0.7559
v  16.2697 -0.8599 0.7639
v  16.2697 -0.8599 0.7559
v  16.2697 -3.0826 0.7639
v  16.3130 -0.9032 0.7639
v  16.3130 -0.9032 0.7559
v  16.3140 -0.8977 0.7559
v  16.3140 -0.8977 0.7639
v  16.3174 -0.8926 0.7559
v  16.3174 -0.8926 0.7639
v  16.3225 -0.8892 0.7559
v  16.3225 -0.8892 0.7639
v  16.2707 -0.8543 0.7639
v  16.2707 -0.8543 0.7559
v  16.2741 -0.8493 0.7639
v  16.2741 -0.8493 0.7559
v  16.2792 -0.8459 0.7639
v  16.2792 -0.8459 0.7559
v  16.2847 -0.8449 0.7639
v  16.2847 -0.8449 0.7559
v  16.4259 -0.8449 0.7639
v  16.4259 -0.8449 0.7559
v  16.3280 -0.8882 0.7559
v  16.3280 -0.8882 0.7639
v  16.4693 -0.8882 0.7639
v  16.4693 -0.8882 0.7559
v  16.4315 -0.8438 0.7639
v  16.4315 -0.8438 0.7559
v  16.4366 -0.8405 0.7639
v  16.4366 -0.8405 0.7559
v  16.4399 -0.8354 0.7639
v  16.4399 -0.8354 0.7559
v  16.4748 -0.8871 0.7559
v  16.4748 -0.8871 0.7639
v  16.4799 -0.8838 0.7559
v  16.4799 -0.8838 0.7639
v  16.4832 -0.8787 0.7559
v  16.4832 -0.8787 0.7639
v  16.4843 -0.8732 0.7559
v  16.4843 -0.8732 0.7639
v  16.4409 -0.8299 0.7639
v  16.4409 -0.8299 0.7559
v  16.4843 -0.4583 0.7639
v  16.4843 -0.4583 0.7559
v  16.4409 -0.4583 0.7639
v  16.4409 -0.4583 0.7559
v  16.4399 -0.4528 0.7639
v  16.4399 -0.4528 0.7559
v  16.4853 -0.4528 0.7559
v  16.4853 -0.4528 0.7639
v  16.4366 -0.4477 0.7639
v  16.4366 -0.4477 0.7559
v  16.4886 -0.4477 0.7559
v  16.4886 -0.4477 0.7639
v  16.4315 -0.4443 0.7639
v  16.4315 -0.4443 0.7559
v  16.4937 -0.4443 0.7559
v  16.4937 -0.4443 0.7639
v  16.4259 -0.4433 0.7639
v  16.4259 -0.4433 0.7559
v  16.4993 -0.4433 0.7559
v  16.4993 -0.4433 0.7639
v  16.7109 -0.4418 0.7559
v  16.7168 -0.4367 0.7559
v  16.7168 -0.4367 0.7639
v  16.7109 -0.4418 0.7639
v  16.7194 -0.4283 0.7639
v  16.7194 -0.4283 0.7559
v  16.7194 -0.0150 0.7559
v  16.7194 -0.0150 0.7639
v  16.7183 -0.0095 0.7639
v  16.7183 -0.0095 0.7559
v  16.7150 -0.0044 0.7559
v  16.7150 -0.0044 0.7639
v  16.7099 -0.0010 0.7559
v  16.7099 -0.0010 0.7639
v  16.7044 0.0000 0.7559
v  16.7044 0.0000 0.7639
v  16.6911 0.0000 0.7639
v  16.6911 0.0000 0.7559
v  16.6855 -0.0010 0.7559
v  16.6855 -0.0010 0.7639
v  16.6805 -0.0044 0.7559
v  16.6805 -0.0044 0.7639
v  16.6771 -0.0095 0.7559
v  16.6771 -0.0095 0.7639
v  16.6761 -0.0150 0.7559
v  16.6761 -0.0150 0.7639
v  16.6761 -0.3901 0.7639
v  16.6761 -0.3901 0.7559
v  16.6745 -0.3955 0.7559
v  16.6712 -0.3988 0.7559
v  16.6712 -0.3988 0.7639
v  16.6745 -0.3955 0.7639
v  16.7044 -0.4433 0.7639
v  16.7044 -0.4433 0.7559
v  16.4627 -0.4000 0.7639
v  16.6662 -0.4000 0.7639
v  16.6662 -0.4000 0.7559
v  16.2847 -0.4433 0.7639
v  16.2847 -0.4433 0.7559
v  16.3040 -0.4000 0.7639
v  16.3040 -0.4000 0.7559
v  16.2986 -0.3984 0.7559
v  16.2986 -0.3984 0.7639
v  16.2792 -0.4422 0.7639
v  16.2792 -0.4422 0.7559
v  16.2741 -0.4389 0.7639
v  16.2741 -0.4389 0.7559
v  16.2707 -0.4338 0.7639
v  16.2707 -0.4338 0.7559
v  16.2697 -0.4283 0.7639
v  16.2697 -0.4283 0.7559
v  16.2697 -0.3980 0.7639
v  16.2697 -0.3980 0.7559
v  16.2950 -0.3941 0.7559
v  16.2950 -0.3941 0.7639
v  16.2914 -0.3898 0.7559
v  16.2914 -0.3898 0.7639
v  16.2860 -0.3882 0.7559
v  16.2860 -0.3882 0.7639
v  16.2711 -0.3931 0.7639
v  16.2711 -0.3931 0.7559
v  16.6670 -0.4080 0.7559
v  16.4624 -0.4080 0.7559
v  16.6800 -0.3987 0.7559
v  16.6743 -0.4044 0.7559
v  16.6841 -0.3909 0.7559
v  16.6870 -0.0108 0.7559
v  16.7091 -0.0109 0.7559
v  16.7114 -0.4283 0.7559
v  16.7092 -0.4339 0.7559
v  16.4993 -0.4353 0.7559
v  16.7036 -0.4353 0.7559
v  16.4908 -0.4369 0.7559
v  16.4830 -0.4420 0.7559
v  16.4778 -0.4498 0.7559
v  16.4763 -0.4576 0.7559
v  16.4760 -0.8745 0.7559
v  16.4742 -0.8781 0.7559
v  16.4702 -0.8799 0.7559
v  16.3280 -0.8802 0.7559
v  16.3195 -0.8818 0.7559
v  16.3117 -0.8869 0.7559
v  16.3066 -0.8947 0.7559
v  16.3050 -0.9024 0.7559
v  16.2779 -0.8586 0.7559
v  16.2798 -0.8550 0.7559
v  16.2838 -0.8531 0.7559
v  16.4259 -0.8529 0.7559
v  16.4344 -0.8513 0.7559
v  16.4422 -0.8462 0.7559
v  16.4474 -0.8384 0.7559
v  16.4489 -0.8306 0.7559
v  16.4489 -0.4583 0.7559
v  16.4474 -0.4498 0.7559
v  16.4422 -0.4420 0.7559
v  16.4344 -0.4369 0.7559
v  16.4267 -0.4353 0.7559
v  16.3050 -3.0746 0.2639
v  16.2777 -3.0746 0.2639
v  16.3130 -3.6270 0.2639
v  16.3130 -3.2202 0.2639
v  16.3050 -3.0746 0.2559
v  16.2777 -3.0746 0.2559
v  16.2697 -3.0826 0.2639
v  16.2697 -3.0826 0.2559
v  16.2777 -3.0826 0.2559
v  16.2782 -3.1973 0.2559
v  16.3050 -3.0826 0.2559
v  16.3130 -3.0826 0.2559
v  16.3130 -3.1619 0.2559
v  16.3050 -3.1761 0.2559
v  16.2697 -3.0746 0.2639
v  16.3130 -3.0746 0.2639
v  16.3130 -3.0826 0.2639
v  16.3130 -3.0746 0.2559
v  16.2697 -3.0746 0.2559
v  16.2801 -3.6270 0.2559
v  16.3050 -3.2125 0.2559
v  16.3050 -3.6270 0.2559
v  16.3130 -3.1618 0.2639
v  16.3130 -3.6270 0.2559
v  16.3130 -3.2203 0.2559
v  16.3151 -3.1696 0.2639
v  16.3201 -3.1747 0.2639
v  16.3202 -3.1747 0.2559
v  16.3152 -3.1697 0.2559
v  16.3195 -3.1839 0.2554
v  16.3180 -3.2202 0.2639
v  16.3230 -3.2202 0.2639
v  16.3180 -3.2203 0.2559
v  16.3230 -3.2203 0.2559
v  16.3279 -3.1770 0.2639
v  16.3280 -3.1770 0.2559
v  16.3280 -3.2202 0.2639
v  16.3280 -3.2203 0.2559
v  17.5055 -3.2120 0.2559
v  16.3195 -3.2122 0.2559
v  17.4621 -3.1850 0.2559
v  17.5047 -3.2203 0.2559
v  17.5102 -3.2192 0.2559
v  17.5095 -3.2101 0.2559
v  17.5153 -3.2159 0.2559
v  17.5114 -3.2061 0.2559
v  17.5186 -3.2108 0.2559
v  17.5197 -3.2053 0.2559
v  17.5087 -3.0856 0.2559
v  17.5197 -3.0896 0.2559
v  17.5186 -3.0841 0.2559
v  17.5153 -3.0790 0.2559
v  17.5102 -3.0756 0.2559
v  17.5047 -3.0746 0.2559
v  17.4874 -3.0856 0.2559
v  17.4914 -3.0746 0.2559
v  17.4859 -3.0756 0.2559
v  17.4808 -3.0790 0.2559
v  17.4774 -3.0841 0.2559
v  17.4764 -3.0896 0.2559
v  17.4844 -3.1627 0.2559
v  17.4764 -3.1620 0.2559
v  17.4829 -3.1705 0.2559
v  17.4753 -3.1675 0.2559
v  17.4778 -3.1783 0.2559
v  17.4720 -3.1726 0.2559
v  17.4700 -3.1835 0.2559
v  17.4669 -3.1759 0.2559
v  17.4614 -3.1770 0.2559
v  17.4774 -3.0841 0.2639
v  17.4764 -3.0896 0.2639
v  17.4614 -3.1770 0.2639
v  17.4669 -3.1759 0.2639
v  17.4720 -3.1726 0.2639
v  17.5047 -3.2203 0.2639
v  17.5102 -3.2192 0.2639
v  17.5153 -3.2159 0.2639
v  17.5186 -3.2108 0.2639
v  17.5197 -3.2053 0.2639
v  17.5197 -3.0896 0.2639
v  17.4753 -3.1675 0.2639
v  17.4764 -3.1620 0.2639
v  17.5186 -3.0841 0.2639
v  17.5153 -3.0790 0.2639
v  17.5102 -3.0756 0.2639
v  17.5047 -3.0746 0.2639
v  17.4914 -3.0746 0.2639
v  17.4859 -3.0756 0.2639
v  17.4808 -3.0790 0.2639
v  16.2697 -3.6270 0.2559
v  16.2697 -3.6270 0.2639
v  16.7194 -0.0212 25.2203
v  16.6761 -0.0206 25.2203
v  16.7194 -0.0212 25.2283
v  16.6761 -0.0206 25.2283
v  16.6870 -0.0165 25.2283
v  16.7091 -0.0172 25.2283
v  16.7194 -0.0212 0.7559
v  16.7194 -0.0212 0.7639
v  16.6761 -0.0206 0.7639
v  16.6761 -0.0206 0.7559
v  16.6870 -0.0165 0.7559
v  16.7091 -0.0172 0.7559
v  16.7113 -0.4218 0.7559
v  16.7194 -0.4218 0.7559
v  16.7194 -0.4218 0.7639
v  16.7194 -0.4218 25.2203
v  16.7194 -0.4218 25.2283
v  16.7113 -0.4218 25.2283
v  16.6841 -0.3850 25.2283
v  16.6761 -0.3843 25.2283
v  16.6761 -0.3843 25.2203
v  16.6761 -0.3843 0.7639
v  16.6761 -0.3843 0.7559
v  16.6841 -0.3850 0.7559
v  16.6971 -0.4353 0.7559
v  16.6978 -0.4433 0.7559
v  16.6978 -0.4433 0.7639
v  16.6978 -0.4433 25.2203
v  16.6978 -0.4433 25.2283
v  16.6971 -0.4353 25.2283
v  16.6604 -0.4080 25.2283
v  16.6597 -0.4000 25.2283
v  16.6597 -0.4000 25.2203
v  16.6597 -0.4000 0.7639
v  16.6597 -0.4000 0.7559
v  16.6604 -0.4080 0.7559
v  16.4763 -0.4646 0.7559
v  16.4843 -0.4653 0.7559
v  16.4843 -0.4653 0.7639
v  16.4843 -0.4653 25.2203
v  16.4843 -0.4653 25.2283
v  16.4763 -0.4646 25.2283
v  16.4489 -0.4646 25.2283
v  16.4409 -0.4646 25.2283
v  16.4409 -0.4646 25.2203
v  16.4409 -0.4646 0.7639
v  16.4409 -0.4646 0.7559
v  16.4489 -0.4646 0.7559
v  16.5054 -0.4353 0.7559
v  16.5055 -0.4433 0.7559
v  16.5055 -0.4433 0.7639
v  16.5055 -0.4433 25.2203
v  16.5055 -0.4433 25.2283
v  16.5054 -0.4353 25.2283
v  16.4205 -0.4352 0.7559
v  16.4200 -0.4433 0.7559
v  16.4200 -0.4433 0.7639
v  16.4200 -0.4433 25.2203
v  16.4200 -0.4433 25.2283
v  16.4205 -0.4352 25.2283
v  16.4624 -0.4080 25.2283
v  16.4625 -0.4000 0.7559
v  16.2853 -0.4326 0.7559
v  16.2895 -0.4433 0.7559
v  16.2895 -0.4433 0.7639
v  16.2895 -0.4433 25.2203
v  16.2895 -0.4433 25.2283
v  16.2853 -0.4326 25.2283
v  16.3044 -0.4066 25.2283
v  16.3094 -0.4000 25.2283
v  16.3094 -0.4000 25.2203
v  16.3094 -0.4000 0.7639
v  16.3094 -0.4000 0.7559
v  16.3044 -0.4066 0.7559
v  16.2697 -0.4231 0.7559
v  16.2697 -0.4231 0.7639
v  16.2697 -0.4231 25.2203
v  16.2697 -0.4231 25.2283
v  16.2804 -0.4325 25.2283
v  16.2697 -0.4036 0.7559
v  16.2697 -0.4036 0.7639
v  16.2697 -0.4036 25.2203
v  16.2697 -0.4036 25.2283
v  16.2786 -0.3969 0.7559
v  16.4760 -0.8678 0.7559
v  16.4843 -0.8666 0.7559
v  16.4843 -0.8666 0.7639
v  16.4843 -0.8666 25.2203
v  16.4843 -0.8666 25.2283
v  16.4760 -0.8678 25.2283
v  16.4489 -0.8247 25.2283
v  16.4409 -0.8240 25.2283
v  16.4409 -0.8240 25.2203
v  16.4409 -0.8240 0.7639
v  16.4409 -0.8240 0.7559
v  16.4489 -0.8247 0.7559
v  16.4647 -0.8799 0.7559
v  16.4638 -0.8882 0.7559
v  16.4638 -0.8882 0.7639
v  16.4638 -0.8882 25.2203
v  16.4638 -0.8882 25.2283
v  16.4647 -0.8799 25.2283
v  16.4205 -0.8529 25.2283
v  16.4205 -0.8449 25.2283
v  16.4205 -0.8449 25.2203
v  16.4205 -0.8449 0.7639
v  16.4205 -0.8449 0.7559
v  16.4205 -0.8529 0.7559
v  16.2917 -0.8449 0.7559
v  16.2917 -0.8449 0.7639
v  16.2917 -0.8449 25.2203
v  16.2917 -0.8449 25.2283
v  16.2908 -0.8531 25.2283
v  16.3350 -0.8802 25.2283
v  16.3350 -0.8882 25.2283
v  16.3350 -0.8882 25.2203
v  16.3350 -0.8882 0.7639
v  16.3350 -0.8882 0.7559
v  16.3350 -0.8802 0.7559
v  16.2908 -0.8531 0.7559
v  16.2779 -0.8650 0.7559
v  16.2697 -0.8663 0.7559
v  16.2697 -0.8663 0.7639
v  16.2697 -0.8663 25.2203
v  16.2697 -0.8663 25.2283
v  16.2779 -0.8650 25.2283
v  16.3050 -0.9087 25.2283
v  16.3130 -0.9095 25.2283
v  16.3130 -0.9095 25.2203
v  16.3130 -0.9095 0.7639
v  16.3130 -0.9095 0.7559
v  16.3050 -0.9087 0.7559
v  16.3050 -3.6270 0.2639
v  16.2801 -3.6270 0.2639
v  16.3050 -3.6270 25.7203
v  16.2801 -3.6270 25.7203
v  16.2801 -3.6191 0.2559
v  16.2697 -3.6191 0.2559
v  16.2697 -3.6191 0.2639
v  16.2697 -3.6191 25.7203
v  16.2697 -3.6191 25.7283
v  16.2801 -3.6191 25.7283
v  16.3050 -3.6194 25.7283
v  16.3130 -3.6195 25.7283
v  16.3130 -3.6195 25.7203
v  16.3130 -3.6195 0.2639
v  16.3130 -3.6195 0.2559
v  16.3050 -3.6194 0.2559
v  16.2697 -3.1973 0.2639
v  16.2697 -3.0826 25.2203
v  16.2782 -3.1973 25.7283
v  16.3050 -3.2179 25.7283
v  16.3130 -3.2256 25.7283
v  16.3130 -3.2255 25.7203
v  16.3130 -3.2255 0.2639
v  16.3130 -3.2256 0.2559
v  16.3050 -3.2179 0.2559
v  16.2697 -3.1973 25.7203
v  16.3050 -3.1711 25.7283
v  16.3130 -3.1577 25.7283
v  16.3130 -3.1575 25.7203
v  16.3130 -3.1575 0.2639
v  16.3130 -3.1577 0.2559
v  16.3050 -3.1711 0.2559
v  16.2697 -3.1973 0.2559
v  16.3258 -3.1839 0.2554
v  16.3260 -3.2122 0.2559
v  16.3344 -3.2203 0.2559
v  16.3344 -3.2202 0.2639
v  16.3344 -3.2202 25.7203
v  16.3344 -3.2203 25.7283
v  16.3260 -3.2122 25.7283
v  16.3258 -3.1839 25.7289
v  16.3341 -3.1770 25.7283
v  16.3341 -3.1770 25.7203
v  16.3341 -3.1770 0.2639
v  16.3341 -3.1770 0.2559
v  17.4999 -3.2120 0.2559
v  17.4568 -3.1850 0.2559
v  17.4560 -3.1770 0.2559
v  17.4560 -3.1770 0.2639
v  17.4560 -3.1770 25.7203
v  17.4560 -3.1770 25.7283
v  17.4567 -3.1850 25.7283
v  17.4999 -3.2120 25.7283
v  17.4991 -3.2203 25.7283
v  17.4991 -3.2203 25.7203
v  17.4991 -3.2203 0.2639
v  17.4991 -3.2203 0.2559
v  17.5112 -3.1979 0.2559
v  17.4846 -3.1574 0.2559
v  17.4764 -3.1570 0.2559
v  17.4764 -3.1570 0.2639
v  17.4764 -3.1570 25.7203
v  17.4764 -3.1570 25.7283
v  17.4846 -3.1574 25.7283
v  17.5112 -3.1979 25.7283
v  17.5197 -3.1973 25.7283
v  17.5197 -3.1973 25.7203
v  17.5197 -3.1973 0.2639
v  17.5197 -3.1973 0.2559
v  17.5089 -3.0915 0.2559
v  17.4872 -3.0913 0.2559
v  17.4764 -3.0949 0.2559
v  17.4764 -3.0949 0.2639
v  17.4764 -3.0949 25.7203
v  17.4764 -3.0949 25.7283
v  17.4872 -3.0913 25.7283
v  17.5089 -3.0945 25.7283
v  17.5197 -3.0981 25.7283
v  17.5197 -3.0981 25.7203
v  17.5197 -3.0951 0.2639
v  17.5197 -3.0951 0.2559
v  17.4980 -3.0746 25.7203
v  17.4980 -3.0746 25.7283
v  17.4980 -3.0746 0.2559
v  17.4980 -3.0746 0.2639
v  16.3050 -3.0746 25.2283
v  16.3050 -3.0746 25.2363
v  16.3050 -3.0666 25.2283
v  16.3130 -3.0746 25.2283
v  16.3130 -3.0666 25.2283
v  16.3130 -3.0746 25.2363
v  16.2697 -3.0746 25.2283
v  16.2697 -3.0746 25.2363
v  16.2697 -3.0666 25.2283
v  16.2777 -3.0746 25.2283
v  16.2777 -3.0666 25.2283
v  16.2777 -3.0746 25.2363
v  16.2777 -3.0746 0.7559
v  16.2777 -3.0666 0.7559
v  16.2777 -3.0746 0.7479
v  16.3050 -3.0746 0.7559
v  16.3050 -3.0746 0.7479
v  16.3050 -3.0666 0.7559
v  16.2697 -3.0746 0.7559
v  16.2697 -3.0666 0.7559
v  16.2697 -3.0746 0.7479
v  16.3130 -3.0746 0.7559
v  16.3130 -3.0746 0.7479
v  16.3130 -3.0826 0.7639
v  16.3130 -3.0666 0.7559
v  16.2650 -1.0212 24.7004
v  16.2650 -1.0228 24.6934
v  16.2650 -1.0218 24.6879
v  16.2650 -1.0184 24.6832
v  16.2650 -1.0134 24.6795
v  16.2650 -1.0079 24.6785
v  16.2650 -0.6684 24.6783
v  16.2650 -0.6144 24.6732
v  16.2650 -0.5587 24.6572
v  16.2650 -0.5054 24.6295
v  16.2650 -0.4682 24.6009
v  16.2650 -0.4637 24.5980
v  16.2650 -0.4582 24.5970
v  16.2650 -0.4527 24.5980
v  16.2650 -0.4476 24.6014
v  16.2650 -0.4443 24.6064
v  16.2650 -0.4432 24.6119
v  16.2650 -0.4427 24.9425
v  16.2650 -0.4420 25.1702
v  16.2650 -0.4430 25.1757
v  16.2650 -0.4464 25.1808
v  16.2650 -0.4514 25.1841
v  16.2650 -0.4569 25.1852
v  16.2650 -0.5267 25.1852
v  16.2650 -0.5322 25.1862
v  16.2650 -0.5372 25.1896
v  16.2650 -0.5406 25.1946
v  16.2650 -0.5416 25.2001
v  16.2650 -0.5416 25.2134
v  16.2650 -0.5406 25.2189
v  16.2650 -0.5372 25.2240
v  16.2650 -0.5322 25.2273
v  16.2650 -0.5267 25.2283
v  16.2650 -0.4189 25.2283
v  16.2650 -0.0150 25.2283
v  16.2650 -0.0095 25.2273
v  16.2650 -0.0044 25.2240
v  16.2650 -0.0011 25.2189
v  16.2650 -0.0000 25.2134
v  16.2650 -0.0000 24.9724
v  16.2650 -0.0011 24.9669
v  16.2650 -0.0044 24.9619
v  16.2650 -0.0095 24.9585
v  16.2650 -0.0150 24.9575
v  16.2650 -0.0283 24.9575
v  16.2650 -0.0338 24.9585
v  16.2650 -0.0388 24.9619
v  16.2650 -0.0422 24.9669
v  16.2650 -0.0432 24.9724
v  16.2650 -0.0432 25.1702
v  16.2650 -0.0443 25.1757
v  16.2650 -0.0476 25.1808
v  16.2650 -0.0527 25.1841
v  16.2650 -0.0582 25.1852
v  16.2650 -0.3838 25.1852
v  16.2650 -0.3893 25.1841
v  16.2650 -0.3944 25.1808
v  16.2650 -0.3977 25.1757
v  16.2650 -0.3988 25.1702
v  16.2650 -0.3999 24.9725
v  16.2650 -0.3988 24.9670
v  16.2650 -0.3955 24.9619
v  16.2650 -0.3904 24.9586
v  16.2650 -0.3849 24.9575
v  16.2650 -0.2948 24.9574
v  16.2650 -0.2893 24.9564
v  16.2650 -0.2842 24.9531
v  16.2650 -0.2809 24.9480
v  16.2650 -0.2799 24.9425
v  16.2650 -0.2799 24.9292
v  16.2650 -0.2809 24.9237
v  16.2650 -0.2842 24.9187
v  16.2650 -0.2893 24.9153
v  16.2650 -0.2948 24.9143
v  16.2650 -0.3849 24.9141
v  16.2650 -0.3904 24.9131
v  16.2650 -0.3955 24.9098
v  16.2650 -0.3988 24.9047
v  16.2650 -0.3999 24.8992
v  16.2650 -0.3998 24.5336
v  16.2650 -0.3987 24.5281
v  16.2650 -0.3954 24.5231
v  16.2650 -0.3924 24.5204
v  16.2650 -0.3891 24.5154
v  16.2650 -0.3880 24.5098
v  16.2650 -0.3880 24.4934
v  16.2650 -0.3891 24.4879
v  16.2650 -0.3924 24.4828
v  16.2650 -0.3975 24.4795
v  16.2650 -0.4030 24.4785
v  16.2650 -0.4233 24.4785
v  16.2650 -0.4288 24.4795
v  16.2650 -0.4339 24.4828
v  16.2650 -0.4369 24.4871
v  16.2650 -0.4545 24.5188
v  16.2650 -0.4874 24.5612
v  16.2650 -0.5284 24.5944
v  16.2650 -0.5742 24.6182
v  16.2650 -0.6218 24.6319
v  16.2650 -0.6684 24.6351
v  16.2650 -1.0682 24.6352
v  16.2650 -1.1381 24.6352
v  16.2650 -1.2276 24.6355
v  16.2650 -2.7614 24.6349
v  16.2650 -2.8272 24.6349
v  16.2650 -2.9052 24.6349
v  16.2650 -3.5039 24.6354
v  16.2650 -3.5258 24.6333
v  16.2650 -3.5482 24.6269
v  16.2650 -3.5697 24.6157
v  16.2650 -3.5825 24.6060
v  16.2650 -3.5867 24.6034
v  16.2650 -3.5922 24.6024
v  16.2650 -3.5977 24.6034
v  16.2650 -3.6028 24.6068
v  16.2650 -3.6061 24.6118
v  16.2650 -3.6072 24.6173
v  16.2650 -3.6073 25.7134
v  16.2650 -3.6062 25.7189
v  16.2650 -3.6028 25.7240
v  16.2650 -3.5978 25.7273
v  16.2650 -3.5920 25.7283
v  16.2650 -3.0896 25.7283
v  16.2650 -3.0841 25.7273
v  16.2650 -3.0790 25.7240
v  16.2650 -3.0757 25.7189
v  16.2650 -3.0746 25.7134
v  16.2650 -3.0746 25.6409
v  16.2650 -3.0757 25.6354
v  16.2650 -3.0790 25.6303
v  16.2650 -3.0841 25.6270
v  16.2650 -3.0896 25.6259
v  16.2650 -3.1029 25.6259
v  16.2650 -3.1084 25.6270
v  16.2650 -3.1134 25.6303
v  16.2650 -3.1168 25.6354
v  16.2650 -3.1178 25.6409
v  16.2650 -3.1178 25.6702
v  16.2650 -3.1189 25.6757
v  16.2650 -3.1222 25.6808
v  16.2650 -3.1273 25.6841
v  16.2650 -3.1328 25.6852
v  16.2650 -3.5488 25.6852
v  16.2650 -3.5543 25.6841
v  16.2650 -3.5594 25.6808
v  16.2650 -3.5627 25.6757
v  16.2650 -3.5638 25.6702
v  16.2650 -3.5638 24.6935
v  16.2650 -3.5629 24.6878
v  16.2650 -3.5596 24.6827
v  16.2650 -3.5545 24.6794
v  16.2650 -3.5490 24.6784
v  16.2650 -2.9539 24.6791
v  16.2650 -2.9474 24.6805
v  16.2650 -2.9424 24.6846
v  16.2650 -2.9396 24.6899
v  16.2650 -2.9391 24.6959
v  16.2650 -2.9406 24.7010
v  16.2650 -2.9471 24.7237
v  16.2650 -2.9492 24.7458
v  16.2650 -2.9471 24.7680
v  16.2650 -2.9406 24.7906
v  16.2650 -2.9293 24.8124
v  16.2650 -2.9146 24.8308
v  16.2650 -2.9038 24.8379
v  16.2650 -2.8923 24.8401
v  16.2650 -2.8701 24.8309
v  16.2650 -2.8631 24.8203
v  16.2650 -2.8609 24.8087
v  16.2650 -2.8608 24.7892
v  16.2650 -2.8634 24.7827
v  16.2650 -2.8705 24.7740
v  16.2650 -2.8734 24.7707
v  16.2650 -2.8778 24.7694
v  16.2650 -2.8822 24.7694
v  16.2650 -2.8868 24.7680
v  16.2650 -2.8896 24.7641
v  16.2650 -2.8912 24.7576
v  16.2650 -2.8926 24.7458
v  16.2650 -2.8912 24.7335
v  16.2650 -2.8899 24.7270
v  16.2650 -2.8872 24.7233
v  16.2650 -2.8822 24.7217
v  16.2650 -2.8778 24.7217
v  16.2650 -2.8736 24.7206
v  16.2650 -2.8705 24.7171
v  16.2650 -2.8639 24.7089
v  16.2650 -2.8556 24.7022
v  16.2650 -2.8464 24.6974
v  16.2650 -2.8369 24.6947
v  16.2650 -2.8275 24.6938
v  16.2650 -2.8181 24.6947
v  16.2650 -2.8086 24.6974
v  16.2650 -2.7994 24.7022
v  16.2650 -2.7911 24.7089
v  16.2650 -2.7845 24.7171
v  16.2650 -2.7816 24.7204
v  16.2650 -2.7772 24.7217
v  16.2650 -2.7728 24.7217
v  16.2650 -2.7685 24.7230
v  16.2650 -2.7654 24.7270
v  16.2650 -2.7638 24.7335
v  16.2650 -2.7627 24.7458
v  16.2650 -2.7638 24.7576
v  16.2650 -2.7654 24.7641
v  16.2650 -2.7686 24.7680
v  16.2650 -2.7728 24.7694
v  16.2650 -2.7772 24.7694
v  16.2650 -2.7816 24.7707
v  16.2650 -2.7845 24.7740
v  16.2650 -2.7916 24.7827
v  16.2650 -2.7941 24.7892
v  16.2650 -2.7941 24.8087
v  16.2650 -2.7919 24.8203
v  16.2650 -2.7849 24.8309
v  16.2650 -2.7627 24.8401
v  16.2650 -2.7512 24.8379
v  16.2650 -2.7404 24.8308
v  16.2650 -2.7257 24.8124
v  16.2650 -2.7144 24.7906
v  16.2650 -2.7079 24.7680
v  16.2650 -2.7058 24.7458
v  16.2650 -2.7079 24.7237
v  16.2650 -2.7144 24.7010
v  16.2650 -2.7160 24.6941
v  16.2650 -2.7150 24.6886
v  16.2650 -2.7117 24.6830
v  16.2650 -2.7066 24.6796
v  16.2650 -2.7011 24.6784
v  16.2650 -1.2616 24.6788
v  16.2650 -1.2551 24.6802
v  16.2650 -1.2497 24.6845
v  16.2650 -1.2468 24.6902
v  16.2650 -1.2469 24.6965
v  16.2650 -1.2483 24.7007
v  16.2650 -1.2548 24.7234
v  16.2650 -1.2568 24.7455
v  16.2650 -1.2548 24.7676
v  16.2650 -1.2483 24.7903
v  16.2650 -1.2370 24.8121
v  16.2650 -1.2223 24.8304
v  16.2650 -1.2171 24.8347
v  16.2650 -1.2114 24.8376
v  16.2650 -1.2056 24.8393
v  16.2650 -1.1999 24.8398
v  16.2650 -1.1942 24.8393
v  16.2650 -1.1883 24.8376
v  16.2650 -1.1827 24.8347
v  16.2650 -1.1777 24.8306
v  16.2650 -1.1736 24.8256
v  16.2650 -1.1707 24.8200
v  16.2650 -1.1690 24.8141
v  16.2650 -1.1685 24.8084
v  16.2650 -1.1685 24.7881
v  16.2650 -1.1710 24.7823
v  16.2650 -1.1782 24.7736
v  16.2650 -1.1808 24.7705
v  16.2650 -1.1854 24.7691
v  16.2650 -1.1898 24.7691
v  16.2650 -1.1944 24.7676
v  16.2650 -1.1973 24.7637
v  16.2650 -1.1988 24.7573
v  16.2650 -1.1999 24.7455
v  16.2650 -1.1988 24.7337
v  16.2650 -1.1973 24.7273
v  16.2650 -1.1945 24.7235
v  16.2650 -1.1898 24.7220
v  16.2650 -1.1854 24.7220
v  16.2650 -1.1809 24.7207
v  16.2650 -1.1782 24.7174
v  16.2650 -1.1715 24.7091
v  16.2650 -1.1624 24.7022
v  16.2650 -1.1532 24.6974
v  16.2650 -1.1437 24.6946
v  16.2650 -1.1343 24.6938
v  16.2650 -1.1250 24.6946
v  16.2650 -1.1154 24.6974
v  16.2650 -1.1062 24.7022
v  16.2650 -1.0980 24.7088
v  16.2650 -1.0913 24.7171
v  16.2650 -1.0885 24.7205
v  16.2650 -1.0840 24.7217
v  16.2650 -1.0796 24.7217
v  16.2650 -1.0748 24.7233
v  16.2650 -1.0722 24.7270
v  16.2650 -1.0706 24.7334
v  16.2650 -1.0695 24.7452
v  16.2650 -1.0706 24.7570
v  16.2650 -1.0722 24.7634
v  16.2650 -1.0750 24.7676
v  16.2650 -1.0796 24.7691
v  16.2650 -1.0840 24.7691
v  16.2650 -1.0885 24.7701
v  16.2650 -1.0913 24.7733
v  16.2650 -1.0984 24.7820
v  16.2650 -1.1009 24.7886
v  16.2650 -1.1009 24.8081
v  16.2650 -1.1004 24.8138
v  16.2650 -1.0987 24.8196
v  16.2650 -1.0958 24.8253
v  16.2650 -1.0918 24.8303
v  16.2650 -1.0867 24.8344
v  16.2650 -1.0811 24.8373
v  16.2650 -1.0753 24.8390
v  16.2650 -1.0696 24.8395
v  16.2650 -1.0638 24.8390
v  16.2650 -1.0580 24.8373
v  16.2650 -1.0524 24.8344
v  16.2650 -1.0472 24.8301
v  16.2650 -1.0325 24.8118
v  16.2650 -1.0212 24.7900
v  16.2650 -1.0147 24.7673
v  16.2650 -1.0126 24.7452
v  16.2650 -1.0147 24.7231
v  16.2697 -0.0060 25.2128
v  16.2697 -0.0372 25.1708
v  16.2697 -0.0386 25.1780
v  16.2697 -0.0077 25.2181
v  16.2697 -0.5720 24.6237
v  16.2697 -0.6207 24.6378
v  16.2697 -0.6156 24.6673
v  16.2697 -0.5609 24.6517
v  16.2697 -1.2427 24.7881
v  16.2697 -1.2319 24.8088
v  16.2697 -1.2157 24.7898
v  16.2697 -1.2228 24.7770
v  16.2697 -0.4048 25.1708
v  16.2697 -0.4058 24.9719
v  16.2697 -0.4360 25.1708
v  16.2697 -3.0902 25.7224
v  16.2697 -3.0849 25.7206
v  16.2697 -3.1250 25.6898
v  16.2697 -3.1322 25.6912
v  16.2697 -3.1179 25.6851
v  16.2697 -3.0810 25.7147
v  16.2697 -3.1132 25.6780
v  16.2697 -3.1118 25.6708
v  16.2697 -3.0810 25.6396
v  16.2697 -3.0961 25.6409
v  16.2697 -3.0849 25.6337
v  16.2697 -3.0902 25.6319
v  16.2697 -3.1042 25.6323
v  16.2697 -3.1101 25.6362
v  16.2697 -3.1118 25.6415
v  16.2697 -3.5933 25.7220
v  16.2697 -3.5494 25.6912
v  16.2697 -3.5566 25.6898
v  16.2697 -3.5993 25.7181
v  16.2697 -3.5637 25.6851
v  16.2697 -3.5684 25.6780
v  16.2697 -3.6010 25.7128
v  16.2697 -3.5698 25.6708
v  16.2697 -3.6012 24.6179
v  16.2697 -3.5698 24.6929
v  16.2697 -3.5995 24.6126
v  16.2697 -3.5684 24.6857
v  16.2697 -3.5638 24.6786
v  16.2697 -3.5938 24.6088
v  16.2697 -3.5567 24.6739
v  16.2697 -3.5494 24.6725
v  16.2697 -3.5874 24.6100
v  16.2697 -3.5729 24.6208
v  16.2697 -3.5504 24.6325
v  16.2697 -3.5269 24.6392
v  16.2697 -3.5041 24.6413
v  16.2697 -2.9412 24.7669
v  16.2697 -2.8904 24.7731
v  16.2697 -2.8952 24.7666
v  16.2697 -2.9350 24.7884
v  16.2697 -2.8831 24.7754
v  16.2697 -2.8971 24.7586
v  16.2697 -2.9432 24.7458
v  16.2697 -2.8983 24.7458
v  16.2697 -2.9412 24.7248
v  16.2697 -2.8971 24.7325
v  16.2697 -2.9243 24.8091
v  16.2697 -2.8768 24.7764
v  16.2697 -2.9105 24.8263
v  16.2697 -2.9015 24.8323
v  16.2697 -2.8929 24.8339
v  16.2697 -2.8686 24.7857
v  16.2697 -2.8740 24.8261
v  16.2697 -2.8668 24.7903
v  16.2697 -2.8687 24.8180
v  16.2697 -2.8668 24.8082
v  16.2697 -2.9349 24.7028
v  16.2697 -2.8952 24.7246
v  16.2697 -2.9330 24.6966
v  16.2697 -2.8908 24.7182
v  16.2697 -2.9337 24.6882
v  16.2697 -2.9377 24.6807
v  16.2697 -2.8831 24.7157
v  16.2697 -2.8272 24.6408
v  16.2697 -2.8380 24.6888
v  16.2697 -2.8275 24.6878
v  16.2697 -2.8487 24.6919
v  16.2697 -2.8589 24.6972
v  16.2697 -2.8170 24.6888
v  16.2697 -2.8064 24.6919
v  16.2697 -2.7961 24.6972
v  16.2697 -2.8681 24.7046
v  16.2697 -2.9052 24.6408
v  16.2697 -2.8768 24.7148
v  16.2697 -2.9447 24.6750
v  16.2697 -2.9533 24.6731
v  16.2697 -2.7614 24.6408
v  16.2697 -2.7869 24.7046
v  16.2697 -2.7781 24.7147
v  16.2697 -2.7718 24.7157
v  16.2697 -2.7650 24.7180
v  16.2697 -2.7599 24.7243
v  16.2697 -2.7202 24.7026
v  16.2697 -2.7221 24.6942
v  16.2697 -2.7206 24.6863
v  16.2697 -2.7160 24.6786
v  16.2697 -2.7089 24.6739
v  16.2697 -2.7017 24.6724
v  16.2697 -2.7579 24.7325
v  16.2697 -2.7138 24.7248
v  16.2697 -2.7567 24.7458
v  16.2697 -2.7118 24.7458
v  16.2697 -2.7579 24.7586
v  16.2697 -2.7138 24.7669
v  16.2697 -2.7599 24.7668
v  16.2697 -2.7200 24.7884
v  16.2697 -2.7650 24.7731
v  16.2697 -2.7718 24.7754
v  16.2697 -2.7782 24.7764
v  16.2697 -2.7307 24.8091
v  16.2697 -2.7445 24.8263
v  16.2697 -2.7535 24.8323
v  16.2697 -2.7864 24.7857
v  16.2697 -2.7621 24.8339
v  16.2697 -2.7881 24.7903
v  16.2697 -2.7810 24.8261
v  16.2697 -2.7882 24.8082
v  16.2697 -2.7863 24.8180
v  16.2697 -1.1381 24.6412
v  16.2697 -1.1448 24.6887
v  16.2697 -1.1343 24.6878
v  16.2697 -1.1238 24.6887
v  16.2697 -1.1555 24.6918
v  16.2697 -1.1657 24.6971
v  16.2697 -1.1757 24.7049
v  16.2697 -1.2276 24.6415
v  16.2697 -1.1132 24.6918
v  16.2697 -1.1029 24.6971
v  16.2697 -1.0937 24.7046
v  16.2697 -1.2449 24.6807
v  16.2697 -1.2409 24.6888
v  16.2697 -1.2409 24.6974
v  16.2697 -1.2524 24.6746
v  16.2697 -1.2609 24.6728
v  16.2697 -1.2425 24.7025
v  16.2697 -1.2489 24.7245
v  16.2697 -1.2268 24.7285
v  16.2697 -1.2221 24.7130
v  16.2697 -1.2508 24.7455
v  16.2697 -1.2283 24.7455
v  16.2697 -1.2489 24.7665
v  16.2697 -1.2268 24.7625
v  16.2697 -1.2180 24.8262
v  16.2697 -1.2036 24.8008
v  16.2697 -1.2138 24.8297
v  16.2697 -1.2092 24.8320
v  16.2696 -1.1933 24.8063
v  16.2697 -1.2045 24.8334
v  16.2697 -1.1999 24.8338
v  16.2697 -1.1867 24.8131
v  16.2697 -1.0786 24.7157
v  16.2697 -1.0710 24.7182
v  16.2697 -1.0270 24.7019
v  16.2697 -1.0850 24.7147
v  16.2697 -1.0289 24.6936
v  16.2697 -1.0274 24.6855
v  16.2697 -1.0228 24.6790
v  16.2697 -1.0682 24.6412
v  16.2697 -1.0158 24.6739
v  16.2697 -1.0084 24.6725
v  16.2697 -1.0666 24.7245
v  16.2697 -1.0647 24.7324
v  16.2697 -1.0206 24.7242
v  16.2697 -1.0635 24.7452
v  16.2697 -1.0186 24.7452
v  16.2697 -1.0647 24.7580
v  16.2697 -1.0206 24.7662
v  16.2697 -1.0667 24.7660
v  16.2697 -1.0713 24.7723
v  16.2697 -1.0268 24.7878
v  16.2697 -1.0787 24.7747
v  16.2697 -1.0850 24.7757
v  16.2697 -1.0375 24.8085
v  16.2697 -1.0932 24.7850
v  16.2697 -1.0949 24.7896
v  16.2697 -1.0739 24.8191
v  16.2697 -1.0515 24.8259
v  16.2697 -1.0950 24.8078
v  16.2697 -1.0945 24.8127
v  16.2697 -1.0932 24.8174
v  16.2697 -1.0908 24.8220
v  16.2697 -1.0875 24.8260
v  16.2697 -1.0834 24.8293
v  16.2697 -1.0789 24.8317
v  16.2697 -1.0742 24.8331
v  16.2697 -1.0696 24.8335
v  16.2697 -1.0649 24.8331
v  16.2697 -1.0602 24.8317
v  16.2697 -1.0557 24.8293
v  16.2697 -1.1953 24.8334
v  16.2697 -1.1906 24.8320
v  16.2697 -1.1860 24.8296
v  16.2697 -1.1819 24.8263
v  16.2697 -1.1786 24.8223
v  16.2697 -1.1763 24.8177
v  16.2697 -1.1749 24.8130
v  16.2697 -1.1745 24.8081
v  16.2697 -1.1745 24.7893
v  16.2697 -1.1762 24.7855
v  16.2697 -1.1981 24.7727
v  16.2697 -1.2028 24.7663
v  16.2697 -1.2157 24.7057
v  16.2697 -1.1908 24.7160
v  16.2697 -1.1845 24.7150
v  16.2697 -1.1982 24.7184
v  16.2697 -1.2028 24.7247
v  16.2697 -1.2047 24.7327
v  16.2697 -1.2059 24.7455
v  16.2697 -1.2047 24.7583
v  16.2697 -1.1908 24.7750
v  16.2697 -1.1844 24.7761
v  16.2697 -0.6681 24.6411
v  16.2697 -0.6687 24.6723
v  16.2697 -0.5251 24.5994
v  16.2697 -0.5087 24.6244
v  16.2697 -0.4832 24.5654
v  16.2697 -0.4716 24.5959
v  16.2697 -0.4659 24.5924
v  16.2697 -0.4582 24.5909
v  16.2697 -0.4495 24.5222
v  16.2697 -0.4504 24.5924
v  16.2697 -0.4044 24.5258
v  16.2697 -0.4433 24.5970
v  16.2697 -0.4058 24.5331
v  16.2697 -0.4386 24.6041
v  16.2697 -0.4373 24.6114
v  16.2697 -0.4000 24.5191
v  16.2697 -0.4223 24.5222
v  16.2697 -0.3970 24.5165
v  16.2697 -0.3944 24.5112
v  16.2697 -0.3944 24.4921
v  16.2697 -0.3982 24.4862
v  16.2697 -0.4035 24.4844
v  16.2697 -0.4246 24.4848
v  16.2697 -0.4307 24.4887
v  16.2697 -0.2935 24.9511
v  16.2697 -0.2876 24.9472
v  16.2697 -0.2858 24.9419
v  16.2697 -0.2862 24.9279
v  16.2697 -0.2901 24.9220
v  16.2697 -0.2954 24.9203
v  16.2697 -0.3855 24.9201
v  16.2697 -0.3855 24.9516
v  16.2697 -0.3927 24.9529
v  16.2697 -0.3927 24.9187
v  16.2697 -0.3998 24.9576
v  16.2697 -0.3998 24.9141
v  16.2697 -0.4045 24.9647
v  16.2697 -0.4045 24.9070
v  16.2697 -0.4058 24.8998
v  16.2697 -0.4034 25.1780
v  16.2697 -0.4374 25.1780
v  16.2697 -0.3987 25.1851
v  16.2697 -0.4420 25.1851
v  16.2697 -0.3916 25.1898
v  16.2697 -0.4491 25.1898
v  16.2697 -0.3844 25.1912
v  16.2697 -0.4189 25.2224
v  16.2697 -0.4564 25.1912
v  16.2697 -0.5261 25.1912
v  16.2697 -0.5267 25.2069
v  16.2697 -0.5314 25.1929
v  16.2697 -0.5353 25.1988
v  16.2697 -0.5353 25.2147
v  16.2697 -0.5314 25.2206
v  16.2697 -0.5261 25.2224
v  16.2697 -0.0060 24.9730
v  16.2697 -0.0077 24.9677
v  16.2697 -0.0210 24.9724
v  16.2697 -0.0137 24.9638
v  16.2697 -0.0296 24.9638
v  16.2697 -0.0355 24.9677
v  16.2697 -0.0372 24.9730
v  16.2697 -0.0433 25.1851
v  16.2697 -0.0504 25.1898
v  16.2697 -0.0137 25.2220
v  16.2697 -0.0576 25.1912
v  16.2697 -1.0212 24.7004
v  16.2697 -1.0228 24.6934
v  16.2697 -1.0218 24.6879
v  16.2697 -1.0184 24.6832
v  16.2697 -1.0134 24.6795
v  16.2697 -1.0079 24.6785
v  16.2697 -0.6684 24.6783
v  16.2697 -0.6144 24.6732
v  16.2697 -0.5587 24.6572
v  16.2697 -0.5054 24.6295
v  16.2697 -0.4682 24.6009
v  16.2697 -0.4637 24.5980
v  16.2697 -0.4582 24.5970
v  16.2697 -0.4527 24.5980
v  16.2697 -0.4476 24.6014
v  16.2697 -0.4443 24.6064
v  16.2697 -0.4432 24.6119
v  16.2697 -0.4427 24.9425
v  16.2697 -0.4420 25.1702
v  16.2697 -0.4430 25.1757
v  16.2697 -0.4464 25.1808
v  16.2697 -0.4514 25.1841
v  16.2697 -0.4569 25.1852
v  16.2697 -0.5267 25.1852
v  16.2697 -0.5322 25.1862
v  16.2697 -0.5372 25.1896
v  16.2697 -0.5406 25.1946
v  16.2697 -0.5416 25.2001
v  16.2697 -0.5416 25.2134
v  16.2697 -0.5406 25.2189
v  16.2697 -0.5372 25.2240
v  16.2697 -0.5322 25.2273
v  16.2697 -0.5267 25.2283
v  16.2697 -0.0150 25.2283
v  16.2697 -0.0095 25.2273
v  16.2697 -0.0044 25.2240
v  16.2697 -0.0011 25.2189
v  16.2697 -0.0000 25.2134
v  16.2697 -0.0000 24.9724
v  16.2697 -0.0011 24.9669
v  16.2697 -0.0044 24.9619
v  16.2697 -0.0095 24.9585
v  16.2697 -0.0150 24.9575
v  16.2697 -0.0283 24.9575
v  16.2697 -0.0338 24.9585
v  16.2697 -0.0388 24.9619
v  16.2697 -0.0422 24.9669
v  16.2697 -0.0432 24.9724
v  16.2697 -0.0432 25.1702
v  16.2697 -0.0443 25.1757
v  16.2697 -0.0476 25.1808
v  16.2697 -0.0527 25.1841
v  16.2697 -0.0582 25.1852
v  16.2697 -0.3838 25.1852
v  16.2697 -0.3893 25.1841
v  16.2697 -0.3944 25.1808
v  16.2697 -0.3977 25.1757
v  16.2697 -0.3988 25.1702
v  16.2697 -0.3999 24.9725
v  16.2697 -0.3988 24.9670
v  16.2697 -0.3955 24.9619
v  16.2697 -0.3904 24.9586
v  16.2697 -0.3849 24.9575
v  16.2697 -0.2948 24.9574
v  16.2697 -0.2893 24.9564
v  16.2697 -0.2842 24.9531
v  16.2697 -0.2809 24.9480
v  16.2697 -0.2799 24.9425
v  16.2697 -0.2799 24.9292
v  16.2697 -0.2809 24.9237
v  16.2697 -0.2842 24.9187
v  16.2697 -0.2893 24.9153
v  16.2697 -0.2948 24.9143
v  16.2697 -0.3849 24.9141
v  16.2697 -0.3904 24.9131
v  16.2697 -0.3955 24.9098
v  16.2697 -0.3988 24.9047
v  16.2697 -0.3999 24.8992
v  16.2697 -0.3998 24.5336
v  16.2697 -0.3987 24.5281
v  16.2697 -0.3954 24.5231
v  16.2697 -0.3924 24.5204
v  16.2697 -0.3891 24.5154
v  16.2697 -0.3880 24.5098
v  16.2697 -0.3880 24.4934
v  16.2697 -0.3891 24.4879
v  16.2697 -0.3924 24.4828
v  16.2697 -0.3975 24.4795
v  16.2697 -0.4030 24.4785
v  16.2697 -0.4233 24.4785
v  16.2697 -0.4288 24.4795
v  16.2697 -0.4339 24.4828
v  16.2697 -0.4369 24.4871
v  16.2697 -0.4545 24.5188
v  16.2697 -0.4874 24.5612
v  16.2697 -0.5284 24.5944
v  16.2697 -0.5742 24.6182
v  16.2697 -0.6218 24.6319
v  16.2697 -0.6684 24.6351
v  16.2697 -1.0682 24.6352
v  16.2697 -1.1381 24.6352
v  16.2697 -1.2276 24.6355
v  16.2697 -2.7614 24.6349
v  16.2697 -2.8272 24.6349
v  16.2697 -2.9052 24.6349
v  16.2697 -3.5039 24.6354
v  16.2697 -3.5258 24.6333
v  16.2697 -3.5482 24.6269
v  16.2697 -3.5697 24.6157
v  16.2697 -3.5825 24.6060
v  16.2697 -3.5867 24.6034
v  16.2697 -3.5922 24.6024
v  16.2697 -3.5977 24.6034
v  16.2697 -3.6028 24.6068
v  16.2697 -3.6061 24.6118
v  16.2697 -3.6072 24.6173
v  16.2697 -3.6073 25.7134
v  16.2697 -3.6062 25.7189
v  16.2697 -3.6028 25.7240
v  16.2697 -3.5978 25.7273
v  16.2697 -3.5920 25.7283
v  16.2697 -3.0896 25.7283
v  16.2697 -3.0841 25.7273
v  16.2697 -3.0790 25.7240
v  16.2697 -3.0757 25.7189
v  16.2697 -3.0746 25.7134
v  16.2697 -3.0746 25.6409
v  16.2697 -3.0757 25.6354
v  16.2697 -3.0790 25.6303
v  16.2697 -3.0841 25.6270
v  16.2697 -3.0896 25.6259
v  16.2697 -3.1029 25.6259
v  16.2697 -3.1084 25.6270
v  16.2697 -3.1134 25.6303
v  16.2697 -3.1168 25.6354
v  16.2697 -3.1178 25.6409
v  16.2697 -3.1178 25.6702
v  16.2697 -3.1189 25.6757
v  16.2697 -3.1222 25.6808
v  16.2697 -3.1273 25.6841
v  16.2697 -3.1328 25.6852
v  16.2697 -3.5488 25.6852
v  16.2697 -3.5543 25.6841
v  16.2697 -3.5594 25.6808
v  16.2697 -3.5627 25.6757
v  16.2697 -3.5638 25.6702
v  16.2697 -3.5638 24.6935
v  16.2697 -3.5629 24.6878
v  16.2697 -3.5596 24.6827
v  16.2697 -3.5545 24.6794
v  16.2697 -3.5490 24.6784
v  16.2697 -2.9539 24.6791
v  16.2697 -2.9474 24.6805
v  16.2697 -2.9424 24.6846
v  16.2697 -2.9396 24.6899
v  16.2697 -2.9391 24.6959
v  16.2697 -2.9406 24.7010
v  16.2697 -2.9471 24.7237
v  16.2697 -2.9492 24.7458
v  16.2697 -2.9471 24.7680
v  16.2697 -2.9406 24.7906
v  16.2697 -2.9293 24.8124
v  16.2697 -2.9146 24.8308
v  16.2697 -2.9038 24.8379
v  16.2697 -2.8923 24.8401
v  16.2697 -2.8701 24.8309
v  16.2697 -2.8631 24.8203
v  16.2697 -2.8609 24.8087
v  16.2697 -2.8608 24.7892
v  16.2697 -2.8634 24.7827
v  16.2697 -2.8705 24.7740
v  16.2697 -2.8734 24.7707
v  16.2697 -2.8778 24.7694
v  16.2697 -2.8822 24.7694
v  16.2697 -2.8868 24.7680
v  16.2697 -2.8896 24.7641
v  16.2697 -2.8912 24.7576
v  16.2697 -2.8926 24.7458
v  16.2697 -2.8912 24.7335
v  16.2697 -2.8899 24.7270
v  16.2697 -2.8872 24.7233
v  16.2697 -2.8822 24.7217
v  16.2697 -2.8778 24.7217
v  16.2697 -2.8736 24.7206
v  16.2697 -2.8705 24.7171
v  16.2697 -2.8639 24.7089
v  16.2697 -2.8556 24.7022
v  16.2697 -2.8464 24.6974
v  16.2697 -2.8369 24.6947
v  16.2697 -2.8275 24.6938
v  16.2697 -2.8181 24.6947
v  16.2697 -2.8086 24.6974
v  16.2697 -2.7994 24.7022
v  16.2697 -2.7911 24.7089
v  16.2697 -2.7845 24.7171
v  16.2697 -2.7816 24.7204
v  16.2697 -2.7772 24.7217
v  16.2697 -2.7728 24.7217
v  16.2697 -2.7685 24.7230
v  16.2697 -2.7654 24.7270
v  16.2697 -2.7638 24.7335
v  16.2697 -2.7627 24.7458
v  16.2697 -2.7638 24.7576
v  16.2697 -2.7654 24.7641
v  16.2697 -2.7686 24.7680
v  16.2697 -2.7728 24.7694
v  16.2697 -2.7772 24.7694
v  16.2697 -2.7816 24.7707
v  16.2697 -2.7845 24.7740
v  16.2697 -2.7916 24.7827
v  16.2697 -2.7941 24.7892
v  16.2697 -2.7941 24.8087
v  16.2697 -2.7919 24.8203
v  16.2697 -2.7849 24.8309
v  16.2697 -2.7627 24.8401
v  16.2697 -2.7512 24.8379
v  16.2697 -2.7404 24.8308
v  16.2697 -2.7257 24.8124
v  16.2697 -2.7144 24.7906
v  16.2697 -2.7079 24.7680
v  16.2697 -2.7058 24.7458
v  16.2697 -2.7079 24.7237
v  16.2697 -2.7144 24.7010
v  16.2697 -2.7160 24.6941
v  16.2697 -2.7150 24.6886
v  16.2697 -2.7117 24.6830
v  16.2697 -2.7066 24.6796
v  16.2697 -2.7011 24.6784
v  16.2697 -1.2616 24.6788
v  16.2697 -1.2551 24.6802
v  16.2697 -1.2497 24.6845
v  16.2697 -1.2468 24.6902
v  16.2697 -1.2469 24.6965
v  16.2697 -1.2483 24.7007
v  16.2697 -1.2548 24.7234
v  16.2697 -1.2568 24.7455
v  16.2697 -1.2548 24.7676
v  16.2697 -1.2483 24.7903
v  16.2697 -1.2370 24.8121
v  16.2697 -1.2223 24.8304
v  16.2697 -1.2171 24.8347
v  16.2697 -1.2114 24.8376
v  16.2697 -1.2056 24.8393
v  16.2697 -1.1999 24.8398
v  16.2697 -1.1942 24.8393
v  16.2697 -1.1883 24.8376
v  16.2697 -1.1827 24.8347
v  16.2697 -1.1777 24.8306
v  16.2697 -1.1736 24.8256
v  16.2697 -1.1707 24.8200
v  16.2697 -1.1690 24.8141
v  16.2697 -1.1685 24.8084
v  16.2697 -1.1685 24.7881
v  16.2697 -1.1710 24.7823
v  16.2697 -1.1782 24.7736
v  16.2697 -1.1808 24.7705
v  16.2697 -1.1854 24.7691
v  16.2697 -1.1898 24.7691
v  16.2697 -1.1944 24.7676
v  16.2697 -1.1973 24.7637
v  16.2697 -1.1988 24.7573
v  16.2697 -1.1999 24.7455
v  16.2697 -1.1988 24.7337
v  16.2697 -1.1973 24.7273
v  16.2697 -1.1945 24.7235
v  16.2697 -1.1898 24.7220
v  16.2697 -1.1854 24.7220
v  16.2697 -1.1809 24.7207
v  16.2697 -1.1782 24.7174
v  16.2697 -1.1715 24.7091
v  16.2697 -1.1624 24.7022
v  16.2697 -1.1532 24.6974
v  16.2697 -1.1437 24.6946
v  16.2697 -1.1343 24.6938
v  16.2697 -1.1250 24.6946
v  16.2697 -1.1154 24.6974
v  16.2697 -1.1062 24.7022
v  16.2697 -1.0980 24.7088
v  16.2697 -1.0913 24.7171
v  16.2697 -1.0885 24.7205
v  16.2697 -1.0840 24.7217
v  16.2697 -1.0796 24.7217
v  16.2697 -1.0748 24.7233
v  16.2697 -1.0722 24.7270
v  16.2697 -1.0706 24.7334
v  16.2697 -1.0695 24.7452
v  16.2697 -1.0706 24.7570
v  16.2697 -1.0722 24.7634
v  16.2697 -1.0750 24.7676
v  16.2697 -1.0796 24.7691
v  16.2697 -1.0840 24.7691
v  16.2697 -1.0885 24.7701
v  16.2697 -1.0913 24.7733
v  16.2697 -1.0984 24.7820
v  16.2697 -1.1009 24.7886
v  16.2697 -1.1009 24.8081
v  16.2697 -1.1004 24.8138
v  16.2697 -1.0987 24.8196
v  16.2697 -1.0958 24.8253
v  16.2697 -1.0918 24.8303
v  16.2697 -1.0867 24.8344
v  16.2697 -1.0811 24.8373
v  16.2697 -1.0753 24.8390
v  16.2697 -1.0696 24.8395
v  16.2697 -1.0638 24.8390
v  16.2697 -1.0580 24.8373
v  16.2697 -1.0524 24.8344
v  16.2697 -1.0472 24.8301
v  16.2697 -1.0325 24.8118
v  16.2697 -1.0212 24.7900
v  16.2697 -1.0147 24.7673
v  16.2697 -1.0126 24.7452
v  16.2697 -1.0147 24.7231
v  16.2650 -3.1383 25.6852
v  16.2697 -3.1383 25.6852
v  16.2697 -3.1378 25.6912
v  16.2697 -3.0969 25.7224
v  16.2697 -3.0963 25.7283
v  16.2650 -3.0963 25.7283
v  16.2697 -3.1118 25.6665
v  16.2697 -3.0810 25.7079
v  16.2697 -3.0746 25.7068
v  16.2650 -3.0746 25.7068
v  16.2650 -3.1178 25.6660
v  16.2697 -3.1178 25.6660
v  16.2650 -3.1178 25.6459
v  16.2697 -3.1178 25.6459
v  16.2697 -3.1118 25.6465
v  16.2697 -3.0810 25.6464
v  16.2697 -3.0746 25.6475
v  16.2650 -3.0746 25.6475
v  16.2697 -3.0995 25.6465
v  16.2650 -3.5428 25.6852
v  16.2697 -3.5428 25.6852
v  16.2697 -3.5434 25.6912
v  16.2697 -3.5861 25.7220
v  16.2697 -3.5847 25.7283
v  16.2650 -3.5847 25.7283
v  16.2650 -3.5638 25.6638
v  16.2697 -3.5638 25.6638
v  16.2697 -3.5698 25.6644
v  16.2697 -3.6010 25.7057
v  16.2697 -3.6073 25.7062
v  16.2650 -3.6073 25.7062
v  16.2650 -3.6072 24.6251
v  16.2697 -3.6072 24.6251
v  16.2697 -3.6012 24.6256
v  16.2697 -3.5698 24.6998
v  16.2697 -3.5638 24.7004
v  16.2650 -3.5638 24.7004
v  16.2650 -3.4980 24.6353
v  16.2697 -3.4980 24.6353
v  16.2697 -3.4983 24.6413
v  16.2697 -3.5436 24.6726
v  16.2697 -3.5432 24.6784
v  16.2650 -3.5432 24.6784
v  16.2650 -2.9160 24.6349
v  16.2697 -2.9160 24.6349
v  16.2697 -2.9160 24.6408
v  16.2697 -2.9641 24.6731
v  16.2697 -2.9647 24.6791
v  16.2650 -2.9647 24.6791
v  16.2650 -2.7546 24.6349
v  16.2697 -2.7546 24.6349
v  16.2697 -2.7546 24.6408
v  16.2697 -2.6952 24.6724
v  16.2697 -2.6946 24.6784
v  16.2650 -2.6946 24.6784
v  16.2650 -1.2361 24.6355
v  16.2697 -1.2361 24.6355
v  16.2697 -1.2361 24.6415
v  16.2697 -1.2689 24.6728
v  16.2697 -1.2695 24.6788
v  16.2650 -1.2695 24.6788
v  16.2650 -1.0484 24.6352
v  16.2697 -1.0484 24.6352
v  16.2697 -1.0484 24.6412
v  16.2697 -0.9916 24.6725
v  16.2697 -0.9911 24.6785
v  16.2650 -0.9911 24.6785
v  16.2650 -0.6856 24.6351
v  16.2697 -0.6856 24.6351
v  16.2697 -0.6853 24.6411
v  16.2697 -0.6833 24.6723
v  16.2697 -0.6830 24.6783
v  16.2650 -0.6830 24.6783
v  16.2650 -0.4943 24.5668
v  16.2697 -0.4943 24.5668
v  16.2697 -0.4902 24.5712
v  16.2697 -0.4779 24.6007
v  16.2697 -0.4745 24.6057
v  16.2650 -0.4745 24.6057
v  16.2650 -0.3998 24.5409
v  16.2697 -0.3998 24.5409
v  16.2697 -0.4058 24.5403
v  16.2697 -0.4372 24.6179
v  16.2697 -0.4432 24.6185
v  16.2650 -0.4432 24.6185
v  16.2697 -0.4367 24.9425
v  16.2697 -0.4058 24.9766
v  16.2697 -0.3998 24.9771
v  16.2650 -0.3998 24.9771
v  16.2697 -0.4058 24.8938
v  16.2697 -0.3999 24.8932
v  16.2650 -0.3999 24.8932
v  16.2650 -0.3004 24.9575
v  16.2697 -0.3004 24.9575
v  16.2697 -0.2992 24.9511
v  16.2697 -0.2948 24.9357
v  16.2697 -0.3001 24.9202
v  16.2697 -0.2995 24.9143
v  16.2650 -0.2995 24.9143
v  16.2697 -0.5213 25.2224
v  16.2697 -0.5218 25.2283
v  16.2650 -0.5218 25.2283
v  16.2697 -0.5203 25.2078
v  16.2697 -0.5216 25.1912
v  16.2697 -0.5222 25.1852
v  16.2650 -0.5222 25.1852
v  16.2650 -0.4671 25.1852
v  16.2697 -0.4671 25.1852
v  16.2697 -0.4665 25.1912
v  16.2697 -0.4245 25.2224
v  16.2650 -0.3772 25.1852
v  16.2697 -0.3772 25.1852
v  16.2697 -0.3778 25.1912
v  16.2697 -0.4107 25.2224
v  16.2697 -0.4180 25.2283
v  16.2650 -0.0631 25.1852
v  16.2697 -0.0631 25.1852
v  16.2697 -0.0626 25.1912
v  16.2697 -0.0198 25.2220
v  16.2697 -0.0212 25.2283
v  16.2650 -0.0212 25.2283
v  16.2650 -0.0000 25.2085
v  16.2697 -0.0000 25.2085
v  16.2697 -0.0060 25.2079
v  16.2697 -0.0372 25.1664
v  16.2697 -0.0432 25.1659
v  16.2650 -0.0432 25.1659
v  16.2697 -0.3807 24.9141
v  16.2650 -0.3807 24.9141
v  16.2697 -0.3813 24.9201
v  16.2697 -0.3812 24.9515
v  16.2697 -0.3807 24.9575
v  16.2650 -0.3807 24.9575
v  16.2650 -0.2799 24.9359
v  16.2697 -0.2860 24.9349
v  16.2697 -0.2799 24.9359
v  16.2697 -0.4432 1.3724
v  16.2697 -0.4430 0.8142
v  16.2697 -0.4441 0.8087
v  16.2697 -0.4474 0.8036
v  16.2697 -0.4525 0.8003
v  16.2697 -0.4580 0.7992
v  16.2697 -0.5266 0.7991
v  16.2697 -0.5321 0.7981
v  16.2697 -0.5372 0.7948
v  16.2697 -0.5405 0.7897
v  16.2697 -0.5416 0.7842
v  16.2697 -0.5416 0.7709
v  16.2697 -0.5405 0.7654
v  16.2697 -0.5372 0.7603
v  16.2697 -0.5321 0.7570
v  16.2697 -0.5266 0.7560
v  16.2697 -0.0149 0.7560
v  16.2697 -0.0094 0.7570
v  16.2697 -0.0044 0.7603
v  16.2697 -0.0010 0.7654
v  16.2697 0.0000 0.7709
v  16.2697 0.0000 1.0119
v  16.2697 -0.0010 1.0174
v  16.2697 -0.0044 1.0224
v  16.2697 -0.0094 1.0258
v  16.2697 -0.0149 1.0268
v  16.2697 -0.0282 1.0268
v  16.2697 -0.0337 1.0258
v  16.2697 -0.0388 1.0224
v  16.2697 -0.0421 1.0174
v  16.2697 -0.0432 1.0119
v  16.2697 -0.0432 0.8141
v  16.2697 -0.0442 0.8086
v  16.2697 -0.0475 0.8035
v  16.2697 -0.0526 0.8002
v  16.2697 -0.0581 0.7991
v  16.2697 -0.3838 0.7991
v  16.2697 -0.3893 0.8002
v  16.2697 -0.3944 0.8035
v  16.2697 -0.3977 0.8086
v  16.2697 -0.3988 0.8141
v  16.2697 -0.3998 1.0118
v  16.2697 -0.3988 1.0173
v  16.2697 -0.3954 1.0224
v  16.2697 -0.3904 1.0257
v  16.2697 -0.3849 1.0268
v  16.2697 -0.2948 1.0269
v  16.2697 -0.2893 1.0279
v  16.2697 -0.2842 1.0312
v  16.2697 -0.2809 1.0363
v  16.2697 -0.2798 1.0418
v  16.2697 -0.2798 1.0551
v  16.2697 -0.2809 1.0606
v  16.2697 -0.2842 1.0657
v  16.2697 -0.2893 1.0690
v  16.2697 -0.2948 1.0700
v  16.2697 -0.3849 1.0702
v  16.2697 -0.3904 1.0712
v  16.2697 -0.3954 1.0745
v  16.2697 -0.3988 1.0796
v  16.2697 -0.3998 1.0851
v  16.2697 -0.3998 1.4507
v  16.2697 -0.3987 1.4562
v  16.2697 -0.3954 1.4612
v  16.2697 -0.3924 1.4639
v  16.2697 -0.3890 1.4689
v  16.2697 -0.3880 1.4745
v  16.2697 -0.3880 1.4909
v  16.2697 -0.3890 1.4964
v  16.2697 -0.3924 1.5015
v  16.2697 -0.3974 1.5048
v  16.2697 -0.4029 1.5059
v  16.2697 -0.4233 1.5059
v  16.2697 -0.4288 1.5048
v  16.2697 -0.4338 1.5015
v  16.2697 -0.4368 1.4972
v  16.2697 -0.4545 1.4655
v  16.2697 -0.4874 1.4231
v  16.2697 -0.5283 1.3899
v  16.2697 -0.5741 1.3661
v  16.2697 -0.6218 1.3525
v  16.2697 -0.6683 1.3492
v  16.2697 -3.5038 1.3490
v  16.2697 -3.5257 1.3510
v  16.2697 -3.5481 1.3574
v  16.2697 -3.5697 1.3686
v  16.2697 -3.5824 1.3783
v  16.2697 -3.5867 1.3809
v  16.2697 -3.5922 1.3819
v  16.2697 -3.5977 1.3809
v  16.2697 -3.6028 1.3775
v  16.2697 -3.6061 1.3725
v  16.2697 -3.6071 1.3670
v  16.2697 -3.6071 0.2708
v  16.2697 -3.6060 0.2652
v  16.2697 -3.6026 0.2602
v  16.2697 -3.5976 0.2568
v  16.2697 -3.5918 0.2558
v  16.2697 -3.0894 0.2558
v  16.2697 -3.0839 0.2569
v  16.2697 -3.0788 0.2602
v  16.2697 -3.0755 0.2653
v  16.2697 -3.0745 0.2708
v  16.2697 -3.0745 0.3433
v  16.2697 -3.0755 0.3488
v  16.2697 -3.0788 0.3538
v  16.2697 -3.0839 0.3572
v  16.2697 -3.0894 0.3582
v  16.2697 -3.1027 0.3582
v  16.2697 -3.1082 0.3572
v  16.2697 -3.1133 0.3538
v  16.2697 -3.1166 0.3488
v  16.2697 -3.1176 0.3433
v  16.2697 -3.1176 0.3140
v  16.2697 -3.1187 0.3084
v  16.2697 -3.1220 0.3034
v  16.2697 -3.1271 0.3000
v  16.2697 -3.1326 0.2990
v  16.2697 -3.5487 0.2990
v  16.2697 -3.5542 0.3000
v  16.2697 -3.5592 0.3034
v  16.2697 -3.5626 0.3084
v  16.2697 -3.5636 0.3140
v  16.2697 -3.5638 1.2908
v  16.2697 -3.5629 1.2965
v  16.2697 -3.5595 1.3016
v  16.2697 -3.5545 1.3049
v  16.2697 -3.5490 1.3060
v  16.2697 -2.9539 1.3052
v  16.2697 -2.9474 1.3038
v  16.2697 -2.9423 1.2997
v  16.2697 -2.9395 1.2944
v  16.2697 -2.9390 1.2884
v  16.2697 -2.9406 1.2833
v  16.2697 -2.9471 1.2606
v  16.2697 -2.9491 1.2385
v  16.2697 -2.9471 1.2163
v  16.2697 -2.9406 1.1937
v  16.2697 -2.9293 1.1719
v  16.2697 -2.9146 1.1535
v  16.2697 -2.9038 1.1464
v  16.2697 -2.8922 1.1442
v  16.2697 -2.8700 1.1534
v  16.2697 -2.8630 1.1640
v  16.2697 -2.8608 1.1756
v  16.2697 -2.8608 1.1951
v  16.2697 -2.8633 1.2016
v  16.2697 -2.8705 1.2103
v  16.2697 -2.8734 1.2136
v  16.2697 -2.8777 1.2149
v  16.2697 -2.8822 1.2149
v  16.2697 -2.8867 1.2163
v  16.2697 -2.8896 1.2202
v  16.2697 -2.8911 1.2267
v  16.2697 -2.8925 1.2385
v  16.2697 -2.8911 1.2508
v  16.2697 -2.8898 1.2573
v  16.2697 -2.8872 1.2610
v  16.2697 -2.8822 1.2626
v  16.2697 -2.8777 1.2626
v  16.2697 -2.8735 1.2637
v  16.2697 -2.8705 1.2672
v  16.2697 -2.8638 1.2754
v  16.2697 -2.8556 1.2821
v  16.2697 -2.8464 1.2869
v  16.2697 -2.8368 1.2896
v  16.2697 -2.8275 1.2905
v  16.2697 -2.8181 1.2896
v  16.2697 -2.8085 1.2869
v  16.2697 -2.7993 1.2821
v  16.2697 -2.7911 1.2754
v  16.2697 -2.7844 1.2672
v  16.2697 -2.7816 1.2639
v  16.2697 -2.7772 1.2626
v  16.2697 -2.7728 1.2626
v  16.2697 -2.7685 1.2613
v  16.2697 -2.7653 1.2573
v  16.2697 -2.7638 1.2508
v  16.2697 -2.7627 1.2385
v  16.2697 -2.7638 1.2267
v  16.2697 -2.7653 1.2202
v  16.2697 -2.7685 1.2163
v  16.2697 -2.7728 1.2149
v  16.2697 -2.7772 1.2149
v  16.2697 -2.7815 1.2136
v  16.2697 -2.7844 1.2103
v  16.2697 -2.7916 1.2016
v  16.2697 -2.7941 1.1951
v  16.2697 -2.7941 1.1756
v  16.2697 -2.7919 1.1640
v  16.2697 -2.7849 1.1534
v  16.2697 -2.7627 1.1442
v  16.2697 -2.7511 1.1464
v  16.2697 -2.7403 1.1535
v  16.2697 -2.7256 1.1719
v  16.2697 -2.7143 1.1937
v  16.2697 -2.7078 1.2163
v  16.2697 -2.7058 1.2385
v  16.2697 -2.7078 1.2606
v  16.2697 -2.7143 1.2833
v  16.2697 -2.7160 1.2902
v  16.2697 -2.7149 1.2957
v  16.2697 -2.7116 1.3013
v  16.2697 -2.7066 1.3048
v  16.2697 -2.7011 1.3059
v  16.2697 -1.2615 1.3055
v  16.2697 -1.2550 1.3041
v  16.2697 -1.2496 1.2998
v  16.2697 -1.2468 1.2941
v  16.2697 -1.2468 1.2878
v  16.2697 -1.2482 1.2836
v  16.2697 -1.2547 1.2609
v  16.2697 -1.2568 1.2388
v  16.2697 -1.2547 1.2167
v  16.2697 -1.2482 1.1940
v  16.2697 -1.2369 1.1722
v  16.2697 -1.2222 1.1539
v  16.2697 -1.2170 1.1496
v  16.2697 -1.2114 1.1467
v  16.2697 -1.2056 1.1450
v  16.2697 -1.1998 1.1445
v  16.2697 -1.1941 1.1450
v  16.2697 -1.1883 1.1467
v  16.2697 -1.1827 1.1496
v  16.2697 -1.1776 1.1537
v  16.2697 -1.1736 1.1587
v  16.2697 -1.1707 1.1644
v  16.2697 -1.1690 1.1702
v  16.2697 -1.1685 1.1759
v  16.2697 -1.1685 1.1962
v  16.2697 -1.1710 1.2020
v  16.2697 -1.1781 1.2107
v  16.2697 -1.1808 1.2138
v  16.2697 -1.1854 1.2152
v  16.2697 -1.1898 1.2152
v  16.2697 -1.1944 1.2167
v  16.2697 -1.1972 1.2206
v  16.2697 -1.1988 1.2270
v  16.2697 -1.1998 1.2388
v  16.2697 -1.1988 1.2506
v  16.2697 -1.1972 1.2570
v  16.2697 -1.1945 1.2608
v  16.2697 -1.1898 1.2623
v  16.2697 -1.1854 1.2623
v  16.2697 -1.1809 1.2636
v  16.2697 -1.1781 1.2669
v  16.2697 -1.1714 1.2752
v  16.2697 -1.1624 1.2821
v  16.2697 -1.1532 1.2869
v  16.2697 -1.1436 1.2897
v  16.2697 -1.1343 1.2905
v  16.2697 -1.1249 1.2897
v  16.2697 -1.1153 1.2869
v  16.2697 -1.1061 1.2821
v  16.2697 -1.0979 1.2755
v  16.2697 -1.0912 1.2672
v  16.2697 -1.0885 1.2638
v  16.2697 -1.0840 1.2627
v  16.2697 -1.0796 1.2627
v  16.2697 -1.0747 1.2611
v  16.2697 -1.0721 1.2573
v  16.2697 -1.0706 1.2509
v  16.2697 -1.0695 1.2391
v  16.2697 -1.0706 1.2273
v  16.2697 -1.0721 1.2209
v  16.2697 -1.0750 1.2167
v  16.2697 -1.0796 1.2152
v  16.2697 -1.0840 1.2152
v  16.2697 -1.0884 1.2142
v  16.2697 -1.0912 1.2110
v  16.2697 -1.0984 1.2023
v  16.2697 -1.1008 1.1957
v  16.2697 -1.1009 1.1762
v  16.2697 -1.1004 1.1705
v  16.2697 -1.0987 1.1647
v  16.2697 -1.0958 1.1590
v  16.2697 -1.0917 1.1540
v  16.2697 -1.0867 1.1499
v  16.2697 -1.0811 1.1470
v  16.2697 -1.0752 1.1453
v  16.2697 -1.0695 1.1448
v  16.2697 -1.0638 1.1453
v  16.2697 -1.0579 1.1470
v  16.2697 -1.0523 1.1499
v  16.2697 -1.0471 1.1542
v  16.2697 -1.0324 1.1725
v  16.2697 -1.0211 1.1943
v  16.2697 -1.0146 1.2170
v  16.2697 -1.0126 1.2391
v  16.2697 -1.0146 1.2612
v  16.2697 -1.0211 1.2839
v  16.2697 -1.0228 1.2909
v  16.2697 -1.0217 1.2964
v  16.2697 -1.0184 1.3011
v  16.2697 -1.0133 1.3048
v  16.2697 -1.0078 1.3058
v  16.2697 -0.6683 1.3060
v  16.2697 -0.6144 1.3111
v  16.2697 -0.5587 1.3271
v  16.2697 -0.5054 1.3548
v  16.2697 -0.4682 1.3834
v  16.2697 -0.4637 1.3863
v  16.2697 -0.4582 1.3873
v  16.2697 -0.4526 1.3863
v  16.2697 -0.4476 1.3829
v  16.2697 -0.4442 1.3779
v  16.2697 -3.0960 0.3433
v  16.2697 -2.8271 1.3494
v  16.2697 -2.9052 1.3494
v  16.2697 -2.7614 1.3494
v  16.2697 -1.2276 1.3488
v  16.2697 -1.1381 1.3491
v  16.2697 -1.0681 1.3491
v  16.2697 -1.0739 1.1652
v  16.2697 -1.1867 1.1712
v  16.2697 -1.2227 1.2073
v  16.2697 -1.2157 1.2786
v  16.2697 -1.2220 1.2713
v  16.2697 -1.2267 1.2558
v  16.2697 -1.2283 1.2388
v  16.2697 -1.2267 1.2218
v  16.2697 -1.2157 1.1945
v  16.2697 -1.2036 1.1835
v  16.2697 -1.1933 1.1780
v  16.2697 -0.4223 1.4621
v  16.2697 -0.4432 1.0418
v  16.2697 -0.2948 1.0486
v  16.2697 -0.5266 0.7774
v  16.2697 -0.0210 1.0119
v  16.2650 -1.0228 1.2909
v  16.2650 -1.0211 1.2839
v  16.2650 -1.0146 1.2612
v  16.2650 -1.0126 1.2391
v  16.2650 -1.0146 1.2170
v  16.2650 -1.0211 1.1943
v  16.2650 -1.0324 1.1725
v  16.2650 -1.0471 1.1542
v  16.2650 -1.0523 1.1499
v  16.2650 -1.0579 1.1470
v  16.2650 -1.0638 1.1453
v  16.2650 -1.0695 1.1448
v  16.2650 -1.0752 1.1453
v  16.2650 -1.0811 1.1470
v  16.2650 -1.0867 1.1499
v  16.2650 -1.0917 1.1540
v  16.2650 -1.0958 1.1590
v  16.2650 -1.0987 1.1647
v  16.2650 -1.1004 1.1705
v  16.2650 -1.1009 1.1762
v  16.2650 -1.1008 1.1957
v  16.2650 -1.0984 1.2023
v  16.2650 -1.0912 1.2110
v  16.2650 -1.0884 1.2142
v  16.2650 -1.0840 1.2152
v  16.2650 -1.0796 1.2152
v  16.2650 -1.0750 1.2167
v  16.2650 -1.0721 1.2209
v  16.2650 -1.0706 1.2273
v  16.2650 -1.0695 1.2391
v  16.2650 -1.0706 1.2509
v  16.2650 -1.0721 1.2573
v  16.2650 -1.0747 1.2611
v  16.2650 -1.0796 1.2627
v  16.2650 -1.0840 1.2627
v  16.2650 -1.0885 1.2638
v  16.2650 -1.0912 1.2672
v  16.2650 -1.0979 1.2755
v  16.2650 -1.1061 1.2821
v  16.2650 -1.1153 1.2869
v  16.2650 -1.1249 1.2897
v  16.2650 -1.1343 1.2905
v  16.2650 -1.1436 1.2897
v  16.2650 -1.1532 1.2869
v  16.2650 -1.1624 1.2821
v  16.2650 -1.1714 1.2752
v  16.2650 -1.1781 1.2669
v  16.2650 -1.1809 1.2636
v  16.2650 -1.1854 1.2623
v  16.2650 -1.1898 1.2623
v  16.2650 -1.1945 1.2608
v  16.2650 -1.1972 1.2570
v  16.2650 -1.1988 1.2506
v  16.2650 -1.1998 1.2388
v  16.2650 -1.1988 1.2270
v  16.2650 -1.1972 1.2206
v  16.2650 -1.1944 1.2167
v  16.2650 -1.1898 1.2152
v  16.2650 -1.1854 1.2152
v  16.2650 -1.1808 1.2138
v  16.2650 -1.1781 1.2107
v  16.2650 -1.1710 1.2020
v  16.2650 -1.1685 1.1962
v  16.2650 -1.1685 1.1759
v  16.2650 -1.1690 1.1702
v  16.2650 -1.1707 1.1644
v  16.2650 -1.1736 1.1587
v  16.2650 -1.1776 1.1537
v  16.2650 -1.1827 1.1496
v  16.2650 -1.1883 1.1467
v  16.2650 -1.1941 1.1450
v  16.2650 -1.1998 1.1445
v  16.2650 -1.2056 1.1450
v  16.2650 -1.2114 1.1467
v  16.2650 -1.2170 1.1496
v  16.2650 -1.2222 1.1539
v  16.2650 -1.2369 1.1722
v  16.2650 -1.2482 1.1940
v  16.2650 -1.2547 1.2167
v  16.2650 -1.2568 1.2388
v  16.2650 -1.2547 1.2609
v  16.2650 -1.2482 1.2836
v  16.2650 -1.2468 1.2878
v  16.2650 -1.2468 1.2941
v  16.2650 -1.2496 1.2998
v  16.2650 -1.2550 1.3041
v  16.2650 -1.2615 1.3055
v  16.2650 -2.7011 1.3059
v  16.2650 -2.7066 1.3048
v  16.2650 -2.7116 1.3013
v  16.2650 -2.7149 1.2957
v  16.2650 -2.7160 1.2902
v  16.2650 -2.7143 1.2833
v  16.2650 -2.7078 1.2606
v  16.2650 -2.7058 1.2385
v  16.2650 -2.7078 1.2163
v  16.2650 -2.7143 1.1937
v  16.2650 -2.7256 1.1719
v  16.2650 -2.7403 1.1535
v  16.2650 -2.7511 1.1464
v  16.2650 -2.7627 1.1442
v  16.2650 -2.7849 1.1534
v  16.2650 -2.7919 1.1640
v  16.2650 -2.7941 1.1756
v  16.2650 -2.7941 1.1951
v  16.2650 -2.7916 1.2016
v  16.2650 -2.7844 1.2103
v  16.2650 -2.7815 1.2136
v  16.2650 -2.7772 1.2149
v  16.2650 -2.7728 1.2149
v  16.2650 -2.7685 1.2163
v  16.2650 -2.7653 1.2202
v  16.2650 -2.7638 1.2267
v  16.2650 -2.7627 1.2385
v  16.2650 -2.7638 1.2508
v  16.2650 -2.7653 1.2573
v  16.2650 -2.7685 1.2613
v  16.2650 -2.7728 1.2626
v  16.2650 -2.7772 1.2626
v  16.2650 -2.7816 1.2639
v  16.2650 -2.7844 1.2672
v  16.2650 -2.7911 1.2754
v  16.2650 -2.7993 1.2821
v  16.2650 -2.8085 1.2869
v  16.2650 -2.8181 1.2896
v  16.2650 -2.8275 1.2905
v  16.2650 -2.8368 1.2896
v  16.2650 -2.8464 1.2869
v  16.2650 -2.8556 1.2821
v  16.2650 -2.8638 1.2754
v  16.2650 -2.8705 1.2672
v  16.2650 -2.8735 1.2637
v  16.2650 -2.8777 1.2626
v  16.2650 -2.8822 1.2626
v  16.2650 -2.8872 1.2610
v  16.2650 -2.8898 1.2573
v  16.2650 -2.8911 1.2508
v  16.2650 -2.8925 1.2385
v  16.2650 -2.8911 1.2267
v  16.2650 -2.8896 1.2202
v  16.2650 -2.8867 1.2163
v  16.2650 -2.8822 1.2149
v  16.2650 -2.8777 1.2149
v  16.2650 -2.8734 1.2136
v  16.2650 -2.8705 1.2103
v  16.2650 -2.8633 1.2016
v  16.2650 -2.8608 1.1951
v  16.2650 -2.8608 1.1756
v  16.2650 -2.8630 1.1640
v  16.2650 -2.8700 1.1534
v  16.2650 -2.8922 1.1442
v  16.2650 -2.9038 1.1464
v  16.2650 -2.9146 1.1535
v  16.2650 -2.9293 1.1719
v  16.2650 -2.9406 1.1937
v  16.2650 -2.9471 1.2163
v  16.2650 -2.9491 1.2385
v  16.2650 -2.9471 1.2606
v  16.2650 -2.9406 1.2833
v  16.2650 -2.9390 1.2884
v  16.2650 -2.9395 1.2944
v  16.2650 -2.9423 1.2997
v  16.2650 -2.9474 1.3038
v  16.2650 -2.9539 1.3052
v  16.2650 -3.5490 1.3060
v  16.2650 -3.5545 1.3049
v  16.2650 -3.5595 1.3016
v  16.2650 -3.5629 1.2965
v  16.2650 -3.5638 1.2908
v  16.2650 -3.5636 0.3140
v  16.2650 -3.5626 0.3084
v  16.2650 -3.5592 0.3034
v  16.2650 -3.5542 0.3000
v  16.2650 -3.5487 0.2990
v  16.2650 -3.1326 0.2990
v  16.2650 -3.1271 0.3000
v  16.2650 -3.1220 0.3034
v  16.2650 -3.1187 0.3084
v  16.2650 -3.1176 0.3140
v  16.2650 -3.1176 0.3433
v  16.2650 -3.1166 0.3488
v  16.2650 -3.1133 0.3538
v  16.2650 -3.1082 0.3572
v  16.2650 -3.1027 0.3582
v  16.2650 -3.0894 0.3582
v  16.2650 -3.0839 0.3572
v  16.2650 -3.0788 0.3538
v  16.2650 -3.0755 0.3488
v  16.2650 -3.0745 0.3433
v  16.2650 -3.0745 0.2708
v  16.2650 -3.0755 0.2653
v  16.2650 -3.0788 0.2602
v  16.2650 -3.0839 0.2569
v  16.2650 -3.0894 0.2558
v  16.2650 -3.5918 0.2558
v  16.2650 -3.5976 0.2568
v  16.2650 -3.6026 0.2602
v  16.2650 -3.6060 0.2652
v  16.2650 -3.6071 0.2708
v  16.2650 -3.6071 1.3670
v  16.2650 -3.6061 1.3725
v  16.2650 -3.6028 1.3775
v  16.2650 -3.5977 1.3809
v  16.2650 -3.5922 1.3819
v  16.2650 -3.5867 1.3809
v  16.2650 -3.5824 1.3783
v  16.2650 -3.5697 1.3686
v  16.2650 -3.5481 1.3574
v  16.2650 -3.5257 1.3510
v  16.2650 -3.5038 1.3490
v  16.2650 -2.9052 1.3494
v  16.2650 -2.8271 1.3494
v  16.2650 -2.7614 1.3494
v  16.2650 -1.2276 1.3488
v  16.2650 -1.1381 1.3491
v  16.2650 -1.0681 1.3491
v  16.2650 -0.6683 1.3492
v  16.2650 -0.6218 1.3525
v  16.2650 -0.5741 1.3661
v  16.2650 -0.5283 1.3899
v  16.2650 -0.4874 1.4231
v  16.2650 -0.4545 1.4655
v  16.2650 -0.4368 1.4972
v  16.2650 -0.4338 1.5015
v  16.2650 -0.4288 1.5048
v  16.2650 -0.4233 1.5059
v  16.2650 -0.4029 1.5059
v  16.2650 -0.3974 1.5048
v  16.2650 -0.3924 1.5015
v  16.2650 -0.3890 1.4964
v  16.2650 -0.3880 1.4909
v  16.2650 -0.3880 1.4745
v  16.2650 -0.3890 1.4689
v  16.2650 -0.3924 1.4639
v  16.2650 -0.3954 1.4612
v  16.2650 -0.3987 1.4562
v  16.2650 -0.3998 1.4507
v  16.2650 -0.3998 1.0851
v  16.2650 -0.3988 1.0796
v  16.2650 -0.3954 1.0745
v  16.2650 -0.3904 1.0712
v  16.2650 -0.3849 1.0702
v  16.2650 -0.2948 1.0700
v  16.2650 -0.2893 1.0690
v  16.2650 -0.2842 1.0657
v  16.2650 -0.2809 1.0606
v  16.2650 -0.2798 1.0551
v  16.2650 -0.2798 1.0418
v  16.2650 -0.2809 1.0363
v  16.2650 -0.2842 1.0312
v  16.2650 -0.2893 1.0279
v  16.2650 -0.2948 1.0269
v  16.2650 -0.3849 1.0268
v  16.2650 -0.3904 1.0257
v  16.2650 -0.3954 1.0224
v  16.2650 -0.3988 1.0173
v  16.2650 -0.3998 1.0118
v  16.2650 -0.3988 0.8141
v  16.2650 -0.3977 0.8086
v  16.2650 -0.3944 0.8035
v  16.2650 -0.3893 0.8002
v  16.2650 -0.3838 0.7991
v  16.2650 -0.0581 0.7991
v  16.2650 -0.0526 0.8002
v  16.2650 -0.0475 0.8035
v  16.2650 -0.0442 0.8086
v  16.2650 -0.0432 0.8141
v  16.2650 -0.0432 1.0119
v  16.2650 -0.0421 1.0174
v  16.2650 -0.0388 1.0224
v  16.2650 -0.0337 1.0258
v  16.2650 -0.0282 1.0268
v  16.2650 -0.0149 1.0268
v  16.2650 -0.0094 1.0258
v  16.2650 -0.0044 1.0224
v  16.2650 -0.0010 1.0174
v  16.2650 0.0000 1.0119
v  16.2650 0.0000 0.7709
v  16.2650 -0.0010 0.7654
v  16.2650 -0.0044 0.7603
v  16.2650 -0.0094 0.7570
v  16.2650 -0.0149 0.7560
v  16.2650 -0.4188 0.7560
v  16.2650 -0.5266 0.7560
v  16.2650 -0.5321 0.7570
v  16.2650 -0.5372 0.7603
v  16.2650 -0.5405 0.7654
v  16.2650 -0.5416 0.7709
v  16.2650 -0.5416 0.7842
v  16.2650 -0.5405 0.7897
v  16.2650 -0.5372 0.7948
v  16.2650 -0.5321 0.7981
v  16.2650 -0.5266 0.7991
v  16.2650 -0.4580 0.7992
v  16.2650 -0.4525 0.8003
v  16.2650 -0.4474 0.8036
v  16.2650 -0.4441 0.8087
v  16.2650 -0.4430 0.8142
v  16.2650 -0.4432 1.0418
v  16.2650 -0.4432 1.3724
v  16.2650 -0.4442 1.3779
v  16.2650 -0.4476 1.3829
v  16.2650 -0.4526 1.3863
v  16.2650 -0.4582 1.3873
v  16.2650 -0.4637 1.3863
v  16.2650 -0.4682 1.3834
v  16.2650 -0.5054 1.3548
v  16.2650 -0.5587 1.3271
v  16.2650 -0.6144 1.3111
v  16.2650 -0.6683 1.3060
v  16.2650 -1.0078 1.3058
v  16.2650 -1.0133 1.3048
v  16.2650 -1.0184 1.3011
v  16.2650 -1.0217 1.2964
v  16.2697 -1.0269 1.2824
v  16.2697 -1.0289 1.2907
v  16.2697 -1.0274 1.2988
v  16.2697 -1.0227 1.3053
v  16.2697 -1.0158 1.3104
v  16.2697 -1.0084 1.3118
v  16.2697 -0.6686 1.3120
v  16.2697 -0.6155 1.3170
v  16.2697 -0.5609 1.3326
v  16.2697 -0.5086 1.3599
v  16.2697 -0.4716 1.3884
v  16.2697 -0.4659 1.3919
v  16.2697 -0.4582 1.3934
v  16.2697 -0.4504 1.3919
v  16.2697 -0.4433 1.3873
v  16.2697 -0.4386 1.3802
v  16.2697 -0.4372 1.3729
v  16.2697 -0.4359 0.8135
v  16.2697 -0.4373 0.8063
v  16.2697 -0.4420 0.7992
v  16.2697 -0.4491 0.7945
v  16.2697 -0.4563 0.7932
v  16.2697 -0.5261 0.7932
v  16.2697 -0.5314 0.7914
v  16.2697 -0.5352 0.7855
v  16.2697 -0.5352 0.7696
v  16.2697 -0.5314 0.7637
v  16.2697 -0.5261 0.7619
v  16.2697 -0.0136 0.7623
v  16.2697 -0.0077 0.7662
v  16.2697 -0.0060 0.7715
v  16.2697 -0.0060 1.0113
v  16.2697 -0.0077 1.0166
v  16.2697 -0.0136 1.0205
v  16.2697 -0.0295 1.0205
v  16.2697 -0.0355 1.0166
v  16.2697 -0.0372 1.0113
v  16.2697 -0.0372 0.8135
v  16.2697 -0.0386 0.8063
v  16.2697 -0.0432 0.7992
v  16.2697 -0.0503 0.7945
v  16.2697 -0.0576 0.7932
v  16.2697 -0.3844 0.7932
v  16.2697 -0.3916 0.7945
v  16.2697 -0.3987 0.7992
v  16.2697 -0.4034 0.8063
v  16.2697 -0.4047 0.8135
v  16.2697 -0.4058 1.0124
v  16.2697 -0.4044 1.0196
v  16.2697 -0.3998 1.0267
v  16.2697 -0.3927 1.0314
v  16.2697 -0.3854 1.0327
v  16.2697 -0.2934 1.0332
v  16.2697 -0.2875 1.0371
v  16.2697 -0.2858 1.0424
v  16.2697 -0.2862 1.0564
v  16.2697 -0.2900 1.0623
v  16.2697 -0.2953 1.0640
v  16.2697 -0.3854 1.0642
v  16.2697 -0.3927 1.0656
v  16.2697 -0.3998 1.0702
v  16.2697 -0.4044 1.0773
v  16.2697 -0.4058 1.0846
v  16.2697 -0.4057 1.4512
v  16.2697 -0.4044 1.4585
v  16.2697 -0.3999 1.4652
v  16.2697 -0.3969 1.4678
v  16.2697 -0.3943 1.4731
v  16.2697 -0.3943 1.4922
v  16.2697 -0.3982 1.4982
v  16.2697 -0.4035 1.4999
v  16.2697 -0.4246 1.4995
v  16.2697 -0.4307 1.4956
v  16.2697 -0.4495 1.4621
v  16.2697 -0.4831 1.4189
v  16.2697 -0.5250 1.3849
v  16.2697 -0.5719 1.3606
v  16.2697 -0.6207 1.3465
v  16.2697 -0.6681 1.3432
v  16.2697 -1.0681 1.3432
v  16.2697 -1.1381 1.3432
v  16.2697 -1.2276 1.3428
v  16.2697 -2.7614 1.3435
v  16.2697 -2.8271 1.3435
v  16.2697 -2.9052 1.3435
v  16.2697 -3.5041 1.3430
v  16.2697 -3.5268 1.3451
v  16.2697 -3.5503 1.3518
v  16.2697 -3.5729 1.3635
v  16.2697 -3.5873 1.3743
v  16.2697 -3.5938 1.3755
v  16.2697 -3.5994 1.3717
v  16.2697 -3.6012 1.3664
v  16.2697 -3.6008 0.2713
v  16.2697 -3.5991 0.2660
v  16.2697 -3.5932 0.2622
v  16.2697 -3.0900 0.2618
v  16.2697 -3.0847 0.2635
v  16.2697 -3.0808 0.2695
v  16.2697 -3.0808 0.3446
v  16.2697 -3.0847 0.3505
v  16.2697 -3.0900 0.3522
v  16.2697 -3.1040 0.3519
v  16.2697 -3.1099 0.3480
v  16.2697 -3.1117 0.3427
v  16.2697 -3.1117 0.3134
v  16.2697 -3.1130 0.3062
v  16.2697 -3.1177 0.2991
v  16.2697 -3.1248 0.2944
v  16.2697 -3.1320 0.2930
v  16.2697 -3.5492 0.2930
v  16.2697 -3.5564 0.2944
v  16.2697 -3.5635 0.2991
v  16.2697 -3.5682 0.3062
v  16.2697 -3.5696 0.3134
v  16.2697 -3.5698 1.2914
v  16.2697 -3.5684 1.2986
v  16.2697 -3.5637 1.3057
v  16.2697 -3.5566 1.3104
v  16.2697 -3.5494 1.3118
v  16.2697 -2.9532 1.3112
v  16.2697 -2.9447 1.3093
v  16.2697 -2.9376 1.3036
v  16.2697 -2.9337 1.2961
v  16.2697 -2.9330 1.2877
v  16.2697 -2.9349 1.2816
v  16.2697 -2.9412 1.2595
v  16.2697 -2.9431 1.2385
v  16.2697 -2.9412 1.2174
v  16.2697 -2.9350 1.1959
v  16.2697 -2.9243 1.1752
v  16.2697 -2.9105 1.1580
v  16.2697 -2.9015 1.1520
v  16.2697 -2.8929 1.1504
v  16.2697 -2.8740 1.1582
v  16.2697 -2.8687 1.1663
v  16.2697 -2.8668 1.1761
v  16.2697 -2.8668 1.1940
v  16.2697 -2.8686 1.1986
v  16.2697 -2.8768 1.2079
v  16.2697 -2.8830 1.2089
v  16.2697 -2.8904 1.2112
v  16.2697 -2.8951 1.2177
v  16.2697 -2.8971 1.2257
v  16.2697 -2.8982 1.2385
v  16.2697 -2.8971 1.2518
v  16.2697 -2.8951 1.2597
v  16.2697 -2.8908 1.2661
v  16.2697 -2.8831 1.2686
v  16.2697 -2.8768 1.2696
v  16.2697 -2.8681 1.2797
v  16.2697 -2.8589 1.2871
v  16.2697 -2.8486 1.2924
v  16.2697 -2.8379 1.2955
v  16.2697 -2.8275 1.2965
v  16.2697 -2.8170 1.2955
v  16.2697 -2.8063 1.2924
v  16.2697 -2.7960 1.2871
v  16.2697 -2.7869 1.2797
v  16.2697 -2.7781 1.2697
v  16.2697 -2.7718 1.2686
v  16.2697 -2.7650 1.2663
v  16.2697 -2.7598 1.2600
v  16.2697 -2.7579 1.2518
v  16.2697 -2.7567 1.2385
v  16.2697 -2.7579 1.2257
v  16.2697 -2.7598 1.2175
v  16.2697 -2.7650 1.2112
v  16.2697 -2.7718 1.2089
v  16.2697 -2.7781 1.2079
v  16.2697 -2.7863 1.1986
v  16.2697 -2.7881 1.1940
v  16.2697 -2.7881 1.1761
v  16.2697 -2.7862 1.1663
v  16.2697 -2.7809 1.1582
v  16.2697 -2.7621 1.1504
v  16.2697 -2.7534 1.1520
v  16.2697 -2.7444 1.1580
v  16.2697 -2.7307 1.1752
v  16.2697 -2.7199 1.1959
v  16.2697 -2.7137 1.2174
v  16.2697 -2.7118 1.2385
v  16.2697 -2.7137 1.2595
v  16.2697 -2.7201 1.2817
v  16.2697 -2.7221 1.2901
v  16.2697 -2.7206 1.2980
v  16.2697 -2.7160 1.3057
v  16.2697 -2.7089 1.3104
v  16.2697 -2.7016 1.3119
v  16.2697 -1.2609 1.3115
v  16.2697 -1.2524 1.3097
v  16.2697 -1.2449 1.3036
v  16.2697 -1.2408 1.2955
v  16.2697 -1.2408 1.2869
v  16.2697 -1.2425 1.2818
v  16.2697 -1.2488 1.2598
v  16.2697 -1.2508 1.2388
v  16.2697 -1.2488 1.2178
v  16.2697 -1.2426 1.1962
v  16.2697 -1.2319 1.1755
v  16.2697 -1.2179 1.1581
v  16.2697 -1.2137 1.1547
v  16.2697 -1.2092 1.1523
v  16.2697 -1.2045 1.1509
v  16.2697 -1.1998 1.1505
v  16.2697 -1.1952 1.1509
v  16.2697 -1.1905 1.1523
v  16.2697 -1.1860 1.1547
v  16.2697 -1.1819 1.1580
v  16.2697 -1.1786 1.1620
v  16.2697 -1.1762 1.1666
v  16.2697 -1.1749 1.1713
v  16.2697 -1.1744 1.1762
v  16.2697 -1.1744 1.1950
v  16.2697 -1.1761 1.1988
v  16.2697 -1.1844 1.2083
v  16.2697 -1.1907 1.2093
v  16.2697 -1.1981 1.2116
v  16.2697 -1.2027 1.2180
v  16.2697 -1.2047 1.2260
v  16.2697 -1.2059 1.2388
v  16.2697 -1.2047 1.2516
v  16.2697 -1.2027 1.2596
v  16.2697 -1.1982 1.2659
v  16.2697 -1.1907 1.2683
v  16.2697 -1.1844 1.2693
v  16.2697 -1.1757 1.2794
v  16.2697 -1.1657 1.2872
v  16.2697 -1.1554 1.2925
v  16.2697 -1.1447 1.2956
v  16.2697 -1.1343 1.2965
v  16.2697 -1.1238 1.2956
v  16.2697 -1.1131 1.2925
v  16.2697 -1.1028 1.2872
v  16.2697 -1.0937 1.2797
v  16.2697 -1.0849 1.2696
v  16.2697 -1.0786 1.2686
v  16.2697 -1.0710 1.2661
v  16.2697 -1.0666 1.2598
v  16.2697 -1.0647 1.2519
v  16.2697 -1.0635 1.2391
v  16.2697 -1.0647 1.2263
v  16.2697 -1.0666 1.2183
v  16.2697 -1.0713 1.2120
v  16.2697 -1.0786 1.2096
v  16.2697 -1.0849 1.2086
v  16.2697 -1.0931 1.1993
v  16.2697 -1.0948 1.1947
v  16.2697 -1.0949 1.1765
v  16.2697 -1.0945 1.1716
v  16.2697 -1.0931 1.1669
v  16.2697 -1.0908 1.1623
v  16.2697 -1.0875 1.1583
v  16.2697 -1.0834 1.1550
v  16.2697 -1.0788 1.1526
v  16.2697 -1.0741 1.1512
v  16.2697 -1.0695 1.1508
v  16.2697 -1.0649 1.1512
v  16.2697 -1.0602 1.1526
v  16.2697 -1.0556 1.1550
v  16.2697 -1.0514 1.1584
v  16.2697 -1.0375 1.1758
v  16.2697 -1.0267 1.1965
v  16.2697 -1.0205 1.2181
v  16.2697 -1.0186 1.2391
v  16.2697 -1.0205 1.2601
v  16.2697 -3.0962 0.2558
v  16.2697 -3.0967 0.2618
v  16.2697 -3.1376 0.2930
v  16.2697 -3.1382 0.2990
v  16.2650 -3.1382 0.2990
v  16.2650 -3.0962 0.2558
v  16.2650 -3.0745 0.2773
v  16.2697 -3.0745 0.2773
v  16.2697 -3.0808 0.2762
v  16.2697 -3.1176 0.3182
v  16.2650 -3.1176 0.3182
v  16.2697 -3.1117 0.3176
v  16.2697 -3.1117 0.3382
v  16.2697 -3.1176 0.3382
v  16.2650 -3.1176 0.3382
v  16.2650 -3.0745 0.3367
v  16.2697 -3.0745 0.3367
v  16.2697 -3.0808 0.3378
v  16.2697 -3.0992 0.3380
v  16.2697 -3.5846 0.2558
v  16.2697 -3.5859 0.2622
v  16.2697 -3.5432 0.2930
v  16.2697 -3.5426 0.2990
v  16.2650 -3.5426 0.2990
v  16.2650 -3.5846 0.2558
v  16.2697 -3.6008 0.2785
v  16.2697 -3.5696 0.3198
v  16.2697 -3.5636 0.3203
v  16.2650 -3.5636 0.3203
v  16.2650 -3.6071 0.2779
v  16.2697 -3.6071 0.2779
v  16.2697 -3.5698 1.2845
v  16.2697 -3.6012 1.3587
v  16.2697 -3.6071 1.3592
v  16.2650 -3.6071 1.3592
v  16.2650 -3.5638 1.2839
v  16.2697 -3.5638 1.2839
v  16.2697 -3.5432 1.3059
v  16.2697 -3.5436 1.3118
v  16.2697 -3.4983 1.3430
v  16.2697 -3.4980 1.3490
v  16.2650 -3.4980 1.3490
v  16.2650 -3.5432 1.3059
v  16.2697 -2.9640 1.3112
v  16.2697 -2.9160 1.3435
v  16.2697 -2.9160 1.3494
v  16.2650 -2.9160 1.3494
v  16.2650 -2.9646 1.3052
v  16.2697 -2.9646 1.3052
v  16.2697 -2.6952 1.3119
v  16.2697 -2.7545 1.3435
v  16.2697 -2.7545 1.3494
v  16.2650 -2.7545 1.3494
v  16.2650 -2.6946 1.3059
v  16.2697 -2.6946 1.3059
v  16.2697 -1.2688 1.3115
v  16.2697 -1.2361 1.3428
v  16.2697 -1.2361 1.3488
v  16.2650 -1.2361 1.3488
v  16.2650 -1.2695 1.3055
v  16.2697 -1.2695 1.3055
v  16.2697 -0.9916 1.3118
v  16.2697 -1.0484 1.3432
v  16.2697 -1.0484 1.3491
v  16.2650 -1.0484 1.3491
v  16.2650 -0.9911 1.3058
v  16.2697 -0.9911 1.3058
v  16.2697 -0.6833 1.3120
v  16.2697 -0.6853 1.3432
v  16.2697 -0.6856 1.3492
v  16.2650 -0.6856 1.3492
v  16.2650 -0.6830 1.3060
v  16.2697 -0.6830 1.3060
v  16.2697 -0.4778 1.3836
v  16.2697 -0.4902 1.4132
v  16.2697 -0.4943 1.4175
v  16.2650 -0.4943 1.4175
v  16.2650 -0.4745 1.3786
v  16.2697 -0.4745 1.3786
v  16.2650 -0.3998 1.4434
v  16.2650 -0.4432 1.3658
v  16.2697 -0.4432 1.3658
v  16.2697 -0.4372 1.3664
v  16.2697 -0.4057 1.4440
v  16.2697 -0.3998 1.4434
v  16.2697 -0.4058 1.0077
v  16.2650 -0.3998 1.0072
v  16.2697 -0.3998 1.0072
v  16.2697 -0.4058 1.0905
v  16.2697 -0.4366 1.0418
v  16.2650 -0.3998 1.0911
v  16.2697 -0.3998 1.0911
v  16.2697 -0.2991 1.0332
v  16.2697 -0.3003 1.0269
v  16.2650 -0.3003 1.0269
v  16.2697 -0.3000 1.0641
v  16.2650 -0.2995 1.0700
v  16.2697 -0.2995 1.0700
v  16.2650 -0.5218 0.7560
v  16.2697 -0.5218 0.7560
v  16.2697 -0.5212 0.7619
v  16.2697 -0.5216 0.7932
v  16.2650 -0.5222 0.7991
v  16.2697 -0.5222 0.7991
v  16.2697 -0.4665 0.7932
v  16.2697 -0.4680 0.7992
v  16.2650 -0.4680 0.7992
v  16.2697 -0.4180 0.7560
v  16.2697 -0.4180 0.7619
v  16.2697 -0.3777 0.7932
v  16.2697 -0.3772 0.7991
v  16.2650 -0.3772 0.7991
v  16.2697 -0.0198 0.7623
v  16.2697 -0.0625 0.7932
v  16.2697 -0.0631 0.7991
v  16.2650 -0.0631 0.7991
v  16.2650 -0.0211 0.7560
v  16.2697 -0.0211 0.7560
v  16.2697 -0.0060 0.7764
v  16.2697 0.0000 0.7758
v  16.2650 0.0000 0.7758
v  16.2650 -0.0432 0.8184
v  16.2697 -0.0432 0.8184
v  16.2697 -0.0372 0.8179
v  16.2650 -0.0432 24.9779
v  16.2697 -0.0432 24.9779
v  16.2697 -0.0372 24.9784
v  16.2697 -0.0215 24.9778
v  16.2697 -0.0060 24.9796
v  16.2697 -0.0000 24.9791
v  16.2650 -0.0000 24.9791
v  16.2697 -0.0372 1.0071
v  16.2697 -0.0432 1.0076
v  16.2650 -0.0432 1.0076
v  16.2650 0.0000 1.0067
v  16.2697 0.0000 1.0067
v  16.2697 -0.0060 1.0062
v  16.2697 -0.0213 1.0076
v  17.3819 -0.9211 2.8847
v  17.3806 -0.9211 2.8971
v  17.3819 -2.3384 2.8847
v  17.3806 -2.3384 2.8971
v  17.3504 -0.9211 2.8847
v  17.3504 -2.3384 2.8847
v  17.3479 -0.9211 2.8973
v  17.3479 -2.3384 2.8973
v  17.3819 -0.9211 5.0996
v  17.3806 -0.9211 5.0872
v  17.3819 -2.3384 5.0996
v  17.3806 -2.3384 5.0872
v  17.3504 -0.9211 5.0996
v  17.3504 -2.3384 5.0996
v  17.3479 -0.9211 5.0870
v  17.3479 -2.3384 5.0870
v  17.3819 -0.2518 2.1299
v  17.3819 -0.2518 2.1359
v  17.3759 -0.2518 2.1299
v  17.3819 -0.2578 2.1299
v  17.3819 -0.2518 2.8847
v  17.3819 -0.2578 2.8847
v  17.3759 -0.2518 2.8844
v  17.3819 -0.9211 2.1299
v  17.3759 -0.9211 2.1299
v  17.3819 -0.9211 2.1359
v  17.3806 -0.2518 2.8971
v  17.3806 -0.2578 2.8971
v  17.3747 -0.2518 2.8959
v  17.3768 -0.2518 2.9095
v  17.3768 -0.2578 2.9095
v  17.3708 -0.2518 2.9095
v  17.3786 -0.2518 2.9037
v  17.3768 -0.9211 2.9095
v  17.3790 -0.9271 2.9039
v  17.3708 -0.9211 2.9095
v  17.3819 -2.3384 2.1299
v  17.3759 -2.3384 2.1299
v  17.3819 -2.3384 2.1359
v  17.3819 -3.0077 2.1299
v  17.3819 -3.0017 2.1299
v  17.3759 -3.0077 2.1299
v  17.3819 -3.0077 2.1359
v  17.3768 -2.3384 2.9095
v  17.3708 -2.3384 2.9095
v  17.3790 -2.3324 2.9039
v  17.3768 -3.0077 2.9095
v  17.3768 -3.0017 2.9095
v  17.3786 -3.0077 2.9037
v  17.3708 -3.0077 2.9095
v  17.3819 -3.0077 2.8847
v  17.3759 -3.0077 2.8844
v  17.3819 -3.0017 2.8847
v  17.3806 -3.0077 2.8971
v  17.3806 -3.0017 2.8971
v  17.3741 -3.0074 2.8969
v  17.3504 -0.2518 2.1299
v  17.3564 -0.2518 2.1299
v  17.3504 -0.2518 2.1359
v  17.3504 -0.2578 2.1299
v  17.3504 -3.0077 2.1299
v  17.3564 -3.0077 2.1299
v  17.3504 -3.0017 2.1299
v  17.3504 -3.0077 2.1359
v  17.3504 -0.9211 2.1299
v  17.3504 -0.9211 2.1359
v  17.3564 -0.9211 2.1299
v  17.3504 -2.3384 2.1299
v  17.3504 -2.3384 2.1359
v  17.3564 -2.3384 2.1299
v  17.3504 -0.2518 2.8847
v  17.3564 -0.2518 2.8853
v  17.3504 -0.2578 2.8847
v  17.3504 -3.0077 2.8847
v  17.3504 -3.0017 2.8847
v  17.3564 -3.0077 2.8853
v  17.3383 -0.2518 2.9095
v  17.3449 -0.2518 2.9029
v  17.3443 -0.2518 2.9095
v  17.3383 -0.2578 2.9095
v  17.3484 -0.2516 2.8952
v  17.3484 -0.2582 2.8951
v  17.3539 -0.2516 2.8958
v  17.3479 -3.0077 2.8973
v  17.3479 -3.0017 2.8973
v  17.3537 -3.0074 2.8971
v  17.3383 -0.9211 2.9095
v  17.3443 -0.9211 2.9095
v  17.3415 -0.9211 2.9145
v  17.3334 -0.9211 2.9129
v  17.3383 -0.9271 2.9095
v  17.3420 -0.9211 2.9047
v  17.3383 -2.3384 2.9095
v  17.3383 -2.3324 2.9095
v  17.3334 -2.3384 2.9129
v  17.3415 -2.3384 2.9145
v  17.3443 -2.3384 2.9095
v  17.3420 -2.3384 2.9047
v  17.3383 -3.0077 2.9095
v  17.3383 -3.0017 2.9095
v  17.3443 -3.0077 2.9095
v  17.3420 -3.0077 2.9047
v  16.3362 -0.9211 3.6255
v  16.3362 -0.9271 3.6255
v  16.3417 -0.9211 3.6283
v  16.3362 -2.3384 3.6256
v  16.3362 -2.3324 3.6256
v  16.3417 -2.3384 3.6284
v  16.3346 -0.9211 4.3572
v  16.3346 -0.9271 4.3572
v  16.3402 -0.9211 4.3545
v  16.3346 -2.3384 4.3572
v  16.3346 -2.3324 4.3572
v  16.3402 -2.3384 4.3545
v  17.3689 -0.9211 2.9231
v  17.3689 -0.9271 2.9231
v  17.3641 -0.9211 2.9194
v  17.3552 -2.3384 2.9361
v  17.3596 -2.3384 2.9320
v  17.3520 -2.3384 2.9311
v  17.3503 -2.3384 2.9396
v  17.3552 -2.3324 2.9361
v  17.3689 -2.3384 2.9231
v  17.3689 -2.3324 2.9231
v  17.3641 -2.3384 2.9194
v  17.3552 -0.9211 2.9361
v  17.3552 -0.9271 2.9361
v  17.3503 -0.9211 2.9396
v  17.3520 -0.9211 2.9311
v  17.3596 -0.9211 2.9320
v  16.3634 -0.9211 3.6398
v  16.3634 -0.9271 3.6398
v  16.3579 -0.9211 3.6370
v  16.3634 -2.3384 3.6400
v  16.3634 -2.3324 3.6400
v  16.3579 -2.3384 3.6372
v  16.3638 -0.9211 4.3443
v  16.3638 -0.9271 4.3443
v  16.3583 -0.9211 4.3471
v  16.3638 -2.3384 4.3443
v  16.3638 -2.3324 4.3443
v  16.3583 -2.3384 4.3471
v  17.3819 -0.2518 5.0996
v  17.3759 -0.2518 5.0999
v  17.3819 -0.2578 5.0996
v  17.3819 -0.2518 5.8543
v  17.3819 -0.2518 5.8483
v  17.3819 -0.2578 5.8543
v  17.3759 -0.2518 5.8543
v  17.3819 -0.9211 5.8543
v  17.3819 -0.9211 5.8483
v  17.3759 -0.9211 5.8543
v  17.3812 -0.2522 5.0905
v  17.3753 -0.2518 5.0912
v  17.3813 -0.2586 5.0897
v  17.3768 -0.2518 5.0748
v  17.3786 -0.2518 5.0805
v  17.3708 -0.2518 5.0748
v  17.3768 -0.2578 5.0748
v  17.3768 -0.9211 5.0748
v  17.3708 -0.9211 5.0748
v  17.3790 -0.9271 5.0804
v  17.3819 -2.3384 5.8543
v  17.3819 -2.3384 5.8483
v  17.3759 -2.3384 5.8543
v  17.3819 -3.0077 5.8543
v  17.3819 -3.0077 5.8483
v  17.3759 -3.0077 5.8543
v  17.3819 -3.0017 5.8543
v  17.3819 -3.0077 5.0996
v  17.3819 -3.0017 5.0996
v  17.3759 -3.0077 5.0999
v  17.3768 -3.0077 5.0748
v  17.3768 -3.0017 5.0748
v  17.3708 -3.0077 5.0748
v  17.3788 -3.0072 5.0805
v  17.3768 -2.3384 5.0748
v  17.3790 -2.3324 5.0804
v  17.3708 -2.3384 5.0748
v  17.3810 -3.0074 5.0897
v  17.3748 -3.0077 5.0899
v  17.3811 -3.0013 5.0894
v  17.3504 -0.2518 5.8543
v  17.3504 -0.2578 5.8543
v  17.3504 -0.2518 5.8483
v  17.3564 -0.2518 5.8543
v  17.3504 -0.9211 5.8543
v  17.3564 -0.9211 5.8543
v  17.3504 -0.9211 5.8483
v  17.3504 -2.3384 5.8543
v  17.3564 -2.3384 5.8543
v  17.3504 -2.3384 5.8483
v  17.3504 -3.0077 5.8543
v  17.3564 -3.0077 5.8543
v  17.3504 -3.0077 5.8483
v  17.3504 -3.0017 5.8543
v  17.3504 -0.2518 5.0996
v  17.3504 -0.2578 5.0996
v  17.3564 -0.2518 5.0990
v  17.3504 -3.0077 5.0996
v  17.3564 -3.0077 5.0990
v  17.3504 -3.0017 5.0996
v  17.3490 -0.2518 5.0906
v  17.3487 -0.2589 5.0892
v  17.3545 -0.2513 5.0907
v  17.3488 -3.0079 5.0904
v  17.3554 -3.0077 5.0904
v  17.3491 -3.0016 5.0905
v  17.3383 -0.2518 5.0748
v  17.3383 -0.2578 5.0748
v  17.3443 -0.2518 5.0748
v  17.3443 -0.2518 5.0808
v  17.3383 -0.9211 5.0748
v  17.3420 -0.9211 5.0795
v  17.3383 -0.9271 5.0748
v  17.3334 -0.9211 5.0713
v  17.3443 -0.9211 5.0748
v  17.3383 -2.3384 5.0748
v  17.3383 -2.3324 5.0748
v  17.3420 -2.3384 5.0795
v  17.3443 -2.3384 5.0748
v  17.3334 -2.3384 5.0713
v  17.3383 -3.0077 5.0748
v  17.3450 -3.0077 5.0820
v  17.3443 -3.0077 5.0748
v  17.3383 -3.0017 5.0748
v  17.3689 -0.9211 5.0611
v  17.3641 -0.9211 5.0649
v  17.3689 -0.9271 5.0611
v  17.3689 -2.3384 5.0611
v  17.3689 -2.3324 5.0611
v  17.3641 -2.3384 5.0649
v  17.3552 -0.9211 5.0481
v  17.3514 -0.9211 5.0528
v  17.3552 -0.9271 5.0481
v  17.3552 -2.3384 5.0481
v  17.3552 -2.3324 5.0481
v  17.3514 -2.3384 5.0528
v  17.3819 -0.2578 2.1359
v  17.3786 -0.2578 2.9037
v  17.3819 -3.0017 2.1359
v  17.3786 -3.0017 2.9037
v  17.3759 -0.2578 2.1299
v  17.3564 -0.2578 2.1299
v  17.3759 -3.0017 2.1299
v  17.3564 -3.0017 2.1299
v  17.3504 -0.2578 2.1359
v  17.3504 -3.0017 2.1359
v  17.3449 -0.2603 2.9025
v  17.3420 -3.0017 2.9047
v  17.3507 -0.2518 2.9039
v  17.3724 -0.2518 2.9035
v  17.3564 -0.2518 2.1359
v  17.3759 -0.2518 2.1359
v  17.3564 -3.0077 2.1359
v  17.3759 -3.0077 2.1359
v  17.3495 -3.0077 2.9049
v  17.3724 -3.0077 2.9035
v  17.3443 -3.0017 2.9095
v  17.3708 -3.0017 2.9095
v  17.3443 -0.2578 2.9095
v  17.3708 -0.2578 2.9095
v  17.3334 -0.9271 2.9129
v  17.3334 -2.3324 2.9129
v  17.3596 -0.9271 2.9320
v  17.3596 -2.3324 2.9320
v  17.3503 -2.3324 2.9396
v  17.3503 -0.9271 2.9396
v  17.3819 -0.2578 5.8483
v  17.3789 -0.2578 5.0805
v  17.3819 -3.0017 5.8483
v  17.3788 -3.0006 5.0807
v  17.3759 -0.2578 5.8543
v  17.3564 -0.2578 5.8543
v  17.3564 -3.0017 5.8543
v  17.3759 -3.0017 5.8543
v  17.3504 -0.2578 5.8483
v  17.3504 -3.0017 5.8483
v  17.3420 -0.2578 5.0795
v  17.3457 -3.0011 5.0832
v  17.3724 -0.2518 5.0808
v  17.3507 -0.2518 5.0808
v  17.3564 -0.2518 5.8483
v  17.3759 -0.2518 5.8483
v  17.3759 -3.0077 5.8483
v  17.3564 -3.0077 5.8483
v  17.3507 -3.0077 5.0815
v  17.3724 -3.0077 5.0808
v  17.3708 -3.0017 5.0748
v  17.3443 -3.0017 5.0748
v  17.3443 -0.2578 5.0748
v  17.3708 -0.2578 5.0748
v  17.3334 -0.9271 5.0713
v  17.3334 -2.3324 5.0713
v  17.3471 -0.9211 2.9345
v  17.3366 -0.9211 2.9180
v  17.3471 -2.3384 2.9345
v  17.3366 -2.3384 2.9180
v  17.3564 -2.3384 2.9268
v  17.3564 -0.9211 2.9268
v  17.3819 -3.0077 2.1299
v  17.3819 -3.0077 2.8386
v  17.3819 -0.3699 2.8386
v  17.3819 -0.3699 2.1299
v  17.4016 -0.3699 2.1299
v  17.4016 -3.0077 2.1299
v  17.4016 -0.3699 2.8386
v  17.4016 -3.0077 2.8386
v  16.3554 -2.3324 3.6026
v  16.3603 -2.3324 3.5992
v  16.3554 -0.9271 3.6026
v  16.3603 -0.9271 3.5992
v  16.3287 -0.9271 3.6540
v  16.3287 -0.9271 3.6600
v  16.3287 -2.3324 3.6541
v  16.3287 -2.3324 3.6601
v  16.3736 -0.9271 3.6284
v  16.3785 -0.9271 3.6249
v  16.3736 -2.3324 3.6284
v  16.3785 -2.3324 3.6249
v  16.3602 -2.3324 3.6541
v  16.3602 -2.3324 3.6601
v  16.3602 -0.9271 3.6540
v  16.3602 -0.9271 3.6600
v  16.3595 -0.9211 3.6071
v  16.3644 -0.9211 3.6035
v  16.3696 -0.9211 3.6239
v  16.3744 -0.9211 3.6203
v  16.3347 -0.9211 3.6548
v  16.3346 -0.9211 3.6608
v  16.3542 -0.9211 3.6533
v  16.3541 -0.9211 3.6593
v  16.3347 -2.3384 3.6549
v  16.3346 -2.3384 3.6609
v  16.3542 -2.3384 3.6535
v  16.3541 -2.3384 3.6595
v  16.3595 -2.3384 3.6071
v  16.3644 -2.3384 3.6035
v  16.3696 -2.3384 3.6239
v  16.3744 -2.3384 3.6203
v  16.3554 -2.3384 3.6026
v  16.3603 -2.3384 3.5992
v  16.3554 -0.9211 3.6026
v  16.3603 -0.9211 3.5992
v  16.3287 -2.3384 3.6541
v  16.3287 -2.3384 3.6601
v  16.3287 -0.9211 3.6540
v  16.3287 -0.9211 3.6600
v  16.3736 -0.9211 3.6284
v  16.3785 -0.9211 3.6249
v  16.3736 -2.3384 3.6284
v  16.3785 -2.3384 3.6249
v  16.3602 -0.9211 3.6540
v  16.3602 -0.9211 3.6600
v  16.3602 -2.3384 3.6541
v  16.3602 -2.3384 3.6601
v  16.3287 -2.3324 4.3301
v  16.3287 -2.3324 4.3241
v  16.3287 -0.9271 4.3301
v  16.3287 -0.9271 4.3241
v  16.3602 -0.9271 4.3301
v  16.3602 -0.9271 4.3241
v  16.3602 -2.3324 4.3301
v  16.3602 -2.3324 4.3241
v  16.3554 -2.3324 4.3816
v  16.3603 -2.3324 4.3851
v  16.3554 -0.9271 4.3816
v  16.3603 -0.9271 4.3851
v  16.3736 -0.9271 4.3559
v  16.3785 -0.9271 4.3593
v  16.3736 -2.3324 4.3559
v  16.3785 -2.3324 4.3593
v  16.3347 -0.9211 4.3295
v  16.3346 -0.9211 4.3235
v  16.3542 -0.9211 4.3309
v  16.3541 -0.9211 4.3248
v  16.3595 -0.9211 4.3771
v  16.3644 -0.9211 4.3807
v  16.3695 -0.9211 4.3603
v  16.3743 -0.9211 4.3639
v  16.3595 -2.3384 4.3771
v  16.3644 -2.3384 4.3807
v  16.3695 -2.3384 4.3603
v  16.3743 -2.3384 4.3639
v  16.3347 -2.3384 4.3295
v  16.3346 -2.3384 4.3235
v  16.3542 -2.3384 4.3309
v  16.3541 -2.3384 4.3248
v  16.3287 -2.3384 4.3301
v  16.3287 -2.3384 4.3241
v  16.3287 -0.9211 4.3301
v  16.3287 -0.9211 4.3241
v  16.3602 -0.9211 4.3301
v  16.3602 -0.9211 4.3241
v  16.3602 -2.3384 4.3301
v  16.3602 -2.3384 4.3241
v  16.3554 -2.3384 4.3816
v  16.3603 -2.3384 4.3851
v  16.3554 -0.9211 4.3816
v  16.3603 -0.9211 4.3851
v  16.3736 -0.9211 4.3559
v  16.3785 -0.9211 4.3593
v  16.3736 -2.3384 4.3559
v  16.3785 -2.3384 4.3593
v  17.3819 -0.2578 20.1359
v  17.3819 -0.2578 20.8847
v  17.3819 -0.9211 20.8847
v  17.3819 -0.9211 20.1359
v  17.3806 -0.2578 20.8971
v  17.3806 -0.9211 20.8971
v  17.3786 -0.2578 20.9037
v  17.3790 -0.9271 20.9039
v  17.3819 -2.3384 20.8847
v  17.3819 -2.3384 20.1359
v  17.3790 -2.3324 20.9039
v  17.3806 -2.3384 20.8971
v  17.3819 -3.0017 20.8847
v  17.3819 -3.0017 20.1359
v  17.3786 -3.0017 20.9037
v  17.3806 -3.0017 20.8971
v  17.3759 -0.2578 20.1299
v  17.3759 -0.9211 20.1299
v  17.3564 -0.9211 20.1299
v  17.3564 -0.2578 20.1299
v  17.3759 -2.3384 20.1299
v  17.3564 -2.3384 20.1299
v  17.3759 -3.0017 20.1299
v  17.3564 -3.0017 20.1299
v  17.3504 -0.2578 20.1359
v  17.3504 -0.9211 20.1359
v  17.3504 -0.9211 20.8847
v  17.3504 -0.2578 20.8847
v  17.3504 -2.3384 20.1359
v  17.3504 -2.3384 20.8847
v  17.3504 -3.0017 20.1359
v  17.3504 -3.0017 20.8847
v  17.3479 -0.9211 20.8973
v  17.3484 -0.2582 20.8951
v  17.3479 -2.3384 20.8973
v  17.3479 -3.0017 20.8973
v  17.3420 -0.9211 20.9047
v  17.3449 -0.2603 20.9025
v  17.3420 -2.3384 20.9047
v  17.3420 -3.0017 20.9047
v  17.3539 -0.2516 20.8958
v  17.3507 -0.2518 20.9039
v  17.3724 -0.2518 20.9035
v  17.3747 -0.2518 20.8959
v  17.3564 -0.2518 20.8853
v  17.3759 -0.2518 20.8844
v  17.3564 -0.2518 20.1359
v  17.3759 -0.2518 20.1359
v  17.3564 -3.0077 20.8853
v  17.3564 -3.0077 20.1359
v  17.3759 -3.0077 20.1359
v  17.3759 -3.0077 20.8844
v  17.3537 -3.0074 20.8971
v  17.3741 -3.0074 20.8969
v  17.3495 -3.0077 20.9048
v  17.3724 -3.0077 20.9035
v  17.3443 -2.3384 20.9095
v  17.3443 -3.0017 20.9095
v  17.3708 -3.0017 20.9095
v  17.3708 -2.3384 20.9095
v  17.3443 -0.2578 20.9095
v  17.3443 -0.9211 20.9095
v  17.3708 -0.9211 20.9095
v  17.3708 -0.2578 20.9095
v  17.3334 -0.9271 20.9129
v  17.3334 -2.3324 20.9129
v  16.3603 -2.3324 21.5992
v  16.3603 -0.9271 21.5992
v  16.3554 -0.9271 21.6026
v  16.3554 -2.3324 21.6026
v  16.3362 -2.3324 21.6256
v  16.3362 -0.9271 21.6255
v  16.3287 -0.9271 21.6600
v  16.3287 -2.3324 21.6601
v  16.3287 -2.3324 22.3241
v  16.3287 -0.9271 22.3241
v  16.3287 -0.9271 22.3301
v  16.3287 -2.3324 22.3301
v  16.3346 -2.3324 22.3572
v  16.3346 -0.9271 22.3572
v  17.3689 -0.9271 20.9231
v  17.3689 -2.3324 20.9231
v  17.3596 -0.9271 20.9320
v  17.3596 -2.3324 20.9320
v  17.3503 -2.3324 20.9396
v  17.3503 -0.9271 20.9396
v  16.3785 -0.9271 21.6249
v  16.3785 -2.3324 21.6249
v  16.3736 -2.3324 21.6284
v  16.3736 -0.9271 21.6284
v  16.3634 -0.9271 21.6398
v  16.3634 -2.3324 21.6400
v  16.3602 -2.3324 21.6601
v  16.3602 -0.9271 21.6600
v  16.3602 -0.9271 22.3241
v  16.3602 -2.3324 22.3241
v  16.3602 -2.3324 22.3301
v  16.3602 -0.9271 22.3301
v  16.3638 -0.9271 22.3443
v  16.3638 -2.3324 22.3443
v  16.3554 -2.3324 22.3816
v  16.3554 -0.9271 22.3816
v  16.3736 -0.9271 22.3559
v  16.3736 -2.3324 22.3559
v  16.3287 -2.3324 21.6541
v  16.3287 -0.9271 21.6540
v  16.3602 -0.9271 21.6540
v  16.3602 -2.3324 21.6541
v  17.3819 -0.2578 23.8483
v  17.3819 -0.9211 23.8483
v  17.3819 -0.9211 23.0996
v  17.3819 -0.2578 23.0996
v  17.3806 -0.9211 23.0872
v  17.3813 -0.2586 23.0897
v  17.3790 -0.9271 23.0804
v  17.3789 -0.2578 23.0805
v  17.3819 -2.3384 23.8483
v  17.3819 -2.3384 23.0996
v  17.3806 -2.3384 23.0872
v  17.3790 -2.3324 23.0804
v  17.3819 -3.0017 23.8483
v  17.3819 -3.0017 23.0996
v  17.3811 -3.0013 23.0894
v  17.3788 -3.0006 23.0807
v  17.3759 -0.2578 23.8543
v  17.3564 -0.2578 23.8543
v  17.3564 -0.9211 23.8543
v  17.3759 -0.9211 23.8543
v  17.3564 -2.3384 23.8543
v  17.3759 -2.3384 23.8543
v  17.3564 -3.0017 23.8543
v  17.3759 -3.0017 23.8543
v  17.3504 -0.2578 23.8483
v  17.3504 -0.2578 23.0996
v  17.3504 -0.9211 23.0996
v  17.3504 -0.9211 23.8483
v  17.3504 -2.3384 23.0996
v  17.3504 -2.3384 23.8483
v  17.3504 -3.0017 23.0996
v  17.3504 -3.0017 23.8483
v  17.3487 -0.2589 23.0892
v  17.3479 -0.9211 23.0870
v  17.3479 -2.3384 23.0870
v  17.3491 -3.0016 23.0905
v  17.3420 -0.2578 23.0795
v  17.3420 -0.9211 23.0795
v  17.3420 -2.3384 23.0795
v  17.3457 -3.0011 23.0832
v  17.3545 -0.2513 23.0907
v  17.3753 -0.2518 23.0912
v  17.3724 -0.2518 23.0808
v  17.3507 -0.2518 23.0808
v  17.3564 -0.2518 23.0990
v  17.3759 -0.2518 23.0999
v  17.3564 -0.2518 23.8483
v  17.3759 -0.2518 23.8483
v  17.3564 -3.0077 23.0990
v  17.3759 -3.0077 23.0999
v  17.3759 -3.0077 23.8483
v  17.3564 -3.0077 23.8483
v  17.3554 -3.0077 23.0904
v  17.3748 -3.0077 23.0899
v  17.3507 -3.0077 23.0815
v  17.3724 -3.0077 23.0808
v  17.3443 -2.3384 23.0748
v  17.3708 -2.3384 23.0748
v  17.3708 -3.0017 23.0748
v  17.3443 -3.0017 23.0748
v  17.3443 -0.2578 23.0748
v  17.3708 -0.2578 23.0748
v  17.3708 -0.9211 23.0748
v  17.3443 -0.9211 23.0748
v  17.3334 -0.9271 23.0713
v  16.3603 -0.9271 22.3851
v  16.3603 -2.3324 22.3851
v  17.3334 -2.3324 23.0713
v  17.3689 -2.3324 23.0611
v  17.3689 -0.9271 23.0611
v  17.3552 -2.3324 23.0481
v  17.3552 -0.9271 23.0481
v  16.3785 -2.3324 22.3593
v  16.3785 -0.9271 22.3593
v  16.3744 -0.9211 21.6203
v  17.3471 -0.9211 20.9345
v  17.3366 -0.9211 20.9180
v  16.3644 -0.9211 21.6035
v  16.3417 -0.9211 21.6283
v  16.3579 -0.9211 21.6370
v  16.3696 -0.9211 21.6239
v  16.3595 -0.9211 21.6071
v  16.3347 -0.9211 21.6547
v  16.3542 -0.9211 21.6533
v  16.3541 -0.9211 22.3248
v  16.3541 -0.9211 21.6593
v  16.3346 -0.9211 21.6608
v  16.3346 -0.9211 22.3235
v  16.3402 -0.9211 22.3545
v  16.3583 -0.9211 22.3471
v  16.3542 -0.9211 22.3309
v  16.3347 -0.9211 22.3295
v  16.3595 -0.9211 22.3771
v  16.3695 -0.9211 22.3603
v  17.3514 -0.9211 23.0528
v  16.3743 -0.9211 22.3639
v  16.3644 -0.9211 22.3807
v  17.3641 -0.9211 23.0649
v  16.3743 -2.3384 22.3639
v  17.3514 -2.3384 23.0528
v  16.3644 -2.3384 22.3807
v  17.3641 -2.3384 23.0649
v  16.3583 -2.3384 22.3471
v  16.3402 -2.3384 22.3545
v  16.3347 -2.3384 22.3295
v  16.3542 -2.3384 22.3309
v  16.3695 -2.3384 22.3603
v  16.3595 -2.3384 22.3771
v  16.3541 -2.3384 21.6595
v  16.3541 -2.3384 22.3248
v  16.3346 -2.3384 22.3235
v  16.3346 -2.3384 21.6609
v  16.3417 -2.3384 21.6284
v  16.3579 -2.3384 21.6372
v  16.3542 -2.3384 21.6535
v  16.3347 -2.3384 21.6549
v  16.3595 -2.3384 21.6071
v  16.3696 -2.3384 21.6239
v  17.3471 -2.3384 20.9345
v  16.3744 -2.3384 21.6203
v  16.3644 -2.3384 21.6035
v  17.3366 -2.3384 20.9180
v  17.3641 -2.3384 20.9194
v  17.3564 -2.3384 20.9268
v  17.3641 -0.9211 20.9194
v  17.3564 -0.9211 20.9268
v  17.3819 -0.2578 20.1299
v  17.3819 -0.2518 20.1299
v  17.3819 -0.2518 20.1359
v  17.3786 -0.2518 20.9037
v  17.3768 -0.2518 20.9095
v  17.3768 -0.2578 20.9095
v  17.3819 -3.0077 20.1359
v  17.3819 -3.0077 20.1299
v  17.3819 -3.0017 20.1299
v  17.3768 -3.0017 20.9095
v  17.3768 -3.0077 20.9095
v  17.3786 -3.0077 20.9037
v  17.3759 -0.2518 20.1299
v  17.3504 -0.2578 20.1299
v  17.3504 -0.2518 20.1299
v  17.3564 -0.2518 20.1299
v  17.3759 -3.0077 20.1299
v  17.3564 -3.0077 20.1299
v  17.3504 -3.0077 20.1299
v  17.3504 -3.0017 20.1299
v  17.3504 -0.2518 20.1359
v  17.3504 -3.0077 20.1359
v  17.3383 -0.2578 20.9095
v  17.3383 -0.2518 20.9095
v  17.3449 -0.2518 20.9029
v  17.3420 -3.0077 20.9047
v  17.3383 -3.0077 20.9095
v  17.3383 -3.0017 20.9095
v  17.3443 -0.2518 20.9095
v  17.3708 -0.2518 20.9095
v  17.3443 -3.0077 20.9095
v  17.3708 -3.0077 20.9095
v  17.3334 -0.9211 20.9129
v  17.3383 -0.9211 20.9095
v  17.3383 -0.9271 20.9095
v  17.3383 -2.3324 20.9095
v  17.3383 -2.3384 20.9095
v  17.3334 -2.3384 20.9129
v  17.3596 -0.9211 20.9320
v  17.3552 -0.9211 20.9361
v  17.3552 -0.9271 20.9361
v  17.3552 -2.3324 20.9361
v  17.3552 -2.3384 20.9361
v  17.3596 -2.3384 20.9320
v  17.3503 -2.3384 20.9396
v  17.3503 -0.9211 20.9396
v  17.3819 -0.2518 23.8483
v  17.3819 -0.2518 23.8543
v  17.3819 -0.2578 23.8543
v  17.3768 -0.2578 23.0748
v  17.3768 -0.2518 23.0748
v  17.3786 -0.2518 23.0805
v  17.3819 -3.0017 23.8543
v  17.3819 -3.0077 23.8543
v  17.3819 -3.0077 23.8483
v  17.3788 -3.0072 23.0805
v  17.3768 -3.0077 23.0748
v  17.3768 -3.0017 23.0748
v  17.3759 -0.2518 23.8543
v  17.3564 -0.2518 23.8543
v  17.3504 -0.2518 23.8543
v  17.3504 -0.2578 23.8543
v  17.3504 -3.0017 23.8543
v  17.3504 -3.0077 23.8543
v  17.3564 -3.0077 23.8543
v  17.3759 -3.0077 23.8543
v  17.3504 -0.2518 23.8483
v  17.3504 -3.0077 23.8483
v  17.3443 -0.2518 23.0808
v  17.3383 -0.2518 23.0748
v  17.3383 -0.2578 23.0748
v  17.3383 -3.0017 23.0748
v  17.3383 -3.0077 23.0748
v  17.3450 -3.0077 23.0820
v  17.3708 -0.2518 23.0748
v  17.3443 -0.2518 23.0748
v  17.3443 -3.0077 23.0748
v  17.3708 -3.0077 23.0748
v  17.3383 -0.9271 23.0748
v  17.3383 -0.9211 23.0748
v  17.3334 -0.9211 23.0713
v  17.3334 -2.3384 23.0713
v  17.3383 -2.3384 23.0748
v  17.3383 -2.3324 23.0748
v  17.3520 -0.9211 20.9311
v  17.3415 -0.9211 20.9145
v  17.3520 -2.3384 20.9311
v  17.3415 -2.3384 20.9145
v  17.3819 -0.2518 20.8847
v  17.3819 -0.9211 20.1299
v  17.3806 -0.2518 20.8971
v  17.3768 -0.9211 20.9095
v  17.3819 -2.3384 20.1299
v  17.3819 -3.0077 20.8847
v  17.3768 -2.3384 20.9095
v  17.3806 -3.0077 20.8971
v  17.3504 -0.9211 20.1299
v  17.3504 -2.3384 20.1299
v  17.3504 -0.2518 20.8847
v  17.3504 -3.0077 20.8847
v  17.3484 -0.2516 20.8952
v  17.3479 -3.0077 20.8973
v  16.3603 -2.3384 21.5992
v  16.3603 -0.9211 21.5992
v  16.3554 -2.3384 21.6026
v  16.3362 -2.3384 21.6256
v  16.3362 -0.9211 21.6255
v  16.3554 -0.9211 21.6026
v  16.3287 -2.3384 21.6601
v  16.3287 -2.3384 22.3241
v  16.3287 -0.9211 22.3241
v  16.3287 -0.9211 21.6600
v  16.3287 -2.3384 22.3301
v  16.3346 -2.3384 22.3572
v  16.3346 -0.9211 22.3572
v  16.3287 -0.9211 22.3301
v  17.3689 -0.9211 20.9231
v  17.3689 -2.3384 20.9231
v  16.3785 -0.9211 21.6249
v  16.3785 -2.3384 21.6249
v  16.3736 -0.9211 21.6284
v  16.3634 -0.9211 21.6398
v  16.3634 -2.3384 21.6400
v  16.3736 -2.3384 21.6284
v  16.3602 -0.9211 21.6600
v  16.3602 -0.9211 22.3241
v  16.3602 -2.3384 22.3241
v  16.3602 -2.3384 21.6601
v  16.3602 -0.9211 22.3301
v  16.3638 -0.9211 22.3443
v  16.3638 -2.3384 22.3443
v  16.3602 -2.3384 22.3301
v  16.3554 -2.3384 22.3816
v  16.3554 -0.9211 22.3816
v  16.3736 -0.9211 22.3559
v  16.3736 -2.3384 22.3559
v  16.3287 -2.3384 21.6541
v  16.3287 -0.9211 21.6540
v  16.3602 -0.9211 21.6540
v  16.3602 -2.3384 21.6541
v  17.3819 -0.9211 23.8543
v  17.3819 -0.2518 23.0996
v  17.3812 -0.2522 23.0905
v  17.3768 -0.9211 23.0748
v  17.3819 -2.3384 23.8543
v  17.3819 -3.0077 23.0996
v  17.3810 -3.0074 23.0897
v  17.3768 -2.3384 23.0748
v  17.3504 -0.9211 23.8543
v  17.3504 -2.3384 23.8543
v  17.3504 -0.2518 23.0996
v  17.3504 -3.0077 23.0996
v  17.3490 -0.2518 23.0906
v  17.3488 -3.0079 23.0904
v  16.3603 -0.9211 22.3851
v  16.3603 -2.3384 22.3851
v  17.3689 -2.3384 23.0611
v  17.3689 -0.9211 23.0611
v  17.3552 -2.3384 23.0481
v  17.3552 -0.9211 23.0481
v  16.3785 -2.3384 22.3593
v  16.3785 -0.9211 22.3593
v  17.3819 -3.0077 20.8386
v  17.4016 -3.0077 20.8386
v  17.4016 -0.3699 20.8386
v  17.3819 -0.3699 20.8386
v  17.4016 -0.3699 20.1299
v  17.3819 -0.3699 20.1299
v  17.4016 -3.0077 20.1299
v  17.3819 -3.0077 20.1299
v  17.3819 -3.0077 5.8543
v  17.4016 -3.0077 5.8543
v  17.4016 -0.3699 5.8543
v  17.3819 -0.3699 5.8543
v  17.4016 -0.3699 5.1456
v  17.3819 -0.3699 5.1456
v  17.4016 -3.0077 5.1456
v  17.3819 -3.0077 5.1456
v  17.3819 -3.0077 23.8543
v  17.4016 -3.0077 23.8543
v  17.4016 -0.3699 23.8543
v  17.3819 -0.3699 23.8543
v  17.4016 -0.3699 23.1457
v  17.3819 -0.3699 23.1457
v  17.4016 -3.0077 23.1457
v  17.3819 -3.0077 23.1457
v  -17.1073 -3.4016 23.2546
v  -17.1073 -3.4011 21.9842
v  -15.6694 -3.4016 21.9842
v  -15.6694 -3.4016 23.2547
v  -15.6678 -3.4114 23.3199
v  -15.6659 -3.4358 23.3786
v  -17.1075 -3.4347 23.3786
v  -17.1075 -3.4100 23.3182
v  -15.6636 -3.4748 23.4315
v  -17.1073 -3.4735 23.4300
v  -15.6423 -3.6768 23.6335
v  -17.1073 -3.6751 23.6318
v  -15.6366 -3.7159 23.6866
v  -15.6327 -3.7406 23.7457
v  -17.1074 -3.7409 23.7444
v  -17.1074 -3.7150 23.6832
v  -15.6329 -3.7500 23.8115
v  -17.1073 -3.7500 23.8090
v  -17.1073 -3.4016 20.7139
v  -15.6694 -3.4016 20.7138
v  -15.6678 -3.4114 20.6486
v  -17.1075 -3.4101 20.6503
v  -17.1075 -3.4347 20.5899
v  -15.6659 -3.4358 20.5899
v  -17.1073 -3.4735 20.5385
v  -15.6636 -3.4748 20.5370
v  -17.1073 -3.6751 20.3367
v  -15.6423 -3.6765 20.3353
v  -15.6367 -3.7159 20.2820
v  -17.1074 -3.7150 20.2853
v  -17.1074 -3.7409 20.2241
v  -15.6327 -3.7405 20.2227
v  -17.1073 -3.7500 20.1595
v  -15.6328 -3.7500 20.1583
v  -15.6466 -3.4063 23.2552
v  -15.6293 -3.4170 23.2554
v  -15.6288 -3.4263 23.3170
v  -15.6460 -3.4161 23.3191
v  -15.6264 -3.4497 23.3723
v  -15.6438 -3.4402 23.3768
v  -15.6253 -3.4825 23.4188
v  -15.6418 -3.4763 23.4270
v  -15.6464 -3.4063 21.9823
v  -15.6291 -3.4173 21.9803
v  -15.6012 -3.6864 23.6198
v  -15.6192 -3.6792 23.6288
v  -15.5993 -3.7142 23.6557
v  -15.6160 -3.7131 23.6721
v  -15.6105 -3.7381 23.7191
v  -15.6203 -3.7385 23.7322
v  -15.6466 -3.4062 20.7133
v  -15.6295 -3.4171 20.7132
v  -15.6437 -3.4394 20.5934
v  -15.6264 -3.4481 20.5996
v  -15.6284 -3.4249 20.6585
v  -15.6456 -3.4153 20.6529
v  -15.6403 -3.4768 20.5420
v  -15.6228 -3.4837 20.5510
v  -15.6190 -3.6783 20.3406
v  -15.6015 -3.6852 20.3496
v  -15.6257 -3.7409 20.2233
v  -15.6191 -3.7422 20.2243
v  -15.6114 -3.7242 20.2790
v  -15.6234 -3.7189 20.2802
v  -15.6161 -3.7128 20.2967
v  -15.5993 -3.7142 20.3129
v  -15.6168 -3.4332 23.2552
v  -15.6098 -3.4553 23.2547
v  -15.6092 -3.4622 23.3088
v  -15.6165 -3.4416 23.3136
v  -15.6068 -3.4840 23.3554
v  -15.6140 -3.4641 23.3651
v  -15.6039 -3.5109 23.3891
v  -15.6126 -3.4922 23.4078
v  -15.6165 -3.4335 21.9784
v  -15.6097 -3.4557 21.9764
v  -15.5827 -3.7129 23.5910
v  -15.5890 -3.6977 23.6075
v  -15.5803 -3.7352 23.6149
v  -15.5870 -3.7207 23.6369
v  -15.5911 -3.7426 23.6911
v  -15.6002 -3.7389 23.7053
v  -15.6170 -3.4331 20.7133
v  -15.6098 -3.4553 20.7138
v  -15.6142 -3.4616 20.6083
v  -15.6072 -3.4802 20.6195
v  -15.6092 -3.4603 20.6735
v  -15.6161 -3.4397 20.6654
v  -15.6104 -3.4950 20.5633
v  -15.6039 -3.5112 20.5794
v  -15.5892 -3.6965 20.3619
v  -15.5827 -3.7125 20.3782
v  -15.6127 -3.7441 20.2253
v  -15.6067 -3.7474 20.2265
v  -15.5911 -3.7424 20.2781
v  -15.6005 -3.7318 20.2783
v  -15.5871 -3.7213 20.3314
v  -15.5803 -3.7352 20.3526
v  -15.6184 -3.7492 23.7748
v  -15.5803 -3.7352 23.2547
v  -15.5803 -3.7352 21.9764
v  -15.5803 -3.7352 20.7107
v  -15.5803 -3.7352 20.3782
v  -16.5368 -3.2476 22.4577
v  -16.5368 -3.3063 22.4295
v  -16.5368 -3.2458 22.4507
v  -16.5368 -3.3051 22.4031
v  -16.5368 -3.3129 22.3787
v  -16.5368 -3.2882 22.3747
v  -16.5368 -3.2811 22.3956
v  -16.5368 -3.3155 22.3532
v  -16.5368 -3.2905 22.3532
v  -16.5368 -3.2497 22.4377
v  -16.3095 -3.2497 22.4377
v  -16.3095 -3.2458 22.4507
v  -16.3095 -3.2476 22.4577
v  -16.5368 -3.2721 22.5024
v  -16.3095 -3.2721 22.5024
v  -16.5368 -3.2546 22.4300
v  -16.3095 -3.2546 22.4300
v  -16.5368 -3.2695 22.4145
v  -16.3095 -3.2695 22.4145
v  -16.3095 -3.2811 22.3956
v  -16.5368 -3.2757 22.5067
v  -16.3095 -3.2757 22.5067
v  -16.5368 -3.2810 22.5096
v  -16.3095 -3.2810 22.5096
v  -16.5368 -3.2871 22.5101
v  -16.3095 -3.2871 22.5101
v  -16.5368 -3.2924 22.5083
v  -16.3095 -3.2924 22.5083
v  -16.5368 -3.3100 22.4987
v  -16.3095 -3.3100 22.4987
v  -16.5368 -3.3187 22.4916
v  -16.3095 -3.3187 22.4916
v  -16.5368 -3.3244 22.4809
v  -16.3095 -3.3244 22.4809
v  -16.5368 -3.3254 22.4687
v  -16.3095 -3.3254 22.4687
v  -16.5368 -3.3219 22.4580
v  -16.3095 -3.3219 22.4580
v  -16.3095 -3.3063 22.4295
v  -16.5368 -3.3026 22.4164
v  -16.3095 -3.3026 22.4164
v  -16.3095 -3.3051 22.4031
v  -16.3095 -3.2882 22.3747
v  -16.3095 -3.3129 22.3787
v  -16.3095 -3.3155 22.3532
v  -16.3095 -3.2905 22.3532
v  -16.5368 -3.2476 21.5108
v  -16.5368 -3.2458 21.5178
v  -16.5368 -3.3063 21.5390
v  -16.5368 -3.3051 21.5654
v  -16.5368 -3.2811 21.5729
v  -16.5368 -3.2882 21.5938
v  -16.5368 -3.3129 21.5898
v  -16.5368 -3.3155 21.6152
v  -16.5368 -3.2905 21.6152
v  -16.3095 -3.2458 21.5178
v  -16.3095 -3.2497 21.5308
v  -16.5368 -3.2497 21.5308
v  -16.3095 -3.2476 21.5108
v  -16.5368 -3.2721 21.4661
v  -16.3095 -3.2721 21.4661
v  -16.3095 -3.2546 21.5385
v  -16.5368 -3.2546 21.5385
v  -16.3095 -3.2695 21.5540
v  -16.5368 -3.2695 21.5540
v  -16.3095 -3.2811 21.5729
v  -16.5368 -3.2757 21.4618
v  -16.3095 -3.2757 21.4618
v  -16.5368 -3.2810 21.4589
v  -16.3095 -3.2810 21.4589
v  -16.5368 -3.2871 21.4584
v  -16.3095 -3.2871 21.4584
v  -16.5368 -3.2924 21.4602
v  -16.3095 -3.2924 21.4602
v  -16.5368 -3.3100 21.4698
v  -16.3095 -3.3100 21.4698
v  -16.5368 -3.3187 21.4769
v  -16.3095 -3.3187 21.4769
v  -16.5368 -3.3244 21.4876
v  -16.3095 -3.3244 21.4876
v  -16.5368 -3.3254 21.4998
v  -16.3095 -3.3254 21.4998
v  -16.5368 -3.3219 21.5105
v  -16.3095 -3.3219 21.5105
v  -16.3095 -3.3063 21.5390
v  -16.5368 -3.3026 21.5521
v  -16.3095 -3.3026 21.5521
v  -16.3095 -3.3051 21.5654
v  -16.3095 -3.2882 21.5938
v  -16.3095 -3.3129 21.5898
v  -16.3095 -3.3155 21.6152
v  -16.3095 -3.2905 21.6152
v  -16.7499 -3.3066 23.1092
v  -16.7499 -3.4016 23.1092
v  -16.7909 -3.4016 23.0930
v  -16.7906 -3.3066 23.0932
v  -16.8099 -3.4016 23.0492
v  -16.8099 -3.3066 23.0492
v  -16.8099 -3.4016 22.6693
v  -16.8099 -3.3066 22.6693
v  -16.8011 -3.2857 23.0488
v  -16.7867 -3.2858 23.0854
v  -16.7498 -3.2852 23.0997
v  -15.9949 -3.3066 23.1092
v  -15.9541 -3.3066 23.0932
v  -15.9903 -3.4016 23.0555
v  -15.9949 -3.4016 23.1092
v  -15.9349 -3.3066 23.0492
v  -15.9349 -3.4016 23.0492
v  -15.9349 -3.3066 22.6693
v  -15.9349 -3.4016 22.6693
v  -15.9580 -3.2858 23.0854
v  -15.9437 -3.2852 23.0491
v  -15.9932 -3.2842 23.0990
v  -15.9443 -3.2854 22.6696
v  -16.7499 -3.3066 22.6092
v  -16.7906 -3.3066 22.6253
v  -16.7907 -3.4016 22.6253
v  -16.7499 -3.4016 22.6092
v  -16.7867 -3.2858 22.6331
v  -16.7995 -3.2842 22.6696
v  -16.7503 -3.2847 22.6184
v  -15.9949 -3.3066 22.6092
v  -15.9890 -3.4016 22.6092
v  -15.9541 -3.4016 22.6253
v  -15.9541 -3.3066 22.6253
v  -15.9580 -3.2858 22.6331
v  -15.9948 -3.2854 22.6189
v  -16.7799 -3.2766 23.0492
v  -16.7733 -3.2767 23.0710
v  -16.7499 -3.2766 23.0793
v  -15.9715 -3.2767 23.0710
v  -15.9649 -3.2766 23.0492
v  -15.9949 -3.2766 23.0793
v  -15.9649 -3.2766 22.6693
v  -16.7733 -3.2767 22.6475
v  -16.7799 -3.2766 22.6693
v  -16.7499 -3.2766 22.6392
v  -15.9715 -3.2767 22.6475
v  -15.9949 -3.2766 22.6392
v  -15.9949 -3.2766 23.0492
v  -15.9949 -3.2766 22.6693
v  -16.7499 -3.2766 23.0492
v  -16.7499 -3.2766 22.6693
v  -16.7499 -3.3066 21.3592
v  -16.7499 -3.4016 21.3592
v  -16.7909 -3.4016 21.3430
v  -16.7906 -3.3066 21.3432
v  -16.8099 -3.4016 21.2992
v  -16.8099 -3.3066 21.2992
v  -16.8099 -3.4016 20.9193
v  -16.8099 -3.3066 20.9193
v  -16.8011 -3.2857 21.2988
v  -16.7867 -3.2858 21.3354
v  -16.7498 -3.2852 21.3497
v  -15.9949 -3.3066 21.3592
v  -15.9541 -3.3066 21.3432
v  -15.9903 -3.4016 21.3055
v  -15.9949 -3.4016 21.3592
v  -15.9349 -3.3066 21.2992
v  -15.9349 -3.4016 21.2992
v  -15.9349 -3.3066 20.9193
v  -15.9349 -3.4016 20.9193
v  -15.9580 -3.2858 21.3354
v  -15.9437 -3.2852 21.2991
v  -15.9932 -3.2842 21.3490
v  -15.9443 -3.2854 20.9196
v  -16.7499 -3.3066 20.8592
v  -16.7906 -3.3066 20.8753
v  -16.7907 -3.4016 20.8753
v  -16.7499 -3.4016 20.8592
v  -16.7867 -3.2858 20.8831
v  -16.7995 -3.2842 20.9196
v  -16.7503 -3.2847 20.8684
v  -15.9949 -3.3066 20.8592
v  -15.9890 -3.4016 20.8592
v  -15.9541 -3.4016 20.8753
v  -15.9541 -3.3066 20.8753
v  -15.9580 -3.2858 20.8831
v  -15.9948 -3.2854 20.8689
v  -16.7799 -3.2766 21.2992
v  -16.7733 -3.2767 21.3210
v  -16.7499 -3.2766 21.3293
v  -15.9715 -3.2767 21.3210
v  -15.9649 -3.2766 21.2992
v  -15.9949 -3.2766 21.3293
v  -15.9649 -3.2766 20.9193
v  -16.7733 -3.2767 20.8975
v  -16.7799 -3.2766 20.9193
v  -16.7499 -3.2766 20.8892
v  -15.9715 -3.2767 20.8975
v  -15.9949 -3.2766 20.8892
v  -15.9949 -3.2766 21.2992
v  -15.9949 -3.2766 20.9193
v  -16.7499 -3.2766 21.2992
v  -16.7499 -3.2766 20.9193
v  -17.1073 -3.4016 5.2704
v  -17.1073 -3.4011 4.0000
v  -15.6694 -3.4016 4.0000
v  -15.6694 -3.4016 5.2705
v  -15.6678 -3.4114 5.3356
v  -15.6659 -3.4358 5.3943
v  -17.1075 -3.4347 5.3944
v  -17.1075 -3.4100 5.3339
v  -15.6636 -3.4748 5.4472
v  -17.1073 -3.4735 5.4458
v  -15.6423 -3.6768 5.6492
v  -17.1073 -3.6751 5.6475
v  -15.6366 -3.7159 5.7023
v  -15.6327 -3.7406 5.7615
v  -17.1074 -3.7409 5.7601
v  -17.1074 -3.7150 5.6990
v  -15.6329 -3.7500 5.8272
v  -17.1073 -3.7500 5.8248
v  -17.1073 -3.4016 2.7296
v  -15.6694 -3.4016 2.7295
v  -15.6678 -3.4114 2.6644
v  -17.1075 -3.4101 2.6661
v  -17.1075 -3.4347 2.6056
v  -15.6659 -3.4358 2.6057
v  -17.1073 -3.4735 2.5542
v  -15.6636 -3.4748 2.5528
v  -17.1073 -3.6751 2.3525
v  -15.6423 -3.6765 2.3511
v  -15.6367 -3.7159 2.2978
v  -17.1074 -3.7150 2.3010
v  -17.1074 -3.7409 2.2399
v  -15.6327 -3.7405 2.2385
v  -17.1073 -3.7500 2.1752
v  -15.6328 -3.7500 2.1740
v  -15.6466 -3.4063 5.2710
v  -15.6293 -3.4170 5.2711
v  -15.6288 -3.4263 5.3327
v  -15.6460 -3.4161 5.3348
v  -15.6264 -3.4497 5.3880
v  -15.6438 -3.4402 5.3926
v  -15.6253 -3.4825 5.4345
v  -15.6418 -3.4763 5.4428
v  -15.6464 -3.4063 3.9980
v  -15.6291 -3.4173 3.9961
v  -15.6012 -3.6864 5.6356
v  -15.6192 -3.6792 5.6445
v  -15.5993 -3.7142 5.6715
v  -15.6160 -3.7131 5.6879
v  -15.6105 -3.7381 5.7349
v  -15.6203 -3.7385 5.7480
v  -15.6466 -3.4062 2.7291
v  -15.6295 -3.4171 2.7289
v  -15.6437 -3.4394 2.6091
v  -15.6264 -3.4481 2.6153
v  -15.6284 -3.4249 2.6743
v  -15.6456 -3.4153 2.6686
v  -15.6403 -3.4768 2.5578
v  -15.6228 -3.4837 2.5667
v  -15.6190 -3.6783 2.3563
v  -15.6015 -3.6852 2.3653
v  -15.6257 -3.7409 2.2391
v  -15.6191 -3.7422 2.2400
v  -15.6114 -3.7242 2.2947
v  -15.6234 -3.7189 2.2960
v  -15.6161 -3.7128 2.3125
v  -15.5993 -3.7142 2.3287
v  -15.6168 -3.4332 5.2710
v  -15.6098 -3.4553 5.2705
v  -15.6092 -3.4622 5.3246
v  -15.6165 -3.4416 5.3294
v  -15.6068 -3.4840 5.3712
v  -15.6140 -3.4641 5.3809
v  -15.6039 -3.5109 5.4048
v  -15.6126 -3.4922 5.4236
v  -15.6165 -3.4335 3.9941
v  -15.6097 -3.4557 3.9922
v  -15.5827 -3.7129 5.6068
v  -15.5890 -3.6977 5.6232
v  -15.5803 -3.7352 5.6307
v  -15.5870 -3.7207 5.6526
v  -15.5911 -3.7426 5.7068
v  -15.6002 -3.7389 5.7211
v  -15.6170 -3.4331 2.7291
v  -15.6098 -3.4553 2.7295
v  -15.6142 -3.4616 2.6241
v  -15.6072 -3.4802 2.6352
v  -15.6092 -3.4603 2.6893
v  -15.6161 -3.4397 2.6812
v  -15.6104 -3.4950 2.5790
v  -15.6039 -3.5112 2.5952
v  -15.5892 -3.6965 2.3777
v  -15.5827 -3.7125 2.3939
v  -15.6127 -3.7441 2.2411
v  -15.6067 -3.7474 2.2423
v  -15.5911 -3.7424 2.2938
v  -15.6005 -3.7318 2.2940
v  -15.5871 -3.7213 2.3471
v  -15.5803 -3.7352 2.3683
v  -15.6184 -3.7492 5.7905
v  -15.5803 -3.7352 5.2705
v  -15.5803 -3.7352 3.9922
v  -15.5803 -3.7352 2.7265
v  -15.5803 -3.7352 2.3939
v  -16.5368 -3.2476 4.4658
v  -16.5368 -3.3063 4.4376
v  -16.5368 -3.2458 4.4588
v  -16.5368 -3.3051 4.4113
v  -16.5368 -3.3129 4.3869
v  -16.5368 -3.2882 4.3828
v  -16.5368 -3.2811 4.4038
v  -16.5368 -3.3155 4.3614
v  -16.5368 -3.2905 4.3614
v  -16.5368 -3.2497 4.4459
v  -16.3095 -3.2497 4.4459
v  -16.3095 -3.2458 4.4588
v  -16.3095 -3.2476 4.4658
v  -16.5368 -3.2721 4.5105
v  -16.3095 -3.2721 4.5105
v  -16.5368 -3.2546 4.4382
v  -16.3095 -3.2546 4.4382
v  -16.5368 -3.2695 4.4226
v  -16.3095 -3.2695 4.4226
v  -16.3095 -3.2811 4.4038
v  -16.5368 -3.2757 4.5149
v  -16.3095 -3.2757 4.5149
v  -16.5368 -3.2810 4.5177
v  -16.3095 -3.2810 4.5177
v  -16.5368 -3.2871 4.5182
v  -16.3095 -3.2871 4.5182
v  -16.5368 -3.2924 4.5165
v  -16.3095 -3.2924 4.5165
v  -16.5368 -3.3100 4.5069
v  -16.3095 -3.3100 4.5069
v  -16.5368 -3.3187 4.4997
v  -16.3095 -3.3187 4.4997
v  -16.5368 -3.3244 4.4890
v  -16.3095 -3.3244 4.4890
v  -16.5368 -3.3254 4.4769
v  -16.3095 -3.3254 4.4769
v  -16.5368 -3.3219 4.4662
v  -16.3095 -3.3219 4.4662
v  -16.3095 -3.3063 4.4376
v  -16.5368 -3.3026 4.4246
v  -16.3095 -3.3026 4.4246
v  -16.3095 -3.3051 4.4113
v  -16.3095 -3.2882 4.3828
v  -16.3095 -3.3129 4.3869
v  -16.3095 -3.3155 4.3614
v  -16.3095 -3.2905 4.3614
v  -16.5368 -3.2476 3.5190
v  -16.5368 -3.2458 3.5260
v  -16.5368 -3.3063 3.5471
v  -16.5368 -3.3051 3.5735
v  -16.5368 -3.2811 3.5810
v  -16.5368 -3.2882 3.6019
v  -16.5368 -3.3129 3.5979
v  -16.5368 -3.3155 3.6234
v  -16.5368 -3.2905 3.6234
v  -16.3095 -3.2458 3.5260
v  -16.3095 -3.2497 3.5389
v  -16.5368 -3.2497 3.5389
v  -16.3095 -3.2476 3.5190
v  -16.5368 -3.2721 3.4743
v  -16.3095 -3.2721 3.4743
v  -16.3095 -3.2546 3.5466
v  -16.5368 -3.2546 3.5466
v  -16.3095 -3.2695 3.5621
v  -16.5368 -3.2695 3.5621
v  -16.3095 -3.2811 3.5810
v  -16.5368 -3.2757 3.4699
v  -16.3095 -3.2757 3.4699
v  -16.5368 -3.2810 3.4671
v  -16.3095 -3.2810 3.4671
v  -16.5368 -3.2871 3.4666
v  -16.3095 -3.2871 3.4666
v  -16.5368 -3.2924 3.4683
v  -16.3095 -3.2924 3.4683
v  -16.5368 -3.3100 3.4779
v  -16.3095 -3.3100 3.4779
v  -16.5368 -3.3187 3.4850
v  -16.3095 -3.3187 3.4850
v  -16.5368 -3.3244 3.4958
v  -16.3095 -3.3244 3.4958
v  -16.5368 -3.3254 3.5079
v  -16.3095 -3.3254 3.5079
v  -16.5368 -3.3219 3.5186
v  -16.3095 -3.3219 3.5186
v  -16.3095 -3.3063 3.5471
v  -16.5368 -3.3026 3.5602
v  -16.3095 -3.3026 3.5602
v  -16.3095 -3.3051 3.5735
v  -16.3095 -3.2882 3.6019
v  -16.3095 -3.3129 3.5979
v  -16.3095 -3.3155 3.6234
v  -16.3095 -3.2905 3.6234
v  -16.7499 -3.3066 5.1175
v  -16.7499 -3.4016 5.1175
v  -16.7909 -3.4016 5.1012
v  -16.7906 -3.3066 5.1015
v  -16.8099 -3.4016 5.0575
v  -16.8099 -3.3066 5.0575
v  -16.8099 -3.4016 4.6775
v  -16.8099 -3.3066 4.6775
v  -16.8011 -3.2857 5.0571
v  -16.7867 -3.2858 5.0936
v  -16.7498 -3.2852 5.1080
v  -15.9949 -3.3066 5.1175
v  -15.9541 -3.3066 5.1015
v  -15.9903 -3.4016 5.0638
v  -15.9949 -3.4016 5.1175
v  -15.9349 -3.3066 5.0575
v  -15.9349 -3.4016 5.0575
v  -15.9349 -3.3066 4.6775
v  -15.9349 -3.4016 4.6775
v  -15.9580 -3.2858 5.0936
v  -15.9437 -3.2852 5.0573
v  -15.9932 -3.2842 5.1073
v  -15.9443 -3.2854 4.6778
v  -16.7499 -3.3066 4.6175
v  -16.7906 -3.3066 4.6336
v  -16.7907 -3.4016 4.6336
v  -16.7499 -3.4016 4.6175
v  -16.7867 -3.2858 4.6414
v  -16.7995 -3.2842 4.6778
v  -16.7503 -3.2847 4.6267
v  -15.9949 -3.3066 4.6175
v  -15.9890 -3.4016 4.6175
v  -15.9541 -3.4016 4.6336
v  -15.9541 -3.3066 4.6336
v  -15.9580 -3.2858 4.6414
v  -15.9948 -3.2854 4.6272
v  -16.7799 -3.2766 5.0575
v  -16.7733 -3.2767 5.0793
v  -16.7499 -3.2766 5.0875
v  -15.9715 -3.2767 5.0793
v  -15.9649 -3.2766 5.0575
v  -15.9949 -3.2766 5.0875
v  -15.9649 -3.2766 4.6775
v  -16.7733 -3.2767 4.6558
v  -16.7799 -3.2766 4.6775
v  -16.7499 -3.2766 4.6475
v  -15.9715 -3.2767 4.6558
v  -15.9949 -3.2766 4.6475
v  -15.9949 -3.2766 5.0575
v  -15.9949 -3.2766 4.6775
v  -16.7499 -3.2766 5.0575
v  -16.7499 -3.2766 4.6775
v  -16.7499 -3.3066 3.3669
v  -16.7499 -3.4016 3.3669
v  -16.7909 -3.4016 3.3506
v  -16.7906 -3.3066 3.3508
v  -16.8099 -3.4016 3.3069
v  -16.8099 -3.3066 3.3069
v  -16.8099 -3.4016 2.9269
v  -16.8099 -3.3066 2.9269
v  -16.8011 -3.2857 3.3065
v  -16.7867 -3.2858 3.3430
v  -16.7498 -3.2852 3.3574
v  -15.9949 -3.3066 3.3669
v  -15.9541 -3.3066 3.3508
v  -15.9903 -3.4016 3.3131
v  -15.9949 -3.4016 3.3669
v  -15.9349 -3.3066 3.3069
v  -15.9349 -3.4016 3.3069
v  -15.9349 -3.3066 2.9269
v  -15.9349 -3.4016 2.9269
v  -15.9580 -3.2858 3.3430
v  -15.9437 -3.2852 3.3067
v  -15.9932 -3.2842 3.3566
v  -15.9443 -3.2854 2.9272
v  -16.7499 -3.3066 2.8669
v  -16.7906 -3.3066 2.8829
v  -16.7907 -3.4016 2.8830
v  -16.7499 -3.4016 2.8669
v  -16.7867 -3.2858 2.8908
v  -16.7995 -3.2842 2.9272
v  -16.7503 -3.2847 2.8760
v  -15.9949 -3.3066 2.8669
v  -15.9890 -3.4016 2.8669
v  -15.9541 -3.4016 2.8830
v  -15.9541 -3.3066 2.8829
v  -15.9580 -3.2858 2.8908
v  -15.9948 -3.2854 2.8765
v  -16.7799 -3.2766 3.3069
v  -16.7733 -3.2767 3.3286
v  -16.7499 -3.2766 3.3369
v  -15.9715 -3.2767 3.3286
v  -15.9649 -3.2766 3.3069
v  -15.9949 -3.2766 3.3369
v  -15.9649 -3.2766 2.9269
v  -16.7733 -3.2767 2.9051
v  -16.7799 -3.2766 2.9269
v  -16.7499 -3.2766 2.8969
v  -15.9715 -3.2767 2.9051
v  -15.9949 -3.2766 2.8969
v  -15.9949 -3.2766 3.3069
v  -15.9949 -3.2766 2.9269
v  -16.7499 -3.2766 3.3069
v  -16.7499 -3.2766 2.9269
v  17.1073 -3.4016 23.2546
v  15.6694 -3.4016 23.2547
v  17.1073 -3.4735 23.4300
v  15.6636 -3.4748 23.4315
v  17.1075 -3.4347 23.3786
v  17.1075 -3.4100 23.3182
v  15.6678 -3.4114 23.3199
v  15.6659 -3.4357 23.3786
v  17.1073 -3.6751 23.6318
v  15.6423 -3.6768 23.6335
v  17.1073 -3.7500 23.8090
v  17.1074 -3.7409 23.7444
v  17.1074 -3.7150 23.6832
v  15.6366 -3.7159 23.6866
v  15.6327 -3.7406 23.7457
v  17.1073 -3.4016 20.7139
v  17.1073 -3.4011 21.9842
v  15.6694 -3.4016 21.9842
v  15.6694 -3.4016 20.7138
v  15.6678 -3.4114 20.6486
v  15.6659 -3.4357 20.5899
v  17.1075 -3.4347 20.5899
v  17.1075 -3.4100 20.6503
v  15.6635 -3.4748 20.5370
v  17.1073 -3.4735 20.5385
v  15.6423 -3.6765 20.3353
v  17.1073 -3.6751 20.3367
v  15.6367 -3.7159 20.2820
v  15.6327 -3.7405 20.2227
v  17.1074 -3.7409 20.2241
v  17.1074 -3.7150 20.2853
v  15.6328 -3.7500 20.1583
v  17.1073 -3.7500 20.1595
v  15.6039 -3.5109 23.3891
v  15.5827 -3.7129 23.5910
v  15.6184 -3.7492 23.7748
v  15.5803 -3.7352 23.6149
v  15.5911 -3.7426 23.6911
v  15.6097 -3.4557 21.9764
v  15.5911 -3.7424 20.2781
v  15.6067 -3.7474 20.2265
v  15.6466 -3.4063 23.2552
v  15.6293 -3.4170 23.2554
v  15.6168 -3.4331 23.2552
v  15.6418 -3.4763 23.4270
v  15.6253 -3.4825 23.4188
v  15.6126 -3.4922 23.4078
v  15.6460 -3.4161 23.3191
v  15.6288 -3.4262 23.3170
v  15.6165 -3.4416 23.3136
v  15.6438 -3.4402 23.3768
v  15.6264 -3.4497 23.3723
v  15.6140 -3.4641 23.3651
v  15.6192 -3.6792 23.6288
v  15.6012 -3.6864 23.6198
v  15.5890 -3.6976 23.6075
v  15.6329 -3.7500 23.8115
v  15.6160 -3.7131 23.6721
v  15.5993 -3.7142 23.6557
v  15.5870 -3.7207 23.6369
v  15.6203 -3.7385 23.7322
v  15.6105 -3.7381 23.7191
v  15.6002 -3.7389 23.7053
v  15.6464 -3.4063 21.9823
v  15.6291 -3.4173 21.9803
v  15.6165 -3.4335 21.9784
v  15.6466 -3.4062 20.7133
v  15.6295 -3.4171 20.7132
v  15.6170 -3.4331 20.7133
v  15.6456 -3.4153 20.6529
v  15.6284 -3.4249 20.6585
v  15.6161 -3.4397 20.6654
v  15.6437 -3.4394 20.5934
v  15.6264 -3.4481 20.5996
v  15.6142 -3.4616 20.6083
v  15.6403 -3.4768 20.5420
v  15.6228 -3.4837 20.5510
v  15.6104 -3.4950 20.5633
v  15.6190 -3.6783 20.3406
v  15.6015 -3.6852 20.3496
v  15.5892 -3.6965 20.3619
v  15.6234 -3.7189 20.2802
v  15.6114 -3.7242 20.2790
v  15.6005 -3.7318 20.2783
v  15.6257 -3.7409 20.2233
v  15.6191 -3.7422 20.2243
v  15.6127 -3.7441 20.2253
v  15.6161 -3.7128 20.2967
v  15.5993 -3.7142 20.3129
v  15.5871 -3.7213 20.3314
v  15.6097 -3.4553 23.2547
v  15.6091 -3.4621 23.3088
v  15.6068 -3.4840 23.3554
v  15.5803 -3.7352 23.2547
v  15.5803 -3.7352 21.9764
v  15.6097 -3.4553 20.7138
v  15.6039 -3.5112 20.5794
v  15.5803 -3.7352 20.7107
v  15.6092 -3.4603 20.6735
v  15.6072 -3.4802 20.6195
v  15.5827 -3.7125 20.3782
v  15.5803 -3.7352 20.3782
v  15.5803 -3.7352 20.3526
v  16.5368 -3.2458 22.4507
v  16.5368 -3.2476 22.4577
v  16.5368 -3.2496 22.4377
v  16.5368 -3.2545 22.4300
v  16.5368 -3.2695 22.4145
v  16.5368 -3.2810 22.3956
v  16.5368 -3.2721 22.5024
v  16.5368 -3.2756 22.5067
v  16.5368 -3.2810 22.5096
v  16.5368 -3.2871 22.5101
v  16.5368 -3.2924 22.5083
v  16.5368 -3.3100 22.4987
v  16.5368 -3.3187 22.4916
v  16.5368 -3.3244 22.4809
v  16.5368 -3.3253 22.4687
v  16.5368 -3.3219 22.4580
v  16.5368 -3.3063 22.4295
v  16.5368 -3.3026 22.4164
v  16.5368 -3.2881 22.3747
v  16.5368 -3.3051 22.4031
v  16.5368 -3.3129 22.3787
v  16.5368 -3.2905 22.3533
v  16.5368 -3.3155 22.3533
v  16.3095 -3.2458 22.4507
v  16.3095 -3.2476 22.4577
v  16.3095 -3.2496 22.4377
v  16.3095 -3.2545 22.4300
v  16.3095 -3.2695 22.4145
v  16.3095 -3.2810 22.3956
v  16.3095 -3.2721 22.5024
v  16.3095 -3.2756 22.5067
v  16.3095 -3.2810 22.5096
v  16.3095 -3.2871 22.5101
v  16.3095 -3.2924 22.5083
v  16.3095 -3.3100 22.4987
v  16.3095 -3.3187 22.4916
v  16.3095 -3.3244 22.4809
v  16.3095 -3.3253 22.4687
v  16.3095 -3.3219 22.4580
v  16.3095 -3.3063 22.4295
v  16.3095 -3.3026 22.4164
v  16.3095 -3.2881 22.3747
v  16.3095 -3.3051 22.4031
v  16.3095 -3.3129 22.3787
v  16.3095 -3.2905 22.3533
v  16.3095 -3.3155 22.3533
v  16.5368 -3.2476 21.5108
v  16.5368 -3.3063 21.5390
v  16.5368 -3.2458 21.5178
v  16.5368 -3.3051 21.5654
v  16.5368 -3.3129 21.5898
v  16.5368 -3.2881 21.5938
v  16.5368 -3.2810 21.5729
v  16.5368 -3.3155 21.6153
v  16.5368 -3.2905 21.6153
v  16.5368 -3.2496 21.5308
v  16.3095 -3.2496 21.5308
v  16.3095 -3.2458 21.5178
v  16.3095 -3.2476 21.5108
v  16.5368 -3.2721 21.4661
v  16.3095 -3.2721 21.4661
v  16.5368 -3.2545 21.5385
v  16.3095 -3.2545 21.5385
v  16.5368 -3.2695 21.5540
v  16.3095 -3.2695 21.5540
v  16.3095 -3.2810 21.5729
v  16.5368 -3.2756 21.4618
v  16.3095 -3.2756 21.4618
v  16.5368 -3.2810 21.4589
v  16.3095 -3.2810 21.4589
v  16.5368 -3.2871 21.4584
v  16.3095 -3.2871 21.4584
v  16.5368 -3.2924 21.4602
v  16.3095 -3.2924 21.4602
v  16.5368 -3.3100 21.4698
v  16.3095 -3.3100 21.4698
v  16.5368 -3.3187 21.4769
v  16.3095 -3.3187 21.4769
v  16.5368 -3.3244 21.4876
v  16.3095 -3.3244 21.4876
v  16.5368 -3.3253 21.4998
v  16.3095 -3.3253 21.4998
v  16.5368 -3.3219 21.5105
v  16.3095 -3.3219 21.5105
v  16.3095 -3.3063 21.5390
v  16.5368 -3.3026 21.5521
v  16.3095 -3.3026 21.5521
v  16.3095 -3.3051 21.5654
v  16.3095 -3.2881 21.5938
v  16.3095 -3.3129 21.5898
v  16.3095 -3.3155 21.6153
v  16.3095 -3.2905 21.6153
v  16.7499 -3.3066 23.1092
v  16.7499 -3.4016 23.1092
v  16.8099 -3.3066 23.0492
v  16.8099 -3.4016 23.0492
v  16.7906 -3.3066 23.0932
v  16.7909 -3.4016 23.0930
v  16.7499 -3.2766 23.0793
v  16.7799 -3.2766 23.0492
v  16.7733 -3.2767 23.0710
v  15.9949 -3.3066 23.1092
v  15.9949 -3.4016 23.1092
v  15.9903 -3.4016 23.0555
v  15.9541 -3.3066 23.0932
v  15.9349 -3.4016 23.0492
v  15.9349 -3.3066 23.0492
v  15.9649 -3.2766 23.0492
v  15.9715 -3.2767 23.0710
v  15.9949 -3.2766 23.0793
v  16.7499 -3.3066 22.6092
v  16.7499 -3.4016 22.6092
v  16.7907 -3.4016 22.6253
v  16.7906 -3.3066 22.6253
v  16.8099 -3.4016 22.6693
v  16.8099 -3.3066 22.6693
v  16.7799 -3.2766 22.6693
v  16.7733 -3.2767 22.6475
v  16.7499 -3.2766 22.6392
v  15.9949 -3.3066 22.6092
v  15.9541 -3.3066 22.6253
v  15.9541 -3.4016 22.6253
v  15.9890 -3.4016 22.6093
v  15.9349 -3.3066 22.6693
v  15.9349 -3.4016 22.6693
v  15.9715 -3.2767 22.6475
v  15.9649 -3.2766 22.6693
v  15.9949 -3.2766 22.6392
v  16.7498 -3.2852 23.0997
v  16.8011 -3.2856 23.0488
v  16.7867 -3.2858 23.0854
v  15.9437 -3.2852 23.0491
v  15.9580 -3.2858 23.0854
v  15.9932 -3.2842 23.0990
v  16.7995 -3.2842 22.6696
v  16.7867 -3.2858 22.6331
v  16.7503 -3.2847 22.6184
v  15.9580 -3.2858 22.6331
v  15.9443 -3.2854 22.6696
v  15.9948 -3.2854 22.6189
v  15.9949 -3.2766 23.0492
v  15.9949 -3.2766 22.6693
v  16.7499 -3.2766 23.0492
v  16.7499 -3.2766 22.6693
v  16.7499 -3.3066 21.3593
v  16.7499 -3.4016 21.3593
v  16.8099 -3.3066 21.2992
v  16.8099 -3.4016 21.2993
v  16.7906 -3.3066 21.3432
v  16.7909 -3.4016 21.3430
v  16.7499 -3.2766 21.3293
v  16.7799 -3.2766 21.2992
v  16.7733 -3.2767 21.3210
v  15.9949 -3.3066 21.3593
v  15.9949 -3.4016 21.3593
v  15.9903 -3.4016 21.3055
v  15.9541 -3.3066 21.3432
v  15.9349 -3.4016 21.2992
v  15.9349 -3.3066 21.2992
v  15.9649 -3.2766 21.2992
v  15.9715 -3.2767 21.3210
v  15.9949 -3.2766 21.3293
v  16.7499 -3.3066 20.8593
v  16.7499 -3.4016 20.8593
v  16.7907 -3.4016 20.8753
v  16.7906 -3.3066 20.8753
v  16.8099 -3.4016 20.9193
v  16.8099 -3.3066 20.9193
v  16.7799 -3.2766 20.9193
v  16.7733 -3.2767 20.8975
v  16.7499 -3.2766 20.8893
v  15.9949 -3.3066 20.8593
v  15.9541 -3.3066 20.8753
v  15.9541 -3.4016 20.8753
v  15.9890 -3.4016 20.8593
v  15.9349 -3.3066 20.9193
v  15.9349 -3.4016 20.9193
v  15.9715 -3.2767 20.8975
v  15.9649 -3.2766 20.9193
v  15.9949 -3.2766 20.8893
v  16.7498 -3.2852 21.3497
v  16.8011 -3.2856 21.2988
v  16.7867 -3.2858 21.3354
v  15.9437 -3.2852 21.2991
v  15.9580 -3.2858 21.3354
v  15.9932 -3.2842 21.3490
v  16.7995 -3.2842 20.9196
v  16.7867 -3.2858 20.8831
v  16.7503 -3.2847 20.8684
v  15.9580 -3.2858 20.8831
v  15.9443 -3.2854 20.9196
v  15.9948 -3.2854 20.8689
v  15.9949 -3.2766 21.2992
v  15.9949 -3.2766 20.9193
v  16.7499 -3.2766 21.2992
v  16.7499 -3.2766 20.9193
v  17.1073 -3.4016 5.2704
v  17.1073 -3.4011 4.0000
v  15.6694 -3.4016 4.0000
v  15.6694 -3.4016 5.2705
v  15.6678 -3.4114 5.3356
v  15.6659 -3.4357 5.3943
v  17.1075 -3.4347 5.3944
v  17.1075 -3.4100 5.3339
v  15.6636 -3.4748 5.4472
v  17.1073 -3.4735 5.4458
v  15.6423 -3.6768 5.6492
v  17.1073 -3.6751 5.6475
v  15.6366 -3.7159 5.7023
v  15.6327 -3.7406 5.7615
v  17.1074 -3.7409 5.7601
v  17.1074 -3.7150 5.6990
v  15.6329 -3.7500 5.8272
v  17.1073 -3.7500 5.8248
v  17.1073 -3.4016 2.7296
v  15.6694 -3.4016 2.7295
v  15.6678 -3.4114 2.6644
v  17.1075 -3.4100 2.6661
v  17.1075 -3.4347 2.6056
v  15.6659 -3.4357 2.6057
v  17.1073 -3.4735 2.5542
v  15.6635 -3.4748 2.5528
v  17.1073 -3.6751 2.3525
v  15.6423 -3.6765 2.3511
v  15.6367 -3.7159 2.2978
v  17.1074 -3.7150 2.3010
v  17.1074 -3.7409 2.2399
v  15.6327 -3.7405 2.2385
v  17.1073 -3.7500 2.1752
v  15.6328 -3.7500 2.1740
v  15.6466 -3.4063 5.2710
v  15.6293 -3.4170 5.2711
v  15.6288 -3.4262 5.3327
v  15.6460 -3.4161 5.3348
v  15.6264 -3.4497 5.3880
v  15.6438 -3.4402 5.3926
v  15.6253 -3.4825 5.4345
v  15.6418 -3.4763 5.4428
v  15.6464 -3.4063 3.9981
v  15.6291 -3.4173 3.9961
v  15.6012 -3.6864 5.6356
v  15.6192 -3.6792 5.6445
v  15.5993 -3.7142 5.6715
v  15.6160 -3.7131 5.6879
v  15.6105 -3.7381 5.7349
v  15.6203 -3.7385 5.7480
v  15.6466 -3.4062 2.7291
v  15.6295 -3.4171 2.7289
v  15.6437 -3.4394 2.6091
v  15.6264 -3.4481 2.6153
v  15.6284 -3.4249 2.6743
v  15.6456 -3.4153 2.6686
v  15.6403 -3.4768 2.5578
v  15.6228 -3.4837 2.5667
v  15.6190 -3.6783 2.3563
v  15.6015 -3.6852 2.3653
v  15.6257 -3.7409 2.2391
v  15.6191 -3.7422 2.2400
v  15.6114 -3.7242 2.2947
v  15.6234 -3.7189 2.2960
v  15.6161 -3.7128 2.3125
v  15.5993 -3.7142 2.3287
v  15.6168 -3.4331 5.2710
v  15.6097 -3.4553 5.2705
v  15.6091 -3.4621 5.3246
v  15.6165 -3.4416 5.3294
v  15.6068 -3.4840 5.3712
v  15.6140 -3.4641 5.3809
v  15.6039 -3.5109 5.4048
v  15.6126 -3.4922 5.4236
v  15.6165 -3.4335 3.9941
v  15.6097 -3.4557 3.9922
v  15.5827 -3.7129 5.6068
v  15.5890 -3.6976 5.6232
v  15.5803 -3.7352 5.6307
v  15.5870 -3.7207 5.6526
v  15.5911 -3.7426 5.7068
v  15.6002 -3.7389 5.7211
v  15.6170 -3.4331 2.7291
v  15.6097 -3.4553 2.7295
v  15.6142 -3.4616 2.6241
v  15.6072 -3.4802 2.6352
v  15.6092 -3.4603 2.6893
v  15.6161 -3.4397 2.6812
v  15.6104 -3.4950 2.5790
v  15.6039 -3.5112 2.5952
v  15.5892 -3.6965 2.3777
v  15.5827 -3.7125 2.3939
v  15.6127 -3.7441 2.2411
v  15.6067 -3.7474 2.2423
v  15.5911 -3.7424 2.2938
v  15.6005 -3.7318 2.2940
v  15.5871 -3.7213 2.3471
v  15.5803 -3.7352 2.3683
v  15.6184 -3.7492 5.7905
v  15.5803 -3.7352 5.2705
v  15.5803 -3.7352 3.9922
v  15.5803 -3.7352 2.7265
v  15.5803 -3.7352 2.3939
v  16.5368 -3.2476 4.4658
v  16.5368 -3.3063 4.4376
v  16.5368 -3.2458 4.4588
v  16.5368 -3.3051 4.4113
v  16.5368 -3.3129 4.3869
v  16.5368 -3.2881 4.3828
v  16.5368 -3.2810 4.4038
v  16.5368 -3.3155 4.3614
v  16.5368 -3.2905 4.3614
v  16.5368 -3.2496 4.4459
v  16.3095 -3.2496 4.4459
v  16.3095 -3.2458 4.4588
v  16.3095 -3.2476 4.4658
v  16.5368 -3.2721 4.5105
v  16.3095 -3.2721 4.5105
v  16.5368 -3.2545 4.4382
v  16.3095 -3.2545 4.4382
v  16.5368 -3.2695 4.4226
v  16.3095 -3.2695 4.4226
v  16.3095 -3.2810 4.4038
v  16.5368 -3.2756 4.5149
v  16.3095 -3.2756 4.5149
v  16.5368 -3.2810 4.5177
v  16.3095 -3.2810 4.5177
v  16.5368 -3.2871 4.5182
v  16.3095 -3.2871 4.5182
v  16.5368 -3.2924 4.5165
v  16.3095 -3.2924 4.5165
v  16.5368 -3.3100 4.5069
v  16.3095 -3.3100 4.5069
v  16.5368 -3.3187 4.4997
v  16.3095 -3.3187 4.4997
v  16.5368 -3.3244 4.4890
v  16.3095 -3.3244 4.4890
v  16.5368 -3.3253 4.4769
v  16.3095 -3.3253 4.4769
v  16.5368 -3.3219 4.4662
v  16.3095 -3.3219 4.4662
v  16.3095 -3.3063 4.4376
v  16.5368 -3.3026 4.4246
v  16.3095 -3.3026 4.4246
v  16.3095 -3.3051 4.4113
v  16.3095 -3.2881 4.3828
v  16.3095 -3.3129 4.3869
v  16.3095 -3.3155 4.3614
v  16.3095 -3.2905 4.3614
v  16.5368 -3.2476 3.5190
v  16.5368 -3.2458 3.5260
v  16.5368 -3.3063 3.5471
v  16.5368 -3.3051 3.5735
v  16.5368 -3.2810 3.5810
v  16.5368 -3.2881 3.6019
v  16.5368 -3.3129 3.5979
v  16.5368 -3.3155 3.6234
v  16.5368 -3.2905 3.6234
v  16.3095 -3.2458 3.5260
v  16.3095 -3.2496 3.5389
v  16.5368 -3.2496 3.5389
v  16.3095 -3.2476 3.5190
v  16.5368 -3.2721 3.4743
v  16.3095 -3.2721 3.4743
v  16.3095 -3.2545 3.5466
v  16.5368 -3.2545 3.5466
v  16.3095 -3.2695 3.5621
v  16.5368 -3.2695 3.5621
v  16.3095 -3.2810 3.5810
v  16.5368 -3.2756 3.4699
v  16.3095 -3.2756 3.4699
v  16.5368 -3.2810 3.4671
v  16.3095 -3.2810 3.4671
v  16.5368 -3.2871 3.4666
v  16.3095 -3.2871 3.4666
v  16.5368 -3.2924 3.4683
v  16.3095 -3.2924 3.4683
v  16.5368 -3.3100 3.4779
v  16.3095 -3.3100 3.4779
v  16.5368 -3.3187 3.4850
v  16.3095 -3.3187 3.4850
v  16.5368 -3.3244 3.4958
v  16.3095 -3.3244 3.4958
v  16.5368 -3.3253 3.5079
v  16.3095 -3.3253 3.5079
v  16.5368 -3.3219 3.5186
v  16.3095 -3.3219 3.5186
v  16.3095 -3.3063 3.5471
v  16.5368 -3.3026 3.5602
v  16.3095 -3.3026 3.5602
v  16.3095 -3.3051 3.5735
v  16.3095 -3.2881 3.6019
v  16.3095 -3.3129 3.5979
v  16.3095 -3.3155 3.6234
v  16.3095 -3.2905 3.6234
v  16.7499 -3.3066 5.1175
v  16.7499 -3.4016 5.1175
v  16.7909 -3.4016 5.1012
v  16.7906 -3.3066 5.1015
v  16.8099 -3.4016 5.0575
v  16.8099 -3.3066 5.0575
v  16.8099 -3.4016 4.6775
v  16.8099 -3.3066 4.6775
v  16.8011 -3.2856 5.0571
v  16.7867 -3.2858 5.0936
v  16.7498 -3.2852 5.1080
v  15.9949 -3.3066 5.1175
v  15.9541 -3.3066 5.1015
v  15.9903 -3.4016 5.0638
v  15.9949 -3.4016 5.1175
v  15.9349 -3.3066 5.0575
v  15.9349 -3.4016 5.0575
v  15.9349 -3.3066 4.6775
v  15.9349 -3.4016 4.6775
v  15.9580 -3.2858 5.0936
v  15.9437 -3.2852 5.0573
v  15.9932 -3.2842 5.1073
v  15.9443 -3.2854 4.6778
v  16.7499 -3.3066 4.6175
v  16.7906 -3.3066 4.6336
v  16.7907 -3.4016 4.6336
v  16.7499 -3.4016 4.6175
v  16.7867 -3.2858 4.6414
v  16.7995 -3.2842 4.6778
v  16.7503 -3.2847 4.6267
v  15.9949 -3.3066 4.6175
v  15.9890 -3.4016 4.6175
v  15.9541 -3.4016 4.6336
v  15.9541 -3.3066 4.6336
v  15.9580 -3.2858 4.6414
v  15.9948 -3.2854 4.6272
v  16.7799 -3.2766 5.0575
v  16.7733 -3.2767 5.0793
v  16.7499 -3.2766 5.0875
v  15.9715 -3.2767 5.0793
v  15.9649 -3.2766 5.0575
v  15.9949 -3.2766 5.0875
v  15.9649 -3.2766 4.6775
v  16.7733 -3.2767 4.6558
v  16.7799 -3.2766 4.6775
v  16.7499 -3.2766 4.6475
v  15.9715 -3.2767 4.6558
v  15.9949 -3.2766 4.6475
v  15.9949 -3.2766 5.0575
v  15.9949 -3.2766 4.6775
v  16.7499 -3.2766 5.0575
v  16.7499 -3.2766 4.6775
v  16.7499 -3.3066 3.3669
v  16.7499 -3.4016 3.3669
v  16.7909 -3.4016 3.3506
v  16.7906 -3.3066 3.3508
v  16.8099 -3.4016 3.3069
v  16.8099 -3.3066 3.3069
v  16.8099 -3.4016 2.9269
v  16.8099 -3.3066 2.9269
v  16.8011 -3.2856 3.3065
v  16.7867 -3.2858 3.3430
v  16.7498 -3.2852 3.3574
v  15.9949 -3.3066 3.3669
v  15.9541 -3.3066 3.3508
v  15.9903 -3.4016 3.3131
v  15.9949 -3.4016 3.3669
v  15.9349 -3.3066 3.3069
v  15.9349 -3.4016 3.3069
v  15.9349 -3.3066 2.9269
v  15.9349 -3.4016 2.9269
v  15.9580 -3.2858 3.3430
v  15.9437 -3.2852 3.3067
v  15.9932 -3.2842 3.3566
v  15.9443 -3.2854 2.9272
v  16.7499 -3.3066 2.8669
v  16.7906 -3.3066 2.8829
v  16.7907 -3.4016 2.8830
v  16.7499 -3.4016 2.8669
v  16.7867 -3.2858 2.8908
v  16.7995 -3.2842 2.9272
v  16.7503 -3.2847 2.8760
v  15.9949 -3.3066 2.8669
v  15.9890 -3.4016 2.8669
v  15.9541 -3.4016 2.8830
v  15.9541 -3.3066 2.8829
v  15.9580 -3.2858 2.8908
v  15.9948 -3.2854 2.8765
v  16.7799 -3.2766 3.3069
v  16.7733 -3.2767 3.3286
v  16.7499 -3.2766 3.3369
v  15.9715 -3.2767 3.3286
v  15.9649 -3.2766 3.3069
v  15.9949 -3.2766 3.3369
v  15.9649 -3.2766 2.9269
v  16.7733 -3.2767 2.9051
v  16.7799 -3.2766 2.9269
v  16.7499 -3.2766 2.8969
v  15.9715 -3.2767 2.9051
v  15.9949 -3.2766 2.8969
v  15.9949 -3.2766 3.3069
v  15.9949 -3.2766 2.9269
v  16.7499 -3.2766 3.3069
v  16.7499 -3.2766 2.9269
v  -1.8964 -3.6272 25.4201
v  -1.8964 -3.6272 25.6901
v  -2.0315 -3.6272 25.6901
v  -1.8967 -3.6305 25.6995
v  -2.0315 -3.6304 25.6993
v  -1.8965 -3.6301 25.4113
v  -1.8876 -3.6302 25.4201
v  -1.8874 -3.6303 25.6902
v  -1.8900 -3.6323 25.6993
v  -1.8902 -3.6301 25.4139
v  -2.0315 -3.7318 25.7264
v  -1.8763 -3.7197 25.7249
v  -1.8661 -3.7182 25.7201
v  -1.8752 -3.7318 25.7264
v  -1.8642 -3.7318 25.7215
v  -1.8617 -3.7197 25.3999
v  -1.8617 -3.7197 25.7103
v  -1.8602 -3.7318 25.7114
v  -1.8762 -3.7197 25.3853
v  -1.8663 -3.7182 25.3899
v  -1.8752 -3.7318 25.3839
v  -1.8602 -3.7319 25.3988
v  -1.8644 -3.7317 25.3885
v  -2.0315 -3.7197 25.7249
v  -1.8819 -3.6386 25.6901
v  -1.8804 -3.6445 25.6915
v  -1.8819 -3.6386 25.4201
v  -1.8805 -3.6443 25.4191
v  -1.8964 -3.6386 25.4056
v  -1.8954 -3.6443 25.4041
v  -1.8865 -3.6371 25.4102
v  -1.8851 -3.6428 25.4088
v  -1.8965 -3.6386 25.7047
v  -1.8950 -3.6443 25.7061
v  -1.8862 -3.6374 25.6999
v  -1.8846 -3.6441 25.7016
v  -2.0315 -3.6386 25.7047
v  -2.0315 -3.7650 25.7264
v  -2.0315 -3.7650 25.7204
v  -1.8752 -3.7650 25.7264
v  -1.8751 -3.7590 25.7264
v  -1.8764 -3.7650 25.7204
v  -1.8642 -3.7650 25.7215
v  -1.8642 -3.7590 25.7215
v  -1.8689 -3.7650 25.7170
v  -1.8602 -3.7649 25.7114
v  -1.8602 -3.7590 25.7114
v  -1.8662 -3.7650 25.7102
v  -1.8604 -3.7650 25.3989
v  -1.8602 -3.7590 25.3989
v  -1.8664 -3.7650 25.4000
v  -1.8644 -3.7647 25.3885
v  -1.8644 -3.7588 25.3885
v  -1.8690 -3.7650 25.3930
v  -1.8747 -3.7650 25.3842
v  -1.8747 -3.7590 25.3839
v  -1.8759 -3.7650 25.3902
v  -1.8964 -3.6272 25.4261
v  -1.8771 -3.7650 25.3962
v  -1.8730 -3.7650 25.4010
v  -1.8702 -3.7650 25.4068
v  -1.8602 -3.7646 25.4049
v  -1.8602 -3.7590 25.4049
v  -1.8602 -3.7318 25.4048
v  -1.8615 -3.7197 25.4058
v  -1.8802 -3.6455 25.4249
v  -1.8818 -3.6386 25.4261
v  -1.8876 -3.6302 25.4261
v  -1.8964 -3.6272 25.6841
v  -1.8874 -3.6303 25.6844
v  -1.8821 -3.6387 25.6836
v  -1.8802 -3.6455 25.6853
v  -1.8615 -3.7206 25.7044
v  -1.8602 -3.7320 25.7054
v  -1.8602 -3.7590 25.7054
v  -1.8602 -3.7650 25.7054
v  -1.8633 -3.7650 25.7017
v  -1.8821 -3.7198 25.7249
v  -1.9013 -3.6455 25.7064
v  -2.0315 -3.6444 25.7061
v  -1.8812 -3.7590 25.7264
v  -1.8810 -3.7320 25.7264
v  -1.8822 -3.7196 25.3851
v  -1.8812 -3.7317 25.3839
v  -1.9015 -3.6444 25.4041
v  -1.9024 -3.6272 25.4261
v  -1.9019 -3.6386 25.4056
v  -1.9019 -3.6301 25.4112
v  -1.9025 -3.6272 25.4201
v  -1.9024 -3.6272 25.6841
v  -1.9022 -3.6272 25.6901
v  -1.9023 -3.6305 25.6995
v  -1.9023 -3.6386 25.7047
v  -1.8812 -3.7650 25.7264
v  -1.8823 -3.7650 25.7204
v  -1.8807 -3.7591 25.3839
v  -1.8808 -3.7650 25.3842
v  -1.8819 -3.7650 25.3902
v  -1.8831 -3.7650 25.3962
v  -2.1605 -3.6272 25.4261
v  -2.0315 -3.6272 25.4261
v  -2.0315 -3.6272 25.6841
v  -2.1605 -3.6272 25.6841
v  -2.1607 -3.6272 25.6901
v  -2.1606 -3.6305 25.6995
v  -2.1665 -3.6272 25.4261
v  -2.1666 -3.6272 25.6841
v  -2.1756 -3.6303 25.6844
v  -2.1754 -3.6301 25.4261
v  -2.1664 -3.6301 25.4113
v  -2.1728 -3.6301 25.4138
v  -2.1765 -3.6371 25.4101
v  -2.1665 -3.6386 25.4056
v  -2.1604 -3.6272 25.4201
v  -2.1665 -3.6272 25.4201
v  -2.1610 -3.6301 25.4112
v  -2.1606 -3.6386 25.7047
v  -2.1665 -3.6386 25.7047
v  -2.1666 -3.6305 25.6994
v  -2.1767 -3.6372 25.6999
v  -2.1811 -3.6386 25.6901
v  -2.1756 -3.6303 25.6900
v  -2.1729 -3.6323 25.6993
v  -2.1811 -3.6386 25.6841
v  -2.1811 -3.6386 25.4261
v  -2.1610 -3.6386 25.4056
v  -2.1665 -3.6272 25.6901
v  -2.1754 -3.6301 25.4201
v  -2.1811 -3.6386 25.4201
v  -2.1617 -3.6455 25.7064
v  -2.1805 -3.7197 25.7249
v  -2.1820 -3.7318 25.7264
v  -2.0315 -3.7590 25.7264
v  -2.1818 -3.7590 25.7264
v  -2.1781 -3.6428 25.7013
v  -2.1675 -3.6443 25.7061
v  -2.1867 -3.7197 25.7249
v  -2.1969 -3.7182 25.7201
v  -2.1825 -3.6443 25.6916
v  -2.2013 -3.7197 25.7103
v  -2.1878 -3.7318 25.7264
v  -2.1988 -3.7317 25.7215
v  -2.2028 -3.7318 25.7114
v  -2.1878 -3.7590 25.7264
v  -2.1988 -3.7590 25.7215
v  -2.2028 -3.7590 25.7114
v  -2.1827 -3.6450 25.4249
v  -2.1828 -3.6455 25.6853
v  -2.2015 -3.7196 25.7044
v  -2.2013 -3.7197 25.4058
v  -2.2028 -3.7320 25.7054
v  -2.2028 -3.7317 25.4048
v  -2.2028 -3.7590 25.7054
v  -2.2028 -3.7590 25.4049
v  -2.1779 -3.6428 25.4087
v  -2.1825 -3.6443 25.4187
v  -2.2013 -3.7197 25.3999
v  -2.1967 -3.7182 25.3899
v  -2.1679 -3.6443 25.4041
v  -2.1867 -3.7197 25.3853
v  -2.2028 -3.7319 25.3988
v  -2.1986 -3.7317 25.3885
v  -2.1878 -3.7318 25.3839
v  -2.2028 -3.7590 25.3989
v  -2.1986 -3.7588 25.3885
v  -2.1882 -3.7590 25.3839
v  -2.1615 -3.6444 25.4041
v  -2.1808 -3.7197 25.3851
v  -2.0315 -3.7197 25.3853
v  -2.0315 -3.6444 25.4041
v  -2.1818 -3.7317 25.3839
v  -2.0315 -3.7318 25.3839
v  -2.1822 -3.7591 25.3839
v  -2.0315 -3.7590 25.3839
v  -2.1874 -3.7650 25.7204
v  -2.1818 -3.7650 25.7204
v  -2.0315 -3.7650 25.5511
v  -2.1941 -3.7650 25.7170
v  -2.1968 -3.7650 25.7102
v  -2.1928 -3.7650 25.4068
v  -2.1978 -3.7650 25.7047
v  -2.1892 -3.7650 25.3996
v  -2.1848 -3.7650 25.3962
v  -2.0315 -3.7650 25.3962
v  -2.1797 -3.7650 25.3962
v  -2.1878 -3.7650 25.7264
v  -2.1987 -3.7650 25.7215
v  -2.2028 -3.7650 25.7114
v  -2.2028 -3.7650 25.7054
v  -2.2028 -3.7647 25.4049
v  -2.2026 -3.7650 25.3989
v  -2.1986 -3.7648 25.3885
v  -2.1882 -3.7650 25.3842
v  -2.1818 -3.7650 25.7264
v  -2.1966 -3.7650 25.4000
v  -2.1939 -3.7650 25.3930
v  -2.1870 -3.7650 25.3902
v  -2.1806 -3.7650 25.3902
v  -2.0315 -3.7650 25.3902
v  -2.0315 -3.7650 25.3842
v  -2.1821 -3.7650 25.3842
v  -2.0315 -3.6386 25.4056
v  -2.0315 -3.6304 25.4109
v  -2.0315 -3.6272 25.4201
v  -1.8964 -3.6272 0.2940
v  -1.8964 -3.6272 0.5640
v  -2.0315 -3.6272 0.5640
v  -1.8967 -3.6305 0.5734
v  -2.0315 -3.6304 0.5733
v  -1.8965 -3.6301 0.2852
v  -1.8876 -3.6302 0.2941
v  -1.8874 -3.6303 0.5641
v  -1.8900 -3.6323 0.5732
v  -1.8902 -3.6301 0.2878
v  -2.0315 -3.7318 0.6003
v  -1.8763 -3.7197 0.5988
v  -1.8661 -3.7182 0.5940
v  -1.8752 -3.7318 0.6003
v  -1.8642 -3.7318 0.5954
v  -1.8617 -3.7197 0.2738
v  -1.8617 -3.7197 0.5842
v  -1.8602 -3.7318 0.5853
v  -1.8762 -3.7197 0.2593
v  -1.8663 -3.7182 0.2639
v  -1.8752 -3.7318 0.2578
v  -1.8602 -3.7319 0.2728
v  -1.8644 -3.7317 0.2624
v  -2.0315 -3.7197 0.5988
v  -1.8819 -3.6386 0.5640
v  -1.8804 -3.6445 0.5654
v  -1.8819 -3.6386 0.2940
v  -1.8805 -3.6443 0.2930
v  -1.8964 -3.6386 0.2795
v  -1.8954 -3.6443 0.2780
v  -1.8865 -3.6371 0.2841
v  -1.8851 -3.6428 0.2827
v  -1.8965 -3.6386 0.5786
v  -1.8950 -3.6443 0.5800
v  -1.8862 -3.6374 0.5738
v  -1.8846 -3.6441 0.5755
v  -2.0315 -3.6386 0.5786
v  -2.0315 -3.7650 0.6003
v  -2.0315 -3.7650 0.5943
v  -1.8752 -3.7650 0.6003
v  -1.8751 -3.7590 0.6003
v  -1.8764 -3.7650 0.5943
v  -1.8642 -3.7650 0.5954
v  -1.8642 -3.7590 0.5954
v  -1.8689 -3.7650 0.5909
v  -1.8602 -3.7649 0.5853
v  -1.8602 -3.7590 0.5853
v  -1.8662 -3.7650 0.5841
v  -1.8604 -3.7650 0.2728
v  -1.8602 -3.7590 0.2728
v  -1.8664 -3.7650 0.2739
v  -1.8644 -3.7647 0.2624
v  -1.8644 -3.7588 0.2624
v  -1.8690 -3.7650 0.2670
v  -1.8747 -3.7650 0.2581
v  -1.8747 -3.7590 0.2578
v  -1.8759 -3.7650 0.2641
v  -1.8964 -3.6272 0.3000
v  -1.8771 -3.7650 0.2701
v  -1.8730 -3.7650 0.2749
v  -1.8702 -3.7650 0.2807
v  -1.8602 -3.7646 0.2788
v  -1.8602 -3.7590 0.2788
v  -1.8602 -3.7318 0.2787
v  -1.8615 -3.7197 0.2798
v  -1.8802 -3.6455 0.2988
v  -1.8818 -3.6386 0.3000
v  -1.8876 -3.6302 0.3001
v  -1.8964 -3.6272 0.5580
v  -1.8874 -3.6303 0.5583
v  -1.8821 -3.6387 0.5575
v  -1.8802 -3.6455 0.5592
v  -1.8615 -3.7206 0.5783
v  -1.8602 -3.7320 0.5793
v  -1.8602 -3.7590 0.5793
v  -1.8602 -3.7650 0.5793
v  -1.8633 -3.7650 0.5756
v  -1.8821 -3.7198 0.5988
v  -1.9013 -3.6455 0.5803
v  -2.0315 -3.6444 0.5801
v  -1.8812 -3.7590 0.6003
v  -1.8810 -3.7320 0.6003
v  -1.8822 -3.7196 0.2590
v  -1.8812 -3.7317 0.2578
v  -1.9015 -3.6444 0.2780
v  -1.9024 -3.6272 0.3000
v  -1.9019 -3.6386 0.2795
v  -1.9019 -3.6301 0.2852
v  -1.9025 -3.6272 0.2940
v  -1.9024 -3.6272 0.5580
v  -1.9022 -3.6272 0.5640
v  -1.9023 -3.6305 0.5734
v  -1.9023 -3.6386 0.5786
v  -1.8812 -3.7650 0.6003
v  -1.8823 -3.7650 0.5943
v  -1.8807 -3.7591 0.2578
v  -1.8808 -3.7650 0.2581
v  -1.8819 -3.7650 0.2641
v  -1.8831 -3.7650 0.2701
v  -2.1605 -3.6272 0.3000
v  -2.0315 -3.6272 0.3000
v  -2.0315 -3.6272 0.5580
v  -2.1605 -3.6272 0.5580
v  -2.1607 -3.6272 0.5640
v  -2.1606 -3.6305 0.5734
v  -2.1665 -3.6272 0.3000
v  -2.1666 -3.6272 0.5580
v  -2.1756 -3.6303 0.5583
v  -2.1754 -3.6301 0.3001
v  -2.1664 -3.6301 0.2852
v  -2.1728 -3.6301 0.2878
v  -2.1765 -3.6371 0.2841
v  -2.1665 -3.6386 0.2795
v  -2.1604 -3.6272 0.2940
v  -2.1665 -3.6272 0.2940
v  -2.1610 -3.6301 0.2852
v  -2.1606 -3.6386 0.5786
v  -2.1665 -3.6386 0.5786
v  -2.1666 -3.6305 0.5734
v  -2.1767 -3.6372 0.5738
v  -2.1811 -3.6386 0.5640
v  -2.1756 -3.6303 0.5639
v  -2.1729 -3.6323 0.5732
v  -2.1811 -3.6386 0.5580
v  -2.1811 -3.6386 0.3000
v  -2.1610 -3.6386 0.2795
v  -2.1665 -3.6272 0.5640
v  -2.1754 -3.6301 0.2941
v  -2.1811 -3.6386 0.2940
v  -2.1617 -3.6455 0.5803
v  -2.1805 -3.7197 0.5988
v  -2.1820 -3.7318 0.6003
v  -2.0315 -3.7590 0.6003
v  -2.1818 -3.7590 0.6003
v  -2.1781 -3.6428 0.5752
v  -2.1675 -3.6443 0.5800
v  -2.1867 -3.7197 0.5988
v  -2.1969 -3.7182 0.5940
v  -2.1825 -3.6443 0.5655
v  -2.2013 -3.7197 0.5843
v  -2.1878 -3.7318 0.6003
v  -2.1988 -3.7317 0.5955
v  -2.2028 -3.7318 0.5853
v  -2.1878 -3.7590 0.6003
v  -2.1988 -3.7590 0.5955
v  -2.2028 -3.7590 0.5853
v  -2.1827 -3.6450 0.2988
v  -2.1828 -3.6455 0.5592
v  -2.2015 -3.7196 0.5783
v  -2.2013 -3.7197 0.2798
v  -2.2028 -3.7320 0.5793
v  -2.2028 -3.7317 0.2787
v  -2.2028 -3.7590 0.5793
v  -2.2028 -3.7590 0.2788
v  -2.1779 -3.6428 0.2826
v  -2.1825 -3.6443 0.2926
v  -2.2013 -3.7197 0.2738
v  -2.1967 -3.7182 0.2638
v  -2.1679 -3.6443 0.2780
v  -2.1867 -3.7197 0.2593
v  -2.2028 -3.7319 0.2727
v  -2.1986 -3.7317 0.2624
v  -2.1878 -3.7318 0.2578
v  -2.2028 -3.7590 0.2728
v  -2.1986 -3.7588 0.2624
v  -2.1882 -3.7590 0.2578
v  -2.1615 -3.6444 0.2780
v  -2.1808 -3.7197 0.2590
v  -2.0315 -3.7197 0.2593
v  -2.0315 -3.6444 0.2780
v  -2.1818 -3.7317 0.2578
v  -2.0315 -3.7318 0.2578
v  -2.1822 -3.7591 0.2578
v  -2.0315 -3.7590 0.2578
v  -2.1874 -3.7650 0.5943
v  -2.1818 -3.7650 0.5943
v  -2.0315 -3.7650 0.4250
v  -2.1941 -3.7650 0.5909
v  -2.1968 -3.7650 0.5841
v  -2.1928 -3.7650 0.2807
v  -2.1978 -3.7650 0.5786
v  -2.1892 -3.7650 0.2735
v  -2.1848 -3.7650 0.2701
v  -2.0315 -3.7650 0.2701
v  -2.1797 -3.7650 0.2701
v  -2.1878 -3.7650 0.6003
v  -2.1987 -3.7650 0.5954
v  -2.2028 -3.7650 0.5853
v  -2.2028 -3.7650 0.5793
v  -2.2028 -3.7647 0.2788
v  -2.2026 -3.7650 0.2728
v  -2.1986 -3.7648 0.2624
v  -2.1882 -3.7650 0.2581
v  -2.1818 -3.7650 0.6003
v  -2.1966 -3.7650 0.2739
v  -2.1939 -3.7650 0.2670
v  -2.1870 -3.7650 0.2641
v  -2.1806 -3.7650 0.2641
v  -2.0315 -3.7650 0.2641
v  -2.0315 -3.7650 0.2581
v  -2.1821 -3.7650 0.2581
v  -2.0315 -3.6386 0.2795
v  -2.0315 -3.6304 0.2848
v  -2.0315 -3.6272 0.2940
v  -2.2543 -3.8898 25.7874
v  -2.2543 -3.9134 25.7874
v  15.5409 -3.8898 25.7874
v  15.5409 -3.9134 25.7874
v  -2.2543 -3.8898 0.1969
v  -2.2543 -3.9134 0.1969
v  15.5409 -3.8898 0.1969
v  15.5409 -3.9134 0.1969
v  -3.1036 -3.6272 0.5641
v  -3.1036 -3.6272 0.2941
v  -2.9685 -3.6272 0.2941
v  -3.1033 -3.6305 0.2848
v  -2.9685 -3.6304 0.2849
v  -3.1035 -3.6301 0.5730
v  -3.1124 -3.6302 0.5641
v  -3.1126 -3.6303 0.2940
v  -3.1100 -3.6323 0.2849
v  -3.1098 -3.6301 0.5704
v  -2.9685 -3.7318 0.2579
v  -3.1237 -3.7197 0.2594
v  -3.1339 -3.7182 0.2642
v  -3.1248 -3.7318 0.2579
v  -3.1358 -3.7317 0.2627
v  -3.1383 -3.7197 0.5843
v  -3.1383 -3.7197 0.2739
v  -3.1398 -3.7318 0.2729
v  -3.1238 -3.7197 0.5989
v  -3.1337 -3.7182 0.5943
v  -3.1248 -3.7318 0.6004
v  -3.1398 -3.7319 0.5854
v  -3.1356 -3.7317 0.5957
v  -2.9685 -3.7197 0.2594
v  -3.1181 -3.6386 0.2941
v  -3.1196 -3.6445 0.2927
v  -3.1181 -3.6386 0.5641
v  -3.1195 -3.6443 0.5652
v  -3.1036 -3.6386 0.5787
v  -3.1046 -3.6443 0.5801
v  -3.1135 -3.6371 0.5741
v  -3.1149 -3.6428 0.5755
v  -3.1035 -3.6386 0.2796
v  -3.1050 -3.6443 0.2781
v  -3.1138 -3.6374 0.2843
v  -3.1154 -3.6441 0.2826
v  -2.9685 -3.6386 0.2796
v  -2.9685 -3.7650 0.2579
v  -2.9685 -3.7650 0.2639
v  -3.1248 -3.7650 0.2579
v  -3.1249 -3.7590 0.2579
v  -3.1236 -3.7650 0.2639
v  -3.1358 -3.7650 0.2627
v  -3.1358 -3.7590 0.2627
v  -3.1311 -3.7650 0.2672
v  -3.1398 -3.7649 0.2729
v  -3.1398 -3.7590 0.2729
v  -3.1338 -3.7650 0.2740
v  -3.1396 -3.7650 0.5854
v  -3.1398 -3.7590 0.5854
v  -3.1336 -3.7650 0.5842
v  -3.1356 -3.7647 0.5957
v  -3.1356 -3.7588 0.5957
v  -3.1310 -3.7650 0.5912
v  -3.1253 -3.7650 0.6000
v  -3.1253 -3.7590 0.6004
v  -3.1241 -3.7650 0.5940
v  -3.1036 -3.6272 0.5581
v  -3.1229 -3.7650 0.5880
v  -3.1270 -3.7650 0.5832
v  -3.1298 -3.7650 0.5774
v  -3.1398 -3.7646 0.5793
v  -3.1398 -3.7590 0.5794
v  -3.1398 -3.7318 0.5794
v  -3.1385 -3.7197 0.5784
v  -3.1198 -3.6455 0.5593
v  -3.1182 -3.6386 0.5581
v  -3.1124 -3.6302 0.5581
v  -3.1036 -3.6272 0.3001
v  -3.1126 -3.6303 0.2999
v  -3.1179 -3.6387 0.3007
v  -3.1198 -3.6455 0.2990
v  -3.1385 -3.7206 0.2799
v  -3.1398 -3.7320 0.2789
v  -3.1398 -3.7590 0.2789
v  -3.1398 -3.7650 0.2789
v  -3.1367 -3.7650 0.2825
v  -3.1179 -3.7198 0.2593
v  -3.0987 -3.6455 0.2778
v  -2.9685 -3.6444 0.2781
v  -3.1188 -3.7590 0.2579
v  -3.1190 -3.7320 0.2579
v  -3.1178 -3.7196 0.5991
v  -3.1188 -3.7317 0.6004
v  -3.0986 -3.6444 0.5801
v  -3.0976 -3.6272 0.5581
v  -3.0981 -3.6386 0.5787
v  -3.0981 -3.6301 0.5730
v  -3.0975 -3.6272 0.5641
v  -3.0976 -3.6272 0.3001
v  -3.0978 -3.6272 0.2941
v  -3.0977 -3.6305 0.2848
v  -3.0977 -3.6386 0.2796
v  -3.1188 -3.7650 0.2579
v  -3.1177 -3.7650 0.2639
v  -3.1193 -3.7591 0.6004
v  -3.1192 -3.7650 0.6000
v  -3.1181 -3.7650 0.5940
v  -3.1169 -3.7650 0.5880
v  -2.8395 -3.6272 0.5581
v  -2.9685 -3.6272 0.5581
v  -2.9685 -3.6272 0.3001
v  -2.8395 -3.6272 0.3001
v  -2.8393 -3.6272 0.2941
v  -2.8394 -3.6305 0.2848
v  -2.8335 -3.6272 0.5581
v  -2.8334 -3.6272 0.3001
v  -2.8244 -3.6303 0.2999
v  -2.8246 -3.6301 0.5581
v  -2.8336 -3.6301 0.5730
v  -2.8272 -3.6301 0.5704
v  -2.8235 -3.6371 0.5741
v  -2.8335 -3.6386 0.5787
v  -2.8396 -3.6272 0.5641
v  -2.8335 -3.6272 0.5641
v  -2.8390 -3.6301 0.5730
v  -2.8394 -3.6386 0.2796
v  -2.8335 -3.6386 0.2796
v  -2.8334 -3.6305 0.2848
v  -2.8233 -3.6372 0.2843
v  -2.8190 -3.6386 0.2941
v  -2.8244 -3.6303 0.2942
v  -2.8271 -3.6323 0.2849
v  -2.8189 -3.6386 0.3001
v  -2.8189 -3.6386 0.5581
v  -2.8390 -3.6386 0.5787
v  -2.8335 -3.6272 0.2941
v  -2.8246 -3.6301 0.5641
v  -2.8189 -3.6386 0.5641
v  -2.8383 -3.6455 0.2778
v  -2.8195 -3.7197 0.2594
v  -2.8180 -3.7318 0.2579
v  -2.9685 -3.7590 0.2579
v  -2.8182 -3.7590 0.2579
v  -2.8219 -3.6428 0.2829
v  -2.8325 -3.6443 0.2781
v  -2.8133 -3.7197 0.2594
v  -2.8031 -3.7182 0.2641
v  -2.8175 -3.6443 0.2927
v  -2.7987 -3.7197 0.2739
v  -2.8122 -3.7318 0.2579
v  -2.8012 -3.7317 0.2627
v  -2.7972 -3.7318 0.2729
v  -2.8122 -3.7590 0.2579
v  -2.8012 -3.7590 0.2627
v  -2.7972 -3.7590 0.2729
v  -2.8173 -3.6450 0.5593
v  -2.8172 -3.6455 0.2990
v  -2.7985 -3.7196 0.2799
v  -2.7987 -3.7197 0.5784
v  -2.7972 -3.7320 0.2789
v  -2.7972 -3.7317 0.5794
v  -2.7972 -3.7590 0.2789
v  -2.7972 -3.7590 0.5794
v  -2.8221 -3.6428 0.5755
v  -2.8175 -3.6443 0.5656
v  -2.7987 -3.7197 0.5844
v  -2.8033 -3.7182 0.5943
v  -2.8321 -3.6443 0.5801
v  -2.8133 -3.7197 0.5989
v  -2.7972 -3.7319 0.5854
v  -2.8014 -3.7317 0.5958
v  -2.8122 -3.7318 0.6004
v  -2.7972 -3.7590 0.5854
v  -2.8014 -3.7588 0.5958
v  -2.8118 -3.7590 0.6004
v  -2.8385 -3.6444 0.5801
v  -2.8192 -3.7197 0.5991
v  -2.9685 -3.7197 0.5989
v  -2.9685 -3.6444 0.5801
v  -2.8182 -3.7317 0.6004
v  -2.9685 -3.7318 0.6004
v  -2.8178 -3.7591 0.6004
v  -2.9685 -3.7590 0.6004
v  -2.8126 -3.7650 0.2639
v  -2.8182 -3.7650 0.2639
v  -2.9685 -3.7650 0.4332
v  -2.8059 -3.7650 0.2672
v  -2.8032 -3.7650 0.2740
v  -2.8072 -3.7650 0.5774
v  -2.8022 -3.7650 0.2796
v  -2.8108 -3.7650 0.5847
v  -2.8152 -3.7650 0.5880
v  -2.9685 -3.7650 0.5880
v  -2.8203 -3.7650 0.5880
v  -2.8122 -3.7650 0.2579
v  -2.8013 -3.7650 0.2627
v  -2.7972 -3.7650 0.2729
v  -2.7972 -3.7650 0.2789
v  -2.7972 -3.7647 0.5793
v  -2.7974 -3.7650 0.5854
v  -2.8014 -3.7648 0.5958
v  -2.8118 -3.7650 0.6000
v  -2.8182 -3.7650 0.2579
v  -2.8034 -3.7650 0.5842
v  -2.8061 -3.7650 0.5912
v  -2.8130 -3.7650 0.5940
v  -2.8195 -3.7650 0.5940
v  -2.9685 -3.7650 0.5940
v  -2.9685 -3.7650 0.6000
v  -2.8179 -3.7650 0.6000
v  -2.9685 -3.6386 0.5787
v  -2.9685 -3.6304 0.5734
v  -2.9685 -3.6272 0.5641
v  -3.1036 -3.6272 25.6902
v  -3.1036 -3.6272 25.4202
v  -2.9685 -3.6272 25.4202
v  -3.1033 -3.6305 25.4109
v  -2.9685 -3.6304 25.4110
v  -3.1035 -3.6301 25.6991
v  -3.1124 -3.6302 25.6902
v  -3.1126 -3.6303 25.4201
v  -3.1100 -3.6323 25.4110
v  -3.1098 -3.6301 25.6965
v  -2.9685 -3.7318 25.3840
v  -3.1237 -3.7197 25.3854
v  -3.1339 -3.7182 25.3902
v  -3.1248 -3.7318 25.3840
v  -3.1358 -3.7317 25.3888
v  -3.1383 -3.7197 25.7104
v  -3.1383 -3.7197 25.4000
v  -3.1398 -3.7318 25.3990
v  -3.1238 -3.7197 25.7250
v  -3.1337 -3.7182 25.7204
v  -3.1248 -3.7318 25.7265
v  -3.1398 -3.7319 25.7115
v  -3.1356 -3.7317 25.7218
v  -2.9685 -3.7197 25.3854
v  -3.1181 -3.6386 25.4202
v  -3.1196 -3.6445 25.4188
v  -3.1181 -3.6386 25.6902
v  -3.1195 -3.6443 25.6913
v  -3.1036 -3.6386 25.7048
v  -3.1046 -3.6443 25.7062
v  -3.1135 -3.6371 25.7002
v  -3.1149 -3.6428 25.7016
v  -3.1035 -3.6386 25.4057
v  -3.1050 -3.6443 25.4042
v  -3.1138 -3.6374 25.4104
v  -3.1154 -3.6441 25.4087
v  -2.9685 -3.6386 25.4057
v  -2.9685 -3.7650 25.3840
v  -2.9685 -3.7650 25.3900
v  -3.1248 -3.7650 25.3840
v  -3.1249 -3.7590 25.3840
v  -3.1236 -3.7650 25.3900
v  -3.1358 -3.7650 25.3888
v  -3.1358 -3.7590 25.3888
v  -3.1311 -3.7650 25.3933
v  -3.1398 -3.7649 25.3990
v  -3.1398 -3.7590 25.3990
v  -3.1338 -3.7650 25.4001
v  -3.1396 -3.7650 25.7114
v  -3.1398 -3.7590 25.7115
v  -3.1336 -3.7650 25.7103
v  -3.1356 -3.7647 25.7218
v  -3.1356 -3.7588 25.7218
v  -3.1310 -3.7650 25.7173
v  -3.1253 -3.7650 25.7261
v  -3.1253 -3.7590 25.7265
v  -3.1241 -3.7650 25.7201
v  -3.1036 -3.6272 25.6842
v  -3.1229 -3.7650 25.7141
v  -3.1270 -3.7650 25.7093
v  -3.1298 -3.7650 25.7035
v  -3.1398 -3.7646 25.7054
v  -3.1398 -3.7590 25.7054
v  -3.1398 -3.7318 25.7055
v  -3.1385 -3.7197 25.7045
v  -3.1198 -3.6455 25.6854
v  -3.1182 -3.6386 25.6842
v  -3.1124 -3.6302 25.6842
v  -3.1036 -3.6272 25.4262
v  -3.1126 -3.6303 25.4260
v  -3.1179 -3.6387 25.4267
v  -3.1198 -3.6455 25.4251
v  -3.1385 -3.7206 25.4059
v  -3.1398 -3.7320 25.4050
v  -3.1398 -3.7590 25.4050
v  -3.1398 -3.7650 25.4050
v  -3.1367 -3.7650 25.4086
v  -3.1179 -3.7198 25.3854
v  -3.0987 -3.6455 25.4039
v  -2.9685 -3.6444 25.4042
v  -3.1188 -3.7590 25.3840
v  -3.1190 -3.7320 25.3840
v  -3.1178 -3.7196 25.7252
v  -3.1188 -3.7317 25.7265
v  -3.0986 -3.6444 25.7062
v  -3.0976 -3.6272 25.6842
v  -3.0981 -3.6386 25.7048
v  -3.0981 -3.6301 25.6991
v  -3.0975 -3.6272 25.6902
v  -3.0976 -3.6272 25.4262
v  -3.0978 -3.6272 25.4202
v  -3.0977 -3.6305 25.4109
v  -3.0977 -3.6386 25.4057
v  -3.1188 -3.7650 25.3840
v  -3.1177 -3.7650 25.3900
v  -3.1193 -3.7591 25.7265
v  -3.1192 -3.7650 25.7261
v  -3.1181 -3.7650 25.7201
v  -3.1169 -3.7650 25.7141
v  -2.8395 -3.6272 25.6842
v  -2.9685 -3.6272 25.6842
v  -2.9685 -3.6272 25.4262
v  -2.8395 -3.6272 25.4262
v  -2.8393 -3.6272 25.4202
v  -2.8394 -3.6305 25.4109
v  -2.8335 -3.6272 25.6842
v  -2.8334 -3.6272 25.4262
v  -2.8244 -3.6303 25.4260
v  -2.8246 -3.6301 25.6842
v  -2.8336 -3.6301 25.6991
v  -2.8272 -3.6301 25.6965
v  -2.8235 -3.6371 25.7002
v  -2.8335 -3.6386 25.7048
v  -2.8396 -3.6272 25.6902
v  -2.8335 -3.6272 25.6902
v  -2.8390 -3.6301 25.6991
v  -2.8394 -3.6386 25.4057
v  -2.8335 -3.6386 25.4057
v  -2.8334 -3.6305 25.4109
v  -2.8233 -3.6372 25.4104
v  -2.8190 -3.6386 25.4202
v  -2.8244 -3.6303 25.4203
v  -2.8271 -3.6323 25.4110
v  -2.8189 -3.6386 25.4262
v  -2.8189 -3.6386 25.6842
v  -2.8390 -3.6386 25.7048
v  -2.8335 -3.6272 25.4202
v  -2.8246 -3.6301 25.6902
v  -2.8189 -3.6386 25.6902
v  -2.8383 -3.6455 25.4039
v  -2.8195 -3.7197 25.3854
v  -2.8180 -3.7318 25.3840
v  -2.9685 -3.7590 25.3840
v  -2.8182 -3.7590 25.3840
v  -2.8219 -3.6428 25.4090
v  -2.8325 -3.6443 25.4042
v  -2.8133 -3.7197 25.3854
v  -2.8031 -3.7182 25.3902
v  -2.8175 -3.6443 25.4188
v  -2.7987 -3.7197 25.4000
v  -2.8122 -3.7318 25.3840
v  -2.8012 -3.7317 25.3888
v  -2.7972 -3.7318 25.3990
v  -2.8122 -3.7590 25.3840
v  -2.8012 -3.7590 25.3888
v  -2.7972 -3.7590 25.3990
v  -2.8173 -3.6450 25.6854
v  -2.8172 -3.6455 25.4251
v  -2.7985 -3.7196 25.4059
v  -2.7987 -3.7197 25.7045
v  -2.7972 -3.7320 25.4050
v  -2.7972 -3.7317 25.7055
v  -2.7972 -3.7590 25.4050
v  -2.7972 -3.7590 25.7054
v  -2.8221 -3.6428 25.7016
v  -2.8175 -3.6443 25.6916
v  -2.7987 -3.7197 25.7104
v  -2.8033 -3.7182 25.7204
v  -2.8321 -3.6443 25.7062
v  -2.8133 -3.7197 25.7250
v  -2.7972 -3.7319 25.7115
v  -2.8014 -3.7317 25.7219
v  -2.8122 -3.7318 25.7265
v  -2.7972 -3.7590 25.7115
v  -2.8014 -3.7588 25.7218
v  -2.8118 -3.7590 25.7265
v  -2.8385 -3.6444 25.7062
v  -2.8192 -3.7197 25.7252
v  -2.9685 -3.7197 25.7250
v  -2.9685 -3.6444 25.7062
v  -2.8182 -3.7317 25.7265
v  -2.9685 -3.7318 25.7265
v  -2.8178 -3.7591 25.7265
v  -2.9685 -3.7590 25.7265
v  -2.8126 -3.7650 25.3900
v  -2.8182 -3.7650 25.3900
v  -2.9685 -3.7650 25.5593
v  -2.8059 -3.7650 25.3933
v  -2.8032 -3.7650 25.4001
v  -2.8072 -3.7650 25.7035
v  -2.8022 -3.7650 25.4057
v  -2.8108 -3.7650 25.7108
v  -2.8152 -3.7650 25.7141
v  -2.9685 -3.7650 25.7141
v  -2.8203 -3.7650 25.7141
v  -2.8122 -3.7650 25.3840
v  -2.8013 -3.7650 25.3888
v  -2.7972 -3.7650 25.3990
v  -2.7972 -3.7650 25.4050
v  -2.7972 -3.7647 25.7054
v  -2.7974 -3.7650 25.7114
v  -2.8014 -3.7648 25.7218
v  -2.8118 -3.7650 25.7261
v  -2.8182 -3.7650 25.3840
v  -2.8034 -3.7650 25.7103
v  -2.8061 -3.7650 25.7173
v  -2.8130 -3.7650 25.7201
v  -2.8195 -3.7650 25.7201
v  -2.9685 -3.7650 25.7201
v  -2.9685 -3.7650 25.7261
v  -2.8179 -3.7650 25.7261
v  -2.9685 -3.6386 25.7048
v  -2.9685 -3.6304 25.6994
v  -2.9685 -3.6272 25.6902
v  -16.9514 -3.7252 0.1766
v  -16.9471 -3.7604 0.1577
v  -16.9518 -3.7218 0.1930
v  -16.9192 -3.8601 0.1086
v  -16.9305 -3.8506 0.1129
v  -16.9375 -3.8356 0.1216
v  -16.9418 -3.8125 0.1359
v  -16.9441 -3.7898 0.1500
v  -2.7474 -3.7500 0.2081
v  -2.6883 -3.8443 0.1478
v  -2.7124 -3.8219 0.1723
v  -2.7310 -3.7927 0.1913
v  -16.9608 -3.7212 0.1455
v  -16.9824 -3.7216 0.1250
v  -16.9579 -3.7545 0.1356
v  -16.9773 -3.7553 0.1194
v  -16.9084 -3.8659 0.1038
v  -16.9215 -3.8616 0.1053
v  -16.9242 -3.8644 0.1029
v  -16.9387 -3.8535 0.1046
v  -16.9341 -3.8513 0.1079
v  -16.9503 -3.8363 0.1073
v  -16.9428 -3.8344 0.1132
v  -16.9607 -3.8112 0.1112
v  -16.9488 -3.8096 0.1212
v  -16.9684 -3.7859 0.1156
v  -16.9525 -3.7856 0.1295
v  -2.6506 -3.8649 0.1107
v  -2.7000 -3.8443 0.1413
v  -2.7274 -3.8225 0.1632
v  -2.7486 -3.7934 0.1795
v  -2.7633 -3.7500 0.1976
v  -2.6594 -3.8652 0.1053
v  -2.7373 -3.7500 0.2241
v  -2.6796 -3.8455 0.1576
v  -2.7018 -3.8231 0.1860
v  -2.7189 -3.7936 0.2087
v  -2.6449 -3.8650 0.1198
v  -17.0105 -3.4092 0.2049
v  -16.9905 -3.4270 0.2051
v  -17.0149 -3.4150 0.1764
v  -16.9976 -3.4302 0.1759
v  -17.0145 -3.4395 0.1552
v  -17.0248 -3.4308 0.1558
v  -17.4424 -3.4270 0.2050
v  -17.4224 -3.4092 0.2048
v  -17.4068 -3.4313 0.1551
v  -17.4172 -3.4402 0.1544
v  -17.4341 -3.4308 0.1736
v  -17.4164 -3.4154 0.1744
v  -16.9456 -3.7392 0.1831
v  -16.9333 -3.7482 0.1876
v  -16.9315 -3.7604 0.1791
v  -16.9410 -3.7610 0.1708
v  -16.9379 -3.7934 0.1627
v  -16.9277 -3.7947 0.1711
v  -16.9356 -3.8185 0.1479
v  -16.9255 -3.8215 0.1560
v  -16.9307 -3.8408 0.1298
v  -16.9213 -3.8438 0.1354
v  -16.9344 -3.7467 0.1928
v  -16.9454 -3.7377 0.1932
v  -16.9501 -3.7349 0.1686
v  -16.9487 -3.7464 0.1614
v  -2.7417 -3.7538 0.2018
v  -2.7442 -3.7509 0.2045
v  -16.9600 -3.7331 0.1422
v  -16.9587 -3.7448 0.1384
v  -16.9786 -3.7450 0.1214
v  -16.9804 -3.7334 0.1236
v  -2.7602 -3.7537 0.1897
v  -2.7615 -3.7509 0.1931
v  -2.7293 -3.7537 0.2205
v  -2.7328 -3.7508 0.2220
v  -16.9327 -3.7508 0.1838
v  -16.9318 -3.7547 0.1809
v  -16.9420 -3.7520 0.1735
v  -16.9440 -3.7445 0.1773
v  -16.9255 -3.8505 0.1213
v  -16.9171 -3.8571 0.1166
v  -16.9191 -3.8491 0.1291
v  -16.9151 -3.8539 0.1235
v  -16.9345 -3.7467 0.1979
v  -16.9454 -3.7377 0.1984
v  -16.9518 -3.7218 0.1984
v  -16.9905 -3.4270 0.2099
v  -17.0105 -3.4092 0.2111
v  -17.4224 -3.4092 0.2102
v  -17.4424 -3.4270 0.2102
v  -2.7824 -3.7500 0.1930
v  -2.7893 -3.7500 0.1934
v  -2.7822 -3.7513 0.1881
v  -2.7893 -3.7512 0.1882
v  -2.7691 -3.7970 0.1739
v  -2.7753 -3.7990 0.1731
v  -2.7437 -3.8258 0.1568
v  -2.7489 -3.8283 0.1549
v  -2.7123 -3.8465 0.1358
v  -2.7167 -3.8486 0.1328
v  -2.7242 -3.7543 0.2427
v  -2.7242 -3.7543 0.2499
v  -2.6724 -3.8485 0.1685
v  -2.6694 -3.8506 0.1728
v  -2.6948 -3.8276 0.2017
v  -2.6927 -3.8300 0.2068
v  -2.7131 -3.7975 0.2290
v  -2.7122 -3.7995 0.2352
v  -2.6699 -3.8659 0.1036
v  -2.6781 -3.8658 0.1036
v  -2.6432 -3.8656 0.1306
v  -2.6432 -3.8655 0.1386
v  -2.7327 -3.7500 0.2429
v  -2.7327 -3.7500 0.2499
v  -2.7822 -3.7544 0.1848
v  -2.7893 -3.7546 0.1847
v  -2.7277 -3.7512 0.2427
v  -2.7276 -3.7512 0.2499
v  -17.0089 -3.4523 0.1543
v  -17.0081 -3.4593 0.1536
v  -16.9883 -3.4528 0.1751
v  -16.9876 -3.4598 0.1743
v  -16.9440 -3.8565 0.1032
v  -16.9486 -3.8620 0.1026
v  -16.9276 -3.8668 0.1021
v  -16.9303 -3.8735 0.1014
v  -17.3938 -3.4268 0.1562
v  -17.3867 -3.4267 0.1562
v  -17.3932 -3.4082 0.1775
v  -17.3861 -3.4083 0.1775
v  -17.0393 -3.4087 0.1768
v  -17.0464 -3.4087 0.1767
v  -17.0388 -3.4271 0.1559
v  -17.0459 -3.4272 0.1559
v  -17.4446 -3.4533 0.1750
v  -17.4454 -3.4603 0.1742
v  -17.4238 -3.4527 0.1541
v  -17.4245 -3.4597 0.1533
v  -17.3934 -3.4016 0.2102
v  -17.3863 -3.4016 0.2102
v  -17.0395 -3.4016 0.2102
v  -17.0466 -3.4016 0.2102
v  -17.4531 -3.4553 0.2102
v  -17.4538 -3.4624 0.2102
v  -16.9186 -3.7543 0.1848
v  -16.9252 -3.7550 0.1825
v  -16.9120 -3.7535 0.1854
v  -16.9200 -3.7513 0.1882
v  -16.9130 -3.7510 0.1886
v  -16.9269 -3.7504 0.1865
v  -16.9205 -3.7500 0.1930
v  -16.9274 -3.7484 0.1927
v  -16.9134 -3.7499 0.1935
v  -16.9205 -3.7500 0.1979
v  -16.9133 -3.7500 0.1979
v  -16.9274 -3.7483 0.1979
v  -16.9084 -3.8707 0.1017
v  -16.9091 -3.8778 0.1009
v  -2.6781 -3.8777 0.1009
v  -16.9137 -3.7941 0.1751
v  -16.9205 -3.7943 0.1732
v  -16.9066 -3.7939 0.1752
v  -16.9164 -3.7592 0.1831
v  -16.9232 -3.7602 0.1810
v  -16.9117 -3.8214 0.1603
v  -16.9185 -3.8211 0.1584
v  -16.9046 -3.8211 0.1604
v  -16.9096 -3.8443 0.1385
v  -16.9145 -3.8443 0.1374
v  -16.9025 -3.8442 0.1387
v  -16.9083 -3.8626 0.1077
v  -2.6403 -3.8781 0.1386
v  -2.6485 -3.8775 0.1074
v  -2.6416 -3.8776 0.1179
v  -2.6699 -3.8778 0.1009
v  -2.6583 -3.8776 0.1019
v  -16.9798 -3.4553 0.2050
v  -16.9790 -3.4623 0.2045
v  -17.0111 -3.7252 0.1170
v  -17.0182 -3.7259 0.1169
v  -17.0395 -3.4553 0.1453
v  -17.0387 -3.4623 0.1446
v  -17.0466 -3.4553 0.1453
v  -17.0056 -3.7477 0.1146
v  -17.0124 -3.7498 0.1144
v  -17.0087 -3.7378 0.1156
v  -17.0156 -3.7395 0.1155
v  -17.3934 -3.4016 0.2050
v  -17.3863 -3.4016 0.2050
v  -17.0395 -3.4016 0.2050
v  -17.0466 -3.4016 0.2050
v  -17.3934 -3.4553 0.1453
v  -17.3863 -3.4553 0.1453
v  -17.3942 -3.4623 0.1446
v  -17.4531 -3.4553 0.2050
v  -17.4539 -3.4623 0.2048
v  -16.9593 -3.8401 0.1049
v  -16.9649 -3.8444 0.1044
v  -16.9757 -3.8155 0.1075
v  -16.9819 -3.8190 0.1071
v  -16.9890 -3.7889 0.1103
v  -16.9955 -3.7916 0.1100
v  -17.0008 -3.7609 0.1132
v  -17.0074 -3.7633 0.1130
v  -2.6403 -3.8779 0.1306
v  -16.9798 -3.4553 0.2100
v  -16.9790 -3.4624 0.2100
v  -17.3870 -3.4624 0.1446
v  -17.0459 -3.4624 0.1446
v  -16.9012 -3.8778 0.1009
v  -2.7888 -3.7500 0.1976
v  -2.7824 -3.7500 0.1977
v  -2.7652 -3.7500 0.2023
v  -2.7511 -3.7500 0.2121
v  -2.7426 -3.7500 0.2268
v  -2.7385 -3.7500 0.2437
v  -2.7381 -3.7500 0.2499
v  -16.9019 -3.9016 0.1636
v  -16.9084 -3.9016 0.1636
v  -17.4333 -3.9016 0.1647
v  -17.4403 -3.9016 0.1647
v  -2.6773 -3.9016 0.1303
v  -17.4716 -3.9016 0.1075
v  -17.4673 -3.9016 0.1146
v  -17.4710 -3.8937 0.1084
v  -17.4926 -3.9016 0.1296
v  -17.4918 -3.8936 0.1304
v  -17.4854 -3.9016 0.1336
v  -17.5000 -3.9016 0.1649
v  -17.4920 -3.9016 0.1649
v  -17.4992 -3.8936 0.1649
v  -16.9084 -3.9016 0.0985
v  -16.9084 -3.9016 0.1065
v  -16.9084 -3.8936 0.0993
v  -17.4333 -3.9016 0.0986
v  -17.4333 -3.8936 0.0994
v  -17.4335 -3.9016 0.1066
v  -2.6781 -3.9016 0.0985
v  -2.6781 -3.9016 0.1065
v  -2.6781 -3.8936 0.0993
v  -16.9019 -3.9016 0.0985
v  -16.9019 -3.8936 0.0993
v  -16.9019 -3.9016 0.1065
v  -2.6387 -3.9019 0.1165
v  -2.6477 -3.9016 0.1205
v  -2.6397 -3.8934 0.1170
v  -2.6459 -3.9016 0.1050
v  -2.6468 -3.8935 0.1058
v  -2.6525 -3.9016 0.1120
v  -2.6568 -3.9016 0.0989
v  -2.6604 -3.9016 0.1078
v  -2.6574 -3.8935 0.1001
v  -2.6699 -3.9016 0.0985
v  -2.6699 -3.8936 0.0993
v  -2.6699 -3.9016 0.1065
v  -17.5000 -3.9016 0.1581
v  -17.4991 -3.8936 0.1585
v  -17.4920 -3.9016 0.1591
v  -2.6378 -3.9016 0.1306
v  -2.6458 -3.9016 0.1306
v  -2.6386 -3.8936 0.1306
v  -2.6378 -3.9016 0.1385
v  -2.6458 -3.9016 0.1460
v  -2.6386 -3.8936 0.1386
v  -17.4403 -3.9016 0.0984
v  -17.4400 -3.8936 0.0993
v  -17.4393 -3.9016 0.1065
v  -16.9094 -3.7594 0.1831
v  -16.9089 -3.7653 0.1817
v  -2.7891 -3.7592 0.1831
v  -2.7891 -3.7650 0.1825
v  -2.6781 -3.8626 0.1078
v  -2.6832 -3.8611 0.1117
v  -16.9014 -3.8596 0.1129
v  -16.9011 -3.8626 0.1077
v  -16.9009 -3.8659 0.1038
v  -2.7224 -3.7595 0.2499
v  -2.7218 -3.7656 0.2496
v  -2.6472 -3.8626 0.1305
v  -2.6514 -3.8606 0.1368
v  -2.6484 -3.8626 0.1223
v  -2.6532 -3.8600 0.1273
v  -2.7273 -3.7584 0.2197
v  -2.7266 -3.7643 0.2189
v  -2.7224 -3.7592 0.2429
v  -2.7218 -3.7651 0.2422
v  -2.6533 -3.8621 0.1143
v  -2.6582 -3.8599 0.1193
v  -2.6610 -3.8623 0.1093
v  -2.6667 -3.8600 0.1146
v  -2.7595 -3.7588 0.1876
v  -2.7588 -3.7644 0.1870
v  -2.7404 -3.7586 0.2002
v  -2.7396 -3.7644 0.1995
v  -2.6474 -3.8625 0.1386
v  -2.6519 -3.8600 0.1461
v  -2.6410 -3.8709 0.1306
v  -2.6425 -3.8704 0.1183
v  -2.6492 -3.8703 0.1082
v  -2.6587 -3.8705 0.1028
v  -2.6700 -3.8625 0.1081
v  -2.6767 -3.8604 0.1125
v  -2.7823 -3.7592 0.1831
v  -2.7819 -3.7649 0.1825
v  -2.6699 -3.8708 0.1017
v  -2.6781 -3.8706 0.1017
v  -2.6410 -3.8710 0.1386
v  -16.9010 -3.8707 0.1017
v  -16.9159 -3.7665 0.1814
v  -16.9227 -3.7667 0.1795
v  -16.9307 -3.7670 0.1775
v  -16.9405 -3.7671 0.1693
v  -16.9465 -3.7662 0.1562
v  -16.9566 -3.7619 0.1341
v  -16.9749 -3.7633 0.1184
v  -16.9976 -3.7685 0.1124
v  -17.0043 -3.7709 0.1122
v  -16.9088 -3.8563 0.1184
v  -3.1566 -3.7500 0.6415
v  -17.3863 -3.4016 0.6154
v  -17.0466 -3.4016 0.6154
v  -17.0105 -3.4092 0.6154
v  -16.9905 -3.4270 0.6154
v  -17.4992 -3.8936 0.6150
v  -17.4538 -3.4624 0.6154
v  -17.4424 -3.4270 0.6154
v  -17.4224 -3.4092 0.6154
v  -16.9790 -3.4624 0.6154
v  -16.9518 -3.7218 0.6153
v  -17.0395 -3.4016 0.6154
v  -17.4531 -3.4553 0.6154
v  -16.9454 -3.7377 0.6153
v  -17.3934 -3.4016 0.6154
v  -16.9798 -3.4553 0.6154
v  -16.9274 -3.7483 0.6153
v  -16.9205 -3.7500 0.6153
v  -16.9133 -3.7500 0.6153
v  -16.9345 -3.7467 0.6153
v  -17.4920 -3.9016 0.6150
v  -17.4403 -3.9016 0.6150
v  -17.4333 -3.9016 0.6150
v  -16.9084 -3.9016 0.6150
v  -16.9019 -3.9016 0.6150
v  -17.5000 -3.9016 0.6150
v  -2.7209 -3.7653 0.6156
v  -2.7122 -3.7995 0.6155
v  -2.6403 -3.8781 0.6150
v  -2.6386 -3.8936 0.6150
v  -2.6432 -3.8655 0.6150
v  -2.7327 -3.7500 0.6156
v  -2.7276 -3.7512 0.6156
v  -2.7242 -3.7543 0.6156
v  -2.6927 -3.8300 0.6154
v  -2.6694 -3.8506 0.6152
v  -2.6520 -3.8600 0.6150
v  -2.7385 -3.7500 0.6156
v  -2.6696 -3.9016 0.6150
v  -2.6458 -3.9016 0.6150
v  -2.6378 -3.9016 0.6150
v  -2.7224 -3.7595 0.6156
v  -2.6474 -3.8626 0.6150
v  -2.6410 -3.8710 0.6150
v  -3.2084 -3.7511 0.1884
v  -3.2084 -3.7540 0.1851
v  -3.2084 -3.7651 0.1821
v  -3.2084 -3.7963 0.1742
v  -3.2084 -3.8245 0.1578
v  -3.2084 -3.8463 0.1359
v  -3.2084 -3.8603 0.1123
v  -3.2084 -3.7500 0.1934
v  -3.2084 -3.8659 0.1037
v  -3.2084 -3.8777 0.1009
v  -3.2084 -3.8936 0.0993
v  -3.2084 -3.7500 0.1978
v  -3.2084 -3.9016 0.1065
v  -3.2084 -3.9016 0.1478
v  -3.2084 -3.9016 0.0985
v  -3.2084 -3.7593 0.1830
v  -3.2084 -3.8626 0.1078
v  -3.2084 -3.8707 0.1017
v  -3.2084 -3.7500 0.2211
v  -3.2084 -3.7500 0.6153
v  -3.2084 -3.9016 0.6150
v  -2.7633 -3.7500 0.6415
v  -3.1258 -3.7541 0.2471
v  -2.8112 -3.7546 0.2471
v  -3.1258 -3.7546 0.6112
v  -2.8112 -3.7546 0.6112
v  -2.7865 -3.7545 0.5864
v  -3.1505 -3.7546 0.5864
v  -3.1505 -3.7546 0.2719
v  -2.7865 -3.7545 0.2719
v  -3.1473 -3.7543 0.2596
v  -3.1390 -3.7543 0.2509
v  -2.7998 -3.7543 0.2499
v  -2.7896 -3.7544 0.2598
v  -2.7894 -3.7545 0.5981
v  -2.8013 -3.7545 0.6090
v  -3.1477 -3.7542 0.5980
v  -3.1374 -3.7545 0.6083
v  -3.1258 -3.7500 0.2421
v  -3.1267 -3.7500 0.2361
v  -2.8112 -3.7500 0.2421
v  -2.8105 -3.7500 0.2361
v  -2.8112 -3.7500 0.6161
v  -2.8105 -3.7500 0.6221
v  -3.1258 -3.7500 0.6161
v  -3.1266 -3.7500 0.6221
v  -2.7815 -3.7500 0.2719
v  -2.7755 -3.7500 0.2710
v  -2.7815 -3.7500 0.5864
v  -2.7755 -3.7500 0.5872
v  -2.7857 -3.7500 0.6020
v  -2.7815 -3.7500 0.6045
v  -3.1555 -3.7500 0.5864
v  -3.1615 -3.7500 0.5872
v  -3.1555 -3.7500 0.2719
v  -3.1615 -3.7500 0.2711
v  -3.1404 -3.7500 0.6122
v  -3.1435 -3.7500 0.6176
v  -3.1514 -3.7500 0.2569
v  -3.1568 -3.7500 0.2539
v  -2.7964 -3.7500 0.2459
v  -2.7933 -3.7500 0.2405
v  -3.1426 -3.7500 0.2474
v  -3.1460 -3.7500 0.2421
v  -2.7858 -3.7500 0.2563
v  -2.7805 -3.7500 0.2532
v  -2.7972 -3.7500 0.6129
v  -2.7942 -3.7500 0.6183
v  -3.1514 -3.7500 0.6013
v  -3.1568 -3.7500 0.6045
v  -3.1249 -3.7647 0.2720
v  -3.1249 -3.7647 0.5863
v  -2.8122 -3.7647 0.2720
v  -3.1256 -3.7642 0.2480
v  -3.1247 -3.7650 0.2540
v  -2.8113 -3.7647 0.2480
v  -2.8121 -3.7650 0.2540
v  -2.8122 -3.7647 0.6102
v  -2.8128 -3.7647 0.6042
v  -3.1249 -3.7647 0.6102
v  -3.1241 -3.7647 0.6042
v  -2.7874 -3.7647 0.2720
v  -2.7934 -3.7647 0.2728
v  -2.7874 -3.7647 0.5863
v  -2.7934 -3.7647 0.5855
v  -2.7904 -3.7644 0.5974
v  -2.7958 -3.7645 0.5942
v  -3.1496 -3.7647 0.5863
v  -3.1436 -3.7647 0.5855
v  -3.1496 -3.7647 0.2720
v  -3.1436 -3.7647 0.2728
v  -3.1368 -3.7644 0.6073
v  -3.1337 -3.7645 0.6018
v  -3.1463 -3.7641 0.2602
v  -3.1409 -3.7650 0.2632
v  -2.8004 -3.7641 0.2509
v  -2.8034 -3.7650 0.2563
v  -3.1384 -3.7643 0.2519
v  -3.1351 -3.7650 0.2572
v  -2.7907 -3.7644 0.2604
v  -2.7960 -3.7650 0.2636
v  -2.8018 -3.7646 0.6080
v  -2.8047 -3.7647 0.6025
v  -3.1467 -3.7639 0.5974
v  -3.1413 -3.7641 0.5944
v  -2.7755 -3.7500 0.2808
v  -2.7815 -3.7500 0.2806
v  -2.7865 -3.7545 0.2804
v  -2.7874 -3.7647 0.2794
v  -2.7934 -3.7647 0.2787
v  -2.8194 -3.7500 0.2361
v  -2.8196 -3.7500 0.2421
v  -2.8197 -3.7545 0.2471
v  -2.8195 -3.7647 0.2480
v  -2.8197 -3.7650 0.2540
v  -3.1190 -3.7500 0.2361
v  -3.1183 -3.7500 0.2421
v  -3.1179 -3.7541 0.2471
v  -3.1186 -3.7643 0.2480
v  -3.1178 -3.7650 0.2540
v  -3.1615 -3.7500 0.2794
v  -3.1555 -3.7500 0.2804
v  -3.1505 -3.7546 0.2800
v  -3.1496 -3.7647 0.2800
v  -3.1436 -3.7647 0.2800
v  -3.1615 -3.7500 0.5803
v  -3.1555 -3.7500 0.5802
v  -3.1505 -3.7546 0.5798
v  -3.1496 -3.7647 0.5793
v  -3.1436 -3.7647 0.5792
v  -3.1155 -3.7500 0.6221
v  -3.1154 -3.7500 0.6161
v  -3.1147 -3.7647 0.6102
v  -3.1146 -3.7647 0.6042
v  -2.8122 -3.7647 0.5863
v  -2.8197 -3.7647 0.6042
v  -2.8197 -3.7647 0.6102
v  -2.8204 -3.7500 0.6161
v  -2.8204 -3.7500 0.6221
v  -2.7934 -3.7647 0.5758
v  -2.7874 -3.7647 0.5761
v  -2.7865 -3.7545 0.5767
v  -2.7815 -3.7500 0.5773
v  -2.7755 -3.7500 0.5777
v  -2.8202 -3.7546 0.6111
v  -3.1145 -3.7545 0.6113
v  -17.0081 -3.4593 25.8306
v  -16.9876 -3.4598 25.8100
v  -16.9608 -3.7212 25.8387
v  -16.9824 -3.7216 25.8593
v  -16.9600 -3.7331 25.8421
v  -16.9587 -3.7448 25.8458
v  -16.9786 -3.7450 25.8628
v  -16.9804 -3.7334 25.8607
v  -17.4333 -3.8936 25.8848
v  -16.9486 -3.8620 25.8817
v  -16.9303 -3.8735 25.8829
v  -16.9327 -3.7508 25.8004
v  -16.9318 -3.7547 25.8034
v  -16.9420 -3.7520 25.8108
v  -16.9440 -3.7445 25.8069
v  -16.9514 -3.7252 25.8076
v  -16.9790 -3.4623 25.7798
v  -16.9518 -3.7218 25.7912
v  -17.3867 -3.4267 25.8280
v  -17.3861 -3.4083 25.8068
v  -17.0464 -3.4087 25.8075
v  -17.0459 -3.4272 25.8283
v  -17.0149 -3.4150 25.8078
v  -16.9976 -3.4302 25.8084
v  -17.0145 -3.4395 25.8290
v  -17.0248 -3.4308 25.8285
v  -17.4710 -3.8937 25.8758
v  -17.4918 -3.8936 25.8538
v  -17.4454 -3.4603 25.8100
v  -17.4245 -3.4597 25.8309
v  -17.4068 -3.4313 25.8292
v  -17.4172 -3.4402 25.8299
v  -17.4341 -3.4308 25.8107
v  -17.4164 -3.4154 25.8098
v  -17.3863 -3.4016 25.7741
v  -17.3863 -3.4016 25.3689
v  -17.0466 -3.4016 25.3689
v  -17.0466 -3.4016 25.7741
v  -17.0105 -3.4092 25.7732
v  -17.0105 -3.4092 25.3689
v  -16.9905 -3.4270 25.3689
v  -16.9905 -3.4270 25.7743
v  -17.4992 -3.8936 25.8194
v  -17.4992 -3.8936 25.3692
v  -17.4538 -3.4624 25.3689
v  -17.4538 -3.4624 25.7741
v  -17.4424 -3.4270 25.7741
v  -17.4424 -3.4270 25.3689
v  -17.4224 -3.4092 25.3689
v  -17.4224 -3.4092 25.7741
v  -16.9084 -3.8936 25.8850
v  -16.9255 -3.8505 25.8630
v  -16.9305 -3.8506 25.8713
v  -16.9375 -3.8356 25.8626
v  -16.9307 -3.8408 25.8544
v  -16.9215 -3.8616 25.8790
v  -16.9242 -3.8644 25.8813
v  -16.9387 -3.8535 25.8797
v  -16.9341 -3.8513 25.8764
v  -16.9084 -3.8659 25.8805
v  -16.9503 -3.8363 25.8770
v  -16.9428 -3.8344 25.8710
v  -16.9607 -3.8112 25.8730
v  -16.9488 -3.8096 25.8631
v  -16.9684 -3.7859 25.8687
v  -16.9525 -3.7856 25.8548
v  -16.9773 -3.7553 25.8648
v  -16.9579 -3.7545 25.8487
v  -16.9566 -3.7619 25.8501
v  -16.9749 -3.7633 25.8658
v  -16.9410 -3.7610 25.8134
v  -16.9315 -3.7604 25.8051
v  -16.9307 -3.7670 25.8067
v  -16.9405 -3.7671 25.8150
v  -16.9379 -3.7934 25.8216
v  -16.9277 -3.7947 25.8132
v  -16.9255 -3.8215 25.8283
v  -16.9356 -3.8185 25.8363
v  -16.9213 -3.8438 25.8489
v  -16.9083 -3.8626 25.8765
v  -16.9192 -3.8601 25.8756
v  -16.9171 -3.8571 25.8677
v  -16.9120 -3.7535 25.7988
v  -16.9130 -3.7510 25.7956
v  -3.2084 -3.7511 25.7958
v  -3.2084 -3.7540 25.7992
v  -16.9091 -3.8778 25.8833
v  -16.9012 -3.8778 25.8833
v  -16.9019 -3.8936 25.8850
v  -16.9066 -3.7939 25.8091
v  -16.9089 -3.7653 25.8025
v  -3.2084 -3.7651 25.8022
v  -3.2084 -3.7963 25.8101
v  -16.9046 -3.8211 25.8238
v  -3.2084 -3.8245 25.8264
v  -16.9025 -3.8442 25.8456
v  -3.2084 -3.8463 25.8484
v  -3.2084 -3.8603 25.8719
v  -16.9014 -3.8596 25.8714
v  -2.7218 -3.7656 25.7347
v  -2.7209 -3.7653 25.3686
v  -2.7122 -3.7995 25.3687
v  -2.7122 -3.7995 25.7491
v  -2.6724 -3.8485 25.8158
v  -2.6514 -3.8606 25.8474
v  -2.6532 -3.8600 25.8570
v  -2.6796 -3.8455 25.8266
v  -2.6948 -3.8276 25.7826
v  -2.7018 -3.8231 25.7982
v  -2.7131 -3.7975 25.7552
v  -2.7189 -3.7936 25.7756
v  -2.7218 -3.7651 25.7421
v  -2.7266 -3.7643 25.7653
v  -2.7277 -3.7512 25.7415
v  -2.7242 -3.7543 25.7415
v  -2.7293 -3.7537 25.7637
v  -2.7328 -3.7508 25.7622
v  -2.6582 -3.8599 25.8650
v  -2.6667 -3.8600 25.8696
v  -2.7000 -3.8443 25.8430
v  -2.6883 -3.8443 25.8364
v  -2.7274 -3.8225 25.8210
v  -2.7124 -3.8219 25.8120
v  -2.7486 -3.7934 25.8047
v  -2.7310 -3.7927 25.7930
v  -2.7588 -3.7644 25.7972
v  -2.7396 -3.7644 25.7847
v  -2.7602 -3.7537 25.7946
v  -2.7615 -3.7509 25.7912
v  -2.7442 -3.7509 25.7797
v  -2.7417 -3.7538 25.7824
v  -2.6403 -3.8781 25.8382
v  -2.6403 -3.8781 25.3692
v  -2.6386 -3.8936 25.3693
v  -2.6386 -3.8936 25.8382
v  -2.6485 -3.8775 25.8768
v  -2.6416 -3.8776 25.8663
v  -2.6397 -3.8934 25.8672
v  -2.6468 -3.8935 25.8785
v  -2.6583 -3.8776 25.8823
v  -2.6574 -3.8935 25.8842
v  -2.6699 -3.8936 25.8850
v  -2.6699 -3.8778 25.8833
v  -17.0111 -3.7252 25.8673
v  -17.0387 -3.4623 25.8397
v  -16.9501 -3.7349 25.8156
v  -16.9487 -3.7464 25.8229
v  -17.0056 -3.7477 25.8696
v  -17.0087 -3.7378 25.8686
v  -17.3863 -3.4016 25.7792
v  -17.0466 -3.4016 25.7792
v  -17.0466 -3.4553 25.8389
v  -17.3863 -3.4553 25.8389
v  -17.0105 -3.4092 25.7793
v  -16.9905 -3.4270 25.7791
v  -17.4991 -3.8936 25.8257
v  -17.4539 -3.4623 25.7795
v  -17.3942 -3.4623 25.8397
v  -17.4400 -3.8936 25.8849
v  -17.4424 -3.4270 25.7793
v  -17.4224 -3.4092 25.7794
v  -16.9276 -3.8668 25.8822
v  -16.9440 -3.8565 25.8811
v  -16.9084 -3.8707 25.8826
v  -16.9593 -3.8401 25.8794
v  -16.9418 -3.8125 25.8484
v  -16.9757 -3.8155 25.8768
v  -16.9441 -3.7898 25.8343
v  -16.9890 -3.7889 25.8740
v  -16.9471 -3.7604 25.8265
v  -16.9465 -3.7662 25.8280
v  -16.9976 -3.7685 25.8718
v  -17.0008 -3.7609 25.8710
v  -16.9011 -3.8626 25.8765
v  -16.9009 -3.8659 25.8805
v  -16.9010 -3.8707 25.8826
v  -2.6432 -3.8655 25.8382
v  -2.6474 -3.8625 25.8382
v  -2.6474 -3.8626 25.3692
v  -2.6432 -3.8655 25.3692
v  -2.6432 -3.8656 25.8536
v  -2.6410 -3.8709 25.8536
v  -2.6425 -3.8704 25.8659
v  -2.6449 -3.8650 25.8645
v  -2.6506 -3.8649 25.8736
v  -2.6533 -3.8621 25.8700
v  -2.6484 -3.8626 25.8619
v  -2.6492 -3.8703 25.8760
v  -2.6587 -3.8705 25.8815
v  -2.6594 -3.8652 25.8790
v  -2.6699 -3.8659 25.8806
v  -2.6700 -3.8625 25.8762
v  -2.6610 -3.8623 25.8750
v  -2.6767 -3.8604 25.8718
v  -2.7123 -3.8465 25.8485
v  -2.7437 -3.8258 25.8274
v  -2.7691 -3.7970 25.8103
v  -2.7819 -3.7649 25.8018
v  -2.7822 -3.7544 25.7995
v  -2.7822 -3.7513 25.7961
v  -2.6699 -3.8708 25.8826
v  -2.6403 -3.8779 25.8536
v  -2.6386 -3.8936 25.8537
v  -2.6476 -3.8624 25.8536
v  -16.9333 -3.7482 25.7966
v  -16.9456 -3.7392 25.8012
v  -16.9454 -3.7377 25.7910
v  -16.9344 -3.7467 25.7915
v  -16.9790 -3.4624 25.7743
v  -16.9790 -3.4624 25.3689
v  -16.9518 -3.7218 25.3690
v  -16.9518 -3.7218 25.7858
v  -16.9883 -3.4528 25.8092
v  -17.0089 -3.4523 25.8299
v  -17.0388 -3.4271 25.8283
v  -17.0393 -3.4087 25.8075
v  -17.0395 -3.4016 25.7741
v  -17.0395 -3.4016 25.3689
v  -16.9798 -3.4553 25.7792
v  -17.0395 -3.4016 25.7792
v  -17.0395 -3.4553 25.8389
v  -17.4238 -3.4527 25.8301
v  -17.4446 -3.4533 25.8093
v  -17.3932 -3.4082 25.8067
v  -17.3938 -3.4268 25.8281
v  -17.4531 -3.4553 25.7741
v  -17.4531 -3.4553 25.3689
v  -17.3934 -3.4016 25.7792
v  -17.4531 -3.4553 25.7792
v  -17.3934 -3.4553 25.8389
v  -16.9454 -3.7377 25.3690
v  -16.9454 -3.7377 25.7858
v  -16.9269 -3.7504 25.7977
v  -16.9252 -3.7550 25.8018
v  -16.9232 -3.7602 25.8032
v  -16.9227 -3.7667 25.8047
v  -16.9205 -3.7943 25.8111
v  -16.9185 -3.8211 25.8258
v  -16.9145 -3.8443 25.8469
v  -16.9134 -3.7499 25.7908
v  -3.2084 -3.7500 25.7908
v  -16.9094 -3.7594 25.8012
v  -16.9164 -3.7592 25.8012
v  -16.9186 -3.7543 25.7994
v  -2.7276 -3.7512 25.7344
v  -2.7327 -3.7500 25.7344
v  -2.7327 -3.7500 25.3686
v  -2.7276 -3.7512 25.3686
v  -2.7224 -3.7592 25.7413
v  -2.7273 -3.7584 25.7646
v  -2.7373 -3.7500 25.7602
v  -2.7327 -3.7500 25.7413
v  -2.7633 -3.7500 25.7867
v  -2.7474 -3.7500 25.7762
v  -2.7404 -3.7586 25.7840
v  -2.7595 -3.7588 25.7966
v  -2.7824 -3.7500 25.7912
v  -2.7823 -3.7592 25.8012
v  -16.9274 -3.7484 25.7916
v  -16.9191 -3.8491 25.8551
v  -16.9151 -3.8539 25.8608
v  -16.9088 -3.8563 25.8659
v  -17.0124 -3.7498 25.8699
v  -17.0074 -3.7633 25.8713
v  -17.0156 -3.7395 25.8688
v  -17.0182 -3.7259 25.8674
v  -17.3870 -3.4624 25.8397
v  -17.0459 -3.4624 25.8397
v  -17.0043 -3.7709 25.8721
v  -16.9955 -3.7916 25.8743
v  -16.9819 -3.8190 25.8771
v  -16.9649 -3.8444 25.8798
v  -16.9274 -3.7483 25.7864
v  -16.9345 -3.7467 25.7864
v  -16.9798 -3.4553 25.7743
v  -17.3934 -3.4016 25.7741
v  -2.7893 -3.7546 25.7996
v  -2.7893 -3.7512 25.7960
v  -2.6781 -3.8936 25.8850
v  -2.6781 -3.8777 25.8833
v  -2.7753 -3.7990 25.8112
v  -2.7891 -3.7650 25.8018
v  -2.7489 -3.8283 25.8294
v  -2.7167 -3.8486 25.8514
v  -2.6832 -3.8611 25.8725
v  -2.7242 -3.7543 25.7344
v  -2.6927 -3.8300 25.7774
v  -2.6694 -3.8506 25.8115
v  -2.6519 -3.8600 25.8381
v  -2.6781 -3.8658 25.8806
v  -2.6781 -3.8626 25.8764
v  -2.6781 -3.8706 25.8826
v  -2.6410 -3.8710 25.8382
v  -2.7893 -3.7500 25.7909
v  -2.7891 -3.7592 25.8012
v  -2.7224 -3.7595 25.7344
v  -17.3934 -3.4016 25.3689
v  -16.9200 -3.7513 25.7961
v  -16.9133 -3.7500 25.7864
v  -16.9205 -3.7500 25.7912
v  -16.9205 -3.7500 25.7864
v  -16.9159 -3.7665 25.8029
v  -16.9117 -3.8214 25.8240
v  -16.9137 -3.7941 25.8092
v  -16.9096 -3.8443 25.8457
v  -2.6410 -3.8710 25.3692
v  -16.9798 -3.4553 25.3689
v  -16.9274 -3.7483 25.3690
v  -16.9205 -3.7500 25.3690
v  -16.9133 -3.7500 25.3690
v  -3.2084 -3.8626 25.8765
v  -3.2084 -3.8659 25.8805
v  -3.2084 -3.8707 25.8826
v  -3.2084 -3.8777 25.8833
v  -3.2084 -3.8936 25.8850
v  -16.9345 -3.7467 25.3690
v  -2.7242 -3.7543 25.3686
v  -2.6927 -3.8300 25.3689
v  -2.6694 -3.8506 25.3690
v  -2.6520 -3.8600 25.3692
v  -2.7224 -3.7595 25.3686
v  -2.7385 -3.7500 25.3686
v  -3.1267 -3.7500 25.7481
v  -3.2084 -3.7500 25.7865
v  -3.1460 -3.7500 25.7421
v  -2.7385 -3.7500 25.7405
v  -2.7381 -3.7500 25.7344
v  -2.7426 -3.7500 25.7575
v  -2.7824 -3.7500 25.7866
v  -2.7888 -3.7500 25.7866
v  -2.7652 -3.7500 25.7819
v  -2.7511 -3.7500 25.7721
v  -2.7633 -3.7500 25.3428
v  -2.8194 -3.7500 25.7481
v  -2.8105 -3.7500 25.7481
v  -17.4673 -3.9016 25.8697
v  -17.4403 -3.9016 25.8195
v  -17.4854 -3.9016 25.8506
v  -17.4393 -3.9016 25.8778
v  -17.4335 -3.9016 25.8777
v  -17.4333 -3.9016 25.8195
v  -16.9084 -3.9016 25.8778
v  -16.9084 -3.9016 25.8207
v  -16.9019 -3.9016 25.8778
v  -16.9019 -3.9016 25.8207
v  -3.2084 -3.9016 25.8778
v  -3.2084 -3.9016 25.8365
v  -17.4920 -3.9016 25.8251
v  -17.4920 -3.9016 25.8194
v  -2.6781 -3.9016 25.8778
v  -2.6699 -3.9016 25.8778
v  -2.6773 -3.9016 25.8540
v  -17.4920 -3.9016 25.3692
v  -17.4403 -3.9016 25.3692
v  -17.4333 -3.9016 25.3692
v  -16.9084 -3.9016 25.3692
v  -16.9019 -3.9016 25.3692
v  -3.2084 -3.9016 25.3692
v  -2.6696 -3.9016 25.3693
v  -2.6458 -3.9016 25.3693
v  -2.6458 -3.9016 25.8536
v  -2.6458 -3.9016 25.8383
v  -2.6477 -3.9016 25.8638
v  -2.6525 -3.9016 25.8723
v  -2.6604 -3.9016 25.8764
v  -17.4716 -3.9016 25.8767
v  -17.4926 -3.9016 25.8546
v  -17.5000 -3.9016 25.3692
v  -16.9084 -3.9016 25.8858
v  -17.4333 -3.9016 25.8857
v  -16.9019 -3.9016 25.8858
v  -2.6378 -3.9016 25.3693
v  -2.6378 -3.9016 25.8383
v  -2.6387 -3.9019 25.8678
v  -2.6459 -3.9016 25.8793
v  -2.6568 -3.9016 25.8854
v  -2.6699 -3.9016 25.8858
v  -17.5000 -3.9016 25.8262
v  -17.4403 -3.9016 25.8858
v  -2.6378 -3.9016 25.8537
v  -17.5000 -3.9016 25.8194
v  -2.6781 -3.9016 25.8858
v  -3.2084 -3.9016 25.8858
v  -3.2084 -3.7593 25.8013
v  -3.1155 -3.7500 25.3621
v  -3.1266 -3.7500 25.3621
v  -3.1566 -3.7500 25.3428
v  -3.1615 -3.7500 25.3970
v  -3.2084 -3.7500 25.3690
v  -3.1568 -3.7500 25.3798
v  -3.2084 -3.7500 25.7632
v  -3.1568 -3.7500 25.7303
v  -3.1435 -3.7500 25.3667
v  -2.7755 -3.7500 25.3970
v  -2.7815 -3.7500 25.3798
v  -2.7942 -3.7500 25.3659
v  -2.8105 -3.7500 25.3621
v  -3.1615 -3.7500 25.7048
v  -3.1615 -3.7500 25.7132
v  -2.8112 -3.7500 25.7421
v  -2.8196 -3.7500 25.7421
v  -2.8197 -3.7545 25.7371
v  -2.8112 -3.7546 25.7371
v  -3.1258 -3.7546 25.3731
v  -3.1258 -3.7500 25.3681
v  -3.1154 -3.7500 25.3681
v  -3.1145 -3.7545 25.3730
v  -2.7815 -3.7500 25.4069
v  -2.7815 -3.7500 25.7037
v  -2.7865 -3.7545 25.7039
v  -2.7865 -3.7545 25.4075
v  -2.7857 -3.7500 25.3823
v  -2.7815 -3.7500 25.3978
v  -2.7865 -3.7545 25.3978
v  -2.7894 -3.7545 25.3862
v  -3.1555 -3.7500 25.7124
v  -3.1555 -3.7500 25.7038
v  -3.1505 -3.7546 25.7042
v  -3.1505 -3.7546 25.7124
v  -3.1404 -3.7500 25.3721
v  -3.1374 -3.7545 25.3760
v  -3.1514 -3.7500 25.7273
v  -3.1473 -3.7543 25.7247
v  -2.7964 -3.7500 25.7384
v  -2.7998 -3.7543 25.7344
v  -3.1426 -3.7500 25.7369
v  -3.1390 -3.7543 25.7333
v  -3.1258 -3.7500 25.7421
v  -3.1258 -3.7541 25.7372
v  -2.7858 -3.7500 25.7279
v  -2.7896 -3.7544 25.7244
v  -2.7815 -3.7500 25.7124
v  -2.7865 -3.7545 25.7124
v  -2.7972 -3.7500 25.3714
v  -2.8013 -3.7545 25.3752
v  -2.8112 -3.7500 25.3681
v  -2.8112 -3.7546 25.3731
v  -3.1555 -3.7500 25.3978
v  -3.1514 -3.7500 25.3829
v  -3.1477 -3.7542 25.3862
v  -3.1505 -3.7546 25.3978
v  -2.8195 -3.7647 25.7362
v  -2.8113 -3.7647 25.7362
v  -2.7874 -3.7647 25.7049
v  -2.7874 -3.7647 25.4081
v  -2.7874 -3.7647 25.3980
v  -2.7904 -3.7644 25.3868
v  -3.1496 -3.7647 25.7042
v  -3.1496 -3.7647 25.7123
v  -3.1249 -3.7647 25.3740
v  -3.1368 -3.7644 25.3770
v  -3.1463 -3.7641 25.7240
v  -2.8004 -3.7641 25.7334
v  -3.1384 -3.7643 25.7323
v  -3.1256 -3.7642 25.7362
v  -2.7907 -3.7644 25.7238
v  -2.7874 -3.7647 25.7122
v  -2.8018 -3.7646 25.3762
v  -2.8122 -3.7647 25.3740
v  -3.1467 -3.7639 25.3868
v  -3.1496 -3.7647 25.3980
v  -3.1436 -3.7647 25.7114
v  -3.1249 -3.7647 25.7123
v  -3.1409 -3.7650 25.7210
v  -2.7933 -3.7500 25.7438
v  -2.7805 -3.7500 25.7310
v  -2.7755 -3.7500 25.7132
v  -2.7755 -3.7500 25.4066
v  -2.7755 -3.7500 25.7035
v  -2.8122 -3.7647 25.3980
v  -2.7934 -3.7647 25.4085
v  -2.7934 -3.7647 25.7055
v  -2.8122 -3.7647 25.7122
v  -2.8128 -3.7647 25.3800
v  -2.8047 -3.7647 25.3818
v  -3.1436 -3.7647 25.7042
v  -3.1249 -3.7647 25.3980
v  -3.1337 -3.7645 25.3824
v  -3.1241 -3.7647 25.3800
v  -3.1146 -3.7647 25.3800
v  -2.8034 -3.7650 25.7280
v  -2.8121 -3.7650 25.7302
v  -2.8197 -3.7650 25.7302
v  -3.1247 -3.7650 25.7303
v  -3.1351 -3.7650 25.7270
v  -2.7960 -3.7650 25.7207
v  -2.7934 -3.7647 25.7114
v  -2.7958 -3.7645 25.3900
v  -2.7934 -3.7647 25.3988
v  -3.1436 -3.7647 25.3987
v  -3.1413 -3.7641 25.3899
v  -3.1147 -3.7647 25.3740
v  -3.1190 -3.7500 25.7481
v  -3.1183 -3.7500 25.7421
v  -3.1179 -3.7541 25.7372
v  -3.1186 -3.7643 25.7363
v  -3.1178 -3.7650 25.7303
v  -3.1615 -3.7500 25.4040
v  -3.1555 -3.7500 25.4041
v  -3.1505 -3.7546 25.4044
v  -3.1496 -3.7647 25.4050
v  -3.1436 -3.7647 25.4051
v  -2.8204 -3.7500 25.3621
v  -2.8204 -3.7500 25.3681
v  -2.8202 -3.7546 25.3732
v  -2.8197 -3.7647 25.3740
v  -2.8197 -3.7647 25.3800
v  -2.7457 -3.8898 0.1968
v  -2.7457 -3.9134 0.1968
v  -15.5409 -3.8898 0.1969
v  -15.5409 -3.9134 0.1969
v  -2.7457 -3.8898 25.7874
v  -2.7457 -3.9134 25.7874
v  -15.5409 -3.8898 25.7874
v  -15.5409 -3.9134 25.7874
v  16.9514 -3.7252 25.8078
v  -2.2535 -3.7500 25.7765
v  -2.3133 -3.8448 25.8375
v  -2.2889 -3.8230 25.8128
v  -2.2697 -3.7938 25.7933
v  16.9608 -3.7213 25.8387
v  16.9820 -3.7215 25.8596
v  -2.3496 -3.8655 25.8739
v  -2.3017 -3.8452 25.8450
v  -2.2744 -3.8239 25.8229
v  -2.2528 -3.7950 25.8054
v  -2.2379 -3.7500 25.7870
v  -2.3431 -3.8658 25.8782
v  -2.2623 -3.7500 25.7606
v  -2.3227 -3.8463 25.8277
v  -2.3000 -3.8248 25.7991
v  -2.2820 -3.7952 25.7761
v  -2.3545 -3.8657 25.8669
v  17.0105 -3.4092 25.7793
v  16.9905 -3.4270 25.7792
v  17.0149 -3.4150 25.8078
v  16.9976 -3.4302 25.8084
v  17.0145 -3.4395 25.8290
v  17.0248 -3.4308 25.8285
v  17.4424 -3.4270 25.7793
v  17.4224 -3.4092 25.7794
v  17.4068 -3.4313 25.8292
v  17.4172 -3.4402 25.8299
v  17.4341 -3.4308 25.8107
v  17.4164 -3.4154 25.8098
v  -2.2584 -3.7543 25.7828
v  -2.2565 -3.7513 25.7802
v  -2.2406 -3.7543 25.7947
v  -2.2395 -3.7513 25.7916
v  -2.2707 -3.7538 25.7642
v  -2.2673 -3.7509 25.7627
v  16.9905 -3.4270 25.7739
v  17.0105 -3.4092 25.7732
v  17.4224 -3.4092 25.7741
v  17.4424 -3.4270 25.7741
v  -2.2180 -3.7500 25.7912
v  -2.2110 -3.7500 25.7909
v  -2.2181 -3.7513 25.7961
v  -2.2110 -3.7512 25.7960
v  -2.2312 -3.7970 25.8103
v  -2.2250 -3.7990 25.8112
v  -2.2566 -3.8258 25.8274
v  -2.2514 -3.8283 25.8294
v  -2.2880 -3.8465 25.8485
v  -2.2836 -3.8486 25.8514
v  -2.2759 -3.7544 25.7415
v  -2.2759 -3.7545 25.7344
v  -2.3279 -3.8485 25.8158
v  -2.3309 -3.8506 25.8115
v  -2.3055 -3.8276 25.7826
v  -2.3076 -3.8300 25.7774
v  -2.2872 -3.7975 25.7552
v  -2.2881 -3.7995 25.7491
v  -2.3343 -3.8659 25.8806
v  -2.3300 -3.8658 25.8806
v  -2.3569 -3.8658 25.8579
v  -2.3569 -3.8657 25.8510
v  -2.2676 -3.7500 25.7413
v  -2.2676 -3.7500 25.7344
v  -2.2181 -3.7544 25.7995
v  -2.2110 -3.7545 25.7996
v  -2.2726 -3.7513 25.7415
v  -2.2726 -3.7514 25.7344
v  17.0089 -3.4523 25.8299
v  17.0081 -3.4593 25.8306
v  16.9883 -3.4528 25.8092
v  16.9876 -3.4598 25.8100
v  17.3938 -3.4268 25.8281
v  17.3867 -3.4267 25.8280
v  17.3932 -3.4082 25.8067
v  17.3861 -3.4083 25.8068
v  17.0393 -3.4087 25.8075
v  17.0464 -3.4087 25.8075
v  17.0388 -3.4271 25.8283
v  17.0459 -3.4272 25.8283
v  17.4446 -3.4533 25.8093
v  17.4454 -3.4603 25.8100
v  17.4238 -3.4527 25.8301
v  17.4245 -3.4597 25.8309
v  17.3934 -3.4016 25.7741
v  17.3863 -3.4016 25.7741
v  17.0395 -3.4016 25.7741
v  17.0466 -3.4016 25.7741
v  17.4531 -3.4553 25.7741
v  17.4538 -3.4624 25.7741
v  16.9107 -3.7540 25.7992
v  16.9117 -3.7510 25.7956
v  16.9121 -3.7500 25.7911
v  16.9121 -3.7500 25.7864
v  -2.3304 -3.8777 25.8833
v  16.9065 -3.7939 25.8091
v  16.9044 -3.8211 25.8239
v  16.9024 -3.8442 25.8456
v  -2.3597 -3.8781 25.8509
v  -2.3509 -3.8776 25.8773
v  -2.3573 -3.8776 25.8689
v  -2.3348 -3.8778 25.8833
v  -2.3437 -3.8777 25.8816
v  16.9798 -3.4553 25.7792
v  16.9790 -3.4623 25.7799
v  17.0110 -3.7252 25.8673
v  17.0180 -3.7259 25.8674
v  17.0395 -3.4553 25.8389
v  17.0387 -3.4623 25.8397
v  17.0466 -3.4553 25.8389
v  17.3934 -3.4016 25.7792
v  17.3863 -3.4016 25.7792
v  17.0395 -3.4016 25.7792
v  17.0466 -3.4016 25.7792
v  17.3934 -3.4553 25.8389
v  17.3863 -3.4553 25.8389
v  17.3942 -3.4623 25.8397
v  17.4531 -3.4553 25.7792
v  17.4539 -3.4623 25.7795
v  -2.3597 -3.8780 25.8585
v  16.9798 -3.4553 25.7739
v  16.9790 -3.4624 25.7743
v  17.3870 -3.4624 25.8397
v  17.0459 -3.4624 25.8397
v  -2.2180 -3.7500 25.7426
v  -2.2115 -3.7500 25.7866
v  -2.2180 -3.7500 25.7866
v  -2.2361 -3.7500 25.7822
v  -2.2501 -3.7500 25.7724
v  -2.2570 -3.7500 25.7575
v  -2.2618 -3.7500 25.7405
v  -2.2622 -3.7500 25.7344
v  16.9018 -3.9016 25.8207
v  17.4333 -3.9016 25.8195
v  17.4403 -3.9016 25.8195
v  -2.3307 -3.9016 25.8540
v  17.4716 -3.9016 25.8767
v  17.4673 -3.9016 25.8697
v  17.4710 -3.8937 25.8758
v  17.4926 -3.9016 25.8546
v  17.4918 -3.8936 25.8538
v  17.4854 -3.9016 25.8506
v  17.5000 -3.9016 25.8194
v  17.4920 -3.9016 25.8194
v  17.4992 -3.8936 25.8194
v  17.4333 -3.9016 25.8857
v  17.4333 -3.8936 25.8848
v  17.4335 -3.9016 25.8777
v  -2.3325 -3.9016 25.8858
v  -2.3314 -3.9016 25.8778
v  -2.3318 -3.8936 25.8850
v  16.9018 -3.9016 25.8858
v  16.9018 -3.9016 25.8778
v  -2.3601 -3.9016 25.8715
v  -2.3527 -3.9016 25.8680
v  -2.3589 -3.8937 25.8708
v  -2.3537 -3.9016 25.8799
v  -2.3526 -3.8937 25.8789
v  -2.3483 -3.9016 25.8738
v  -2.3465 -3.9015 25.8841
v  -2.3437 -3.9016 25.8765
v  -2.3458 -3.8936 25.8832
v  -2.3373 -3.9016 25.8858
v  -2.3365 -3.8936 25.8850
v  -2.3369 -3.9016 25.8778
v  17.5000 -3.9016 25.8261
v  17.4991 -3.8936 25.8257
v  17.4920 -3.9016 25.8251
v  -2.3622 -3.9012 25.8609
v  -2.3545 -3.9016 25.8601
v  -2.3614 -3.8937 25.8601
v  -2.3622 -3.9012 25.8540
v  -2.3545 -3.9016 25.8540
v  -2.3614 -3.8936 25.8530
v  17.4403 -3.9016 25.8858
v  17.4400 -3.8936 25.8849
v  17.4393 -3.9016 25.8778
v  16.9093 -3.7594 25.8012
v  16.9088 -3.7654 25.8018
v  -2.2112 -3.7592 25.8012
v  -2.2112 -3.7650 25.8018
v  -2.3301 -3.8626 25.8764
v  -2.3248 -3.8607 25.8727
v  16.9012 -3.8602 25.8710
v  16.9010 -3.8626 25.8765
v  16.9008 -3.8658 25.8806
v  -2.2776 -3.7596 25.7344
v  -2.2782 -3.7656 25.7347
v  -2.3526 -3.8626 25.8581
v  -2.3477 -3.8604 25.8568
v  -2.3508 -3.8625 25.8642
v  -2.3461 -3.8605 25.8614
v  -2.2726 -3.7587 25.7650
v  -2.2732 -3.7646 25.7659
v  -2.2776 -3.7593 25.7413
v  -2.2782 -3.7652 25.7421
v  -2.3472 -3.8624 25.8695
v  -2.3429 -3.8606 25.8656
v  -2.3417 -3.8625 25.8741
v  -2.3385 -3.8606 25.8695
v  -2.2411 -3.7590 25.7964
v  -2.2419 -3.7650 25.7970
v  -2.2593 -3.7590 25.7843
v  -2.2602 -3.7651 25.7850
v  -2.3529 -3.8626 25.8507
v  -2.3482 -3.8602 25.8469
v  -2.3590 -3.8710 25.8577
v  -2.3566 -3.8707 25.8682
v  -2.3502 -3.8706 25.8765
v  -2.3432 -3.8707 25.8808
v  -2.3344 -3.8625 25.8761
v  -2.3322 -3.8606 25.8713
v  -2.2180 -3.7592 25.8012
v  -2.2184 -3.7649 25.8018
v  -2.3341 -3.8709 25.8826
v  -2.3301 -3.8708 25.8826
v  -2.3589 -3.8706 25.8508
v  16.9008 -3.8707 25.8826
v  17.0081 -3.4593 0.1539
v  16.9876 -3.4598 0.1746
v  16.9608 -3.7212 0.1459
v  16.9823 -3.7216 0.1253
v  16.9600 -3.7331 0.1425
v  16.9587 -3.7448 0.1388
v  16.9786 -3.7450 0.1217
v  16.9804 -3.7334 0.1239
v  17.4333 -3.8936 0.0998
v  16.9486 -3.8620 0.1029
v  16.9303 -3.8735 0.1017
v  16.9372 -3.7480 0.1813
v  16.9363 -3.7533 0.1776
v  16.9435 -3.7507 0.1712
v  16.9455 -3.7421 0.1756
v  16.9514 -3.7252 0.1770
v  16.9790 -3.4623 0.2048
v  16.9518 -3.7218 0.1934
v  17.3867 -3.4267 0.1565
v  17.3861 -3.4083 0.1778
v  17.0464 -3.4087 0.1771
v  17.0459 -3.4271 0.1563
v  17.0149 -3.4150 0.1768
v  16.9976 -3.4302 0.1762
v  17.0145 -3.4395 0.1556
v  17.0248 -3.4308 0.1561
v  17.4710 -3.8936 0.1088
v  17.4918 -3.8936 0.1307
v  17.4454 -3.4603 0.1746
v  17.4245 -3.4597 0.1537
v  17.4068 -3.4313 0.1554
v  17.4172 -3.4402 0.1547
v  17.4341 -3.4308 0.1739
v  17.4164 -3.4154 0.1748
v  17.3863 -3.4015 0.2105
v  17.0466 -3.4015 0.2105
v  17.0105 -3.4092 0.2114
v  16.9905 -3.4270 0.2102
v  17.4992 -3.8936 0.1652
v  17.4538 -3.4623 0.2105
v  17.4424 -3.4270 0.2105
v  17.4224 -3.4092 0.2105
v  16.9084 -3.8936 0.0996
v  16.9270 -3.8505 0.1191
v  16.9305 -3.8506 0.1133
v  16.9375 -3.8355 0.1220
v  16.9321 -3.8397 0.1284
v  16.9215 -3.8616 0.1056
v  16.9242 -3.8644 0.1032
v  16.9387 -3.8535 0.1049
v  16.9341 -3.8513 0.1082
v  16.9084 -3.8659 0.1041
v  16.9503 -3.8363 0.1076
v  16.9428 -3.8344 0.1135
v  16.9607 -3.8112 0.1116
v  16.9488 -3.8095 0.1215
v  16.9684 -3.7859 0.1159
v  16.9525 -3.7856 0.1298
v  16.9773 -3.7553 0.1198
v  16.9579 -3.7545 0.1359
v  16.9566 -3.7619 0.1344
v  16.9749 -3.7633 0.1188
v  16.9425 -3.7608 0.1680
v  16.9360 -3.7606 0.1751
v  16.9353 -3.7670 0.1736
v  16.9419 -3.7668 0.1665
v  16.9393 -3.7925 0.1600
v  16.9322 -3.7940 0.1673
v  16.9300 -3.8199 0.1523
v  16.9371 -3.8171 0.1454
v  16.9259 -3.8422 0.1328
v  16.9143 -3.8613 0.1085
v  16.9192 -3.8601 0.1090
v  16.9186 -3.8559 0.1178
v  16.9120 -3.7535 0.1857
v  16.9130 -3.7510 0.1890
v  -2.2110 -3.7512 0.1886
v  -2.2110 -3.7545 0.1850
v  16.9091 -3.8777 0.1013
v  16.9012 -3.8777 0.1013
v  16.9019 -3.8936 0.0996
v  16.9066 -3.7938 0.1755
v  16.9089 -3.7653 0.1821
v  -2.2112 -3.7650 0.1828
v  -2.2250 -3.7990 0.1734
v  16.9046 -3.8211 0.1608
v  -2.2514 -3.8282 0.1552
v  16.9025 -3.8442 0.1390
v  -2.2836 -3.8486 0.1332
v  -2.3265 -3.8611 0.1121
v  16.9013 -3.8595 0.1132
v  -2.2794 -3.7653 0.2499
v  -2.2881 -3.7995 0.2355
v  -2.3279 -3.8485 0.1688
v  -2.3479 -3.8599 0.1277
v  -2.3462 -3.8601 0.1232
v  -2.3227 -3.8463 0.1569
v  -2.3055 -3.8276 0.2020
v  -2.3000 -3.8248 0.1855
v  -2.2872 -3.7975 0.2294
v  -2.2822 -3.7950 0.2084
v  -2.2794 -3.7649 0.2424
v  -2.2744 -3.7641 0.2181
v  -2.2726 -3.7512 0.2431
v  -2.2761 -3.7543 0.2431
v  -2.2709 -3.7537 0.2204
v  -2.2674 -3.7508 0.2218
v  -2.3430 -3.8601 0.1188
v  -2.3386 -3.8602 0.1150
v  -2.3017 -3.8452 0.1395
v  -2.3133 -3.8448 0.1471
v  -2.2744 -3.8239 0.1617
v  -2.2889 -3.8230 0.1718
v  -2.2528 -3.7949 0.1791
v  -2.2698 -3.7937 0.1911
v  -2.2424 -3.7646 0.1865
v  -2.2611 -3.7646 0.1986
v  -2.2406 -3.7543 0.1898
v  -2.2395 -3.7513 0.1930
v  -2.2566 -3.7512 0.2044
v  -2.2585 -3.7542 0.2017
v  -2.3600 -3.8781 0.1337
v  -2.3617 -3.8936 0.1316
v  -2.3511 -3.8775 0.1071
v  -2.3576 -3.8776 0.1156
v  -2.3592 -3.8936 0.1136
v  -2.3528 -3.8936 0.1055
v  -2.3437 -3.8777 0.1028
v  -2.3458 -3.8936 0.1013
v  -2.3368 -3.8936 0.0997
v  -2.3351 -3.8778 0.1012
v  17.0111 -3.7251 0.1173
v  17.0387 -3.4623 0.1449
v  16.9501 -3.7349 0.1690
v  16.9487 -3.7464 0.1617
v  17.0056 -3.7476 0.1149
v  17.0087 -3.7378 0.1160
v  17.3863 -3.4015 0.2054
v  17.0466 -3.4015 0.2053
v  17.0466 -3.4553 0.1457
v  17.3863 -3.4553 0.1457
v  17.0105 -3.4092 0.2053
v  16.9905 -3.4270 0.2055
v  17.4991 -3.8936 0.1589
v  17.4539 -3.4623 0.2051
v  17.3942 -3.4623 0.1449
v  17.4400 -3.8936 0.0997
v  17.4424 -3.4270 0.2053
v  17.4224 -3.4092 0.2052
v  16.9276 -3.8668 0.1024
v  16.9440 -3.8565 0.1035
v  16.9084 -3.8707 0.1020
v  16.9593 -3.8400 0.1052
v  16.9418 -3.8125 0.1362
v  16.9757 -3.8154 0.1078
v  16.9441 -3.7898 0.1503
v  16.9890 -3.7889 0.1106
v  16.9471 -3.7604 0.1581
v  16.9465 -3.7662 0.1566
v  16.9976 -3.7685 0.1128
v  17.0008 -3.7609 0.1136
v  16.9009 -3.8659 0.1041
v  16.9010 -3.8707 0.1020
v  -2.3571 -3.8655 0.1336
v  -2.3529 -3.8625 0.1339
v  -2.3571 -3.8656 0.1266
v  -2.3593 -3.8709 0.1269
v  -2.3568 -3.8706 0.1163
v  -2.3548 -3.8654 0.1176
v  -2.3498 -3.8653 0.1105
v  -2.3472 -3.8623 0.1150
v  -2.3508 -3.8623 0.1203
v  -2.3504 -3.8705 0.1078
v  -2.3432 -3.8706 0.1037
v  -2.3432 -3.8655 0.1061
v  -2.3347 -3.8659 0.1040
v  -2.3348 -3.8626 0.1086
v  -2.3417 -3.8624 0.1105
v  -2.3335 -3.8600 0.1130
v  -2.2880 -3.8465 0.1361
v  -2.2566 -3.8258 0.1572
v  -2.2312 -3.7970 0.1742
v  -2.2183 -3.7649 0.1829
v  -2.2181 -3.7544 0.1851
v  -2.2181 -3.7513 0.1885
v  -2.3344 -3.8708 0.1020
v  -2.3601 -3.8779 0.1264
v  -2.3616 -3.8936 0.1244
v  -2.3527 -3.8625 0.1265
v  16.9378 -3.7444 0.1861
v  16.9471 -3.7356 0.1818
v  16.9469 -3.7340 0.1935
v  16.9390 -3.7425 0.1933
v  16.9790 -3.4623 0.2103
v  16.9518 -3.7218 0.1987
v  16.9883 -3.4528 0.1754
v  17.0089 -3.4523 0.1547
v  17.0388 -3.4271 0.1563
v  17.0393 -3.4087 0.1771
v  17.0395 -3.4015 0.2105
v  16.9798 -3.4553 0.2053
v  17.0395 -3.4015 0.2053
v  17.0395 -3.4553 0.1457
v  17.4238 -3.4527 0.1544
v  17.4446 -3.4533 0.1753
v  17.3932 -3.4082 0.1779
v  17.3938 -3.4268 0.1565
v  17.4531 -3.4553 0.2105
v  17.3934 -3.4015 0.2053
v  17.4531 -3.4553 0.2053
v  17.3934 -3.4553 0.1457
v  16.9469 -3.7340 0.1987
v  16.9292 -3.7492 0.1867
v  16.9252 -3.7550 0.1828
v  16.9232 -3.7602 0.1814
v  16.9227 -3.7667 0.1799
v  16.9205 -3.7943 0.1735
v  16.9185 -3.8211 0.1588
v  16.9145 -3.8443 0.1377
v  16.9134 -3.7499 0.1938
v  -2.2110 -3.7500 0.1937
v  16.9094 -3.7594 0.1834
v  16.9164 -3.7592 0.1834
v  16.9186 -3.7543 0.1851
v  -2.2727 -3.7512 0.2502
v  -2.2676 -3.7500 0.2502
v  -2.2779 -3.7592 0.2432
v  -2.2728 -3.7585 0.2195
v  -2.2623 -3.7500 0.2240
v  -2.2676 -3.7500 0.2432
v  -2.2379 -3.7500 0.1976
v  -2.2535 -3.7500 0.2081
v  -2.2595 -3.7590 0.2001
v  -2.2411 -3.7590 0.1881
v  -2.2180 -3.7500 0.1934
v  -2.2180 -3.7592 0.1834
v  16.9297 -3.7472 0.1930
v  16.9236 -3.8499 0.1237
v  16.9197 -3.8502 0.1269
v  16.9096 -3.8443 0.1389
v  17.0124 -3.7497 0.1147
v  17.0074 -3.7633 0.1133
v  17.0156 -3.7395 0.1158
v  17.0182 -3.7259 0.1172
v  17.3870 -3.4623 0.1449
v  17.0459 -3.4623 0.1449
v  17.0043 -3.7709 0.1125
v  16.9955 -3.7916 0.1103
v  16.9819 -3.8190 0.1074
v  16.9649 -3.8444 0.1048
v  16.9297 -3.7471 0.1983
v  16.9390 -3.7425 0.1984
v  16.9798 -3.4553 0.2103
v  17.3934 -3.4015 0.2105
v  -2.3318 -3.8936 0.0996
v  -2.3304 -3.8777 0.1013
v  -2.2761 -3.7543 0.2502
v  -2.3076 -3.8300 0.2071
v  -2.3309 -3.8506 0.1731
v  -2.3484 -3.8600 0.1339
v  -2.3304 -3.8658 0.1040
v  -2.3305 -3.8626 0.1082
v  -2.3304 -3.8706 0.1020
v  -2.3593 -3.8710 0.1338
v  -2.2112 -3.7591 0.1832
v  -2.2779 -3.7595 0.2502
v  16.9200 -3.7512 0.1885
v  16.9133 -3.7500 0.1982
v  16.9205 -3.7500 0.1934
v  16.9205 -3.7500 0.1982
v  16.9158 -3.7665 0.1817
v  16.9117 -3.8214 0.1606
v  16.9137 -3.7941 0.1754
v  16.9011 -3.8626 0.1081
v  -2.2622 -3.7500 0.2502
v  -2.2618 -3.7500 0.2441
v  -2.2180 -3.7500 0.1980
v  -2.2115 -3.7500 0.1980
v  -2.2570 -3.7500 0.2271
v  -2.2361 -3.7500 0.2024
v  -2.2501 -3.7500 0.2122
v  17.4673 -3.9015 0.1149
v  17.4403 -3.9015 0.1651
v  17.4854 -3.9015 0.1340
v  17.4393 -3.9015 0.1068
v  17.4335 -3.9015 0.1069
v  17.4333 -3.9015 0.1651
v  16.9019 -3.9015 0.1068
v  16.9019 -3.9015 0.1639
v  -2.3307 -3.9015 0.1068
v  -2.3307 -3.9015 0.1306
v  17.4920 -3.9015 0.1595
v  17.4920 -3.9015 0.1652
v  -2.3369 -3.9015 0.1068
v  -2.3545 -3.9015 0.1306
v  -2.3545 -3.9015 0.1245
v  -2.3527 -3.9015 0.1166
v  -2.3483 -3.9015 0.1108
v  -2.3437 -3.9015 0.1081
v  17.4716 -3.9015 0.1078
v  17.4926 -3.9015 0.1299
v  17.5000 -3.9015 0.1652
v  16.9019 -3.9015 0.0988
v  17.4333 -3.9015 0.0989
v  -2.3625 -3.9015 0.1306
v  -2.3601 -3.9015 0.1131
v  -2.3537 -3.9015 0.1047
v  -2.3465 -3.9015 0.1005
v  -2.3377 -3.9015 0.0988
v  17.5000 -3.9015 0.1584
v  17.4403 -3.9015 0.0988
v  -2.3625 -3.9015 0.1236
v  -2.3325 -3.9015 0.0988
v  -2.3167 -3.8607 25.8727
v  -2.3214 -3.8626 25.8764
v  -2.3228 -3.8658 25.8806
v  -2.3234 -3.8708 25.8826
v  -2.3237 -3.8777 25.8833
v  -2.3254 -3.8936 25.8850
v  -2.3262 -3.9016 25.8858
v  -2.3262 -3.9016 25.8778
v  -1.8495 -3.7547 25.7123
v  -1.8511 -3.7544 25.7212
v  -1.8566 -3.7542 25.7299
v  -1.8645 -3.7546 25.7351
v  -1.8742 -3.7545 25.7371
v  -2.1889 -3.7548 25.7371
v  -2.1979 -3.7545 25.7354
v  -2.2053 -3.7543 25.7308
v  -2.2114 -3.7539 25.7225
v  -2.2135 -3.7548 25.7125
v  -2.2135 -3.7545 25.3979
v  -2.2121 -3.7543 25.3895
v  -2.2066 -3.7545 25.3807
v  -2.1982 -3.7547 25.3750
v  -2.1888 -3.7545 25.3731
v  -1.8742 -3.7545 25.3731
v  -1.8659 -3.7543 25.3745
v  -1.8566 -3.7543 25.3804
v  -1.8509 -3.7543 25.3894
v  -1.8495 -3.7546 25.3979
v  -2.0315 -3.7605 25.5553
v  -1.8504 -3.7605 25.7123
v  -1.8561 -3.7605 25.7117
v  -1.8521 -3.7605 25.7208
v  -1.8575 -3.7605 25.7187
v  -1.8575 -3.7605 25.7290
v  -1.8616 -3.7605 25.7250
v  -1.8650 -3.7605 25.7341
v  -1.8673 -3.7605 25.7288
v  -1.8743 -3.7605 25.7362
v  -1.8749 -3.7605 25.7305
v  -2.1888 -3.7605 25.7362
v  -2.1882 -3.7605 25.7305
v  -2.1975 -3.7605 25.7343
v  -2.1953 -3.7605 25.7290
v  -2.2044 -3.7605 25.7299
v  -2.2006 -3.7605 25.7257
v  -2.2104 -3.7605 25.7220
v  -2.2053 -3.7605 25.7194
v  -2.2126 -3.7605 25.7124
v  -2.2071 -3.7605 25.7115
v  -2.2129 -3.7605 25.3979
v  -2.2069 -3.7605 25.3985
v  -2.2114 -3.7605 25.3898
v  -2.2057 -3.7605 25.3920
v  -2.2060 -3.7605 25.3813
v  -2.2016 -3.7605 25.3855
v  -2.1979 -3.7605 25.3757
v  -2.1954 -3.7605 25.3813
v  -2.1887 -3.7605 25.3737
v  -2.1880 -3.7605 25.3797
v  -1.8743 -3.7605 25.3737
v  -1.8748 -3.7605 25.3797
v  -1.8662 -3.7605 25.3752
v  -1.8684 -3.7605 25.3809
v  -1.8572 -3.7605 25.3810
v  -1.8615 -3.7605 25.3854
v  -1.8517 -3.7605 25.3897
v  -1.8573 -3.7605 25.3919
v  -1.8501 -3.7605 25.3979
v  -1.8561 -3.7605 25.3985
v  17.3863 -3.4016 25.3325
v  17.0466 -3.4016 25.3325
v  17.0105 -3.4092 25.3325
v  16.9905 -3.4270 25.3325
v  17.4992 -3.8936 25.3325
v  17.4538 -3.4624 25.3325
v  17.4424 -3.4270 25.3325
v  17.4224 -3.4092 25.3325
v  16.9790 -3.4624 25.3325
v  16.9503 -3.7215 25.3325
v  17.0395 -3.4016 25.3325
v  17.4531 -3.4553 25.3325
v  16.9469 -3.7338 25.3325
v  17.3934 -3.4016 25.3325
v  16.9798 -3.4553 25.3325
v  16.9299 -3.7483 25.3325
v  16.9204 -3.7500 25.3325
v  16.9121 -3.7500 25.3325
v  16.9393 -3.7431 25.3325
v  17.4920 -3.9016 25.3325
v  17.4403 -3.9016 25.3325
v  17.4333 -3.9016 25.3325
v  16.9018 -3.8897 25.3325
v  17.5000 -3.9016 25.3325
v  -1.7892 -3.7500 25.3325
v  -1.7892 -3.7500 25.7866
v  -1.7892 -3.7500 25.7909
v  -1.7892 -3.7512 25.7960
v  -1.7892 -3.7545 25.7996
v  -1.7892 -3.7592 25.8012
v  -1.7892 -3.7650 25.8018
v  -1.7892 -3.7989 25.8111
v  -1.7892 -3.8281 25.8292
v  -1.7892 -3.9016 25.8531
v  -1.7892 -3.9016 25.8778
v  -1.7892 -3.9016 25.8858
v  -1.7892 -3.8936 25.8850
v  -1.7892 -3.8777 25.8833
v  -1.7892 -3.8708 25.8826
v  -1.7892 -3.8658 25.8806
v  -1.7892 -3.8626 25.8764
v  -1.7892 -3.8606 25.8727
v  -1.7892 -3.8485 25.8513
v  -2.2676 -3.7500 25.3296
v  -2.2727 -3.7512 25.3296
v  -2.2761 -3.7548 25.3296
v  -2.2779 -3.7595 25.3296
v  -2.2794 -3.7653 25.3296
v  -2.2881 -3.7995 25.3296
v  -2.3076 -3.8300 25.3296
v  -2.3309 -3.8506 25.3296
v  -2.3482 -3.8602 25.3296
v  -2.3529 -3.8626 25.3296
v  -2.3569 -3.8657 25.3296
v  -2.3590 -3.8707 25.3296
v  -2.3598 -3.8781 25.3296
v  -2.3614 -3.8936 25.3296
v  -2.3622 -3.9013 25.3296
v  -2.3545 -3.9016 25.3296
v  -2.3307 -3.9016 25.3325
v  -2.2618 -3.7500 25.3296
v  -2.2185 -3.7500 25.7124
v  -2.2241 -3.7500 25.7130
v  -2.2185 -3.7500 25.3979
v  -2.2245 -3.7500 25.3973
v  -2.2162 -3.7500 25.3865
v  -2.2219 -3.7500 25.3842
v  -2.2100 -3.7500 25.3770
v  -2.2144 -3.7500 25.3728
v  -2.2007 -3.7500 25.3706
v  -2.2031 -3.7500 25.3650
v  -2.1888 -3.7500 25.3681
v  -2.1894 -3.7500 25.3621
v  -1.8742 -3.7500 25.3681
v  -1.8736 -3.7500 25.3621
v  -1.8629 -3.7500 25.3704
v  -1.8606 -3.7500 25.3647
v  -1.8534 -3.7500 25.3766
v  -1.8491 -3.7500 25.3722
v  -1.8445 -3.7500 25.7124
v  -1.8385 -3.7500 25.7130
v  -1.8468 -3.7500 25.7237
v  -1.8412 -3.7500 25.7261
v  -1.8530 -3.7500 25.7332
v  -1.8486 -3.7500 25.7375
v  -1.8624 -3.7500 25.7397
v  -1.8600 -3.7500 25.7453
v  -1.8742 -3.7500 25.7421
v  -1.8736 -3.7500 25.7481
v  -1.8470 -3.7500 25.3859
v  -1.8414 -3.7500 25.3835
v  -1.8445 -3.7500 25.3979
v  -1.8385 -3.7500 25.3972
v  -2.2001 -3.7500 25.7399
v  -2.2024 -3.7500 25.7455
v  -2.2096 -3.7500 25.7337
v  -2.2138 -3.7500 25.7380
v  -2.2160 -3.7500 25.7243
v  -2.2213 -3.7500 25.7283
v  -2.1888 -3.7500 25.7421
v  -2.1893 -3.7500 25.7481
v  -1.8495 -3.7547 0.5867
v  -1.8511 -3.7543 0.5956
v  -1.8566 -3.7542 0.6042
v  -1.8645 -3.7546 0.6095
v  -1.8742 -3.7545 0.6115
v  -2.1889 -3.7547 0.6115
v  -2.1979 -3.7545 0.6098
v  -2.2053 -3.7543 0.6052
v  -2.2114 -3.7539 0.5969
v  -2.2135 -3.7547 0.5869
v  -2.2135 -3.7545 0.2722
v  -2.2121 -3.7543 0.2639
v  -2.2066 -3.7544 0.2551
v  -2.1982 -3.7547 0.2494
v  -2.1888 -3.7545 0.2475
v  -1.8742 -3.7545 0.2475
v  -1.8659 -3.7543 0.2489
v  -1.8566 -3.7543 0.2548
v  -1.8509 -3.7543 0.2638
v  -1.8495 -3.7545 0.2722
v  -1.8501 -3.7652 0.5867
v  -1.8518 -3.7648 0.5953
v  -1.8572 -3.7647 0.6036
v  -1.8648 -3.7650 0.6088
v  -1.8743 -3.7650 0.6109
v  -2.1888 -3.7652 0.6109
v  -2.1976 -3.7649 0.6090
v  -2.2047 -3.7648 0.6046
v  -2.2107 -3.7643 0.5965
v  -2.2129 -3.7652 0.5868
v  -2.2129 -3.7650 0.2723
v  -2.2114 -3.7648 0.2641
v  -2.2060 -3.7649 0.2557
v  -2.1979 -3.7652 0.2501
v  -2.1887 -3.7650 0.2481
v  -1.8743 -3.7650 0.2481
v  -1.8662 -3.7648 0.2496
v  -1.8572 -3.7647 0.2554
v  -1.8517 -3.7647 0.2640
v  -1.8501 -3.7650 0.2723
v  -1.8575 -3.7647 0.5930
v  -1.8561 -3.7651 0.5861
v  -2.0315 -3.7649 0.4296
v  -1.8616 -3.7647 0.5993
v  -1.8673 -3.7650 0.6032
v  -1.8749 -3.7650 0.6049
v  -2.1882 -3.7651 0.6049
v  -2.1953 -3.7649 0.6034
v  -2.2006 -3.7648 0.6001
v  -2.2054 -3.7643 0.5937
v  -2.2071 -3.7650 0.5858
v  -2.2069 -3.7649 0.2728
v  -2.2057 -3.7647 0.2664
v  -2.2016 -3.7649 0.2599
v  -2.1954 -3.7652 0.2557
v  -2.1880 -3.7650 0.2541
v  -1.8748 -3.7649 0.2541
v  -1.8684 -3.7647 0.2553
v  -1.8615 -3.7647 0.2597
v  -1.8573 -3.7647 0.2663
v  -1.8561 -3.7649 0.2728
v  -1.7897 -3.7500 0.6481
v  -2.2619 -3.7500 0.6547
v  -2.2676 -3.7500 0.6548
v  -2.2727 -3.7512 0.6549
v  -2.2761 -3.7543 0.6550
v  -2.2779 -3.7595 0.6550
v  -2.2794 -3.7653 0.6550
v  -2.2881 -3.7995 0.6550
v  -2.3076 -3.8299 0.6553
v  -2.3309 -3.8506 0.6556
v  -2.3484 -3.8600 0.6559
v  -2.3529 -3.8625 0.6560
v  -2.3571 -3.8655 0.6562
v  -2.3593 -3.8710 0.6568
v  -2.3600 -3.8781 0.6571
v  -2.3617 -3.8936 0.6578
v  -2.3625 -3.9015 0.6581
v  -2.3545 -3.9015 0.6577
v  -2.3307 -3.9015 0.6567
v  16.9019 -3.9015 0.7770
v  17.4333 -3.9015 0.8065
v  17.4403 -3.9015 0.8074
v  17.4920 -3.9015 0.8143
v  17.5000 -3.9015 0.8153
v  17.4992 -3.8936 0.8152
v  17.4538 -3.4623 0.8095
v  17.4531 -3.4553 0.8113
v  17.4424 -3.4270 0.8189
v  17.4224 -3.4092 0.8244
v  17.3934 -3.4015 0.8277
v  17.3863 -3.4015 0.8281
v  17.0466 -3.4015 0.8449
v  17.0395 -3.4015 0.8453
v  17.0105 -3.4092 0.8448
v  16.9905 -3.4270 0.8411
v  16.9798 -3.4553 0.8369
v  16.9790 -3.4623 0.8360
v  16.9518 -3.7218 0.8031
v  16.9469 -3.7340 0.8012
v  16.9390 -3.7425 0.7996
v  16.9297 -3.7471 0.7983
v  16.9205 -3.7500 0.7973
v  16.9133 -3.7500 0.7967
v  -1.7892 -3.9015 0.6603
v  -1.7892 -3.9015 0.1316
v  -1.7892 -3.9015 0.1068
v  -1.7892 -3.9015 0.0988
v  -1.7892 -3.8936 0.0996
v  -1.7892 -3.8777 0.1013
v  -1.7892 -3.8706 0.1020
v  -1.7892 -3.8658 0.1040
v  -1.7892 -3.8626 0.1082
v  -1.7892 -3.8610 0.1121
v  -1.7892 -3.8485 0.1333
v  -1.7892 -3.8280 0.1554
v  -1.7892 -3.7988 0.1735
v  -1.7892 -3.7650 0.1828
v  -1.7892 -3.7591 0.1832
v  -1.7892 -3.7545 0.1850
v  -1.7892 -3.7512 0.1886
v  -1.7892 -3.7500 0.1937
v  -1.7892 -3.7500 0.1980
v  -1.7892 -3.9016 25.3325
v  -1.8742 -3.7500 0.2425
v  -1.8736 -3.7500 0.2365
v  -1.8629 -3.7500 0.2447
v  -1.8605 -3.7500 0.2391
v  -1.8445 -3.7500 0.2723
v  -1.8385 -3.7500 0.2716
v  -1.8445 -3.7500 0.5867
v  -1.8385 -3.7500 0.5873
v  -1.8468 -3.7500 0.5981
v  -1.8411 -3.7500 0.6004
v  -1.8624 -3.7500 0.6141
v  -1.8600 -3.7500 0.6197
v  -1.8742 -3.7500 0.6165
v  -1.8736 -3.7500 0.6225
v  -2.1888 -3.7500 0.6165
v  -2.1893 -3.7500 0.6225
v  -2.2001 -3.7500 0.6142
v  -2.2024 -3.7500 0.6199
v  -2.2185 -3.7500 0.5867
v  -2.2245 -3.7500 0.5874
v  -2.2185 -3.7500 0.2722
v  -2.2245 -3.7500 0.2716
v  -2.2162 -3.7500 0.2608
v  -2.2219 -3.7500 0.2585
v  -2.2100 -3.7500 0.2514
v  -2.2144 -3.7500 0.2471
v  -2.2007 -3.7500 0.2450
v  -2.2031 -3.7500 0.2393
v  -2.1888 -3.7500 0.2425
v  -2.1894 -3.7500 0.2365
v  -1.8530 -3.7500 0.6076
v  -1.8486 -3.7500 0.6118
v  -2.2096 -3.7500 0.6080
v  -2.2138 -3.7500 0.6124
v  -2.2160 -3.7500 0.5987
v  -2.2216 -3.7500 0.6011
v  -1.8534 -3.7500 0.2510
v  -1.8491 -3.7500 0.2466
v  -1.8470 -3.7500 0.2603
v  -1.8414 -3.7500 0.2579
v  17.0110 -3.8708 25.8826
v  16.9011 -3.8778 25.8833
v  16.9018 -3.8936 25.8850
v  16.9958 -3.8708 25.8826
v  16.9740 -3.8707 25.8826
v  16.9204 -3.7540 25.7992
v  16.9204 -3.7510 25.7956
v  16.9204 -3.7500 25.7911
v  16.9204 -3.7500 25.7864
v  16.9203 -3.7592 25.8012
v  16.9414 -3.7640 25.8017
v  16.9297 -3.7524 25.7986
v  16.9300 -3.7497 25.7951
v  16.9301 -3.7488 25.7910
v  16.9302 -3.7488 25.7862
v  16.9291 -3.7585 25.8015
v  16.9378 -3.7495 25.7986
v  16.9393 -3.7456 25.7953
v  16.9402 -3.7437 25.7907
v  16.9402 -3.7437 25.7858
v  16.9364 -3.7565 25.8017
v  16.9451 -3.7448 25.7989
v  16.9460 -3.7399 25.7959
v  16.9479 -3.7346 25.7913
v  16.9482 -3.7342 25.7858
v  16.9419 -3.7539 25.8015
v  16.9518 -3.7218 25.7858
v  16.9445 -3.8439 25.8452
v  16.9459 -3.8389 25.8464
v  16.9385 -3.8447 25.8463
v  16.9406 -3.8228 25.8251
v  16.9345 -3.8227 25.8250
v  16.9428 -3.8191 25.8295
v  16.9618 -3.8597 25.8700
v  16.9546 -3.8602 25.8709
v  16.9629 -3.8534 25.8697
v  16.9444 -3.7918 25.8081
v  16.9386 -3.7929 25.8084
v  16.9473 -3.7642 25.8019
v  16.9475 -3.7628 25.8116
v  16.9491 -3.7490 25.8005
v  16.9518 -3.7218 25.7937
v  16.9506 -3.7333 25.7976
v  16.9497 -3.7416 25.7998
v  16.9448 -3.7896 25.8185
v  16.9587 -3.8626 25.8764
v  16.9653 -3.8658 25.8806
v  16.9971 -3.8617 25.8816
v  16.9958 -3.8797 25.8832
v  17.0116 -3.8623 25.8817
v  16.9731 -3.8572 25.8761
v  16.9828 -3.8657 25.8806
v  16.9824 -3.8593 25.8796
v  16.9720 -3.8626 25.8764
v  16.9668 -3.8613 25.8737
v  17.5186 -3.9955 25.9800
v  17.5269 -4.0038 25.9717
v  17.5351 -3.9955 25.9635
v  17.5351 -4.0029 25.9561
v  17.5269 -4.0111 25.9644
v  17.5186 -4.0194 25.9561
v  17.5113 -4.0194 25.9635
v  17.5195 -4.0111 25.9717
v  17.5113 -4.0029 25.9800
v  17.5394 -3.9926 25.9532
v  17.5394 -3.9926 25.9592
v  17.5394 -3.9986 25.9592
v  17.5394 -3.9986 25.9532
v  17.5144 -3.9926 25.9842
v  17.5144 -3.9986 25.9842
v  17.5178 -4.0021 25.9808
v  17.5359 -4.0021 25.9627
v  17.5234 -4.0076 25.9752
v  17.5269 -4.0111 25.9717
v  17.5303 -4.0076 25.9683
v  17.5084 -3.9926 25.9842
v  17.5084 -3.9986 25.9842
v  17.5178 -4.0201 25.9627
v  17.5144 -4.0236 25.9592
v  17.5144 -4.0236 25.9532
v  17.5234 -4.0146 25.9683
v  17.5084 -4.0236 25.9592
v  17.5084 -4.0236 25.9532
v  17.5394 -3.9986 0.0310
v  17.5394 -3.9926 0.0310
v  17.5144 -3.9365 25.9842
v  17.5084 -3.9365 25.9842
v  -2.4296 -4.0236 25.9592
v  -2.4296 -4.0236 25.9532
v  -2.4325 -4.0029 25.9800
v  -2.4325 -4.0194 25.9635
v  17.5186 -4.0194 0.0281
v  17.5351 -4.0029 0.0281
v  -2.4296 -3.9926 25.9842
v  -2.4296 -3.9986 25.9842
v  -2.4399 -3.9955 25.9800
v  -2.4564 -3.9955 25.9635
v  -2.4481 -4.0038 25.9717
v  -2.4564 -4.0029 25.9561
v  -2.4399 -4.0194 25.9561
v  -2.4481 -4.0111 25.9644
v  -2.4408 -4.0111 25.9717
v  -2.4606 -3.9926 25.9532
v  -2.4606 -3.9986 25.9532
v  -2.4606 -3.9986 25.9592
v  -2.4606 -3.9926 25.9592
v  -2.4391 -4.0021 25.9808
v  -2.4356 -3.9986 25.9842
v  -2.4356 -3.9926 25.9842
v  -2.4572 -4.0021 25.9627
v  -2.4516 -4.0076 25.9683
v  -2.4481 -4.0111 25.9717
v  -2.4447 -4.0076 25.9752
v  -2.4356 -4.0236 25.9532
v  -2.4356 -4.0236 25.9592
v  -2.4391 -4.0201 25.9627
v  -2.4447 -4.0146 25.9683
v  -2.4606 -3.9926 0.0310
v  -2.4606 -3.9986 0.0310
v  -2.4564 -3.9336 25.9635
v  -2.4606 -3.9365 25.9592
v  -2.4296 -3.9365 25.9842
v  -2.4356 -3.9365 25.9842
v  -2.4399 -3.9336 25.9800
v  17.5394 -3.9365 25.9532
v  17.5394 -3.9365 25.9592
v  -2.4606 -3.9365 25.9532
v  -2.4606 -3.9365 0.0310
v  17.5186 -3.9336 25.9800
v  17.5351 -3.9336 25.9635
v  17.5269 -3.9254 25.9717
v  17.5351 -3.9263 25.9561
v  17.5186 -3.9097 25.9561
v  17.5269 -3.9180 25.9644
v  17.5113 -3.9097 25.9635
v  17.5113 -3.9263 25.9800
v  17.5195 -3.9180 25.9717
v  17.5394 -3.9305 25.9532
v  17.5394 -3.9305 25.9592
v  17.5178 -3.9270 25.9808
v  17.5144 -3.9305 25.9842
v  17.5359 -3.9270 25.9627
v  17.5303 -3.9215 25.9683
v  17.5269 -3.9180 25.9717
v  17.5234 -3.9215 25.9752
v  17.5084 -3.9305 25.9842
v  17.5144 -3.9055 25.9532
v  17.5144 -3.9055 25.9592
v  17.5178 -3.9090 25.9627
v  17.5234 -3.9145 25.9683
v  17.5084 -3.9055 25.9592
v  17.5084 -3.9055 25.9532
v  17.5394 -3.9365 0.0310
v  17.5394 -3.9305 0.0310
v  -2.4296 -3.9055 25.9532
v  -2.4296 -3.9055 25.9592
v  -2.4325 -3.9097 25.9635
v  -2.4325 -3.9263 25.9800
v  -2.4296 -3.9305 25.9842
v  -2.4481 -3.9253 25.9717
v  -2.4564 -3.9263 25.9561
v  -2.4481 -3.9180 25.9644
v  -2.4399 -3.9097 25.9561
v  -2.4408 -3.9180 25.9717
v  -2.4606 -3.9305 25.9592
v  -2.4606 -3.9305 25.9532
v  -2.4356 -3.9305 25.9842
v  -2.4391 -3.9270 25.9808
v  -2.4572 -3.9270 25.9627
v  -2.4447 -3.9215 25.9752
v  -2.4481 -3.9180 25.9717
v  -2.4516 -3.9215 25.9683
v  -2.4391 -3.9090 25.9627
v  -2.4356 -3.9055 25.9592
v  -2.4356 -3.9055 25.9532
v  -2.4447 -3.9145 25.9683
v  -2.4606 -3.9305 0.0310
v  17.5084 -4.0236 0.0310
v  17.5144 -4.0236 0.0310
v  -2.4564 -4.0029 0.0281
v  17.5351 -3.9263 0.0281
v  -2.4564 -3.9263 0.0281
v  -2.4296 -3.9055 0.0310
v  -2.4356 -3.9055 0.0310
v  17.5186 -3.9955 0.0042
v  17.5351 -3.9955 0.0208
v  17.5269 -4.0038 0.0125
v  17.5269 -4.0111 0.0198
v  17.5113 -4.0194 0.0208
v  17.5113 -4.0029 0.0042
v  17.5195 -4.0111 0.0125
v  17.5394 -3.9986 0.0250
v  17.5394 -3.9926 0.0250
v  17.5178 -4.0021 0.0035
v  17.5144 -3.9986 0.0000
v  17.5144 -3.9926 0.0000
v  17.5359 -4.0021 0.0215
v  17.5303 -4.0076 0.0160
v  17.5269 -4.0111 0.0125
v  17.5234 -4.0076 0.0090
v  17.5084 -3.9926 0.0000
v  17.5084 -3.9986 0.0000
v  17.5144 -4.0236 0.0250
v  17.5178 -4.0201 0.0215
v  17.5234 -4.0146 0.0160
v  17.5084 -4.0236 0.0250
v  17.5084 -3.9365 0.0000
v  17.5144 -3.9365 0.0000
v  -2.4296 -4.0236 0.0310
v  -2.4296 -4.0236 0.0250
v  -2.4325 -4.0194 0.0208
v  -2.4325 -4.0029 0.0042
v  -2.4296 -3.9926 0.0000
v  -2.4296 -3.9986 0.0000
v  -2.4399 -3.9955 0.0042
v  -2.4481 -4.0038 0.0125
v  -2.4564 -3.9955 0.0208
v  -2.4481 -4.0111 0.0198
v  -2.4399 -4.0194 0.0281
v  -2.4408 -4.0111 0.0125
v  -2.4606 -3.9926 0.0250
v  -2.4606 -3.9986 0.0250
v  -2.4356 -3.9926 0.0000
v  -2.4356 -3.9986 0.0000
v  -2.4391 -4.0021 0.0035
v  -2.4572 -4.0021 0.0215
v  -2.4447 -4.0076 0.0090
v  -2.4481 -4.0111 0.0125
v  -2.4516 -4.0076 0.0160
v  -2.4391 -4.0201 0.0215
v  -2.4356 -4.0236 0.0250
v  -2.4356 -4.0236 0.0310
v  -2.4447 -4.0146 0.0160
v  -2.4606 -3.9365 0.0250
v  -2.4564 -3.9336 0.0208
v  -2.4356 -3.9365 0.0000
v  -2.4296 -3.9365 0.0000
v  -2.4399 -3.9336 0.0042
v  17.5394 -3.9365 0.0250
v  17.5186 -3.9336 0.0042
v  17.5269 -3.9253 0.0125
v  17.5351 -3.9336 0.0208
v  17.5269 -3.9180 0.0198
v  17.5186 -3.9097 0.0281
v  17.5113 -3.9097 0.0208
v  17.5195 -3.9180 0.0125
v  17.5113 -3.9263 0.0042
v  17.5394 -3.9305 0.0250
v  17.5144 -3.9305 0.0000
v  17.5178 -3.9270 0.0035
v  17.5359 -3.9270 0.0215
v  17.5234 -3.9215 0.0090
v  17.5269 -3.9180 0.0125
v  17.5303 -3.9215 0.0160
v  17.5084 -3.9305 0.0000
v  17.5178 -3.9090 0.0215
v  17.5144 -3.9055 0.0250
v  17.5144 -3.9055 0.0310
v  17.5234 -3.9145 0.0160
v  17.5084 -3.9055 0.0250
v  17.5084 -3.9055 0.0310
v  -2.4296 -3.9055 0.0250
v  -2.4325 -3.9263 0.0042
v  -2.4325 -3.9097 0.0208
v  -2.4296 -3.9305 0.0000
v  -2.4481 -3.9253 0.0125
v  -2.4399 -3.9097 0.0281
v  -2.4481 -3.9180 0.0198
v  -2.4408 -3.9180 0.0125
v  -2.4606 -3.9305 0.0250
v  -2.4391 -3.9270 0.0035
v  -2.4356 -3.9305 0.0000
v  -2.4572 -3.9270 0.0215
v  -2.4516 -3.9215 0.0160
v  -2.4481 -3.9180 0.0125
v  -2.4447 -3.9215 0.0090
v  -2.4356 -3.9055 0.0250
v  -2.4391 -3.9090 0.0215
v  -2.4447 -3.9145 0.0160
v  -2.5601 -3.9955 25.9800
v  -2.5519 -4.0038 25.9717
v  -2.5436 -3.9955 25.9635
v  -2.5436 -4.0029 25.9561
v  -2.5519 -4.0111 25.9644
v  -2.5601 -4.0194 25.9561
v  -2.5675 -4.0194 25.9635
v  -2.5592 -4.0111 25.9717
v  -2.5675 -4.0029 25.9800
v  -2.5394 -3.9926 25.9532
v  -2.5394 -3.9926 25.9592
v  -2.5394 -3.9986 25.9592
v  -2.5394 -3.9986 25.9532
v  -2.5644 -3.9926 25.9842
v  -2.5644 -3.9986 25.9842
v  -2.5609 -4.0021 25.9808
v  -2.5428 -4.0021 25.9627
v  -2.5553 -4.0076 25.9752
v  -2.5519 -4.0111 25.9717
v  -2.5484 -4.0076 25.9683
v  -2.5704 -3.9926 25.9842
v  -2.5704 -3.9986 25.9842
v  -2.5609 -4.0201 25.9627
v  -2.5644 -4.0236 25.9592
v  -2.5644 -4.0236 25.9532
v  -2.5553 -4.0146 25.9683
v  -2.5704 -4.0236 25.9592
v  -2.5704 -4.0236 25.9532
v  -2.5394 -3.9986 0.0310
v  -2.5394 -3.9926 0.0310
v  -2.5644 -3.9365 25.9842
v  -2.5704 -3.9365 25.9842
v  -17.5084 -4.0236 25.9592
v  -17.5084 -4.0236 25.9532
v  -17.5113 -4.0029 25.9800
v  -17.5113 -4.0194 25.9635
v  -2.5601 -4.0194 0.0281
v  -2.5436 -4.0029 0.0281
v  -17.5084 -3.9926 25.9842
v  -17.5084 -3.9986 25.9842
v  -17.5186 -3.9955 25.9800
v  -17.5351 -3.9955 25.9635
v  -17.5269 -4.0038 25.9717
v  -17.5351 -4.0029 25.9561
v  -17.5186 -4.0194 25.9561
v  -17.5269 -4.0111 25.9644
v  -17.5195 -4.0111 25.9717
v  -17.5394 -3.9926 25.9532
v  -17.5394 -3.9986 25.9532
v  -17.5394 -3.9986 25.9592
v  -17.5394 -3.9926 25.9592
v  -17.5178 -4.0021 25.9808
v  -17.5144 -3.9986 25.9842
v  -17.5144 -3.9926 25.9842
v  -17.5359 -4.0021 25.9627
v  -17.5303 -4.0076 25.9683
v  -17.5269 -4.0111 25.9717
v  -17.5234 -4.0076 25.9752
v  -17.5144 -4.0236 25.9532
v  -17.5144 -4.0236 25.9592
v  -17.5178 -4.0201 25.9627
v  -17.5234 -4.0146 25.9683
v  -17.5394 -3.9926 0.0310
v  -17.5394 -3.9986 0.0310
v  -17.5351 -3.9336 25.9635
v  -17.5394 -3.9365 25.9592
v  -17.5084 -3.9365 25.9842
v  -17.5144 -3.9365 25.9842
v  -17.5186 -3.9336 25.9800
v  -2.5394 -3.9365 25.9532
v  -2.5394 -3.9365 25.9592
v  -17.5394 -3.9365 25.9532
v  -17.5394 -3.9365 0.0310
v  -2.5601 -3.9336 25.9800
v  -2.5436 -3.9336 25.9635
v  -2.5519 -3.9253 25.9717
v  -2.5436 -3.9263 25.9561
v  -2.5601 -3.9097 25.9561
v  -2.5519 -3.9180 25.9644
v  -2.5675 -3.9097 25.9635
v  -2.5675 -3.9263 25.9800
v  -2.5592 -3.9180 25.9717
v  -2.5394 -3.9305 25.9532
v  -2.5394 -3.9305 25.9592
v  -2.5609 -3.9270 25.9808
v  -2.5644 -3.9305 25.9842
v  -2.5428 -3.9270 25.9627
v  -2.5484 -3.9215 25.9683
v  -2.5519 -3.9180 25.9717
v  -2.5553 -3.9215 25.9752
v  -2.5704 -3.9305 25.9842
v  -2.5644 -3.9055 25.9532
v  -2.5644 -3.9055 25.9592
v  -2.5609 -3.9090 25.9627
v  -2.5553 -3.9145 25.9683
v  -2.5704 -3.9055 25.9592
v  -2.5704 -3.9055 25.9532
v  -2.5394 -3.9365 0.0310
v  -2.5394 -3.9305 0.0310
v  -17.5084 -3.9055 25.9532
v  -17.5084 -3.9055 25.9592
v  -17.5113 -3.9097 25.9635
v  -17.5113 -3.9263 25.9800
v  -17.5084 -3.9305 25.9842
v  -17.5269 -3.9253 25.9717
v  -17.5351 -3.9263 25.9561
v  -17.5269 -3.9180 25.9644
v  -17.5186 -3.9097 25.9561
v  -17.5195 -3.9180 25.9717
v  -17.5394 -3.9305 25.9592
v  -17.5394 -3.9305 25.9532
v  -17.5144 -3.9305 25.9842
v  -17.5178 -3.9270 25.9808
v  -17.5359 -3.9270 25.9627
v  -17.5234 -3.9215 25.9752
v  -17.5269 -3.9180 25.9717
v  -17.5303 -3.9215 25.9683
v  -17.5178 -3.9090 25.9627
v  -17.5144 -3.9055 25.9592
v  -17.5144 -3.9055 25.9532
v  -17.5234 -3.9145 25.9683
v  -17.5394 -3.9305 0.0310
v  -2.5704 -4.0236 0.0310
v  -2.5644 -4.0236 0.0310
v  -17.5351 -4.0029 0.0281
v  -2.5436 -3.9263 0.0281
v  -17.5351 -3.9263 0.0281
v  -17.5084 -3.9055 0.0310
v  -17.5144 -3.9055 0.0310
v  -2.5601 -3.9955 0.0042
v  -2.5436 -3.9955 0.0208
v  -2.5519 -4.0038 0.0125
v  -2.5519 -4.0111 0.0198
v  -2.5675 -4.0194 0.0208
v  -2.5675 -4.0029 0.0042
v  -2.5592 -4.0111 0.0125
v  -2.5394 -3.9986 0.0250
v  -2.5394 -3.9926 0.0250
v  -2.5609 -4.0021 0.0035
v  -2.5644 -3.9986 0.0000
v  -2.5644 -3.9926 0.0000
v  -2.5428 -4.0021 0.0215
v  -2.5484 -4.0076 0.0160
v  -2.5519 -4.0111 0.0125
v  -2.5553 -4.0076 0.0090
v  -2.5704 -3.9926 0.0000
v  -2.5704 -3.9986 0.0000
v  -2.5644 -4.0236 0.0250
v  -2.5609 -4.0201 0.0215
v  -2.5553 -4.0146 0.0160
v  -2.5704 -4.0236 0.0250
v  -2.5704 -3.9365 0.0000
v  -2.5644 -3.9365 0.0000
v  -17.5084 -4.0236 0.0310
v  -17.5084 -4.0236 0.0250
v  -17.5113 -4.0194 0.0208
v  -17.5113 -4.0029 0.0042
v  -17.5084 -3.9926 0.0000
v  -17.5084 -3.9986 0.0000
v  -17.5186 -3.9955 0.0042
v  -17.5269 -4.0038 0.0125
v  -17.5351 -3.9955 0.0208
v  -17.5269 -4.0111 0.0198
v  -17.5186 -4.0194 0.0281
v  -17.5195 -4.0111 0.0125
v  -17.5394 -3.9926 0.0250
v  -17.5394 -3.9986 0.0250
v  -17.5144 -3.9926 0.0000
v  -17.5144 -3.9986 0.0000
v  -17.5178 -4.0021 0.0035
v  -17.5359 -4.0021 0.0215
v  -17.5234 -4.0076 0.0090
v  -17.5269 -4.0111 0.0125
v  -17.5303 -4.0076 0.0160
v  -17.5178 -4.0201 0.0215
v  -17.5144 -4.0236 0.0250
v  -17.5144 -4.0236 0.0310
v  -17.5234 -4.0146 0.0160
v  -17.5394 -3.9365 0.0250
v  -17.5351 -3.9336 0.0208
v  -17.5144 -3.9365 0.0000
v  -17.5084 -3.9365 0.0000
v  -17.5186 -3.9336 0.0042
v  -2.5394 -3.9365 0.0250
v  -2.5601 -3.9336 0.0042
v  -2.5519 -3.9253 0.0125
v  -2.5436 -3.9336 0.0208
v  -2.5519 -3.9180 0.0198
v  -2.5601 -3.9097 0.0281
v  -2.5675 -3.9097 0.0208
v  -2.5592 -3.9180 0.0125
v  -2.5675 -3.9263 0.0042
v  -2.5394 -3.9305 0.0250
v  -2.5644 -3.9305 0.0000
v  -2.5609 -3.9270 0.0035
v  -2.5428 -3.9270 0.0215
v  -2.5553 -3.9215 0.0090
v  -2.5519 -3.9180 0.0125
v  -2.5484 -3.9215 0.0160
v  -2.5704 -3.9305 0.0000
v  -2.5609 -3.9090 0.0215
v  -2.5644 -3.9055 0.0250
v  -2.5644 -3.9055 0.0310
v  -2.5553 -3.9145 0.0160
v  -2.5704 -3.9055 0.0250
v  -2.5704 -3.9055 0.0310
v  -17.5084 -3.9055 0.0250
v  -17.5113 -3.9263 0.0042
v  -17.5113 -3.9097 0.0208
v  -17.5084 -3.9305 0.0000
v  -17.5269 -3.9253 0.0125
v  -17.5186 -3.9097 0.0281
v  -17.5269 -3.9180 0.0198
v  -17.5195 -3.9180 0.0125
v  -17.5394 -3.9305 0.0250
v  -17.5178 -3.9270 0.0035
v  -17.5144 -3.9305 0.0000
v  -17.5359 -3.9270 0.0215
v  -17.5303 -3.9215 0.0160
v  -17.5269 -3.9180 0.0125
v  -17.5234 -3.9215 0.0090
v  -17.5144 -3.9055 0.0250
v  -17.5178 -3.9090 0.0215
v  -17.5234 -3.9145 0.0160
v  17.4166 -3.0517 25.7283
v  17.4328 -3.0517 25.7283
v  17.4328 -3.0415 25.7283
v  17.4166 -3.0415 25.7283
v  17.4091 -3.0415 25.7208
v  17.4091 -3.0592 25.7208
v  17.4016 -3.0517 0.2798
v  17.4016 -3.0517 25.7041
v  17.4016 -3.0415 25.7041
v  17.4016 -3.0415 0.2798
v  17.4016 -0.0502 0.2798
v  17.4016 -0.0502 25.7041
v  17.4091 -0.0427 25.7041
v  17.4091 -0.0427 0.2798
v  17.5047 -0.0352 25.7041
v  17.5047 -0.0352 0.2798
v  17.4917 -0.0352 0.2798
v  17.4917 -0.0352 25.7041
v  17.4166 -0.0352 0.2709
v  17.4328 -0.0352 0.2709
v  17.4328 -0.0427 0.2634
v  17.4091 -0.0427 0.2634
v  17.5122 -0.0427 25.7041
v  17.5122 -0.0427 0.2798
v  17.5197 -0.0502 0.2798
v  17.5197 -0.0502 25.7041
v  17.5197 -0.0644 25.7041
v  17.5197 -0.0644 0.2798
v  17.5197 -3.0517 0.2798
v  17.5197 -3.0517 25.7041
v  17.5122 -3.0592 25.7041
v  17.5122 -3.0592 0.2798
v  17.5047 -3.0667 0.2798
v  17.5047 -3.0667 25.7041
v  17.4917 -3.0667 25.7041
v  17.4917 -3.0667 0.2798
v  17.4166 -3.0667 0.2798
v  17.4166 -3.0667 25.7041
v  17.4091 -3.0592 25.7041
v  17.4091 -3.0592 0.2798
v  17.4166 -3.0667 25.7133
v  17.4328 -3.0667 25.7133
v  17.4328 -3.0592 25.7208
v  17.5197 -3.0517 25.7133
v  17.5197 -3.0415 25.7133
v  17.5122 -3.0415 25.7208
v  17.5122 -3.0592 25.7208
v  17.4166 -0.0502 25.7283
v  17.4328 -0.0502 25.7283
v  17.4328 -0.0427 25.7208
v  17.4091 -0.0427 25.7208
v  17.5047 -3.0667 0.2709
v  17.4917 -3.0667 0.2709
v  17.4917 -3.0592 0.2634
v  17.5122 -3.0592 0.2634
v  17.5197 -3.0517 0.2709
v  17.5122 -3.0415 0.2634
v  17.5197 -3.0415 0.2709
v  17.4166 -0.0502 0.2559
v  17.4328 -0.0502 0.2559
v  17.4328 -0.0644 0.2559
v  17.4166 -0.0644 0.2559
v  17.4091 -0.0644 0.2634
v  17.5122 -0.0427 25.7208
v  17.5047 -0.0352 25.7133
v  17.4917 -0.0352 25.7133
v  17.4917 -0.0427 25.7208
v  17.5047 -0.0502 25.7283
v  17.5047 -0.0644 25.7283
v  17.5122 -0.0644 25.7208
v  17.4016 -0.0502 25.7133
v  17.4016 -0.0644 25.7133
v  17.4091 -0.0644 25.7208
v  17.5047 -3.0517 25.7283
v  17.4917 -3.0517 25.7283
v  17.4917 -3.0592 25.7208
v  17.4091 -3.0592 0.2634
v  17.4166 -3.0517 0.2559
v  17.4328 -3.0517 0.2559
v  17.4328 -3.0592 0.2634
v  17.5047 -3.0517 0.2559
v  17.5047 -3.0415 0.2559
v  17.4166 -0.0352 25.7041
v  17.4166 -0.0352 0.2798
v  17.5122 -0.0427 0.2634
v  17.5047 -0.0502 0.2559
v  17.4917 -0.0502 0.2559
v  17.4917 -0.0427 0.2634
v  17.4016 -3.0517 0.2709
v  17.4016 -3.0415 0.2709
v  17.4091 -3.0415 0.2634
v  17.4016 -3.0517 25.7133
v  17.4016 -3.0415 25.7133
v  17.4016 -0.0502 0.2709
v  17.4016 -0.0644 0.2709
v  17.4016 -0.0644 0.2798
v  17.5047 -0.0352 0.2709
v  17.4917 -0.0352 0.2709
v  17.4166 -0.0352 25.7133
v  17.4328 -0.0352 25.7133
v  17.4328 -0.0352 25.7041
v  17.5197 -0.0502 25.7133
v  17.5197 -0.0644 25.7133
v  17.5197 -3.0415 0.2798
v  17.5047 -3.0667 25.7133
v  17.4917 -3.0667 25.7133
v  17.4166 -3.0667 0.2709
v  17.4328 -3.0667 0.2709
v  17.4328 -3.0667 0.2798
v  17.5197 -0.0502 0.2709
v  17.4917 -0.0502 25.7283
v  17.4917 -0.0644 25.7283
v  17.4166 -0.0644 25.7283
v  17.4016 -0.0644 25.7041
v  17.5197 -3.0415 25.7041
v  17.5122 -0.0644 0.2634
v  17.5197 -0.0644 0.2709
v  17.5047 -0.0644 0.2559
v  17.4917 -3.0415 0.2559
v  17.4917 -0.0644 0.2559
v  17.4166 -3.0415 0.2559
v  17.5047 -3.0415 25.7283
v  17.4917 -3.0415 25.7283
v  17.4917 -3.0517 0.2559
v  17.4328 -0.0352 0.2798
v  17.4328 -3.0667 25.7041
v  17.4328 -0.0644 25.7283
v  17.4328 -3.0415 0.2559
v  -17.5047 -3.0517 25.7283
v  -17.4885 -3.0517 25.7283
v  -17.4885 -3.0415 25.7283
v  -17.5047 -3.0415 25.7283
v  -17.5122 -3.0415 25.7208
v  -17.5122 -3.0592 25.7208
v  -17.5197 -3.0517 0.2798
v  -17.5197 -3.0517 25.7041
v  -17.5197 -3.0415 25.7041
v  -17.5197 -3.0415 0.2798
v  -17.5197 -0.0502 0.2798
v  -17.5197 -0.0502 25.7041
v  -17.5122 -0.0427 25.7041
v  -17.5122 -0.0427 0.2798
v  -17.4166 -0.0352 25.7041
v  -17.4166 -0.0352 0.2798
v  -17.4296 -0.0352 0.2798
v  -17.4296 -0.0352 25.7041
v  -17.5047 -0.0352 0.2709
v  -17.4885 -0.0352 0.2709
v  -17.4885 -0.0427 0.2634
v  -17.5122 -0.0427 0.2634
v  -17.4091 -0.0427 25.7041
v  -17.4091 -0.0427 0.2798
v  -17.4016 -0.0502 0.2798
v  -17.4016 -0.0502 25.7041
v  -17.4016 -0.0644 25.7041
v  -17.4016 -0.0644 0.2798
v  -17.4016 -3.0517 0.2798
v  -17.4016 -3.0517 25.7041
v  -17.4091 -3.0592 25.7041
v  -17.4091 -3.0592 0.2798
v  -17.4166 -3.0667 0.2798
v  -17.4166 -3.0667 25.7041
v  -17.4296 -3.0667 25.7041
v  -17.4296 -3.0667 0.2798
v  -17.5047 -3.0667 0.2798
v  -17.5047 -3.0667 25.7041
v  -17.5122 -3.0592 25.7041
v  -17.5122 -3.0592 0.2798
v  -17.5047 -3.0667 25.7133
v  -17.4885 -3.0667 25.7133
v  -17.4885 -3.0592 25.7208
v  -17.4016 -3.0517 25.7133
v  -17.4016 -3.0415 25.7133
v  -17.4091 -3.0415 25.7208
v  -17.4091 -3.0592 25.7208
v  -17.5047 -0.0502 25.7283
v  -17.4885 -0.0502 25.7283
v  -17.4885 -0.0427 25.7208
v  -17.5122 -0.0427 25.7208
v  -17.4166 -3.0667 0.2709
v  -17.4296 -3.0667 0.2709
v  -17.4296 -3.0592 0.2634
v  -17.4091 -3.0592 0.2634
v  -17.4016 -3.0517 0.2709
v  -17.4091 -3.0415 0.2634
v  -17.4016 -3.0415 0.2709
v  -17.5047 -0.0502 0.2559
v  -17.4885 -0.0502 0.2559
v  -17.4885 -0.0644 0.2559
v  -17.5047 -0.0644 0.2559
v  -17.5122 -0.0644 0.2634
v  -17.4091 -0.0427 25.7208
v  -17.4166 -0.0352 25.7133
v  -17.4296 -0.0352 25.7133
v  -17.4296 -0.0427 25.7208
v  -17.4166 -0.0502 25.7283
v  -17.4166 -0.0644 25.7283
v  -17.4091 -0.0644 25.7208
v  -17.5197 -0.0502 25.7133
v  -17.5197 -0.0644 25.7133
v  -17.5122 -0.0644 25.7208
v  -17.4166 -3.0517 25.7283
v  -17.4296 -3.0517 25.7283
v  -17.4296 -3.0592 25.7208
v  -17.5122 -3.0592 0.2634
v  -17.5047 -3.0517 0.2559
v  -17.4885 -3.0517 0.2559
v  -17.4885 -3.0592 0.2634
v  -17.4166 -3.0517 0.2559
v  -17.4166 -3.0415 0.2559
v  -17.5047 -0.0352 25.7041
v  -17.5047 -0.0352 0.2798
v  -17.4091 -0.0427 0.2634
v  -17.4166 -0.0502 0.2559
v  -17.4296 -0.0502 0.2559
v  -17.4296 -0.0427 0.2634
v  -17.5197 -3.0517 0.2709
v  -17.5197 -3.0415 0.2709
v  -17.5122 -3.0415 0.2634
v  -17.5197 -3.0517 25.7133
v  -17.5197 -3.0415 25.7133
v  -17.5197 -0.0502 0.2709
v  -17.5197 -0.0644 0.2709
v  -17.5197 -0.0644 0.2798
v  -17.4166 -0.0352 0.2709
v  -17.4296 -0.0352 0.2709
v  -17.5047 -0.0352 25.7133
v  -17.4885 -0.0352 25.7133
v  -17.4885 -0.0352 25.7041
v  -17.4016 -0.0502 25.7133
v  -17.4016 -0.0644 25.7133
v  -17.4016 -3.0415 0.2798
v  -17.4166 -3.0667 25.7133
v  -17.4296 -3.0667 25.7133
v  -17.5047 -3.0667 0.2709
v  -17.4885 -3.0667 0.2709
v  -17.4885 -3.0667 0.2798
v  -17.4016 -0.0502 0.2709
v  -17.4296 -0.0502 25.7283
v  -17.4296 -0.0644 25.7283
v  -17.5047 -0.0644 25.7283
v  -17.5197 -0.0644 25.7041
v  -17.4016 -3.0415 25.7041
v  -17.4091 -0.0644 0.2634
v  -17.4016 -0.0644 0.2709
v  -17.4166 -0.0644 0.2559
v  -17.4296 -3.0415 0.2559
v  -17.4296 -0.0644 0.2559
v  -17.5047 -3.0415 0.2559
v  -17.4166 -3.0415 25.7283
v  -17.4296 -3.0415 25.7283
v  -17.4296 -3.0517 0.2559
v  -17.4885 -0.0352 0.2798
v  -17.4885 -3.0667 25.7041
v  -17.4885 -0.0644 25.7283
v  -17.4885 -3.0415 0.2559
# 18406 vertices

o 55065
g 55065
s 32
f 1 4 3 2 
s 64
f 5 6897 6898 6 
s 2
f 7 10 9 8 
f 11 14 13 12 
s 4
f 15 18 17 16 
f 19 22 21 20 
s 16
f 23 24 21 22 
f 25 8 9 26 
s 32
f 1 26 9 10 
f 2 20 21 24 
f 3 27 17 18 
f 4 12 13 28 
s 64
f 5 28 13 14 
f 6 16 17 27 
s 2
f 7 8 6872 6887 
f 11 12 10 7 
s 4
f 15 16 6880 6889 
f 19 20 18 15 
s 16
f 23 22 6885 6891 
f 25 26 24 23 
s 32
f 2 24 26 1 
f 3 18 20 2 
f 4 28 27 3 
f 1 10 12 4 
s 64
f 6 27 28 5 
f 5 14 6877 6897 
s 1
f 29 32 31 30 
f 30 31 34 33 
f 33 34 36 35 
f 35 36 38 37 
f 37 38 40 39 
f 41 44 43 42 
f 42 43 46 45 
f 45 46 48 47 
f 47 48 50 49 
f 49 50 52 51 
f 51 52 54 53 
f 53 54 56 55 
f 55 56 58 57 
f 57 58 60 59 
f 61 64 63 62 
f 62 63 66 65 
f 65 66 68 67 
f 67 68 32 29 
f 33 70 69 30 
f 35 71 70 33 
f 35 37 71 
f 42 72 41 
f 45 73 72 42 
f 47 74 73 45 
f 53 76 75 51 
f 55 77 76 53 
f 55 57 77 
f 62 78 61 
f 65 79 78 62 
f 67 80 79 65 
f 31 32 82 81 
f 34 31 81 83 
f 36 34 83 84 
f 38 36 84 85 
f 44 40 87 86 
f 43 44 86 88 
f 46 43 88 89 
f 48 46 89 90 
f 50 48 90 91 
f 52 50 91 92 
f 54 52 92 93 
f 56 54 93 94 
f 58 56 94 95 
f 64 60 97 96 
f 63 64 96 98 
f 66 63 98 99 
f 68 66 99 100 
f 32 68 100 82 
f 82 102 101 81 
f 81 101 103 83 
f 83 103 104 84 
f 84 104 105 85 
f 85 105 106 87 
f 86 108 107 88 
f 88 107 109 89 
f 89 109 110 90 
f 90 110 111 91 
f 91 111 112 92 
f 92 112 113 93 
f 93 113 114 94 
f 94 114 115 95 
f 95 115 116 97 
f 96 118 117 98 
f 98 117 119 99 
f 99 119 120 100 
f 100 120 102 82 
f 102 122 121 101 
f 101 121 123 103 
f 103 123 124 104 
f 104 124 125 105 
f 105 125 126 106 
f 108 128 127 107 
f 107 127 129 109 
f 109 129 130 110 
f 110 130 131 111 
f 111 131 132 112 
f 112 132 133 113 
f 113 133 134 114 
f 114 134 135 115 
f 115 135 136 116 
f 118 138 137 117 
f 117 137 139 119 
f 119 139 140 120 
f 120 140 122 102 
f 121 122 142 141 
f 123 121 141 143 
f 124 123 143 144 
f 125 124 144 145 
f 128 126 147 146 
f 127 128 146 148 
f 129 127 148 149 
f 130 129 149 150 
f 131 130 150 151 
f 132 131 151 152 
f 133 132 152 153 
f 134 133 153 154 
f 135 134 154 155 
f 138 136 157 156 
f 137 138 156 158 
f 139 137 158 159 
f 140 139 159 160 
f 122 140 160 142 
f 161 163 162 
f 162 163 164 
f 164 163 165 
f 165 163 166 
f 166 163 167 
f 168 163 169 
f 169 163 170 
f 170 163 171 
f 171 163 172 
f 172 163 173 
f 173 163 174 
f 174 163 175 
f 175 163 176 
f 176 163 177 
f 178 163 179 
f 179 163 180 
f 180 163 181 
f 181 163 161 
s 4
f 182 184 183 
f 185 186 184 182 
f 187 188 186 185 
f 187 189 188 
f 190 192 191 
f 193 194 192 190 
f 195 196 194 193 
f 195 197 196 
f 198 200 199 
f 201 202 200 198 
f 203 204 202 201 
f 203 205 204 
f 206 208 207 
f 209 210 208 206 
f 211 212 210 209 
f 211 213 212 
s 1
f 59 60 64 61 
f 97 60 58 95 
f 97 116 118 96 
f 116 136 138 118 
f 177 157 155 176 
f 39 40 44 41 
f 87 40 38 85 
f 87 106 108 86 
f 106 126 128 108 
f 167 147 145 166 
f 167 163 168 
f 177 163 178 
f 214 217 216 215 
f 218 214 215 219 
f 220 221 218 219 
f 222 225 224 223 
f 226 227 225 222 
f 228 220 219 229 
f 230 228 229 231 
f 232 235 234 233 
f 236 232 233 237 
f 217 214 239 238 
f 214 218 226 239 
f 218 221 227 226 
f 235 232 241 240 
f 232 236 242 241 
f 224 225 244 243 
f 225 227 240 244 
f 227 221 235 240 
f 221 220 234 235 
f 220 228 245 234 
f 228 230 246 245 
f 141 142 161 162 
f 143 141 162 164 
f 144 143 164 165 
f 145 144 165 166 
f 146 147 167 168 
f 148 146 168 169 
f 149 148 169 170 
f 150 149 170 171 
f 151 150 171 172 
f 152 151 172 173 
f 153 152 173 174 
f 154 153 174 175 
f 155 154 175 176 
f 156 157 177 178 
f 158 156 178 179 
f 159 158 179 180 
f 160 159 180 181 
f 142 160 181 161 
f 155 157 136 135 
f 145 147 126 125 
f 69 248 247 30 
f 70 249 248 69 
f 71 250 249 70 
f 37 251 250 71 
f 41 253 252 39 
f 72 255 254 41 
f 73 256 255 72 
f 74 257 256 73 
f 75 259 258 51 
f 76 260 259 75 
f 77 261 260 76 
f 57 262 261 77 
f 61 264 263 59 
f 78 266 265 61 
f 79 267 266 78 
f 80 268 267 79 
f 29 270 269 67 
f 49 272 271 47 
f 59 263 273 57 
f 39 252 274 37 
f 51 275 272 49 
f 47 276 257 74 
f 67 277 268 80 
f 30 278 270 29 
s 2
f 279 273 263 280 
f 280 263 264 281 
s 4
f 183 265 266 182 
f 182 266 267 185 
f 185 267 268 187 
f 187 268 277 189 
s 2
f 282 269 270 283 
f 283 270 278 284 
s 4
f 191 247 248 190 
f 190 248 249 193 
f 193 249 250 195 
f 195 250 251 197 
s 2
f 285 274 252 286 
f 286 252 253 287 
s 4
f 199 254 255 198 
f 198 255 256 201 
f 201 256 257 203 
f 203 257 276 205 
s 2
f 288 271 272 289 
f 289 272 275 290 
s 4
f 207 258 259 206 
f 206 259 260 209 
f 209 260 261 211 
f 211 261 262 213 
s 2
f 279 293 292 291 
f 281 296 295 294 
s 4
f 183 297 295 296 
f 189 300 299 298 
s 2
f 282 301 299 300 
f 284 304 303 302 
s 4
f 191 305 303 304 
f 197 308 307 306 
s 2
f 285 309 307 308 
f 287 312 311 310 
s 4
f 199 313 311 312 
f 205 316 315 314 
s 2
f 288 317 315 316 
f 290 320 319 318 
s 4
f 207 321 319 320 
f 213 291 292 322 
s 1
f 216 294 295 297 
f 223 318 319 321 
f 231 298 299 301 
f 237 306 307 309 
f 238 322 292 293 
f 242 310 311 313 
f 243 314 315 317 
f 246 302 303 305 
s 2
f 280 323 293 279 
f 281 294 323 280 
s 4
f 184 324 297 183 
f 186 325 324 184 
f 188 326 325 186 
f 189 298 326 188 
s 2
f 283 327 301 282 
f 284 302 327 283 
s 4
f 192 328 305 191 
f 194 329 328 192 
f 196 330 329 194 
f 197 306 330 196 
s 2
f 286 331 309 285 
f 287 310 331 286 
s 4
f 200 332 313 199 
f 202 333 332 200 
f 204 334 333 202 
f 205 314 334 204 
s 2
f 289 335 317 288 
f 290 318 335 289 
s 4
f 208 336 321 207 
f 210 337 336 208 
f 212 338 337 210 
f 213 322 338 212 
s 1
f 216 297 324 215 
f 217 323 294 216 
f 215 324 325 219 
f 223 321 336 222 
f 224 335 318 223 
f 222 336 337 226 
f 219 325 326 229 
f 231 301 327 230 
f 229 326 298 231 
f 234 329 330 233 
f 237 309 331 236 
f 233 330 306 237 
f 238 293 323 217 
f 239 338 322 238 
f 226 337 338 239 
f 241 332 333 240 
f 242 313 332 241 
f 236 331 310 242 
f 243 317 335 224 
f 244 334 314 243 
f 240 333 334 244 
f 245 328 329 234 
f 246 305 328 245 
f 230 327 302 246 
f 247 339 30 
f 37 340 251 
f 41 341 253 
f 254 341 41 
f 258 342 51 
f 57 343 262 
f 61 344 264 
f 265 344 61 
f 269 345 67 
f 271 346 47 
f 273 343 57 
f 274 340 37 
f 51 342 275 
f 47 346 276 
f 67 345 277 
f 30 339 278 
s 2
f 279 291 343 273 
f 264 344 296 281 
s 4
f 183 296 344 265 
f 277 345 300 189 
s 2
f 282 300 345 269 
f 278 339 304 284 
s 4
f 191 304 339 247 
f 251 340 308 197 
s 2
f 285 308 340 274 
f 253 341 312 287 
s 4
f 199 312 341 254 
f 276 346 316 205 
s 2
f 288 316 346 271 
f 275 342 320 290 
s 4
f 207 320 342 258 
f 262 343 291 213 
s 1
f 347 350 349 348 
f 348 349 352 351 
f 351 352 354 353 
f 353 354 356 355 
f 355 356 358 357 
f 359 362 361 360 
f 360 361 364 363 
f 363 364 366 365 
f 365 366 368 367 
f 367 368 370 369 
f 369 370 372 371 
f 371 372 374 373 
f 373 374 376 375 
f 375 376 378 377 
f 379 382 381 380 
f 380 381 384 383 
f 383 384 386 385 
f 385 386 350 347 
f 351 388 387 348 
f 353 389 388 351 
f 353 355 389 
f 360 390 359 
f 363 391 390 360 
f 365 392 391 363 
f 371 394 393 369 
f 373 395 394 371 
f 373 375 395 
f 380 396 379 
f 383 397 396 380 
f 385 398 397 383 
f 349 350 400 399 
f 352 349 399 401 
f 354 352 401 402 
f 356 354 402 403 
f 362 358 405 404 
f 361 362 404 406 
f 364 361 406 407 
f 366 364 407 408 
f 368 366 408 409 
f 370 368 409 410 
f 372 370 410 411 
f 374 372 411 412 
f 376 374 412 413 
f 382 378 415 414 
f 381 382 414 416 
f 384 381 416 417 
f 386 384 417 418 
f 350 386 418 400 
f 400 420 419 399 
f 399 419 421 401 
f 401 421 422 402 
f 402 422 423 403 
f 403 423 424 405 
f 404 426 425 406 
f 406 425 427 407 
f 407 427 428 408 
f 408 428 429 409 
f 409 429 430 410 
f 410 430 431 411 
f 411 431 432 412 
f 412 432 433 413 
f 413 433 434 415 
f 414 436 435 416 
f 416 435 437 417 
f 417 437 438 418 
f 418 438 420 400 
f 420 440 439 419 
f 419 439 441 421 
f 421 441 442 422 
f 422 442 443 423 
f 423 443 444 424 
f 426 446 445 425 
f 425 445 447 427 
f 427 447 448 428 
f 428 448 449 429 
f 429 449 450 430 
f 430 450 451 431 
f 431 451 452 432 
f 432 452 453 433 
f 433 453 454 434 
f 436 456 455 435 
f 435 455 457 437 
f 437 457 458 438 
f 438 458 440 420 
f 439 440 460 459 
f 441 439 459 461 
f 442 441 461 462 
f 443 442 462 463 
f 446 444 465 464 
f 445 446 464 466 
f 447 445 466 467 
f 448 447 467 468 
f 449 448 468 469 
f 450 449 469 470 
f 451 450 470 471 
f 452 451 471 472 
f 453 452 472 473 
f 456 454 475 474 
f 455 456 474 476 
f 457 455 476 477 
f 458 457 477 478 
f 440 458 478 460 
f 479 481 480 
f 480 481 482 
f 482 481 483 
f 483 481 484 
f 484 481 485 
f 486 481 487 
f 487 481 488 
f 488 481 489 
f 489 481 490 
f 490 481 491 
f 491 481 492 
f 492 481 493 
f 493 481 494 
f 494 481 495 
f 496 481 497 
f 497 481 498 
f 498 481 499 
f 499 481 479 
s 4
f 500 502 501 
f 503 504 502 500 
f 505 506 504 503 
f 505 507 506 
f 508 510 509 
f 511 512 510 508 
f 513 514 512 511 
f 513 515 514 
f 516 518 517 
f 519 520 518 516 
f 521 522 520 519 
f 521 523 522 
f 524 526 525 
f 527 528 526 524 
f 529 530 528 527 
f 529 531 530 
s 1
f 377 378 382 379 
f 415 378 376 413 
f 415 434 436 414 
f 434 454 456 436 
f 495 475 473 494 
f 357 358 362 359 
f 405 358 356 403 
f 405 424 426 404 
f 424 444 446 426 
f 485 465 463 484 
f 485 481 486 
f 495 481 496 
f 532 535 534 533 
f 536 532 533 537 
f 538 539 536 537 
f 540 543 542 541 
f 544 545 543 540 
f 546 538 537 547 
f 548 546 547 549 
f 550 553 552 551 
f 554 550 551 555 
f 535 532 557 556 
f 532 536 544 557 
f 536 539 545 544 
f 553 550 559 558 
f 550 554 560 559 
f 542 543 562 561 
f 543 545 558 562 
f 545 539 553 558 
f 539 538 552 553 
f 538 546 563 552 
f 546 548 564 563 
f 459 460 479 480 
f 461 459 480 482 
f 462 461 482 483 
f 463 462 483 484 
f 464 465 485 486 
f 466 464 486 487 
f 467 466 487 488 
f 468 467 488 489 
f 469 468 489 490 
f 470 469 490 491 
f 471 470 491 492 
f 472 471 492 493 
f 473 472 493 494 
f 474 475 495 496 
f 476 474 496 497 
f 477 476 497 498 
f 478 477 498 499 
f 460 478 499 479 
f 473 475 454 453 
f 463 465 444 443 
f 387 566 565 348 
f 388 567 566 387 
f 389 568 567 388 
f 355 569 568 389 
f 359 571 570 357 
f 390 573 572 359 
f 391 574 573 390 
f 392 575 574 391 
f 393 577 576 369 
f 394 578 577 393 
f 395 579 578 394 
f 375 580 579 395 
f 379 582 581 377 
f 396 584 583 379 
f 397 585 584 396 
f 398 586 585 397 
f 347 588 587 385 
f 367 590 589 365 
f 377 581 591 375 
f 357 570 592 355 
f 369 593 590 367 
f 365 594 575 392 
f 385 595 586 398 
f 348 596 588 347 
s 2
f 597 591 581 598 
f 598 581 582 599 
s 4
f 501 583 584 500 
f 500 584 585 503 
f 503 585 586 505 
f 505 586 595 507 
s 2
f 600 587 588 601 
f 601 588 596 602 
s 4
f 509 565 566 508 
f 508 566 567 511 
f 511 567 568 513 
f 513 568 569 515 
s 2
f 603 592 570 604 
f 604 570 571 605 
s 4
f 517 572 573 516 
f 516 573 574 519 
f 519 574 575 521 
f 521 575 594 523 
s 2
f 606 589 590 607 
f 607 590 593 608 
s 4
f 525 576 577 524 
f 524 577 578 527 
f 527 578 579 529 
f 529 579 580 531 
s 2
f 597 611 610 609 
f 599 614 613 612 
s 4
f 501 615 613 614 
f 507 618 617 616 
s 2
f 600 619 617 618 
f 602 622 621 620 
s 4
f 509 623 621 622 
f 515 626 625 624 
s 2
f 603 627 625 626 
f 605 630 629 628 
s 4
f 517 631 629 630 
f 523 634 633 632 
s 2
f 606 635 633 634 
f 608 638 637 636 
s 4
f 525 639 637 638 
f 531 609 610 640 
s 1
f 534 612 613 615 
f 541 636 637 639 
f 549 616 617 619 
f 555 624 625 627 
f 556 640 610 611 
f 560 628 629 631 
f 561 632 633 635 
f 564 620 621 623 
s 2
f 598 641 611 597 
f 599 612 641 598 
s 4
f 502 642 615 501 
f 504 643 642 502 
f 506 644 643 504 
f 507 616 644 506 
s 2
f 601 645 619 600 
f 602 620 645 601 
s 4
f 510 646 623 509 
f 512 647 646 510 
f 514 648 647 512 
f 515 624 648 514 
s 2
f 604 649 627 603 
f 605 628 649 604 
s 4
f 518 650 631 517 
f 520 651 650 518 
f 522 652 651 520 
f 523 632 652 522 
s 2
f 607 653 635 606 
f 608 636 653 607 
s 4
f 526 654 639 525 
f 528 655 654 526 
f 530 656 655 528 
f 531 640 656 530 
s 1
f 534 615 642 533 
f 535 641 612 534 
f 533 642 643 537 
f 541 639 654 540 
f 542 653 636 541 
f 540 654 655 544 
f 537 643 644 547 
f 549 619 645 548 
f 547 644 616 549 
f 552 647 648 551 
f 555 627 649 554 
f 551 648 624 555 
f 556 611 641 535 
f 557 656 640 556 
f 544 655 656 557 
f 559 650 651 558 
f 560 631 650 559 
f 554 649 628 560 
f 561 635 653 542 
f 562 652 632 561 
f 558 651 652 562 
f 563 646 647 552 
f 564 623 646 563 
f 548 645 620 564 
f 565 657 348 
f 355 658 569 
f 359 659 571 
f 572 659 359 
f 576 660 369 
f 375 661 580 
f 379 662 582 
f 583 662 379 
f 587 663 385 
f 589 664 365 
f 591 661 375 
f 592 658 355 
f 369 660 593 
f 365 664 594 
f 385 663 595 
f 348 657 596 
s 2
f 597 609 661 591 
f 582 662 614 599 
s 4
f 501 614 662 583 
f 595 663 618 507 
s 2
f 600 618 663 587 
f 596 657 622 602 
s 4
f 509 622 657 565 
f 569 658 626 515 
s 2
f 603 626 658 592 
f 571 659 630 605 
s 4
f 517 630 659 572 
f 594 664 634 523 
s 2
f 606 634 664 589 
f 593 660 638 608 
s 4
f 525 638 660 576 
f 580 661 609 531 
s 1
f 665 668 667 666 
f 666 667 670 669 
f 669 670 672 671 
f 671 672 674 673 
f 673 674 676 675 
f 677 680 679 678 
f 678 679 682 681 
f 681 682 684 683 
f 683 684 686 685 
f 685 686 688 687 
f 687 688 690 689 
f 689 690 692 691 
f 691 692 694 693 
f 693 694 696 695 
f 697 700 699 698 
f 698 699 702 701 
f 701 702 704 703 
f 703 704 668 665 
f 669 706 705 666 
f 671 707 706 669 
f 671 673 707 
f 678 708 677 
f 681 709 708 678 
f 683 710 709 681 
f 689 712 711 687 
f 691 713 712 689 
f 691 693 713 
f 698 714 697 
f 701 715 714 698 
f 703 716 715 701 
f 667 668 718 717 
f 670 667 717 719 
f 672 670 719 720 
f 674 672 720 721 
f 680 676 723 722 
f 679 680 722 724 
f 682 679 724 725 
f 684 682 725 726 
f 686 684 726 727 
f 688 686 727 728 
f 690 688 728 729 
f 692 690 729 730 
f 694 692 730 731 
f 700 696 733 732 
f 699 700 732 734 
f 702 699 734 735 
f 704 702 735 736 
f 668 704 736 718 
f 718 738 737 717 
f 717 737 739 719 
f 719 739 740 720 
f 720 740 741 721 
f 721 741 742 723 
f 722 744 743 724 
f 724 743 745 725 
f 725 745 746 726 
f 726 746 747 727 
f 727 747 748 728 
f 728 748 749 729 
f 729 749 750 730 
f 730 750 751 731 
f 731 751 752 733 
f 732 754 753 734 
f 734 753 755 735 
f 735 755 756 736 
f 736 756 738 718 
f 738 758 757 737 
f 737 757 759 739 
f 739 759 760 740 
f 740 760 761 741 
f 741 761 762 742 
f 744 764 763 743 
f 743 763 765 745 
f 745 765 766 746 
f 746 766 767 747 
f 747 767 768 748 
f 748 768 769 749 
f 749 769 770 750 
f 750 770 771 751 
f 751 771 772 752 
f 754 774 773 753 
f 753 773 775 755 
f 755 775 776 756 
f 756 776 758 738 
f 757 758 778 777 
f 759 757 777 779 
f 760 759 779 780 
f 761 760 780 781 
f 764 762 783 782 
f 763 764 782 784 
f 765 763 784 785 
f 766 765 785 786 
f 767 766 786 787 
f 768 767 787 788 
f 769 768 788 789 
f 770 769 789 790 
f 771 770 790 791 
f 774 772 793 792 
f 773 774 792 794 
f 775 773 794 795 
f 776 775 795 796 
f 758 776 796 778 
f 797 799 798 
f 798 799 800 
f 800 799 801 
f 801 799 802 
f 802 799 803 
f 804 799 805 
f 805 799 806 
f 806 799 807 
f 807 799 808 
f 808 799 809 
f 809 799 810 
f 810 799 811 
f 811 799 812 
f 812 799 813 
f 814 799 815 
f 815 799 816 
f 816 799 817 
f 817 799 797 
s 4
f 818 820 819 
f 821 822 820 818 
f 823 824 822 821 
f 823 825 824 
f 826 828 827 
f 829 830 828 826 
f 831 832 830 829 
f 831 833 832 
f 834 836 835 
f 837 838 836 834 
f 839 840 838 837 
f 839 841 840 
f 842 844 843 
f 845 846 844 842 
f 847 848 846 845 
f 847 849 848 
s 1
f 695 696 700 697 
f 733 696 694 731 
f 733 752 754 732 
f 752 772 774 754 
f 813 793 791 812 
f 675 676 680 677 
f 723 676 674 721 
f 723 742 744 722 
f 742 762 764 744 
f 803 783 781 802 
f 803 799 804 
f 813 799 814 
f 850 853 852 851 
f 854 850 851 855 
f 856 857 854 855 
f 858 861 860 859 
f 862 863 861 858 
f 864 856 855 865 
f 866 864 865 867 
f 868 871 870 869 
f 872 868 869 873 
f 853 850 875 874 
f 850 854 862 875 
f 854 857 863 862 
f 871 868 877 876 
f 868 872 878 877 
f 860 861 880 879 
f 861 863 876 880 
f 863 857 871 876 
f 857 856 870 871 
f 856 864 881 870 
f 864 866 882 881 
f 777 778 797 798 
f 779 777 798 800 
f 780 779 800 801 
f 781 780 801 802 
f 782 783 803 804 
f 784 782 804 805 
f 785 784 805 806 
f 786 785 806 807 
f 787 786 807 808 
f 788 787 808 809 
f 789 788 809 810 
f 790 789 810 811 
f 791 790 811 812 
f 792 793 813 814 
f 794 792 814 815 
f 795 794 815 816 
f 796 795 816 817 
f 778 796 817 797 
f 791 793 772 771 
f 781 783 762 761 
f 705 884 883 666 
f 706 885 884 705 
f 707 886 885 706 
f 673 887 886 707 
f 677 889 888 675 
f 708 891 890 677 
f 709 892 891 708 
f 710 893 892 709 
f 711 895 894 687 
f 712 896 895 711 
f 713 897 896 712 
f 693 898 897 713 
f 697 900 899 695 
f 714 902 901 697 
f 715 903 902 714 
f 716 904 903 715 
f 665 906 905 703 
f 685 908 907 683 
f 695 899 909 693 
f 675 888 910 673 
f 687 911 908 685 
f 683 912 893 710 
f 703 913 904 716 
f 666 914 906 665 
s 2
f 915 909 899 916 
f 916 899 900 917 
s 4
f 819 901 902 818 
f 818 902 903 821 
f 821 903 904 823 
f 823 904 913 825 
s 2
f 918 905 906 919 
f 919 906 914 920 
s 4
f 827 883 884 826 
f 826 884 885 829 
f 829 885 886 831 
f 831 886 887 833 
s 2
f 921 910 888 922 
f 922 888 889 923 
s 4
f 835 890 891 834 
f 834 891 892 837 
f 837 892 893 839 
f 839 893 912 841 
s 2
f 924 907 908 925 
f 925 908 911 926 
s 4
f 843 894 895 842 
f 842 895 896 845 
f 845 896 897 847 
f 847 897 898 849 
s 2
f 915 929 928 927 
f 917 932 931 930 
s 4
f 819 933 931 932 
f 825 936 935 934 
s 2
f 918 937 935 936 
f 920 940 939 938 
s 4
f 827 941 939 940 
f 833 944 943 942 
s 2
f 921 945 943 944 
f 923 948 947 946 
s 4
f 835 949 947 948 
f 841 952 951 950 
s 2
f 924 953 951 952 
f 926 956 955 954 
s 4
f 843 957 955 956 
f 849 927 928 958 
s 1
f 852 930 931 933 
f 859 954 955 957 
f 867 934 935 937 
f 873 942 943 945 
f 874 958 928 929 
f 878 946 947 949 
f 879 950 951 953 
f 882 938 939 941 
s 2
f 916 959 929 915 
f 917 930 959 916 
s 4
f 820 960 933 819 
f 822 961 960 820 
f 824 962 961 822 
f 825 934 962 824 
s 2
f 919 963 937 918 
f 920 938 963 919 
s 4
f 828 964 941 827 
f 830 965 964 828 
f 832 966 965 830 
f 833 942 966 832 
s 2
f 922 967 945 921 
f 923 946 967 922 
s 4
f 836 968 949 835 
f 838 969 968 836 
f 840 970 969 838 
f 841 950 970 840 
s 2
f 925 971 953 924 
f 926 954 971 925 
s 4
f 844 972 957 843 
f 846 973 972 844 
f 848 974 973 846 
f 849 958 974 848 
s 1
f 852 933 960 851 
f 853 959 930 852 
f 851 960 961 855 
f 859 957 972 858 
f 860 971 954 859 
f 858 972 973 862 
f 855 961 962 865 
f 867 937 963 866 
f 865 962 934 867 
f 870 965 966 869 
f 873 945 967 872 
f 869 966 942 873 
f 874 929 959 853 
f 875 974 958 874 
f 862 973 974 875 
f 877 968 969 876 
f 878 949 968 877 
f 872 967 946 878 
f 879 953 971 860 
f 880 970 950 879 
f 876 969 970 880 
f 881 964 965 870 
f 882 941 964 881 
f 866 963 938 882 
f 883 975 666 
f 673 976 887 
f 677 977 889 
f 890 977 677 
f 894 978 687 
f 693 979 898 
f 697 980 900 
f 901 980 697 
f 905 981 703 
f 907 982 683 
f 909 979 693 
f 910 976 673 
f 687 978 911 
f 683 982 912 
f 703 981 913 
f 666 975 914 
s 2
f 915 927 979 909 
f 900 980 932 917 
s 4
f 819 932 980 901 
f 913 981 936 825 
s 2
f 918 936 981 905 
f 914 975 940 920 
s 4
f 827 940 975 883 
f 887 976 944 833 
s 2
f 921 944 976 910 
f 889 977 948 923 
s 4
f 835 948 977 890 
f 912 982 952 841 
s 2
f 924 952 982 907 
f 911 978 956 926 
s 4
f 843 956 978 894 
f 898 979 927 849 
s 1
f 983 986 985 984 
f 984 985 988 987 
f 987 988 990 989 
f 989 990 992 991 
f 991 992 994 993 
f 995 998 997 996 
f 996 997 1000 999 
f 999 1000 1002 1001 
f 1001 1002 1004 1003 
f 1003 1004 1006 1005 
f 1005 1006 1008 1007 
f 1007 1008 1010 1009 
f 1009 1010 1012 1011 
f 1011 1012 1014 1013 
f 1015 1018 1017 1016 
f 1016 1017 1020 1019 
f 1019 1020 1022 1021 
f 1021 1022 986 983 
f 987 1024 1023 984 
f 989 1025 1024 987 
f 989 991 1025 
f 996 1026 995 
f 999 1027 1026 996 
f 1001 1028 1027 999 
f 1007 1030 1029 1005 
f 1009 1031 1030 1007 
f 1009 1011 1031 
f 1016 1032 1015 
f 1019 1033 1032 1016 
f 1021 1034 1033 1019 
f 985 986 1036 1035 
f 988 985 1035 1037 
f 990 988 1037 1038 
f 992 990 1038 1039 
f 998 994 1041 1040 
f 997 998 1040 1042 
f 1000 997 1042 1043 
f 1002 1000 1043 1044 
f 1004 1002 1044 1045 
f 1006 1004 1045 1046 
f 1008 1006 1046 1047 
f 1010 1008 1047 1048 
f 1012 1010 1048 1049 
f 1018 1014 1051 1050 
f 1017 1018 1050 1052 
f 1020 1017 1052 1053 
f 1022 1020 1053 1054 
f 986 1022 1054 1036 
f 1036 1056 1055 1035 
f 1035 1055 1057 1037 
f 1037 1057 1058 1038 
f 1038 1058 1059 1039 
f 1039 1059 1060 1041 
f 1040 1062 1061 1042 
f 1042 1061 1063 1043 
f 1043 1063 1064 1044 
f 1044 1064 1065 1045 
f 1045 1065 1066 1046 
f 1046 1066 1067 1047 
f 1047 1067 1068 1048 
f 1048 1068 1069 1049 
f 1049 1069 1070 1051 
f 1050 1072 1071 1052 
f 1052 1071 1073 1053 
f 1053 1073 1074 1054 
f 1054 1074 1056 1036 
f 1056 1076 1075 1055 
f 1055 1075 1077 1057 
f 1057 1077 1078 1058 
f 1058 1078 1079 1059 
f 1059 1079 1080 1060 
f 1062 1082 1081 1061 
f 1061 1081 1083 1063 
f 1063 1083 1084 1064 
f 1064 1084 1085 1065 
f 1065 1085 1086 1066 
f 1066 1086 1087 1067 
f 1067 1087 1088 1068 
f 1068 1088 1089 1069 
f 1069 1089 1090 1070 
f 1072 1092 1091 1071 
f 1071 1091 1093 1073 
f 1073 1093 1094 1074 
f 1074 1094 1076 1056 
f 1075 1076 1096 1095 
f 1077 1075 1095 1097 
f 1078 1077 1097 1098 
f 1079 1078 1098 1099 
f 1082 1080 1101 1100 
f 1081 1082 1100 1102 
f 1083 1081 1102 1103 
f 1084 1083 1103 1104 
f 1085 1084 1104 1105 
f 1086 1085 1105 1106 
f 1087 1086 1106 1107 
f 1088 1087 1107 1108 
f 1089 1088 1108 1109 
f 1092 1090 1111 1110 
f 1091 1092 1110 1112 
f 1093 1091 1112 1113 
f 1094 1093 1113 1114 
f 1076 1094 1114 1096 
f 1115 1117 1116 
f 1116 1117 1118 
f 1118 1117 1119 
f 1119 1117 1120 
f 1120 1117 1121 
f 1122 1117 1123 
f 1123 1117 1124 
f 1124 1117 1125 
f 1125 1117 1126 
f 1126 1117 1127 
f 1127 1117 1128 
f 1128 1117 1129 
f 1129 1117 1130 
f 1130 1117 1131 
f 1132 1117 1133 
f 1133 1117 1134 
f 1134 1117 1135 
f 1135 1117 1115 
s 4
f 1136 1138 1137 
f 1139 1140 1138 1136 
f 1141 1142 1140 1139 
f 1141 1143 1142 
f 1144 1146 1145 
f 1147 1148 1146 1144 
f 1149 1150 1148 1147 
f 1149 1151 1150 
f 1152 1154 1153 
f 1155 1156 1154 1152 
f 1157 1158 1156 1155 
f 1157 1159 1158 
f 1160 1162 1161 
f 1163 1164 1162 1160 
f 1165 1166 1164 1163 
f 1165 1167 1166 
s 1
f 1013 1014 1018 1015 
f 1051 1014 1012 1049 
f 1051 1070 1072 1050 
f 1070 1090 1092 1072 
f 1131 1111 1109 1130 
f 993 994 998 995 
f 1041 994 992 1039 
f 1041 1060 1062 1040 
f 1060 1080 1082 1062 
f 1121 1101 1099 1120 
f 1121 1117 1122 
f 1131 1117 1132 
f 1168 1171 1170 1169 
f 1172 1168 1169 1173 
f 1174 1175 1172 1173 
f 1176 1179 1178 1177 
f 1180 1181 1179 1176 
f 1182 1174 1173 1183 
f 1184 1182 1183 1185 
f 1186 1189 1188 1187 
f 1190 1186 1187 1191 
f 1171 1168 1193 1192 
f 1168 1172 1180 1193 
f 1172 1175 1181 1180 
f 1189 1186 1195 1194 
f 1186 1190 1196 1195 
f 1178 1179 1198 1197 
f 1179 1181 1194 1198 
f 1181 1175 1189 1194 
f 1175 1174 1188 1189 
f 1174 1182 1199 1188 
f 1182 1184 1200 1199 
f 1095 1096 1115 1116 
f 1097 1095 1116 1118 
f 1098 1097 1118 1119 
f 1099 1098 1119 1120 
f 1100 1101 1121 1122 
f 1102 1100 1122 1123 
f 1103 1102 1123 1124 
f 1104 1103 1124 1125 
f 1105 1104 1125 1126 
f 1106 1105 1126 1127 
f 1107 1106 1127 1128 
f 1108 1107 1128 1129 
f 1109 1108 1129 1130 
f 1110 1111 1131 1132 
f 1112 1110 1132 1133 
f 1113 1112 1133 1134 
f 1114 1113 1134 1135 
f 1096 1114 1135 1115 
f 1109 1111 1090 1089 
f 1099 1101 1080 1079 
f 1023 1202 1201 984 
f 1024 1203 1202 1023 
f 1025 1204 1203 1024 
f 991 1205 1204 1025 
f 995 1207 1206 993 
f 1026 1209 1208 995 
f 1027 1210 1209 1026 
f 1028 1211 1210 1027 
f 1029 1213 1212 1005 
f 1030 1214 1213 1029 
f 1031 1215 1214 1030 
f 1011 1216 1215 1031 
f 1015 1218 1217 1013 
f 1032 1220 1219 1015 
f 1033 1221 1220 1032 
f 1034 1222 1221 1033 
f 983 1224 1223 1021 
f 1003 1226 1225 1001 
f 1013 1217 1227 1011 
f 993 1206 1228 991 
f 1005 1229 1226 1003 
f 1001 1230 1211 1028 
f 1021 1231 1222 1034 
f 984 1232 1224 983 
s 2
f 1233 1227 1217 1234 
f 1234 1217 1218 1235 
s 4
f 1137 1219 1220 1136 
f 1136 1220 1221 1139 
f 1139 1221 1222 1141 
f 1141 1222 1231 1143 
s 2
f 1236 1223 1224 1237 
f 1237 1224 1232 1238 
s 4
f 1145 1201 1202 1144 
f 1144 1202 1203 1147 
f 1147 1203 1204 1149 
f 1149 1204 1205 1151 
s 2
f 1239 1228 1206 1240 
f 1240 1206 1207 1241 
s 4
f 1153 1208 1209 1152 
f 1152 1209 1210 1155 
f 1155 1210 1211 1157 
f 1157 1211 1230 1159 
s 2
f 1242 1225 1226 1243 
f 1243 1226 1229 1244 
s 4
f 1161 1212 1213 1160 
f 1160 1213 1214 1163 
f 1163 1214 1215 1165 
f 1165 1215 1216 1167 
s 2
f 1233 1247 1246 1245 
f 1235 1250 1249 1248 
s 4
f 1137 1251 1249 1250 
f 1143 1254 1253 1252 
s 2
f 1236 1255 1253 1254 
f 1238 1258 1257 1256 
s 4
f 1145 1259 1257 1258 
f 1151 1262 1261 1260 
s 2
f 1239 1263 1261 1262 
f 1241 1266 1265 1264 
s 4
f 1153 1267 1265 1266 
f 1159 1270 1269 1268 
s 2
f 1242 1271 1269 1270 
f 1244 1274 1273 1272 
s 4
f 1161 1275 1273 1274 
f 1167 1245 1246 1276 
s 1
f 1170 1248 1249 1251 
f 1177 1272 1273 1275 
f 1185 1252 1253 1255 
f 1191 1260 1261 1263 
f 1192 1276 1246 1247 
f 1196 1264 1265 1267 
f 1197 1268 1269 1271 
f 1200 1256 1257 1259 
s 2
f 1234 1277 1247 1233 
f 1235 1248 1277 1234 
s 4
f 1138 1278 1251 1137 
f 1140 1279 1278 1138 
f 1142 1280 1279 1140 
f 1143 1252 1280 1142 
s 2
f 1237 1281 1255 1236 
f 1238 1256 1281 1237 
s 4
f 1146 1282 1259 1145 
f 1148 1283 1282 1146 
f 1150 1284 1283 1148 
f 1151 1260 1284 1150 
s 2
f 1240 1285 1263 1239 
f 1241 1264 1285 1240 
s 4
f 1154 1286 1267 1153 
f 1156 1287 1286 1154 
f 1158 1288 1287 1156 
f 1159 1268 1288 1158 
s 2
f 1243 1289 1271 1242 
f 1244 1272 1289 1243 
s 4
f 1162 1290 1275 1161 
f 1164 1291 1290 1162 
f 1166 1292 1291 1164 
f 1167 1276 1292 1166 
s 1
f 1170 1251 1278 1169 
f 1171 1277 1248 1170 
f 1169 1278 1279 1173 
f 1177 1275 1290 1176 
f 1178 1289 1272 1177 
f 1176 1290 1291 1180 
f 1173 1279 1280 1183 
f 1185 1255 1281 1184 
f 1183 1280 1252 1185 
f 1188 1283 1284 1187 
f 1191 1263 1285 1190 
f 1187 1284 1260 1191 
f 1192 1247 1277 1171 
f 1193 1292 1276 1192 
f 1180 1291 1292 1193 
f 1195 1286 1287 1194 
f 1196 1267 1286 1195 
f 1190 1285 1264 1196 
f 1197 1271 1289 1178 
f 1198 1288 1268 1197 
f 1194 1287 1288 1198 
f 1199 1282 1283 1188 
f 1200 1259 1282 1199 
f 1184 1281 1256 1200 
f 1201 1293 984 
f 991 1294 1205 
f 995 1295 1207 
f 1208 1295 995 
f 1212 1296 1005 
f 1011 1297 1216 
f 1015 1298 1218 
f 1219 1298 1015 
f 1223 1299 1021 
f 1225 1300 1001 
f 1227 1297 1011 
f 1228 1294 991 
f 1005 1296 1229 
f 1001 1300 1230 
f 1021 1299 1231 
f 984 1293 1232 
s 2
f 1233 1245 1297 1227 
f 1218 1298 1250 1235 
s 4
f 1137 1250 1298 1219 
f 1231 1299 1254 1143 
s 2
f 1236 1254 1299 1223 
f 1232 1293 1258 1238 
s 4
f 1145 1258 1293 1201 
f 1205 1294 1262 1151 
s 2
f 1239 1262 1294 1228 
f 1207 1295 1266 1241 
s 4
f 1153 1266 1295 1208 
f 1230 1300 1270 1159 
s 2
f 1242 1270 1300 1225 
f 1229 1296 1274 1244 
s 4
f 1161 1274 1296 1212 
f 1216 1297 1245 1167 
s 1
f 1301 1303 1302 
f 1302 1303 1304 
f 1304 1303 1305 
f 1305 1303 1306 
f 1306 1303 1307 
f 1307 1303 1308 
f 1308 1303 1309 
f 1309 1303 1310 
f 1310 1303 1311 
f 1311 1303 1312 
f 1312 1303 1313 
f 1313 1303 1314 
f 1314 1303 1315 
f 1315 1303 1316 
f 1316 1303 1317 
f 1317 1303 1301 
s 2
f 1318 1321 1320 1319 
f 1319 1320 1323 1322 
f 1322 1323 1325 1324 
f 1326 1327 1321 1318 
f 1324 1325 1329 1328 
f 1330 1331 1327 1326 
f 1328 1329 1333 1332 
f 1334 1335 1331 1330 
f 1332 1333 1337 1336 
f 1338 1339 1335 1334 
f 1336 1337 1341 1340 
f 1342 1343 1339 1338 
f 1340 1341 1345 1344 
f 1344 1345 1347 1346 
f 1348 1349 1343 1342 
f 1346 1347 1349 1348 
s 1
f 1302 1351 1350 1301 
f 1304 1352 1351 1302 
f 1305 1353 1352 1304 
f 1306 1354 1353 1305 
f 1307 1355 1354 1306 
f 1308 1356 1355 1307 
f 1309 1357 1356 1308 
f 1310 1358 1357 1309 
f 1311 1359 1358 1310 
f 1312 1360 1359 1311 
f 1313 1361 1360 1312 
f 1314 1362 1361 1313 
f 1315 1363 1362 1314 
f 1316 1364 1363 1315 
f 1317 1365 1364 1316 
f 1301 1350 1365 1317 
s 2
f 1319 1350 1351 1318 
f 1322 1365 1350 1319 
f 1324 1364 1365 1322 
f 1318 1351 1352 1326 
f 1328 1363 1364 1324 
f 1326 1352 1353 1330 
f 1332 1362 1363 1328 
f 1330 1353 1354 1334 
f 1336 1361 1362 1332 
f 1334 1354 1355 1338 
f 1340 1360 1361 1336 
f 1338 1355 1356 1342 
f 1344 1359 1360 1340 
f 1346 1358 1359 1344 
f 1342 1356 1357 1348 
f 1348 1357 1358 1346 
s 1
f 1366 1368 1367 
f 1367 1368 1369 
f 1369 1368 1370 
f 1370 1368 1371 
f 1371 1368 1372 
f 1372 1368 1373 
f 1373 1368 1374 
f 1374 1368 1375 
f 1375 1368 1376 
f 1376 1368 1377 
f 1377 1368 1378 
f 1378 1368 1379 
f 1379 1368 1380 
f 1380 1368 1381 
f 1381 1368 1382 
f 1382 1368 1366 
s 2
f 1383 1386 1385 1384 
f 1384 1385 1388 1387 
f 1387 1388 1390 1389 
f 1391 1392 1386 1383 
f 1389 1390 1394 1393 
f 1395 1396 1392 1391 
f 1393 1394 1398 1397 
f 1399 1400 1396 1395 
f 1397 1398 1402 1401 
f 1403 1404 1400 1399 
f 1401 1402 1406 1405 
f 1407 1408 1404 1403 
f 1405 1406 1410 1409 
f 1409 1410 1412 1411 
f 1413 1414 1408 1407 
f 1411 1412 1414 1413 
s 1
f 1367 1416 1415 1366 
f 1369 1417 1416 1367 
f 1370 1418 1417 1369 
f 1371 1419 1418 1370 
f 1372 1420 1419 1371 
f 1373 1421 1420 1372 
f 1374 1422 1421 1373 
f 1375 1423 1422 1374 
f 1376 1424 1423 1375 
f 1377 1425 1424 1376 
f 1378 1426 1425 1377 
f 1379 1427 1426 1378 
f 1380 1428 1427 1379 
f 1381 1429 1428 1380 
f 1382 1430 1429 1381 
f 1366 1415 1430 1382 
s 2
f 1384 1415 1416 1383 
f 1387 1430 1415 1384 
f 1389 1429 1430 1387 
f 1383 1416 1417 1391 
f 1393 1428 1429 1389 
f 1391 1417 1418 1395 
f 1397 1427 1428 1393 
f 1395 1418 1419 1399 
f 1401 1426 1427 1397 
f 1399 1419 1420 1403 
f 1405 1425 1426 1401 
f 1403 1420 1421 1407 
f 1409 1424 1425 1405 
f 1411 1423 1424 1409 
f 1407 1421 1422 1413 
f 1413 1422 1423 1411 
s 1
f 1431 1433 1432 
f 1432 1433 1434 
f 1434 1433 1435 
f 1435 1433 1436 
f 1436 1433 1437 
f 1437 1433 1438 
f 1438 1433 1439 
f 1439 1433 1440 
f 1440 1433 1441 
f 1441 1433 1442 
f 1442 1433 1443 
f 1443 1433 1444 
f 1444 1433 1445 
f 1445 1433 1446 
f 1446 1433 1447 
f 1447 1433 1431 
s 2
f 1448 1451 1450 1449 
f 1449 1450 1453 1452 
f 1452 1453 1455 1454 
f 1456 1457 1451 1448 
f 1454 1455 1459 1458 
f 1460 1461 1457 1456 
f 1458 1459 1463 1462 
f 1464 1465 1461 1460 
f 1462 1463 1467 1466 
f 1468 1469 1465 1464 
f 1466 1467 1471 1470 
f 1472 1473 1469 1468 
f 1470 1471 1475 1474 
f 1474 1475 1477 1476 
f 1478 1479 1473 1472 
f 1476 1477 1479 1478 
s 1
f 1432 1481 1480 1431 
f 1434 1482 1481 1432 
f 1435 1483 1482 1434 
f 1436 1484 1483 1435 
f 1437 1485 1484 1436 
f 1438 1486 1485 1437 
f 1439 1487 1486 1438 
f 1440 1488 1487 1439 
f 1441 1489 1488 1440 
f 1442 1490 1489 1441 
f 1443 1491 1490 1442 
f 1444 1492 1491 1443 
f 1445 1493 1492 1444 
f 1446 1494 1493 1445 
f 1447 1495 1494 1446 
f 1431 1480 1495 1447 
s 2
f 1449 1480 1481 1448 
f 1452 1495 1480 1449 
f 1454 1494 1495 1452 
f 1448 1481 1482 1456 
f 1458 1493 1494 1454 
f 1456 1482 1483 1460 
f 1462 1492 1493 1458 
f 1460 1483 1484 1464 
f 1466 1491 1492 1462 
f 1464 1484 1485 1468 
f 1470 1490 1491 1466 
f 1468 1485 1486 1472 
f 1474 1489 1490 1470 
f 1476 1488 1489 1474 
f 1472 1486 1487 1478 
f 1478 1487 1488 1476 
s 1
f 1496 1498 1497 
f 1497 1498 1499 
f 1499 1498 1500 
f 1500 1498 1501 
f 1501 1498 1502 
f 1502 1498 1503 
f 1503 1498 1504 
f 1504 1498 1505 
f 1505 1498 1506 
f 1506 1498 1507 
f 1507 1498 1508 
f 1508 1498 1509 
f 1509 1498 1510 
f 1510 1498 1511 
f 1511 1498 1512 
f 1512 1498 1496 
s 2
f 1513 1516 1515 1514 
f 1514 1515 1518 1517 
f 1517 1518 1520 1519 
f 1521 1522 1516 1513 
f 1519 1520 1524 1523 
f 1525 1526 1522 1521 
f 1523 1524 1528 1527 
f 1529 1530 1526 1525 
f 1527 1528 1532 1531 
f 1533 1534 1530 1529 
f 1531 1532 1536 1535 
f 1537 1538 1534 1533 
f 1535 1536 1540 1539 
f 1539 1540 1542 1541 
f 1543 1544 1538 1537 
f 1541 1542 1544 1543 
s 1
f 1497 1546 1545 1496 
f 1499 1547 1546 1497 
f 1500 1548 1547 1499 
f 1501 1549 1548 1500 
f 1502 1550 1549 1501 
f 1503 1551 1550 1502 
f 1504 1552 1551 1503 
f 1505 1553 1552 1504 
f 1506 1554 1553 1505 
f 1507 1555 1554 1506 
f 1508 1556 1555 1507 
f 1509 1557 1556 1508 
f 1510 1558 1557 1509 
f 1511 1559 1558 1510 
f 1512 1560 1559 1511 
f 1496 1545 1560 1512 
s 2
f 1514 1545 1546 1513 
f 1517 1560 1545 1514 
f 1519 1559 1560 1517 
f 1513 1546 1547 1521 
f 1523 1558 1559 1519 
f 1521 1547 1548 1525 
f 1527 1557 1558 1523 
f 1525 1548 1549 1529 
f 1531 1556 1557 1527 
f 1529 1549 1550 1533 
f 1535 1555 1556 1531 
f 1533 1550 1551 1537 
f 1539 1554 1555 1535 
f 1541 1553 1554 1539 
f 1537 1551 1552 1543 
f 1543 1552 1553 1541 
s 1
f 1561 1564 1563 1562 
f 1565 1567 1566 1564 
f 1567 1569 1568 1566 
f 1570 1573 1572 1571 
f 1574 1577 1576 1575 
f 1578 1581 1580 1579 
f 1582 1585 1584 1583 
f 1586 1589 1588 1587 
f 1590 1593 1592 1591 
f 1594 1597 1596 1595 
f 1598 1601 1600 1599 
f 1601 1603 1602 1600 
f 1604 1607 1606 1605 
f 1608 1611 1610 1609 
f 1612 1614 1613 
f 1571 1572 1616 1615 
f 1580 1581 1618 1617 
f 1595 1596 1619 
f 1589 1582 1583 1588 
f 1607 1608 1609 1606 
f 1568 1569 1573 1570 
f 1593 1586 1587 1592 
f 1603 1604 1605 1602 
f 1620 1623 1622 1621 
f 1613 1620 1621 1612 
f 1599 1600 1625 1624 
f 1601 1598 1562 1563 
f 1600 1602 1626 1625 
f 1603 1601 1563 1627 
f 1605 1606 1629 1628 
f 1607 1604 1631 1630 
f 1609 1610 1633 1632 
f 1611 1608 1635 1634 
f 1606 1609 1632 1629 
f 1608 1607 1630 1635 
f 1602 1605 1628 1626 
f 1604 1603 1627 1631 
f 1613 1637 1636 
f 1613 1638 1637 
f 1613 1614 1638 
f 1575 1576 1578 1579 
f 1577 1574 1640 1639 
f 1583 1584 1642 1641 
f 1585 1582 1644 1643 
f 1587 1588 1646 1645 
f 1589 1586 1648 1647 
f 1591 1592 1650 1649 
f 1593 1590 1619 1596 
f 1588 1583 1641 1646 
f 1582 1589 1647 1644 
f 1592 1587 1645 1650 
f 1586 1593 1596 1648 
f 1565 1564 1651 
f 1575 1653 1652 1574 
f 1580 1655 1654 1579 
f 1595 1655 1656 1594 
f 1591 1652 1653 1590 
f 1617 1656 1655 1580 
f 1619 1654 1655 1595 
f 1579 1654 1653 1575 
f 1574 1652 1657 1640 
f 1591 1649 1657 1652 
f 1590 1653 1654 1619 
f 1596 1597 1648 
f 1644 1597 1643 
f 1647 1597 1644 
f 1648 1597 1647 
f 1658 1639 1640 1659 
f 1566 1627 1563 1564 
f 1565 1649 1650 1567 
f 1568 1631 1627 1566 
f 1567 1650 1645 1569 
f 1571 1635 1630 1570 
f 1573 1646 1641 1572 
f 1612 1626 1628 1614 
f 1615 1634 1635 1571 
f 1572 1641 1642 1616 
f 1570 1630 1631 1568 
f 1569 1645 1646 1573 
f 1622 1624 1625 1621 
f 1621 1625 1626 1612 
f 1637 1632 1633 1636 
f 1638 1629 1632 1637 
f 1614 1628 1629 1638 
f 1659 1640 1657 1651 
f 1651 1657 1649 1565 
f 1659 1661 1660 1658 
f 1662 1665 1664 1663 
f 1666 1663 1668 1667 
f 1667 1668 1670 1669 
f 1671 1674 1673 1672 
f 1675 1678 1677 1676 
f 1679 1682 1681 1680 
f 1683 1684 1584 1585 
f 1685 1688 1687 1686 
f 1689 1692 1691 1690 
f 1594 1694 1693 1597 
f 1695 1698 1697 1696 
f 1696 1697 1700 1699 
f 1701 1704 1703 1702 
f 1705 1706 1610 1611 
f 1707 1613 1708 
f 1674 1615 1616 1673 
f 1681 1617 1618 1680 
f 1694 1709 1693 
f 1686 1687 1684 1683 
f 1702 1703 1706 1705 
f 1670 1671 1672 1669 
f 1690 1691 1688 1685 
f 1699 1700 1704 1701 
f 1620 1711 1710 1623 
f 1613 1707 1711 1620 
f 1698 1713 1712 1697 
f 1696 1664 1665 1695 
f 1697 1712 1714 1700 
f 1699 1715 1664 1696 
f 1704 1717 1716 1703 
f 1702 1719 1718 1701 
f 1706 1720 1633 1610 
f 1611 1634 1721 1705 
f 1703 1716 1720 1706 
f 1705 1721 1719 1702 
f 1700 1714 1717 1704 
f 1701 1718 1715 1699 
f 1613 1636 1722 
f 1613 1722 1723 
f 1613 1723 1708 
f 1678 1682 1679 1677 
f 1676 1725 1724 1675 
f 1684 1726 1642 1584 
f 1585 1643 1727 1683 
f 1688 1729 1728 1687 
f 1686 1731 1730 1685 
f 1692 1733 1732 1691 
f 1690 1693 1709 1689 
f 1687 1728 1726 1684 
f 1683 1727 1731 1686 
f 1691 1732 1729 1688 
f 1685 1730 1693 1690 
f 1666 1734 1663 
f 1678 1675 1736 1735 
f 1681 1682 1738 1737 
f 1694 1594 1656 1737 
f 1692 1689 1735 1736 
f 1617 1681 1737 1656 
f 1709 1694 1737 1738 
f 1682 1678 1735 1738 
f 1675 1724 1739 1736 
f 1692 1736 1739 1733 
f 1689 1709 1738 1735 
f 1693 1730 1597 
f 1727 1643 1597 
f 1731 1727 1597 
f 1730 1731 1597 
f 1740 1741 1724 1725 
f 1668 1663 1664 1715 
f 1666 1667 1732 1733 
f 1670 1668 1715 1718 
f 1667 1669 1729 1732 
f 1674 1671 1719 1721 
f 1672 1673 1726 1728 
f 1707 1708 1717 1714 
f 1615 1674 1721 1634 
f 1673 1616 1642 1726 
f 1671 1670 1718 1719 
f 1669 1672 1728 1729 
f 1710 1711 1712 1713 
f 1711 1707 1714 1712 
f 1722 1636 1633 1720 
f 1723 1722 1720 1716 
f 1708 1723 1716 1717 
f 1741 1734 1739 1724 
f 1734 1666 1733 1739 
f 1663 1734 1742 1662 
f 1561 1562 1744 1743 
f 1745 1743 1747 1746 
f 1746 1747 1749 1748 
f 1750 1753 1752 1751 
f 1754 1757 1756 1755 
f 1758 1761 1760 1759 
f 1762 1765 1764 1763 
f 1766 1769 1768 1767 
f 1770 1773 1772 1771 
f 1774 1777 1776 1775 
f 1598 1599 1779 1778 
f 1778 1779 1781 1780 
f 1782 1785 1784 1783 
f 1786 1789 1788 1787 
f 1790 1792 1791 
f 1753 1794 1793 1752 
f 1760 1796 1795 1759 
f 1777 1797 1776 
f 1767 1768 1765 1762 
f 1783 1784 1789 1786 
f 1749 1750 1751 1748 
f 1771 1772 1769 1766 
f 1780 1781 1785 1782 
f 1798 1799 1622 1623 
f 1792 1790 1799 1798 
f 1599 1624 1800 1779 
f 1778 1744 1562 1598 
f 1779 1800 1801 1781 
f 1780 1802 1744 1778 
f 1785 1804 1803 1784 
f 1783 1806 1805 1782 
f 1789 1808 1807 1788 
f 1787 1810 1809 1786 
f 1784 1803 1808 1789 
f 1786 1809 1806 1783 
f 1781 1801 1804 1785 
f 1782 1805 1802 1780 
f 1792 1812 1811 
f 1792 1811 1813 
f 1792 1813 1791 
f 1757 1761 1758 1756 
f 1755 1815 1814 1754 
f 1765 1817 1816 1764 
f 1763 1819 1818 1762 
f 1769 1821 1820 1768 
f 1767 1823 1822 1766 
f 1773 1825 1824 1772 
f 1771 1776 1797 1770 
f 1768 1820 1817 1765 
f 1762 1818 1823 1767 
f 1772 1824 1821 1769 
f 1766 1822 1776 1771 
f 1745 1826 1743 
f 1757 1754 1828 1827 
f 1760 1761 1830 1829 
f 1777 1774 1831 1829 
f 1773 1770 1827 1828 
f 1796 1760 1829 1831 
f 1797 1777 1829 1830 
f 1761 1757 1827 1830 
f 1754 1814 1832 1828 
f 1773 1828 1832 1825 
f 1770 1797 1830 1827 
f 1776 1822 1775 
f 1818 1819 1775 
f 1823 1818 1775 
f 1822 1823 1775 
f 1833 1834 1814 1815 
f 1747 1743 1744 1802 
f 1745 1746 1824 1825 
f 1749 1747 1802 1805 
f 1746 1748 1821 1824 
f 1753 1750 1806 1809 
f 1751 1752 1817 1820 
f 1790 1791 1804 1801 
f 1794 1753 1809 1810 
f 1752 1793 1816 1817 
f 1750 1749 1805 1806 
f 1748 1751 1820 1821 
f 1622 1799 1800 1624 
f 1799 1790 1801 1800 
f 1811 1812 1807 1808 
f 1813 1811 1808 1803 
f 1791 1813 1803 1804 
f 1834 1826 1832 1814 
f 1826 1745 1825 1832 
f 1661 1834 1833 1660 
f 1662 1836 1835 1665 
f 1837 1839 1838 1836 
f 1839 1841 1840 1838 
f 1842 1845 1844 1843 
f 1846 1849 1848 1847 
f 1850 1853 1852 1851 
f 1854 1763 1764 1855 
f 1856 1859 1858 1857 
f 1860 1863 1862 1861 
f 1774 1775 1865 1864 
f 1695 1867 1866 1698 
f 1867 1869 1868 1866 
f 1870 1873 1872 1871 
f 1874 1787 1788 1875 
f 1876 1877 1792 
f 1843 1844 1793 1794 
f 1852 1853 1795 1796 
f 1864 1865 1878 
f 1859 1854 1855 1858 
f 1873 1874 1875 1872 
f 1840 1841 1845 1842 
f 1863 1856 1857 1862 
f 1869 1870 1871 1868 
f 1798 1623 1710 1879 
f 1792 1798 1879 1876 
f 1698 1866 1880 1713 
f 1867 1695 1665 1835 
f 1866 1868 1881 1880 
f 1869 1867 1835 1882 
f 1871 1872 1884 1883 
f 1873 1870 1886 1885 
f 1875 1788 1807 1887 
f 1787 1874 1888 1810 
f 1872 1875 1887 1884 
f 1874 1873 1885 1888 
f 1868 1871 1883 1881 
f 1870 1869 1882 1886 
f 1792 1889 1812 
f 1792 1890 1889 
f 1792 1877 1890 
f 1847 1848 1850 1851 
f 1849 1846 1892 1891 
f 1855 1764 1816 1893 
f 1763 1854 1894 1819 
f 1857 1858 1896 1895 
f 1859 1856 1898 1897 
f 1861 1862 1900 1899 
f 1863 1860 1878 1865 
f 1858 1855 1893 1896 
f 1854 1859 1897 1894 
f 1862 1857 1895 1900 
f 1856 1863 1865 1898 
f 1837 1836 1901 
f 1847 1903 1902 1846 
f 1852 1905 1904 1851 
f 1864 1905 1831 1774 
f 1861 1902 1903 1860 
f 1796 1831 1905 1852 
f 1878 1904 1905 1864 
f 1851 1904 1903 1847 
f 1846 1902 1906 1892 
f 1861 1899 1906 1902 
f 1860 1903 1904 1878 
f 1865 1775 1898 
f 1894 1775 1819 
f 1897 1775 1894 
f 1898 1775 1897 
f 1907 1891 1892 1908 
f 1838 1882 1835 1836 
f 1837 1899 1900 1839 
f 1840 1886 1882 1838 
f 1839 1900 1895 1841 
f 1843 1888 1885 1842 
f 1845 1896 1893 1844 
f 1876 1881 1883 1877 
f 1794 1810 1888 1843 
f 1844 1893 1816 1793 
f 1842 1885 1886 1840 
f 1841 1895 1896 1845 
f 1710 1713 1880 1879 
f 1879 1880 1881 1876 
f 1889 1887 1807 1812 
f 1890 1884 1887 1889 
f 1877 1883 1884 1890 
f 1908 1892 1906 1901 
f 1901 1906 1899 1837 
f 1836 1662 1742 1901 
f 1908 1910 1909 1907 
f 1910 1741 1740 1909 
f 1901 1742 1910 1908 
f 1742 1734 1741 1910 
f 1834 1661 1911 1826 
f 1661 1659 1651 1911 
f 1826 1911 1561 1743 
f 1911 1651 1564 1561 
f 1912 1915 1914 1913 
f 1916 1918 1917 1915 
f 1918 1920 1919 1917 
f 1921 1924 1923 1922 
f 1925 1928 1927 1926 
f 1929 1932 1931 1930 
f 1933 1936 1935 1934 
f 1937 1940 1939 1938 
f 1941 1944 1943 1942 
f 1945 1948 1947 1946 
f 1949 1952 1951 1950 
f 1952 1954 1953 1951 
f 1955 1958 1957 1956 
f 1959 1962 1961 1960 
f 1963 1965 1964 
f 1922 1923 1967 1966 
f 1931 1932 1969 1968 
f 1946 1947 1970 
f 1940 1933 1934 1939 
f 1958 1959 1960 1957 
f 1919 1920 1924 1921 
f 1944 1937 1938 1943 
f 1954 1955 1956 1953 
f 1971 1974 1973 1972 
f 1964 1971 1972 1963 
f 1950 1951 1976 1975 
f 1952 1949 1913 1914 
f 1951 1953 1977 1976 
f 1954 1952 1914 1978 
f 1956 1957 1980 1979 
f 1958 1955 1982 1981 
f 1960 1961 1984 1983 
f 1962 1959 1986 1985 
f 1957 1960 1983 1980 
f 1959 1958 1981 1986 
f 1953 1956 1979 1977 
f 1955 1954 1978 1982 
f 1964 1988 1987 
f 1964 1989 1988 
f 1964 1965 1989 
f 1926 1927 1929 1930 
f 1928 1925 1991 1990 
f 1934 1935 1993 1992 
f 1936 1933 1995 1994 
f 1938 1939 1997 1996 
f 1940 1937 1999 1998 
f 1942 1943 2001 2000 
f 1944 1941 1970 1947 
f 1939 1934 1992 1997 
f 1933 1940 1998 1995 
f 1943 1938 1996 2001 
f 1937 1944 1947 1999 
f 1916 1915 2002 
f 1926 2004 2003 1925 
f 1931 2006 2005 1930 
f 1946 2006 2007 1945 
f 1942 2003 2004 1941 
f 1968 2007 2006 1931 
f 1970 2005 2006 1946 
f 1930 2005 2004 1926 
f 1925 2003 2008 1991 
f 1942 2000 2008 2003 
f 1941 2004 2005 1970 
f 1947 1948 1999 
f 1995 1948 1994 
f 1998 1948 1995 
f 1999 1948 1998 
f 2009 1990 1991 2010 
f 1917 1978 1914 1915 
f 1916 2000 2001 1918 
f 1919 1982 1978 1917 
f 1918 2001 1996 1920 
f 1922 1986 1981 1921 
f 1924 1997 1992 1923 
f 1963 1977 1979 1965 
f 1966 1985 1986 1922 
f 1923 1992 1993 1967 
f 1921 1981 1982 1919 
f 1920 1996 1997 1924 
f 1973 1975 1976 1972 
f 1972 1976 1977 1963 
f 1988 1983 1984 1987 
f 1989 1980 1983 1988 
f 1965 1979 1980 1989 
f 2010 1991 2008 2002 
f 2002 2008 2000 1916 
f 2010 2012 2011 2009 
f 2013 2016 2015 2014 
f 2017 2014 2019 2018 
f 2018 2019 2021 2020 
f 2022 2025 2024 2023 
f 2026 2029 2028 2027 
f 2030 2033 2032 2031 
f 2034 2035 1935 1936 
f 2036 2039 2038 2037 
f 2040 2043 2042 2041 
f 1945 2045 2044 1948 
f 2046 2049 2048 2047 
f 2047 2048 2051 2050 
f 2052 2055 2054 2053 
f 2056 2057 1961 1962 
f 2058 1964 2059 
f 2025 1966 1967 2024 
f 2032 1968 1969 2031 
f 2045 2060 2044 
f 2037 2038 2035 2034 
f 2053 2054 2057 2056 
f 2021 2022 2023 2020 
f 2041 2042 2039 2036 
f 2050 2051 2055 2052 
f 1971 2062 2061 1974 
f 1964 2058 2062 1971 
f 2049 2064 2063 2048 
f 2047 2015 2016 2046 
f 2048 2063 2065 2051 
f 2050 2066 2015 2047 
f 2055 2068 2067 2054 
f 2053 2070 2069 2052 
f 2057 2071 1984 1961 
f 1962 1985 2072 2056 
f 2054 2067 2071 2057 
f 2056 2072 2070 2053 
f 2051 2065 2068 2055 
f 2052 2069 2066 2050 
f 1964 1987 2073 
f 1964 2073 2074 
f 1964 2074 2059 
f 2029 2033 2030 2028 
f 2027 2076 2075 2026 
f 2035 2077 1993 1935 
f 1936 1994 2078 2034 
f 2039 2080 2079 2038 
f 2037 2082 2081 2036 
f 2043 2084 2083 2042 
f 2041 2044 2060 2040 
f 2038 2079 2077 2035 
f 2034 2078 2082 2037 
f 2042 2083 2080 2039 
f 2036 2081 2044 2041 
f 2017 2085 2014 
f 2029 2026 2087 2086 
f 2032 2033 2089 2088 
f 2045 1945 2007 2088 
f 2043 2040 2086 2087 
f 1968 2032 2088 2007 
f 2060 2045 2088 2089 
f 2033 2029 2086 2089 
f 2026 2075 2090 2087 
f 2043 2087 2090 2084 
f 2040 2060 2089 2086 
f 2044 2081 1948 
f 2078 1994 1948 
f 2082 2078 1948 
f 2081 2082 1948 
f 2091 2092 2075 2076 
f 2019 2014 2015 2066 
f 2017 2018 2083 2084 
f 2021 2019 2066 2069 
f 2018 2020 2080 2083 
f 2025 2022 2070 2072 
f 2023 2024 2077 2079 
f 2058 2059 2068 2065 
f 1966 2025 2072 1985 
f 2024 1967 1993 2077 
f 2022 2021 2069 2070 
f 2020 2023 2079 2080 
f 2061 2062 2063 2064 
f 2062 2058 2065 2063 
f 2073 1987 1984 2071 
f 2074 2073 2071 2067 
f 2059 2074 2067 2068 
f 2092 2085 2090 2075 
f 2085 2017 2084 2090 
f 2014 2085 2093 2013 
f 1912 1913 2095 2094 
f 2096 2094 2098 2097 
f 2097 2098 2100 2099 
f 2101 2104 2103 2102 
f 2105 2108 2107 2106 
f 2109 2112 2111 2110 
f 2113 2116 2115 2114 
f 2117 2120 2119 2118 
f 2121 2124 2123 2122 
f 2125 2128 2127 2126 
f 1949 1950 2130 2129 
f 2129 2130 2132 2131 
f 2133 2136 2135 2134 
f 2137 2140 2139 2138 
f 2141 2143 2142 
f 2104 2145 2144 2103 
f 2111 2147 2146 2110 
f 2128 2148 2127 
f 2118 2119 2116 2113 
f 2134 2135 2140 2137 
f 2100 2101 2102 2099 
f 2122 2123 2120 2117 
f 2131 2132 2136 2133 
f 2149 2150 1973 1974 
f 2143 2141 2150 2149 
f 1950 1975 2151 2130 
f 2129 2095 1913 1949 
f 2130 2151 2152 2132 
f 2131 2153 2095 2129 
f 2136 2155 2154 2135 
f 2134 2157 2156 2133 
f 2140 2159 2158 2139 
f 2138 2161 2160 2137 
f 2135 2154 2159 2140 
f 2137 2160 2157 2134 
f 2132 2152 2155 2136 
f 2133 2156 2153 2131 
f 2143 2163 2162 
f 2143 2162 2164 
f 2143 2164 2142 
f 2108 2112 2109 2107 
f 2106 2166 2165 2105 
f 2116 2168 2167 2115 
f 2114 2170 2169 2113 
f 2120 2172 2171 2119 
f 2118 2174 2173 2117 
f 2124 2176 2175 2123 
f 2122 2127 2148 2121 
f 2119 2171 2168 2116 
f 2113 2169 2174 2118 
f 2123 2175 2172 2120 
f 2117 2173 2127 2122 
f 2096 2177 2094 
f 2108 2105 2179 2178 
f 2111 2112 2181 2180 
f 2128 2125 2182 2180 
f 2124 2121 2178 2179 
f 2147 2111 2180 2182 
f 2148 2128 2180 2181 
f 2112 2108 2178 2181 
f 2105 2165 2183 2179 
f 2124 2179 2183 2176 
f 2121 2148 2181 2178 
f 2127 2173 2126 
f 2169 2170 2126 
f 2174 2169 2126 
f 2173 2174 2126 
f 2184 2185 2165 2166 
f 2098 2094 2095 2153 
f 2096 2097 2175 2176 
f 2100 2098 2153 2156 
f 2097 2099 2172 2175 
f 2104 2101 2157 2160 
f 2102 2103 2168 2171 
f 2141 2142 2155 2152 
f 2145 2104 2160 2161 
f 2103 2144 2167 2168 
f 2101 2100 2156 2157 
f 2099 2102 2171 2172 
f 1973 2150 2151 1975 
f 2150 2141 2152 2151 
f 2162 2163 2158 2159 
f 2164 2162 2159 2154 
f 2142 2164 2154 2155 
f 2185 2177 2183 2165 
f 2177 2096 2176 2183 
f 2012 2185 2184 2011 
f 2013 2187 2186 2016 
f 2188 2190 2189 2187 
f 2190 2192 2191 2189 
f 2193 2196 2195 2194 
f 2197 2200 2199 2198 
f 2201 2204 2203 2202 
f 2205 2114 2115 2206 
f 2207 2210 2209 2208 
f 2211 2214 2213 2212 
f 2125 2126 2216 2215 
f 2046 2218 2217 2049 
f 2218 2220 2219 2217 
f 2221 2224 2223 2222 
f 2225 2138 2139 2226 
f 2227 2228 2143 
f 2194 2195 2144 2145 
f 2203 2204 2146 2147 
f 2215 2216 2229 
f 2210 2205 2206 2209 
f 2224 2225 2226 2223 
f 2191 2192 2196 2193 
f 2214 2207 2208 2213 
f 2220 2221 2222 2219 
f 2149 1974 2061 2230 
f 2143 2149 2230 2227 
f 2049 2217 2231 2064 
f 2218 2046 2016 2186 
f 2217 2219 2232 2231 
f 2220 2218 2186 2233 
f 2222 2223 2235 2234 
f 2224 2221 2237 2236 
f 2226 2139 2158 2238 
f 2138 2225 2239 2161 
f 2223 2226 2238 2235 
f 2225 2224 2236 2239 
f 2219 2222 2234 2232 
f 2221 2220 2233 2237 
f 2143 2240 2163 
f 2143 2241 2240 
f 2143 2228 2241 
f 2198 2199 2201 2202 
f 2200 2197 2243 2242 
f 2206 2115 2167 2244 
f 2114 2205 2245 2170 
f 2208 2209 2247 2246 
f 2210 2207 2249 2248 
f 2212 2213 2251 2250 
f 2214 2211 2229 2216 
f 2209 2206 2244 2247 
f 2205 2210 2248 2245 
f 2213 2208 2246 2251 
f 2207 2214 2216 2249 
f 2188 2187 2252 
f 2198 2254 2253 2197 
f 2203 2256 2255 2202 
f 2215 2256 2182 2125 
f 2212 2253 2254 2211 
f 2147 2182 2256 2203 
f 2229 2255 2256 2215 
f 2202 2255 2254 2198 
f 2197 2253 2257 2243 
f 2212 2250 2257 2253 
f 2211 2254 2255 2229 
f 2216 2126 2249 
f 2245 2126 2170 
f 2248 2126 2245 
f 2249 2126 2248 
f 2258 2242 2243 2259 
f 2189 2233 2186 2187 
f 2188 2250 2251 2190 
f 2191 2237 2233 2189 
f 2190 2251 2246 2192 
f 2194 2239 2236 2193 
f 2196 2247 2244 2195 
f 2227 2232 2234 2228 
f 2145 2161 2239 2194 
f 2195 2244 2167 2144 
f 2193 2236 2237 2191 
f 2192 2246 2247 2196 
f 2061 2064 2231 2230 
f 2230 2231 2232 2227 
f 2240 2238 2158 2163 
f 2241 2235 2238 2240 
f 2228 2234 2235 2241 
f 2259 2243 2257 2252 
f 2252 2257 2250 2188 
f 2187 2013 2093 2252 
f 2259 2261 2260 2258 
f 2261 2092 2091 2260 
f 2252 2093 2261 2259 
f 2093 2085 2092 2261 
f 2185 2012 2262 2177 
f 2012 2010 2002 2262 
f 2177 2262 1912 2094 
f 2262 2002 1915 1912 
f 2263 2266 2265 2264 
f 2264 2265 2268 2267 
f 2267 2268 2270 2269 
f 2269 2270 2272 2271 
f 2271 2272 2274 2273 
f 2273 2274 2276 2275 
f 2275 2276 2278 2277 
f 2277 2278 2280 2279 
f 2279 2280 2282 2281 
f 2281 2282 2284 2283 
f 2283 2284 2286 2285 
f 2285 2286 2288 2287 
f 2287 2288 2290 2289 
f 2289 2290 2292 2291 
f 2291 2292 2294 2293 
f 2293 2294 2266 2263 
s 2
f 2295 2298 2297 2296 
f 2296 2297 2300 2299 
f 2299 2300 2302 2301 
f 2301 2302 2304 2303 
f 2303 2304 2306 2305 
f 2305 2306 2308 2307 
f 2307 2308 2310 2309 
f 2309 2310 2312 2311 
f 2311 2312 2314 2313 
f 2313 2314 2316 2315 
f 2315 2316 2318 2317 
f 2317 2318 2320 2319 
f 2319 2320 2322 2321 
f 2321 2322 2324 2323 
f 2323 2324 2326 2325 
f 2325 2326 2298 2295 
s 3
f 2327 2330 2329 2328 
s 129
f 2328 2329 2332 2331 
s 3
f 2331 2332 2334 2333 
s 33
f 2333 2334 2336 2335 
s 3
f 2335 2336 2338 2337 
s 33
f 2337 2338 2340 2339 
s 3
f 2339 2340 2342 2341 
s 33
f 2341 2342 2344 2343 
s 3
f 2343 2344 2346 2345 
s 33
f 2345 2346 2348 2347 
s 3
f 2347 2348 2350 2349 
s 33
f 2349 2350 2352 2351 
s 3
f 2351 2352 2354 2353 
s 33
f 2353 2354 2356 2355 
s 3
f 2355 2356 2358 2357 
s 129
f 2357 2358 2330 2327 
s 17
f 2359 2362 2361 2360 
s 1025
f 2360 2361 2364 2363 
s 9
f 2363 2364 2366 2365 
s 129
f 2365 2366 2368 2367 
s 9
f 2367 2368 2370 2369 
s 129
f 2369 2370 2372 2371 
s 9
f 2371 2372 2374 2373 
s 129
f 2373 2374 2376 2375 
s 9
f 2375 2376 2378 2377 
s 129
f 2377 2378 2380 2379 
s 9
f 2379 2380 2382 2381 
s 129
f 2381 2382 2384 2383 
s 9
f 2383 2384 2386 2385 
s 129
f 2385 2386 2388 2387 
s 5
f 2387 2388 2390 2389 
s 257
f 2389 2390 2362 2359 
s 2
f 2391 2393 2392 
f 2392 2393 2394 
f 2394 2393 2395 
f 2395 2393 2396 
f 2396 2393 2397 
f 2397 2393 2398 
f 2398 2393 2399 
f 2399 2393 2400 
f 2400 2393 2401 
f 2401 2393 2402 
f 2402 2393 2403 
f 2403 2393 2404 
f 2404 2393 2405 
f 2405 2393 2406 
f 2406 2393 2407 
f 2407 2393 2391 
s 1
f 2266 2409 2408 2265 
f 2265 2408 2410 2268 
f 2268 2410 2411 2270 
f 2270 2411 2412 2272 
f 2272 2412 2413 2274 
f 2274 2413 2414 2276 
f 2276 2414 2415 2278 
f 2278 2415 2416 2280 
f 2280 2416 2417 2282 
f 2282 2417 2418 2284 
f 2284 2418 2419 2286 
f 2286 2419 2420 2288 
f 2288 2420 2421 2290 
f 2290 2421 2422 2292 
f 2292 2422 2423 2294 
f 2294 2423 2409 2266 
s 2
f 2296 2408 2409 2295 
f 2298 2425 2424 2297 
f 2299 2410 2408 2296 
f 2297 2424 2426 2300 
f 2301 2411 2410 2299 
f 2300 2426 2427 2302 
f 2303 2412 2411 2301 
f 2302 2427 2428 2304 
f 2305 2413 2412 2303 
f 2304 2428 2429 2306 
f 2307 2414 2413 2305 
f 2306 2429 2430 2308 
f 2309 2415 2414 2307 
f 2308 2430 2431 2310 
f 2311 2416 2415 2309 
f 2310 2431 2432 2312 
f 2313 2417 2416 2311 
f 2312 2432 2433 2314 
f 2315 2418 2417 2313 
f 2314 2433 2434 2316 
f 2317 2419 2418 2315 
f 2316 2434 2435 2318 
f 2319 2420 2419 2317 
f 2318 2435 2436 2320 
f 2321 2421 2420 2319 
f 2320 2436 2437 2322 
f 2323 2422 2421 2321 
f 2322 2437 2438 2324 
f 2325 2423 2422 2323 
f 2324 2438 2439 2326 
f 2295 2409 2423 2325 
f 2326 2439 2425 2298 
s 1
f 2328 2424 2425 2327 
s 66062
f 2330 2441 2440 2329 
s 1
f 2331 2426 2424 2328 
s 9088
f 2329 2440 2442 2332 
s 1
f 2333 2427 2426 2331 
s 40966
f 2332 2442 2443 2334 
s 1
f 2335 2428 2427 2333 
s 33376
f 2334 2443 2444 2336 
s 1
f 2337 2429 2428 2335 
s 2566
f 2336 2444 2445 2338 
s 1
f 2339 2430 2429 2337 
s 10336
f 2338 2445 2446 2340 
s 1
f 2341 2431 2430 2339 
s 8710
f 2340 2446 2447 2342 
s 1
f 2343 2432 2431 2341 
s 2656
f 2342 2447 2448 2344 
s 1
f 2345 2433 2432 2343 
s 10246
f 2344 2448 2449 2346 
s 1
f 2347 2434 2433 2345 
s 8800
f 2346 2449 2450 2348 
s 1
f 2349 2435 2434 2347 
s 2566
f 2348 2450 2451 2350 
s 1
f 2351 2436 2435 2349 
s 10336
f 2350 2451 2452 2352 
s 1
f 2353 2437 2436 2351 
s 8710
f 2352 2452 2453 2354 
s 1
f 2355 2438 2437 2353 
s 2656
f 2354 2453 2454 2356 
s 1
f 2357 2439 2438 2355 
s 22530
f 2356 2454 2455 2358 
s 1
f 2327 2425 2439 2357 
s 82048
f 2358 2455 2441 2330 
s 264304
f 2360 2440 2441 2359 
s 1
f 2362 2457 2456 2361 
s 23552
f 2363 2442 2440 2360 
s 1
f 2361 2456 2458 2364 
s 81944
f 2365 2443 2442 2363 
s 1
f 2364 2458 2459 2366 
s 66944
f 2367 2444 2443 2365 
s 1
f 2366 2459 2460 2368 
s 5144
f 2369 2445 2444 2367 
s 1
f 2368 2460 2461 2370 
s 20864
f 2371 2446 2445 2369 
s 1
f 2370 2461 2462 2372 
s 17432
f 2373 2447 2446 2371 
s 1
f 2372 2462 2463 2374 
s 5504
f 2375 2448 2447 2373 
s 1
f 2374 2463 2464 2376 
s 20504
f 2377 2449 2448 2375 
s 1
f 2376 2464 2465 2378 
s 17792
f 2379 2450 2449 2377 
s 1
f 2378 2465 2466 2380 
s 5144
f 2381 2451 2450 2379 
s 1
f 2380 2466 2467 2382 
s 20864
f 2383 2452 2451 2381 
s 1
f 2382 2467 2468 2384 
s 17432
f 2385 2453 2452 2383 
s 1
f 2384 2468 2469 2386 
s 34176
f 2387 2454 2453 2385 
s 1
f 2386 2469 2470 2388 
s 172036
f 2389 2455 2454 2387 
s 1
f 2388 2470 2471 2390 
s 393472
f 2359 2441 2455 2389 
s 1
f 2390 2471 2457 2362 
s 2
f 2392 2456 2457 2391 
f 2394 2458 2456 2392 
f 2395 2459 2458 2394 
f 2396 2460 2459 2395 
f 2397 2461 2460 2396 
f 2398 2462 2461 2397 
f 2399 2463 2462 2398 
f 2400 2464 2463 2399 
f 2401 2465 2464 2400 
f 2402 2466 2465 2401 
f 2403 2467 2466 2402 
f 2404 2468 2467 2403 
f 2405 2469 2468 2404 
f 2406 2470 2469 2405 
f 2407 2471 2470 2406 
f 2391 2457 2471 2407 
s 1
f 2472 2475 2474 2473 
f 2473 2474 2477 2476 
f 2476 2477 2479 2478 
f 2478 2479 2481 2480 
f 2480 2481 2483 2482 
f 2482 2483 2485 2484 
f 2484 2485 2487 2486 
f 2486 2487 2489 2488 
f 2488 2489 2491 2490 
f 2490 2491 2493 2492 
f 2492 2493 2495 2494 
f 2494 2495 2497 2496 
f 2496 2497 2499 2498 
f 2498 2499 2501 2500 
f 2500 2501 2503 2502 
f 2502 2503 2475 2472 
s 2
f 2504 2507 2506 2505 
f 2505 2506 2509 2508 
f 2508 2509 2511 2510 
f 2510 2511 2513 2512 
f 2512 2513 2515 2514 
f 2514 2515 2517 2516 
f 2516 2517 2519 2518 
f 2518 2519 2521 2520 
f 2520 2521 2523 2522 
f 2522 2523 2525 2524 
f 2524 2525 2527 2526 
f 2526 2527 2529 2528 
f 2528 2529 2531 2530 
f 2530 2531 2533 2532 
f 2532 2533 2535 2534 
f 2534 2535 2507 2504 
s 3
f 2536 2539 2538 2537 
s 129
f 2537 2538 2541 2540 
s 3
f 2540 2541 2543 2542 
s 33
f 2542 2543 2545 2544 
s 3
f 2544 2545 2547 2546 
s 33
f 2546 2547 2549 2548 
s 3
f 2548 2549 2551 2550 
s 33
f 2550 2551 2553 2552 
s 3
f 2552 2553 2555 2554 
s 33
f 2554 2555 2557 2556 
s 3
f 2556 2557 2559 2558 
s 33
f 2558 2559 2561 2560 
s 3
f 2560 2561 2563 2562 
s 33
f 2562 2563 2565 2564 
s 3
f 2564 2565 2567 2566 
s 129
f 2566 2567 2539 2536 
s 17
f 2568 2571 2570 2569 
s 1025
f 2569 2570 2573 2572 
s 9
f 2572 2573 2575 2574 
s 129
f 2574 2575 2577 2576 
s 9
f 2576 2577 2579 2578 
s 129
f 2578 2579 2581 2580 
s 9
f 2580 2581 2583 2582 
s 129
f 2582 2583 2585 2584 
s 9
f 2584 2585 2587 2586 
s 129
f 2586 2587 2589 2588 
s 9
f 2588 2589 2591 2590 
s 129
f 2590 2591 2593 2592 
s 9
f 2592 2593 2595 2594 
s 129
f 2594 2595 2597 2596 
s 5
f 2596 2597 2599 2598 
s 257
f 2598 2599 2571 2568 
s 2
f 2600 2602 2601 
f 2601 2602 2603 
f 2603 2602 2604 
f 2604 2602 2605 
f 2605 2602 2606 
f 2606 2602 2607 
f 2607 2602 2608 
f 2608 2602 2609 
f 2609 2602 2610 
f 2610 2602 2611 
f 2611 2602 2612 
f 2612 2602 2613 
f 2613 2602 2614 
f 2614 2602 2615 
f 2615 2602 2616 
f 2616 2602 2600 
s 1
f 2475 2618 2617 2474 
f 2474 2617 2619 2477 
f 2477 2619 2620 2479 
f 2479 2620 2621 2481 
f 2481 2621 2622 2483 
f 2483 2622 2623 2485 
f 2485 2623 2624 2487 
f 2487 2624 2625 2489 
f 2489 2625 2626 2491 
f 2491 2626 2627 2493 
f 2493 2627 2628 2495 
f 2495 2628 2629 2497 
f 2497 2629 2630 2499 
f 2499 2630 2631 2501 
f 2501 2631 2632 2503 
f 2503 2632 2618 2475 
s 2
f 2505 2617 2618 2504 
f 2507 2634 2633 2506 
f 2508 2619 2617 2505 
f 2506 2633 2635 2509 
f 2510 2620 2619 2508 
f 2509 2635 2636 2511 
f 2512 2621 2620 2510 
f 2511 2636 2637 2513 
f 2514 2622 2621 2512 
f 2513 2637 2638 2515 
f 2516 2623 2622 2514 
f 2515 2638 2639 2517 
f 2518 2624 2623 2516 
f 2517 2639 2640 2519 
f 2520 2625 2624 2518 
f 2519 2640 2641 2521 
f 2522 2626 2625 2520 
f 2521 2641 2642 2523 
f 2524 2627 2626 2522 
f 2523 2642 2643 2525 
f 2526 2628 2627 2524 
f 2525 2643 2644 2527 
f 2528 2629 2628 2526 
f 2527 2644 2645 2529 
f 2530 2630 2629 2528 
f 2529 2645 2646 2531 
f 2532 2631 2630 2530 
f 2531 2646 2647 2533 
f 2534 2632 2631 2532 
f 2533 2647 2648 2535 
f 2504 2618 2632 2534 
f 2535 2648 2634 2507 
s 1
f 2537 2633 2634 2536 
s 66062
f 2539 2650 2649 2538 
s 1
f 2540 2635 2633 2537 
s 9088
f 2538 2649 2651 2541 
s 1
f 2542 2636 2635 2540 
s 40966
f 2541 2651 2652 2543 
s 1
f 2544 2637 2636 2542 
s 33376
f 2543 2652 2653 2545 
s 1
f 2546 2638 2637 2544 
s 2566
f 2545 2653 2654 2547 
s 1
f 2548 2639 2638 2546 
s 10336
f 2547 2654 2655 2549 
s 1
f 2550 2640 2639 2548 
s 8710
f 2549 2655 2656 2551 
s 1
f 2552 2641 2640 2550 
s 2656
f 2551 2656 2657 2553 
s 1
f 2554 2642 2641 2552 
s 10246
f 2553 2657 2658 2555 
s 1
f 2556 2643 2642 2554 
s 8800
f 2555 2658 2659 2557 
s 1
f 2558 2644 2643 2556 
s 2566
f 2557 2659 2660 2559 
s 1
f 2560 2645 2644 2558 
s 10336
f 2559 2660 2661 2561 
s 1
f 2562 2646 2645 2560 
s 8710
f 2561 2661 2662 2563 
s 1
f 2564 2647 2646 2562 
s 2656
f 2563 2662 2663 2565 
s 1
f 2566 2648 2647 2564 
s 22530
f 2565 2663 2664 2567 
s 1
f 2536 2634 2648 2566 
s 82048
f 2567 2664 2650 2539 
s 264304
f 2569 2649 2650 2568 
s 1
f 2571 2666 2665 2570 
s 23552
f 2572 2651 2649 2569 
s 1
f 2570 2665 2667 2573 
s 81944
f 2574 2652 2651 2572 
s 1
f 2573 2667 2668 2575 
s 66944
f 2576 2653 2652 2574 
s 1
f 2575 2668 2669 2577 
s 5144
f 2578 2654 2653 2576 
s 1
f 2577 2669 2670 2579 
s 20864
f 2580 2655 2654 2578 
s 1
f 2579 2670 2671 2581 
s 17432
f 2582 2656 2655 2580 
s 1
f 2581 2671 2672 2583 
s 5504
f 2584 2657 2656 2582 
s 1
f 2583 2672 2673 2585 
s 20504
f 2586 2658 2657 2584 
s 1
f 2585 2673 2674 2587 
s 17792
f 2588 2659 2658 2586 
s 1
f 2587 2674 2675 2589 
s 5144
f 2590 2660 2659 2588 
s 1
f 2589 2675 2676 2591 
s 20864
f 2592 2661 2660 2590 
s 1
f 2591 2676 2677 2593 
s 17432
f 2594 2662 2661 2592 
s 1
f 2593 2677 2678 2595 
s 34176
f 2596 2663 2662 2594 
s 1
f 2595 2678 2679 2597 
s 172036
f 2598 2664 2663 2596 
s 1
f 2597 2679 2680 2599 
s 393472
f 2568 2650 2664 2598 
s 1
f 2599 2680 2666 2571 
s 2
f 2601 2665 2666 2600 
f 2603 2667 2665 2601 
f 2604 2668 2667 2603 
f 2605 2669 2668 2604 
f 2606 2670 2669 2605 
f 2607 2671 2670 2606 
f 2608 2672 2671 2607 
f 2609 2673 2672 2608 
f 2610 2674 2673 2609 
f 2611 2675 2674 2610 
f 2612 2676 2675 2611 
f 2613 2677 2676 2612 
f 2614 2678 2677 2613 
f 2615 2679 2678 2614 
f 2616 2680 2679 2615 
f 2600 2666 2680 2616 
s 1
f 2681 2684 2683 2682 
f 2685 2688 2687 2686 
f 2689 2692 2691 2690 
f 2693 2696 2695 2694 
f 2684 2698 2697 2683 
f 2699 2702 2701 2700 
f 2703 2706 2705 2704 
f 2693 2694 2708 2707 
f 2709 2712 2711 2710 
f 2713 2716 2715 2714 
f 2717 2720 2719 2718 
f 2721 2722 2712 2709 
f 2723 2726 2725 2724 
f 2727 2730 2729 2728 
f 2682 2683 2732 2731 
f 2733 2681 2735 2734 
f 2686 2687 2737 2736 
f 2688 2738 2734 2689 
f 2690 2691 2740 2739 
f 2735 2692 2734 
f 2683 2697 2741 2732 
f 2698 2684 2743 2742 
f 2700 2701 2745 2744 
f 2746 2699 2748 2747 
f 2704 2705 2750 2749 
f 2748 2706 2747 
f 2705 2706 2748 2751 
f 2727 2728 2753 2752 
f 2750 2705 2751 2754 
f 2691 2692 2735 2755 
f 2717 2718 2757 2756 
f 2740 2691 2755 2758 
f 2734 2692 2689 
f 2747 2706 2703 
f 2710 2731 2732 2709 
f 2713 2714 2736 2737 
f 2717 2740 2758 2720 
f 2709 2732 2741 2721 
f 2723 2744 2745 2726 
f 2727 2750 2754 2730 
f 2727 2752 2749 2750 
f 2717 2756 2739 2740 
f 2759 2762 2761 2760 
f 2763 2766 2765 2764 
f 2760 2761 2768 2767 
f 2769 2772 2771 2770 
f 2773 2776 2775 2774 
f 2777 2780 2779 2778 
f 2781 2773 2774 2782 
f 2783 2786 2785 2784 
f 2762 2788 2787 2761 
f 2759 2791 2790 2789 
f 2685 2766 2790 2792 
f 2764 2765 2794 2793 
f 2763 2789 2790 
f 2761 2787 2795 2768 
f 2767 2772 2797 2796 
f 2770 2771 2799 2798 
f 2769 2800 2797 
f 2770 2801 2800 2769 
f 2786 2803 2802 2785 
f 2798 2804 2801 2770 
f 2764 2805 2789 2763 
f 2780 2807 2806 2779 
f 2793 2808 2805 2764 
f 2763 2790 2766 
f 2769 2797 2772 
f 2776 2773 2787 2788 
f 2780 2777 2808 2793 
f 2773 2781 2795 2787 
f 2786 2783 2804 2798 
f 2803 2786 2798 2799 
f 2807 2780 2793 2794 
f 2682 2755 2735 2681 
f 2688 2689 2690 2687 
f 2698 2703 2704 2697 
f 2700 2751 2748 2699 
f 2711 2719 2720 2710 
f 2713 2756 2757 2716 
f 2721 2752 2753 2722 
f 2724 2729 2730 2723 
f 2731 2758 2755 2682 
f 2687 2690 2739 2737 
f 2697 2704 2749 2741 
f 2744 2754 2751 2700 
f 2710 2720 2758 2731 
f 2737 2739 2756 2713 
f 2741 2749 2752 2721 
f 2723 2730 2754 2744 
f 2759 2789 2805 2762 
f 2686 2765 2766 2685 
f 2768 2771 2772 2767 
f 2702 2800 2801 2701 
f 2776 2777 2778 2775 
f 2715 2806 2807 2714 
f 2782 2802 2803 2781 
f 2726 2783 2784 2725 
f 2762 2805 2808 2788 
f 2736 2794 2765 2686 
f 2795 2799 2771 2768 
f 2701 2801 2804 2745 
f 2788 2808 2777 2776 
f 2714 2807 2794 2736 
f 2781 2803 2799 2795 
f 2745 2804 2783 2726 
f 2696 2733 2734 2738 
f 2707 2742 2743 2693 
f 2695 2792 2790 2791 
f 2681 2733 2743 2684 
f 2733 2696 2693 2743 
f 2696 2738 2792 2695 
f 2738 2688 2685 2792 
f 2698 2742 2747 2703 
f 2742 2707 2746 2747 
f 2699 2746 2809 2702 
f 2746 2707 2708 2809 
f 2702 2809 2797 2800 
f 2809 2708 2796 2797 
f 2767 2796 2810 2760 
f 2796 2708 2694 2810 
f 2695 2791 2810 2694 
f 2791 2759 2760 2810 
f 2811 2814 2813 2812 
f 2815 2818 2817 2816 
f 2819 2822 2821 2820 
f 2823 2826 2825 2824 
f 2814 2828 2827 2813 
f 2829 2832 2831 2830 
f 2833 2836 2835 2834 
f 2823 2824 2838 2837 
f 2839 2842 2841 2840 
f 2843 2846 2845 2844 
f 2847 2850 2849 2848 
f 2851 2852 2842 2839 
f 2853 2856 2855 2854 
f 2857 2860 2859 2858 
f 2812 2813 2862 2861 
f 2863 2811 2865 2864 
f 2816 2817 2867 2866 
f 2818 2868 2864 2819 
f 2820 2821 2870 2869 
f 2865 2822 2864 
f 2813 2827 2871 2862 
f 2828 2814 2873 2872 
f 2830 2831 2875 2874 
f 2876 2829 2878 2877 
f 2834 2835 2880 2879 
f 2878 2836 2877 
f 2835 2836 2878 2881 
f 2857 2858 2883 2882 
f 2880 2835 2881 2884 
f 2821 2822 2865 2885 
f 2847 2848 2887 2886 
f 2870 2821 2885 2888 
f 2864 2822 2819 
f 2877 2836 2833 
f 2840 2861 2862 2839 
f 2843 2844 2866 2867 
f 2847 2870 2888 2850 
f 2839 2862 2871 2851 
f 2853 2874 2875 2856 
f 2857 2880 2884 2860 
f 2857 2882 2879 2880 
f 2847 2886 2869 2870 
f 2889 2892 2891 2890 
f 2893 2896 2895 2894 
f 2890 2891 2898 2897 
f 2899 2902 2901 2900 
f 2903 2906 2905 2904 
f 2907 2910 2909 2908 
f 2911 2903 2904 2912 
f 2913 2916 2915 2914 
f 2892 2918 2917 2891 
f 2889 2921 2920 2919 
f 2815 2896 2920 2922 
f 2894 2895 2924 2923 
f 2893 2919 2920 
f 2891 2917 2925 2898 
f 2897 2902 2927 2926 
f 2900 2901 2929 2928 
f 2899 2930 2927 
f 2900 2931 2930 2899 
f 2916 2933 2932 2915 
f 2928 2934 2931 2900 
f 2894 2935 2919 2893 
f 2910 2937 2936 2909 
f 2923 2938 2935 2894 
f 2893 2920 2896 
f 2899 2927 2902 
f 2906 2903 2917 2918 
f 2910 2907 2938 2923 
f 2903 2911 2925 2917 
f 2916 2913 2934 2928 
f 2933 2916 2928 2929 
f 2937 2910 2923 2924 
f 2812 2885 2865 2811 
f 2818 2819 2820 2817 
f 2828 2833 2834 2827 
f 2830 2881 2878 2829 
f 2841 2849 2850 2840 
f 2843 2886 2887 2846 
f 2851 2882 2883 2852 
f 2854 2859 2860 2853 
f 2861 2888 2885 2812 
f 2817 2820 2869 2867 
f 2827 2834 2879 2871 
f 2874 2884 2881 2830 
f 2840 2850 2888 2861 
f 2867 2869 2886 2843 
f 2871 2879 2882 2851 
f 2853 2860 2884 2874 
f 2889 2919 2935 2892 
f 2816 2895 2896 2815 
f 2898 2901 2902 2897 
f 2832 2930 2931 2831 
f 2906 2907 2908 2905 
f 2845 2936 2937 2844 
f 2912 2932 2933 2911 
f 2856 2913 2914 2855 
f 2892 2935 2938 2918 
f 2866 2924 2895 2816 
f 2925 2929 2901 2898 
f 2831 2931 2934 2875 
f 2918 2938 2907 2906 
f 2844 2937 2924 2866 
f 2911 2933 2929 2925 
f 2875 2934 2913 2856 
f 2826 2863 2864 2868 
f 2837 2872 2873 2823 
f 2825 2922 2920 2921 
f 2811 2863 2873 2814 
f 2863 2826 2823 2873 
f 2826 2868 2922 2825 
f 2868 2818 2815 2922 
f 2828 2872 2877 2833 
f 2872 2837 2876 2877 
f 2829 2876 2939 2832 
f 2876 2837 2838 2939 
f 2832 2939 2927 2930 
f 2939 2838 2926 2927 
f 2897 2926 2940 2890 
f 2926 2838 2824 2940 
f 2825 2921 2940 2824 
f 2921 2889 2890 2940 
f 2941 2944 2943 2942 
f 2945 2948 2947 2946 
f 2949 2952 2951 2950 
f 2953 2956 2955 2954 
f 2944 2958 2957 2943 
f 2959 2962 2961 2960 
f 2963 2966 2965 2964 
f 2953 2954 2968 2967 
f 2969 2972 2971 2970 
f 2973 2976 2975 2974 
f 2977 2980 2979 2978 
f 2981 2982 2972 2969 
f 2983 2986 2985 2984 
f 2987 2990 2989 2988 
f 2942 2943 2992 2991 
f 2993 2941 2995 2994 
f 2946 2947 2997 2996 
f 2948 2998 2994 2949 
f 2950 2951 3000 2999 
f 2995 2952 2994 
f 2943 2957 3001 2992 
f 2958 2944 3003 3002 
f 2960 2961 3005 3004 
f 3006 2959 3008 3007 
f 2964 2965 3010 3009 
f 3008 2966 3007 
f 2965 2966 3008 3011 
f 2987 2988 3013 3012 
f 3010 2965 3011 3014 
f 2951 2952 2995 3015 
f 2977 2978 3017 3016 
f 3000 2951 3015 3018 
f 2994 2952 2949 
f 3007 2966 2963 
f 2970 2991 2992 2969 
f 2973 2974 2996 2997 
f 2977 3000 3018 2980 
f 2969 2992 3001 2981 
f 2983 3004 3005 2986 
f 2987 3010 3014 2990 
f 2987 3012 3009 3010 
f 2977 3016 2999 3000 
f 3019 3022 3021 3020 
f 3023 3026 3025 3024 
f 3020 3021 3028 3027 
f 3029 3032 3031 3030 
f 3033 3036 3035 3034 
f 3037 3040 3039 3038 
f 3041 3033 3034 3042 
f 3043 3046 3045 3044 
f 3022 3048 3047 3021 
f 3019 3051 3050 3049 
f 2945 3026 3050 3052 
f 3024 3025 3054 3053 
f 3023 3049 3050 
f 3021 3047 3055 3028 
f 3027 3032 3057 3056 
f 3030 3031 3059 3058 
f 3029 3060 3057 
f 3030 3061 3060 3029 
f 3046 3063 3062 3045 
f 3058 3064 3061 3030 
f 3024 3065 3049 3023 
f 3040 3067 3066 3039 
f 3053 3068 3065 3024 
f 3023 3050 3026 
f 3029 3057 3032 
f 3036 3033 3047 3048 
f 3040 3037 3068 3053 
f 3033 3041 3055 3047 
f 3046 3043 3064 3058 
f 3063 3046 3058 3059 
f 3067 3040 3053 3054 
f 2942 3015 2995 2941 
f 2948 2949 2950 2947 
f 2958 2963 2964 2957 
f 2960 3011 3008 2959 
f 2971 2979 2980 2970 
f 2973 3016 3017 2976 
f 2981 3012 3013 2982 
f 2984 2989 2990 2983 
f 2991 3018 3015 2942 
f 2947 2950 2999 2997 
f 2957 2964 3009 3001 
f 3004 3014 3011 2960 
f 2970 2980 3018 2991 
f 2997 2999 3016 2973 
f 3001 3009 3012 2981 
f 2983 2990 3014 3004 
f 3019 3049 3065 3022 
f 2946 3025 3026 2945 
f 3028 3031 3032 3027 
f 2962 3060 3061 2961 
f 3036 3037 3038 3035 
f 2975 3066 3067 2974 
f 3042 3062 3063 3041 
f 2986 3043 3044 2985 
f 3022 3065 3068 3048 
f 2996 3054 3025 2946 
f 3055 3059 3031 3028 
f 2961 3061 3064 3005 
f 3048 3068 3037 3036 
f 2974 3067 3054 2996 
f 3041 3063 3059 3055 
f 3005 3064 3043 2986 
f 2956 2993 2994 2998 
f 2967 3002 3003 2953 
f 2955 3052 3050 3051 
f 2941 2993 3003 2944 
f 2993 2956 2953 3003 
f 2956 2998 3052 2955 
f 2998 2948 2945 3052 
f 2958 3002 3007 2963 
f 3002 2967 3006 3007 
f 2959 3006 3069 2962 
f 3006 2967 2968 3069 
f 2962 3069 3057 3060 
f 3069 2968 3056 3057 
f 3027 3056 3070 3020 
f 3056 2968 2954 3070 
f 2955 3051 3070 2954 
f 3051 3019 3020 3070 
f 3071 3074 3073 3072 
f 3075 3078 3077 3076 
f 3079 3082 3081 3080 
f 3083 3086 3085 3084 
f 3074 3088 3087 3073 
f 3089 3092 3091 3090 
f 3093 3096 3095 3094 
f 3083 3084 3098 3097 
f 3099 3102 3101 3100 
f 3103 3106 3105 3104 
f 3107 3110 3109 3108 
f 3111 3112 3102 3099 
f 3113 3116 3115 3114 
f 3117 3120 3119 3118 
f 3072 3073 3122 3121 
f 3123 3071 3125 3124 
f 3076 3077 3127 3126 
f 3078 3128 3124 3079 
f 3080 3081 3130 3129 
f 3125 3082 3124 
f 3073 3087 3131 3122 
f 3088 3074 3133 3132 
f 3090 3091 3135 3134 
f 3136 3089 3138 3137 
f 3094 3095 3140 3139 
f 3138 3096 3137 
f 3095 3096 3138 3141 
f 3117 3118 3143 3142 
f 3140 3095 3141 3144 
f 3081 3082 3125 3145 
f 3107 3108 3147 3146 
f 3130 3081 3145 3148 
f 3124 3082 3079 
f 3137 3096 3093 
f 3100 3121 3122 3099 
f 3103 3104 3126 3127 
f 3107 3130 3148 3110 
f 3099 3122 3131 3111 
f 3113 3134 3135 3116 
f 3117 3140 3144 3120 
f 3117 3142 3139 3140 
f 3107 3146 3129 3130 
f 3149 3152 3151 3150 
f 3153 3156 3155 3154 
f 3150 3151 3158 3157 
f 3159 3162 3161 3160 
f 3163 3166 3165 3164 
f 3167 3170 3169 3168 
f 3171 3163 3164 3172 
f 3173 3176 3175 3174 
f 3152 3178 3177 3151 
f 3149 3181 3180 3179 
f 3075 3156 3180 3182 
f 3154 3155 3184 3183 
f 3153 3179 3180 
f 3151 3177 3185 3158 
f 3157 3162 3187 3186 
f 3160 3161 3189 3188 
f 3159 3190 3187 
f 3160 3191 3190 3159 
f 3176 3193 3192 3175 
f 3188 3194 3191 3160 
f 3154 3195 3179 3153 
f 3170 3197 3196 3169 
f 3183 3198 3195 3154 
f 3153 3180 3156 
f 3159 3187 3162 
f 3166 3163 3177 3178 
f 3170 3167 3198 3183 
f 3163 3171 3185 3177 
f 3176 3173 3194 3188 
f 3193 3176 3188 3189 
f 3197 3170 3183 3184 
f 3072 3145 3125 3071 
f 3078 3079 3080 3077 
f 3088 3093 3094 3087 
f 3090 3141 3138 3089 
f 3101 3109 3110 3100 
f 3103 3146 3147 3106 
f 3111 3142 3143 3112 
f 3114 3119 3120 3113 
f 3121 3148 3145 3072 
f 3077 3080 3129 3127 
f 3087 3094 3139 3131 
f 3134 3144 3141 3090 
f 3100 3110 3148 3121 
f 3127 3129 3146 3103 
f 3131 3139 3142 3111 
f 3113 3120 3144 3134 
f 3149 3179 3195 3152 
f 3076 3155 3156 3075 
f 3158 3161 3162 3157 
f 3092 3190 3191 3091 
f 3166 3167 3168 3165 
f 3105 3196 3197 3104 
f 3172 3192 3193 3171 
f 3116 3173 3174 3115 
f 3152 3195 3198 3178 
f 3126 3184 3155 3076 
f 3185 3189 3161 3158 
f 3091 3191 3194 3135 
f 3178 3198 3167 3166 
f 3104 3197 3184 3126 
f 3171 3193 3189 3185 
f 3135 3194 3173 3116 
f 3086 3123 3124 3128 
f 3097 3132 3133 3083 
f 3085 3182 3180 3181 
f 3071 3123 3133 3074 
f 3123 3086 3083 3133 
f 3086 3128 3182 3085 
f 3128 3078 3075 3182 
f 3088 3132 3137 3093 
f 3132 3097 3136 3137 
f 3089 3136 3199 3092 
f 3136 3097 3098 3199 
f 3092 3199 3187 3190 
f 3199 3098 3186 3187 
f 3157 3186 3200 3150 
f 3186 3098 3084 3200 
f 3085 3181 3200 3084 
f 3181 3149 3150 3200 
f 3201 3204 3203 3202 
s 2
f 3205 3208 3207 3206 
f 3209 3212 3211 3210 
f 3213 3216 3215 3214 
f 3213 3214 3218 3217 
f 3217 3218 3220 3219 
f 3219 3220 3222 3221 
f 3209 3224 3223 3212 
f 3224 3226 3225 3223 
f 3226 3228 3227 3225 
f 3228 3230 3229 3227 
f 3230 3232 3231 3229 
f 3221 3222 3234 3233 
f 3235 3238 3237 3236 
f 3239 3242 3241 3240 
f 3242 3244 3243 3241 
f 3244 3246 3245 3243 
f 3235 3236 3248 3247 
f 3247 3248 3250 3249 
f 3249 3250 3252 3251 
f 3251 3252 3254 3253 
f 3246 3256 3255 3245 
f 3257 3260 3259 3258 
f 3256 3262 3261 3255 
f 3263 3266 3265 3264 
f 3257 3258 3268 3267 
f 3266 3270 3269 3265 
f 3267 3268 3272 3271 
f 3270 3274 3273 3269 
f 3271 3272 3276 3275 
f 3274 3278 3277 3273 
f 3275 3276 3280 3279 
f 3281 3284 3283 3282 
f 3285 3288 3287 3286 
f 3289 3292 3291 3290 
f 3289 3294 3293 3292 
f 3290 3291 3296 3295 
f 3295 3296 3298 3297 
f 3299 3302 3301 3300 
f 3300 3301 3304 3303 
f 3303 3304 3306 3305 
f 3305 3306 3308 3307 
f 3309 3312 3311 3310 
f 3313 3316 3315 3314 
f 3317 3320 3319 3318 
f 3321 3324 3323 3322 
f 3278 3326 3325 3277 
f 3327 3330 3329 3328 
f 3331 3334 3333 3332 
f 3334 3336 3335 3333 
f 3336 3338 3337 3335 
f 3338 3340 3339 3337 
f 3340 3342 3341 3339 
f 3328 3329 3344 3343 
f 3343 3344 3346 3345 
f 3345 3346 3348 3347 
f 3208 3347 3348 3207 
f 3349 3352 3351 3350 
f 3352 3205 3206 3351 
s 1
f 3202 3206 3207 
f 3201 3202 3207 3348 
f 3201 3348 3346 
f 3201 3346 3344 
f 3201 3344 3329 3204 
f 3329 3330 3204 
f 3353 3355 3323 3354 
f 3316 3313 3357 3356 
f 3358 3310 3311 3359 
f 3360 3308 3306 
f 3360 3306 3304 
f 3360 3304 3301 
f 3360 3301 3302 
f 3361 3360 3302 3298 
f 3361 3298 3296 
f 3361 3296 3291 
f 3361 3291 3292 
f 3361 3292 3293 
f 3362 3363 3287 3288 
f 3284 3281 3364 
f 3365 3367 3366 3280 
f 3365 3280 3276 3368 
f 3368 3276 3272 3369 
f 3369 3272 3268 3370 
f 3370 3268 3258 3371 
f 3372 3374 3373 3254 
f 3372 3254 3252 
f 3372 3252 3250 3375 
f 3375 3250 3248 3376 
f 3376 3248 3236 
f 3377 3379 3378 3234 
f 3377 3234 3222 3380 
f 3380 3222 3220 3381 
f 3381 3220 3218 3382 
f 3382 3218 3214 3383 
f 3383 3214 3215 3384 
f 3385 3386 3211 3212 
f 3385 3212 3223 
f 3385 3223 3225 3387 
f 3387 3225 3227 3388 
f 3388 3227 3229 
f 3389 3391 3390 3240 
f 3389 3240 3241 3392 
f 3392 3241 3243 3393 
f 3393 3243 3245 3394 
f 3394 3245 3255 3395 
f 3396 3398 3397 3264 
f 3396 3264 3265 3399 
f 3399 3265 3269 3400 
f 3400 3269 3273 3401 
f 3401 3273 3277 3402 
f 3203 3404 3403 3332 
f 3332 3333 3203 
f 3333 3335 3203 
f 3335 3337 3203 
f 3337 3339 3203 
f 3202 3405 3350 
f 3202 3350 3351 
f 3202 3351 3206 
f 3376 3406 3391 3389 
f 3372 3394 3395 
f 3372 3375 3393 3394 
f 3375 3376 3392 3393 
f 3376 3389 3392 
f 3377 3380 3387 3388 
f 3381 3382 3387 
f 3380 3381 3387 
f 3382 3383 3385 3387 
f 3383 3384 3386 3385 
s 4
f 3407 3410 3409 3408 
f 3410 3407 3412 3411 
s 8
f 3413 3416 3415 3414 
f 3417 3413 3411 3412 
f 3417 3420 3419 3418 
s 4
f 3409 3410 3422 3421 
f 3407 3408 3424 3423 
s 2
f 3425 3426 3423 3424 
f 3427 3428 3421 3422 
s 4
f 3412 3407 3423 3429 
f 3410 3411 3430 3422 
s 2
f 3426 3420 3429 3423 
f 3414 3427 3422 3430 
s 8
f 3413 3414 3430 3411 
f 3417 3412 3429 3420 
f 3431 3434 3433 3432 
s 1
f 3371 3435 3398 3396 
f 3370 3371 3396 3399 
f 3369 3370 3399 3400 
f 3204 3436 3404 3203 
f 3437 3401 3402 
f 3437 3400 3401 
f 3437 3365 3368 
f 3365 3437 3367 
s 2
f 3322 3439 3438 3321 
s 1
f 3358 3359 3363 3362 
f 3364 3356 3357 
s 2
f 3302 3299 3297 3298 
f 3284 3288 3285 3283 
f 3282 3317 3318 3281 
f 3316 3354 3440 3315 
f 3314 3309 3310 3313 
s 1
f 3313 3310 3358 3357 
f 3356 3353 3354 3316 
f 3281 3318 3441 3364 
f 3364 3362 3288 3284 
f 3364 3441 3353 3356 
f 3357 3358 3362 3364 
f 3437 3369 3400 
f 3437 3368 3369 
s 2
f 3297 3299 3443 3442 
f 3444 3419 3446 3445 
s 1
f 3447 3450 3449 3448 
s 2
f 3451 3454 3453 3452 
s 8
f 3452 3453 3456 3455 
s 2
f 3457 3460 3459 3458 
f 3454 3462 3461 3453 
f 3452 3444 3445 3451 
s 8
f 3453 3461 3456 
s 2
f 3460 3464 3463 3459 
f 3458 3447 3448 3457 
f 3428 3427 3465 
s 8
f 3466 3469 3468 3467 
f 3466 3471 3470 3469 
f 3466 3472 3471 
f 3473 3474 3472 3466 
f 3475 3476 3474 3473 
f 3475 3477 3476 
f 3478 3481 3480 3479 
f 3478 3482 3481 
f 3478 3483 3482 
f 3478 3484 3483 
f 3478 3485 3484 
f 3486 3488 3487 
f 3486 3489 3488 
f 3486 3490 3489 
f 3486 3491 3490 
f 3486 3492 3491 
f 3493 3496 3495 3494 
f 3497 3498 3496 3493 
f 3499 3500 3498 3497 
f 3501 3502 3500 3499 
f 3467 3503 3502 3501 
f 3467 3468 3504 3503 
s 2
f 3505 3491 3492 3506 
f 3507 3503 3504 3508 
f 3509 3502 3503 3507 
f 3510 3500 3502 3509 
f 3511 3471 3472 3512 
f 3512 3472 3474 3513 
f 3513 3474 3476 3514 
f 3514 3476 3477 3515 
f 3515 3477 3517 3516 
f 3518 3498 3500 3510 
f 3519 3496 3498 3518 
f 3506 3492 3521 3520 
f 3522 3481 3482 3523 
f 3523 3482 3483 3524 
f 3524 3483 3484 3525 
f 3525 3484 3485 3526 
f 3526 3485 3487 3527 
f 3528 3488 3489 3529 
f 3529 3489 3490 3530 
f 3530 3490 3491 3505 
f 3463 3464 3532 3531 
s 8
f 3475 3493 3494 3533 
f 3466 3467 3501 
f 3466 3501 3499 3473 
f 3473 3499 3497 3475 
f 3475 3497 3493 
s 2
f 3534 3505 3506 3535 
f 3536 3507 3508 3537 
f 3538 3509 3507 3536 
f 3539 3510 3509 3538 
f 3540 3511 3512 3541 
f 3541 3512 3513 3542 
f 3542 3513 3514 3543 
f 3543 3514 3515 3544 
f 3544 3515 3516 3545 
f 3546 3518 3510 3539 
f 3547 3519 3518 3546 
f 3535 3506 3520 3548 
f 3549 3522 3523 3550 
f 3550 3523 3524 3551 
f 3551 3524 3525 3552 
f 3552 3525 3526 3553 
f 3553 3526 3527 3554 
f 3555 3528 3529 3556 
f 3556 3529 3530 3557 
f 3557 3530 3505 3534 
f 3558 3463 3531 3559 
s 8
f 3560 3464 3460 
f 3560 3460 3457 
f 3560 3457 3448 
f 3560 3448 3561 
f 3444 3452 3455 
f 3455 3456 3560 3561 
f 3448 3449 3562 3561 
f 3455 3416 3418 
f 3416 3455 3561 
s 2
f 3209 3210 3564 3563 
f 3425 3216 3566 3565 
f 3224 3209 3563 3567 
f 3226 3224 3567 3568 
f 3228 3226 3568 3569 
f 3230 3228 3569 3570 
f 3239 3573 3572 3571 
f 3221 3233 3575 3574 
f 3242 3239 3571 3576 
f 3244 3242 3576 3577 
f 3246 3244 3577 3578 
f 3251 3253 3580 3579 
f 3256 3246 3578 3581 
f 3253 3583 3582 3580 
f 3263 3586 3585 3584 
f 3266 3263 3584 3587 
f 3257 3267 3589 3588 
f 3270 3266 3587 3590 
f 3267 3271 3591 3589 
f 3274 3270 3590 3592 
f 3271 3275 3593 3591 
f 3278 3274 3592 3594 
f 3282 3283 3596 3595 
f 3285 3286 3598 3597 
f 3289 3290 3600 3599 
f 3294 3289 3599 3601 
f 3290 3295 3602 3600 
f 3295 3297 3442 3602 
f 3299 3300 3603 3443 
f 3300 3303 3604 3603 
f 3303 3305 3605 3604 
f 3305 3307 3606 3605 
f 3307 3608 3607 3606 
f 3331 3611 3610 3609 
f 3334 3331 3609 3612 
f 3336 3334 3612 3613 
f 3338 3336 3613 3614 
f 3340 3338 3614 3615 
f 3349 3618 3617 3616 
f 3345 3347 3620 3619 
f 3347 3208 3621 3620 
f 3352 3349 3616 3622 
f 3205 3352 3622 3623 
f 3321 3438 3625 3624 
f 3317 3282 3595 3626 
f 3283 3285 3597 3596 
f 3315 3440 3628 3627 
f 3309 3314 3630 3629 
s 1
f 3631 3634 3633 3632 
s 2
f 3623 3636 3635 3621 
f 3563 3564 3638 3637 
f 3639 3641 3640 3566 
f 3639 3643 3642 3641 
f 3643 3645 3644 3642 
f 3645 3574 3646 3644 
f 3563 3637 3647 3567 
f 3567 3647 3648 3568 
f 3568 3648 3649 3569 
f 3569 3649 3650 3570 
f 3570 3650 3652 3651 
f 3574 3575 3653 3646 
f 3654 3657 3656 3655 
f 3571 3659 3658 3576 
f 3576 3658 3660 3577 
f 3577 3660 3661 3578 
f 3654 3663 3662 3657 
f 3663 3665 3664 3662 
f 3665 3579 3666 3664 
f 3579 3580 3667 3666 
f 3578 3661 3668 3581 
f 3588 3671 3670 3669 
f 3581 3668 3673 3672 
f 3584 3675 3674 3587 
f 3588 3589 3676 3671 
f 3587 3674 3677 3590 
f 3589 3591 3678 3676 
f 3590 3677 3679 3592 
f 3591 3593 3680 3678 
f 3592 3679 3681 3594 
f 3593 3683 3682 3680 
f 3684 3595 3596 3685 
f 3597 3598 3687 3686 
f 3599 3600 3689 3688 
f 3599 3688 3690 3601 
f 3600 3602 3691 3689 
f 3602 3442 3692 3691 
f 3443 3603 3694 3693 
f 3603 3604 3695 3694 
f 3604 3605 3696 3695 
f 3605 3606 3697 3696 
f 3629 3700 3699 3698 
f 3701 3630 3627 3702 
f 3626 3705 3704 3703 
f 3624 3708 3707 3706 
f 3594 3681 3710 3709 
f 3711 3714 3713 3712 
f 3609 3716 3715 3612 
f 3612 3715 3717 3613 
f 3613 3717 3718 3614 
f 3614 3718 3719 3615 
f 3615 3719 3721 3720 
f 3714 3723 3722 3713 
f 3723 3619 3724 3722 
f 3619 3620 3725 3724 
f 3621 3635 3725 3620 
f 3616 3727 3726 3622 
f 3622 3726 3636 3623 
s 1
f 3634 3635 3636 
f 3631 3725 3635 3634 
f 3631 3724 3725 
f 3631 3722 3724 
f 3631 3632 3713 3722 
f 3713 3632 3712 
f 3728 3730 3707 3729 
f 3702 3732 3731 3701 
f 3733 3734 3699 3700 
f 3735 3696 3697 
f 3735 3695 3696 
f 3735 3694 3695 
f 3735 3693 3694 
f 3736 3692 3693 3735 
f 3736 3691 3692 
f 3736 3689 3691 
f 3736 3688 3689 
f 3736 3690 3688 
f 3737 3686 3687 3738 
f 3685 3739 3684 
f 3740 3682 3742 3741 
f 3740 3743 3680 3682 
f 3743 3744 3678 3680 
f 3744 3745 3676 3678 
f 3745 3746 3671 3676 
f 3747 3667 3749 3748 
f 3747 3666 3667 
f 3747 3750 3664 3666 
f 3750 3751 3662 3664 
f 3751 3657 3662 
f 3752 3653 3754 3753 
f 3752 3755 3646 3653 
f 3755 3756 3644 3646 
f 3756 3757 3642 3644 
f 3757 3758 3641 3642 
f 3758 3759 3640 3641 
f 3760 3637 3638 3761 
f 3760 3647 3637 
f 3760 3762 3648 3647 
f 3762 3763 3649 3648 
f 3763 3650 3649 
f 3764 3659 3766 3765 
f 3764 3767 3658 3659 
f 3767 3768 3660 3658 
f 3768 3769 3661 3660 
f 3769 3770 3668 3661 
f 3771 3675 3773 3772 
f 3771 3774 3674 3675 
f 3774 3775 3677 3674 
f 3775 3776 3679 3677 
f 3776 3777 3681 3679 
f 3633 3716 3779 3778 
f 3716 3633 3715 
f 3715 3633 3717 
f 3717 3633 3718 
f 3718 3633 3719 
f 3634 3727 3780 
f 3634 3726 3727 
f 3634 3636 3726 
f 3751 3764 3765 3781 
f 3747 3770 3769 
f 3747 3769 3768 3750 
f 3750 3768 3767 3751 
f 3751 3767 3764 
f 3752 3763 3762 3755 
f 3756 3762 3757 
f 3755 3762 3756 
f 3757 3762 3760 3758 
f 3758 3760 3761 3759 
s 4
f 3782 3785 3784 3783 
s 1
f 3786 3789 3788 3787 
s 4
f 3783 3791 3790 3782 
s 8
f 3792 3795 3794 3793 
f 3796 3790 3791 3792 
f 3796 3799 3798 3797 
s 4
f 3784 3801 3800 3783 
f 3782 3803 3802 3785 
s 2
f 3804 3565 3802 3803 
f 3805 3800 3801 3806 
s 4
f 3790 3807 3803 3782 
f 3783 3800 3808 3791 
s 2
f 3804 3803 3807 3797 
f 3795 3808 3800 3805 
s 8
f 3792 3791 3808 3795 
f 3796 3797 3807 3790 
f 3809 3812 3811 3810 
s 1
f 3746 3771 3772 3813 
f 3745 3774 3771 3746 
f 3744 3775 3774 3745 
f 3632 3633 3778 3814 
f 3815 3777 3776 
f 3815 3776 3775 
f 3815 3743 3740 
f 3815 3740 3741 
s 2
f 3708 3624 3625 3816 
s 1
f 3733 3737 3738 3734 
f 3739 3731 3732 
s 2
f 3693 3692 3442 3443 
f 3685 3596 3597 3686 
f 3595 3684 3705 3626 
f 3702 3627 3628 3730 
f 3630 3701 3700 3629 
s 1
f 3701 3731 3733 3700 
f 3732 3702 3730 3728 
f 3684 3739 3817 3705 
f 3739 3685 3686 3737 
f 3739 3732 3728 3817 
f 3731 3739 3737 3733 
f 3815 3775 3744 
f 3815 3744 3743 
s 2
f 3818 3820 3819 3798 
f 3820 3445 3446 3819 
s 1
f 3821 3824 3823 3822 
s 2
f 3825 3828 3827 3826 
f 3451 3825 3826 3454 
s 8
f 3828 3830 3829 3827 
s 2
f 3831 3458 3459 3832 
f 3833 3831 3832 3834 
f 3826 3827 3836 3835 
f 3828 3825 3820 3818 
f 3454 3826 3835 3462 
f 3825 3451 3445 3820 
s 8
f 3827 3829 3836 
s 2
f 3832 3459 3463 3558 
f 3458 3831 3821 3447 
f 3834 3832 3558 3837 
f 3831 3833 3824 3821 
s 8
f 3838 3841 3840 3839 
f 3838 3839 3843 3842 
f 3838 3842 3844 
f 3845 3838 3844 3846 
f 3847 3845 3846 3848 
f 3847 3848 3849 
f 3850 3853 3852 3851 
f 3850 3851 3854 
f 3850 3854 3855 
f 3850 3855 3856 
f 3850 3856 3857 
f 3858 3850 3857 3859 
f 3858 3861 3860 
f 3858 3860 3862 
f 3858 3862 3863 
f 3858 3863 3864 
f 3865 3868 3867 3866 
f 3869 3865 3866 3870 
f 3871 3869 3870 3872 
f 3873 3871 3872 3874 
f 3841 3873 3874 3875 
f 3841 3875 3876 3840 
s 2
f 3534 3535 3864 3863 
f 3536 3537 3876 3875 
f 3538 3536 3875 3874 
f 3539 3538 3874 3872 
f 3540 3541 3844 3842 
f 3541 3542 3846 3844 
f 3542 3543 3848 3846 
f 3543 3544 3849 3848 
f 3544 3545 3877 3849 
f 3546 3539 3872 3870 
f 3547 3546 3870 3866 
f 3535 3548 3878 3864 
f 3549 3550 3854 3851 
f 3550 3551 3855 3854 
f 3551 3552 3856 3855 
f 3552 3553 3857 3856 
f 3553 3554 3859 3857 
f 3555 3556 3860 3861 
f 3556 3557 3862 3860 
f 3557 3534 3863 3862 
f 3558 3559 3879 3837 
s 8
f 3847 3880 3868 3865 
f 3838 3873 3841 
f 3838 3845 3871 3873 
f 3845 3847 3869 3871 
f 3847 3865 3869 
f 3881 3834 3837 
f 3881 3833 3834 
f 3881 3824 3833 
f 3881 3882 3824 
f 3818 3830 3828 
f 3830 3882 3881 3829 
f 3824 3882 3883 3823 
f 3793 3830 3799 
f 3793 3882 3830 
s 2
f 3208 3205 3623 3621 
f 3213 3217 3643 3639 
f 3217 3219 3645 3643 
f 3219 3221 3574 3645 
f 3233 3885 3884 3575 
f 3235 3247 3663 3654 
f 3247 3249 3665 3663 
f 3249 3251 3579 3665 
f 3275 3279 3683 3593 
f 3314 3315 3627 3630 
f 3279 3887 3886 3683 
f 3440 3324 3706 3628 
f 3327 3328 3714 3711 
f 3328 3343 3723 3714 
f 3343 3345 3619 3723 
f 3888 3293 3294 3889 
f 3608 3307 3308 3890 
s 1
f 3890 3308 3360 3891 
f 3892 3361 3293 3888 
f 3891 3360 3361 3892 
s 2
f 3889 3294 3601 3893 
f 3608 3312 3698 3607 
f 3893 3601 3690 3894 
f 3895 3697 3606 3607 
s 1
f 3896 3735 3697 3895 
f 3894 3690 3736 3897 
f 3897 3736 3735 3896 
s 2
f 3286 3287 3888 3889 
f 3311 3312 3608 3890 
s 1
f 3359 3311 3890 3891 
f 3287 3363 3892 3888 
f 3363 3359 3891 3892 
s 2
f 3598 3286 3889 3893 
f 3687 3598 3893 3894 
f 3698 3699 3895 3607 
s 1
f 3699 3734 3896 3895 
f 3738 3687 3894 3897 
f 3734 3738 3897 3896 
s 2
f 3698 3312 3309 3629 
f 3319 3320 3887 3366 
f 3323 3324 3440 3354 
s 1
f 3323 3355 3437 3322 
f 3319 3898 3441 3318 
f 3898 3355 3353 3441 
s 2
f 3703 3704 3742 3886 
f 3706 3707 3730 3628 
s 1
f 3729 3707 3708 3815 
f 3899 3704 3705 3817 
f 3729 3899 3817 3728 
s 2
f 3703 3320 3317 3626 
f 3706 3324 3321 3624 
f 3259 3260 3583 3373 
f 3397 3586 3263 3264 
s 1
f 3259 3435 3371 3258 
f 3397 3398 3900 3261 
f 3398 3435 3374 3900 
s 2
f 3669 3260 3257 3588 
f 3585 3586 3262 3672 
f 3669 3670 3749 3582 
f 3585 3773 3675 3584 
s 1
f 3813 3670 3671 3746 
f 3772 3773 3673 3901 
f 3813 3772 3901 3748 
f 3366 3367 3898 3319 
f 3367 3437 3355 3898 
f 3741 3742 3704 3899 
f 3815 3741 3899 3729 
s 2
f 3886 3887 3320 3703 
f 3366 3887 3279 3280 
f 3886 3742 3682 3683 
f 3325 3326 3611 3403 
s 1
f 3325 3902 3402 3277 
f 3902 3437 3402 
f 3322 3437 3436 3439 
s 2
f 3709 3326 3278 3594 
f 3709 3710 3779 3610 
s 1
f 3903 3710 3681 3777 
f 3815 3903 3777 
f 3815 3708 3816 3814 
f 3403 3404 3902 3325 
f 3404 3436 3437 3902 
s 2
f 3610 3611 3326 3709 
s 1
f 3778 3779 3710 3903 
f 3814 3778 3903 3815 
s 2
f 3403 3611 3331 3332 
s 1
f 3439 3436 3204 3330 
s 2
f 3438 3439 3330 3327 
f 3625 3438 3327 3711 
f 3610 3779 3716 3609 
s 1
f 3814 3816 3712 3632 
s 2
f 3816 3625 3711 3712 
f 3341 3342 3618 3405 
s 1
f 3341 3203 3339 
s 2
f 3720 3342 3340 3615 
f 3720 3721 3780 3617 
s 1
f 3633 3721 3719 
f 3405 3202 3203 3341 
s 2
f 3617 3618 3342 3720 
s 1
f 3634 3780 3721 3633 
s 2
f 3405 3618 3349 3350 
f 3617 3780 3727 3616 
f 3261 3262 3586 3397 
s 1
f 3373 3374 3435 3259 
s 2
f 3582 3583 3260 3669 
f 3672 3673 3773 3585 
s 1
f 3748 3749 3670 3813 
s 2
f 3373 3583 3253 3254 
s 1
f 3261 3900 3395 3255 
f 3900 3374 3372 3395 
s 2
f 3672 3262 3256 3581 
f 3582 3749 3667 3580 
s 1
f 3901 3673 3668 3770 
f 3748 3901 3770 3747 
s 2
f 3390 3573 3239 3240 
f 3237 3238 3885 3378 
s 1
f 3237 3406 3376 3236 
f 3390 3391 3904 3231 
f 3391 3406 3379 3904 
s 2
f 3572 3573 3232 3651 
f 3572 3766 3659 3571 
f 3655 3656 3754 3884 
s 1
f 3781 3656 3657 3751 
f 3765 3766 3652 3905 
f 3781 3765 3905 3753 
s 2
f 3655 3238 3235 3654 
f 3231 3232 3573 3390 
s 1
f 3378 3379 3406 3237 
s 2
f 3651 3652 3766 3572 
s 1
f 3753 3754 3656 3781 
s 2
f 3884 3885 3238 3655 
f 3378 3885 3233 3234 
s 1
f 3231 3904 3388 3229 
f 3904 3379 3377 3388 
s 2
f 3651 3232 3230 3570 
f 3884 3754 3653 3575 
s 1
f 3905 3652 3650 3763 
f 3753 3905 3763 3752 
s 2
f 3210 3211 3906 3428 
f 3215 3216 3425 3907 
s 1
f 3384 3215 3907 3908 
f 3211 3386 3909 3906 
f 3386 3384 3908 3909 
s 2
f 3564 3210 3428 3806 
f 3566 3216 3213 3639 
f 3638 3564 3806 3910 
f 3566 3640 3911 3565 
s 1
f 3640 3759 3912 3911 
f 3761 3638 3910 3913 
f 3759 3761 3913 3912 
s 4
f 3812 3915 3786 3914 
f 3916 3431 3918 3917 
s 28
f 3919 3915 3920 3918 
s 4
f 3915 3812 3809 3920 
f 3920 3809 3922 3921 
f 3919 3432 3923 3789 
f 3918 3431 3432 3919 
s 28
f 3918 3920 3921 3917 
f 3915 3919 3789 3786 
s 8
f 3433 3434 3416 3562 
s 2
f 3924 3925 3917 3921 
s 1
f 3926 3788 3789 3923 
s 8
f 3433 3926 3923 3432 
f 3927 3434 3431 3916 
s 2
f 3925 3927 3916 3917 
s 1
f 3787 3788 3450 3822 
s 8
f 3810 3811 3883 3793 
s 1
f 3787 3928 3914 3786 
s 8
f 3928 3811 3812 3914 
f 3810 3929 3922 3809 
s 2
f 3929 3924 3921 3922 
f 3428 3465 3925 
s 1
f 3449 3450 3788 3926 
s 8
f 3562 3449 3926 3433 
f 3415 3416 3434 3927 
s 2
f 3465 3415 3927 3925 
s 1
f 3822 3823 3928 3787 
s 8
f 3823 3883 3811 3928 
f 3793 3794 3929 3810 
s 2
f 3794 3930 3924 3929 
s 8
f 3562 3416 3561 
s 1
f 3822 3450 3447 3821 
s 8
f 3793 3883 3882 
s 2
f 3415 3465 3427 3414 
s 8
f 3418 3419 3444 3455 
s 2
f 3446 3419 3420 3426 
s 8
f 3418 3416 3413 3417 
s 2
f 3930 3794 3795 3805 
s 8
f 3798 3799 3830 3818 
s 2
f 3798 3819 3804 3797 
f 3819 3446 3425 3565 
s 8
f 3793 3799 3796 3792 
f 3931 3932 3560 3456 
f 3932 3532 3464 3560 
f 3933 3931 3456 3461 
s 2
f 3934 3933 3461 3462 
f 3531 3532 3470 3935 
f 3936 3934 3462 3835 
f 3559 3531 3935 3937 
s 8
f 3938 3939 3829 3881 
f 3879 3938 3881 3837 
f 3939 3940 3836 3829 
s 2
f 3940 3936 3835 3836 
f 3879 3559 3937 3843 
s 8
f 3468 3469 3932 3931 
f 3469 3470 3532 3932 
f 3504 3468 3931 3933 
s 2
f 3508 3504 3933 3934 
f 3537 3508 3934 3936 
s 8
f 3839 3840 3939 3938 
f 3843 3839 3938 3879 
f 3840 3876 3940 3939 
s 2
f 3876 3537 3936 3940 
f 3935 3470 3471 3511 
f 3937 3935 3511 3540 
f 3843 3937 3540 3842 
s 8
f 3533 3517 3477 3475 
f 3494 3495 3521 3941 
s 2
f 3516 3517 3480 3942 
f 3943 3495 3496 3519 
s 8
f 3533 3494 3941 3479 
s 2
f 3545 3516 3942 3944 
f 3945 3943 3519 3547 
s 8
f 3877 3880 3847 3849 
f 3867 3868 3946 3878 
s 2
f 3877 3545 3944 3852 
f 3867 3945 3547 3866 
s 8
f 3868 3880 3853 3946 
f 3479 3480 3517 3533 
s 2
f 3520 3521 3495 3943 
f 3548 3520 3943 3945 
s 8
f 3852 3853 3880 3877 
s 2
f 3878 3548 3945 3867 
s 8
f 3941 3521 3492 3486 
s 2
f 3942 3480 3481 3522 
s 8
f 3479 3941 3486 3478 
s 2
f 3944 3942 3522 3549 
s 8
f 3878 3946 3858 3864 
s 2
f 3852 3944 3549 3851 
s 8
f 3946 3853 3850 3858 
s 2
f 3527 3487 3488 3528 
f 3554 3527 3528 3555 
f 3859 3554 3555 3861 
s 8
f 3486 3487 3485 3478 
f 3858 3859 3861 
s 2
f 3425 3424 3947 
f 3421 3428 3948 
f 3428 3906 3948 
f 3907 3425 3947 
s 4
f 3409 3950 3949 3408 
f 3421 3948 3950 3409 
f 3408 3949 3947 3424 
s 1
f 3907 3947 3949 3908 
f 3909 3950 3948 3906 
f 3908 3949 3950 3909 
s 2
f 3802 3565 3951 
f 3806 3801 3952 
f 3910 3806 3952 
f 3565 3911 3951 
s 4
f 3785 3954 3953 3784 
f 3784 3953 3952 3801 
f 3802 3951 3954 3785 
s 1
f 3912 3954 3951 3911 
f 3910 3952 3953 3913 
f 3913 3953 3954 3912 
s 2
f 3806 3924 3930 
f 3806 3930 3805 
f 3425 3446 3426 
f 3819 3565 3804 
f 3428 3925 3924 3806 
f 3955 3958 3957 3956 
f 3956 3957 3960 3959 
f 3959 3960 3962 3961 
f 3961 3962 3964 3963 
f 3963 3964 3966 3965 
f 3965 3966 3968 3967 
f 3969 3972 3971 3970 
f 3970 3971 3974 3973 
f 3973 3974 3976 3975 
f 3975 3976 3978 3977 
f 3979 3982 3981 3980 
f 3980 3981 3984 3983 
f 3983 3984 3986 3985 
f 3985 3986 3988 3987 
f 3987 3988 3990 3989 
f 3989 3990 3992 3991 
f 3991 3992 3994 3993 
f 3995 3998 3997 3996 
f 3996 3997 4000 3999 
f 3999 4000 4002 4001 
f 4001 4002 4004 4003 
f 4003 4004 4006 4005 
f 4005 4006 4008 4007 
f 4009 4012 4011 4010 
f 4010 4011 4014 4013 
f 4013 4014 4016 4015 
f 4015 4016 4018 4017 
f 4017 4018 4020 4019 
f 4019 4020 4022 4021 
f 4021 4022 4024 4023 
f 4023 4024 4026 4025 
f 4025 4026 4028 4027 
f 4027 4028 4030 4029 
f 4031 4034 4033 4032 
f 4035 4038 4037 4036 
f 4036 4037 4040 4039 
f 4039 4040 4042 4041 
f 4041 4042 4044 4043 
f 4043 4044 4046 4045 
f 4047 4050 4049 4048 
f 4048 4049 4052 4051 
f 4051 4052 4054 4053 
f 4053 4054 4056 4055 
f 4055 4056 4058 4057 
f 4057 4058 4060 4059 
f 4059 4060 4062 4061 
f 4061 4062 4064 4063 
f 4063 4064 4066 4065 
f 4065 4066 4068 4067 
f 4069 4072 4071 4070 
f 4070 4071 4074 4073 
f 4073 4074 4076 4075 
f 4075 4076 4078 4077 
f 4077 4078 4080 4079 
f 4081 4084 4083 4082 
f 4082 4083 4086 4085 
f 4085 4086 4088 4087 
f 4087 4088 4090 4089 
f 4089 4090 4092 4091 
f 4093 4096 4095 4094 
f 4094 4095 4098 4097 
f 4097 4098 4100 4099 
f 4099 4100 4102 4101 
f 4101 4102 4104 4103 
f 4105 4108 4107 4106 
f 4106 4107 4110 4109 
f 4109 4110 4112 4111 
f 4111 4112 4114 4113 
f 4113 4114 4116 4115 
f 4117 4120 4119 4118 
f 4118 4119 4122 4121 
f 4121 4122 4124 4123 
f 4123 4124 4126 4125 
f 4125 4126 4128 4127 
f 4129 4132 4131 4130 
f 4130 4131 4134 4133 
f 4133 4134 4136 4135 
f 4135 4136 4138 4137 
f 4137 4138 4140 4139 
f 4141 4144 4143 4142 
f 4142 4143 4146 4145 
f 4145 4146 4148 4147 
f 4147 4148 4150 4149 
f 4149 4150 4152 4151 
f 4151 4152 4154 4153 
f 4153 4154 4156 4155 
f 4155 4156 4158 4157 
f 4157 4158 4160 4159 
f 4159 4160 4162 4161 
f 4161 4162 4164 4163 
f 4163 4164 4166 4165 
f 4165 4166 4168 4167 
f 4167 4168 4170 4169 
f 4169 4170 4172 4171 
f 4171 4172 4174 4173 
f 4173 4174 4176 4175 
f 4177 4180 4179 4178 
f 4178 4179 4182 4181 
f 4181 4182 4184 4183 
f 4183 4184 4186 4185 
f 4187 4190 4189 4188 
f 4188 4189 4192 4191 
f 4191 4192 4194 4193 
f 4195 4198 4197 4196 
f 4196 4197 4200 4199 
f 4199 4200 4202 4201 
f 4203 4206 4205 4204 
f 4204 4205 4208 4207 
f 4207 4208 4210 4209 
f 4209 4210 4212 4211 
f 4211 4212 4214 4213 
f 4213 4214 4216 4215 
f 4215 4216 4218 4217 
f 4217 4218 4220 4219 
f 4219 4220 4222 4221 
f 4221 4222 4224 4223 
f 4223 4224 4226 4225 
f 4227 4230 4229 4228 
f 4228 4229 4232 4231 
f 4231 4232 4234 4233 
f 4233 4234 4236 4235 
f 4235 4236 4238 4237 
f 4239 4242 4241 4240 
f 4240 4241 4244 4243 
f 4243 4244 4246 4245 
f 4245 4246 4248 4247 
f 4247 4248 4250 4249 
f 4251 4254 4253 4252 
f 4252 4253 4256 4255 
f 4255 4256 4258 4257 
f 4257 4258 4260 4259 
f 4259 4260 4262 4261 
f 4261 4262 4264 4263 
f 4263 4264 4266 4265 
f 4265 4266 4268 4267 
f 4267 4268 4270 4269 
f 4269 4270 4272 4271 
f 4273 4276 4275 4274 
f 4274 4275 4278 4277 
f 4277 4278 4280 4279 
f 4279 4280 4282 4281 
f 4281 4282 4284 4283 
f 4285 4288 4287 4286 
f 4286 4287 4290 4289 
f 4289 4290 4292 4291 
f 4291 4292 4294 4293 
f 4293 4294 4296 4295 
f 4297 4300 4299 4298 
f 4298 4299 4302 4301 
f 4301 4302 4304 4303 
f 4303 4304 4306 4305 
f 4305 4306 4308 4307 
f 4309 4312 4311 4310 
f 4310 4311 4314 4313 
f 4313 4314 4316 4315 
f 4315 4316 4318 4317 
f 4317 4318 4320 4319 
f 4319 4320 4322 4321 
f 4321 4322 4324 4323 
f 4323 4324 4326 4325 
f 4325 4326 4328 4327 
f 4327 4328 4330 4329 
f 4329 4330 4332 4331 
f 4331 4332 4334 4333 
f 4333 4334 4336 4335 
f 4335 4336 4338 4337 
f 4337 4338 4340 4339 
f 4339 4340 4342 4341 
f 4341 4342 4344 4343 
f 4343 4344 4346 4345 
f 4345 4346 4348 4347 
f 4347 4348 4350 4349 
f 4349 4350 4352 4351 
f 4351 4352 4354 4353 
f 4353 4354 4356 4355 
f 4355 4356 4358 4357 
f 4357 4358 4360 4359 
f 4359 4360 4362 4361 
f 4361 4362 4364 4363 
f 4363 4364 4366 4365 
f 4365 4366 4368 4367 
f 4367 4368 4370 4369 
f 4369 4370 4372 4371 
f 4371 4372 4374 4373 
f 4373 4374 4376 4375 
f 4375 4376 4378 4377 
f 4377 4378 4380 4379 
f 4379 4380 4382 4381 
f 4381 4382 4384 4383 
f 4383 4384 4386 4385 
f 4385 4386 4388 4387 
f 4387 4388 4390 4389 
f 4389 4390 4392 4391 
f 4391 4392 4394 4393 
f 4393 4394 4396 4395 
f 4395 4396 4398 4397 
f 4397 4398 4400 4399 
f 4399 4400 4402 4401 
f 4401 4402 4404 4403 
f 4403 4404 4406 4405 
f 4405 4406 4408 4407 
f 4407 4408 4410 4409 
f 4409 4410 4412 4411 
f 4411 4412 4414 4413 
f 4413 4414 4416 4415 
f 4415 4416 4418 4417 
f 4417 4418 4420 4419 
f 4419 4420 4422 4421 
f 4421 4422 4424 4423 
f 4423 4424 4426 4425 
f 4425 4426 4428 4427 
f 4427 4428 4430 4429 
f 4429 4430 4432 4431 
f 4431 4432 4434 4433 
f 4433 4434 4436 4435 
f 4435 4436 4438 4437 
f 4437 4438 4440 4439 
f 4439 4440 4442 4441 
f 4441 4442 4444 4443 
f 4443 4444 4446 4445 
f 4445 4446 4448 4447 
f 4447 4448 4450 4449 
f 4449 4450 4452 4451 
f 4451 4452 4454 4453 
f 4453 4454 4456 4455 
f 4455 4456 4458 4457 
f 4457 4458 4460 4459 
f 4459 4460 4462 4461 
f 4461 4462 4464 4463 
f 4465 4468 4467 4466 
f 4466 4467 4470 4469 
f 4469 4470 4472 4471 
f 4471 4472 4474 4473 
f 4473 4474 4476 4475 
f 4475 4476 4478 4477 
f 4477 4478 4480 4479 
f 4479 4480 4482 4481 
f 4481 4482 4484 4483 
f 4483 4484 4486 4485 
f 4485 4486 4488 4487 
f 4487 4488 4490 4489 
f 4489 4490 4492 4491 
f 4491 4492 4494 4493 
f 4493 4494 4496 4495 
f 4495 4496 4498 4497 
f 4497 4498 4500 4499 
f 4499 4500 4502 4501 
f 4501 4502 4504 4503 
f 4503 4504 4506 4505 
f 4505 4506 4508 4507 
f 4507 4508 4510 4509 
f 4509 4510 4512 4511 
f 4511 4512 4514 4513 
f 4513 4514 4516 4515 
f 4515 4516 4518 4517 
f 4517 4518 4520 4519 
f 4519 4520 4522 4521 
f 4521 4522 4524 4523 
f 4523 4524 4526 4525 
f 4525 4526 4528 4527 
f 4527 4528 4530 4529 
f 4529 4530 4532 4531 
f 4531 4532 4534 4533 
f 4533 4534 4536 4535 
f 4535 4536 4538 4537 
f 4537 4538 4540 4539 
f 4539 4540 4542 4541 
f 4541 4542 4544 4543 
f 4543 4544 4546 4545 
f 4545 4546 4548 4547 
f 4547 4548 4550 4549 
f 4549 4550 4552 4551 
f 4551 4552 4554 4553 
f 4553 4554 4556 4555 
f 4555 4556 4558 4557 
f 4557 4558 4560 4559 
f 4559 4560 4562 4561 
f 4561 4562 4564 4563 
f 4563 4564 4566 4565 
f 4565 4566 4568 4567 
f 4567 4568 4570 4569 
f 4569 4570 4572 4571 
f 4571 4572 4574 4573 
f 4573 4574 4576 4575 
f 4575 4576 4578 4577 
f 4577 4578 4580 4579 
f 4579 4580 4582 4581 
f 4581 4582 4584 4583 
f 4583 4584 4586 4585 
f 4585 4586 4588 4587 
f 4587 4588 4590 4589 
f 4589 4590 4592 4591 
f 4591 4592 4594 4593 
f 4593 4594 4596 4595 
f 4595 4596 4598 4597 
f 4597 4598 4600 4599 
f 4599 4600 4602 4601 
f 4601 4602 4604 4603 
f 4603 4604 4606 4605 
f 4605 4606 4608 4607 
f 4607 4608 4610 4609 
f 4609 4610 4612 4611 
f 4611 4612 4614 4613 
f 4613 4614 4616 4615 
f 4615 4616 4618 4617 
f 4617 4618 4620 4619 
f 4619 4620 4622 4621 
f 4621 4622 4624 4623 
f 4623 4624 4626 4625 
f 4625 4626 4628 4627 
f 4627 4628 4630 4629 
f 4629 4630 4632 4631 
f 4631 4632 4634 4633 
f 4633 4634 3958 3955 
s 1
f 4635 4638 4637 4636 
f 4639 4642 4641 4640 
f 4643 4646 4645 4644 
f 4647 4650 4649 4648 
f 4651 4654 4653 4652 
f 4654 4655 4653 
f 4654 4657 4656 4655 
f 4657 4658 4656 
f 4657 4660 4659 4658 
f 4661 4663 4662 
f 4663 4664 4662 
f 4664 4665 4662 
f 4665 4666 4662 
f 4666 4667 4662 
f 4668 4669 4659 
f 4670 4673 4672 4671 
f 4670 4671 4674 
f 4675 4670 4674 4676 
f 4675 4676 4677 
f 4678 4675 4677 4679 
f 4680 4683 4682 4681 
f 4684 4680 4681 4685 
f 4684 4685 4686 
f 4687 4684 4686 4688 
f 4687 4688 4689 
f 4690 4687 4689 
f 4691 4690 4689 
f 4692 4691 4689 
f 4693 4692 4689 
f 4694 4693 4689 
f 4695 4697 4696 
f 4695 4699 4698 4697 
f 4695 4696 4700 
f 4701 4695 4700 4702 
f 4703 4701 4702 4704 
f 4699 4706 4705 4698 
f 4706 4707 4705 
f 4707 4708 4705 
f 4708 4710 4709 4705 
f 4710 4712 4711 4709 
f 4712 4714 4713 4711 
f 4715 4703 4704 4716 
f 4717 4715 4716 4718 
f 4719 4717 4718 
f 4720 4719 4718 4721 
f 4722 4724 4723 
f 4722 4725 4724 
f 4722 4726 4725 
f 4722 4723 4727 
f 4722 4727 4728 
f 4722 4728 4729 
f 4722 4730 4726 
f 4722 4732 4731 4730 
f 4732 4721 4731 
f 4732 4720 4721 
f 4732 4733 4720 
f 4732 4734 4733 
f 4732 4736 4735 4734 
f 4737 4722 4729 4738 
f 4737 4738 4739 
f 4737 4739 4740 
f 4737 4740 4741 
f 4737 4741 4742 
f 4737 4742 4743 
f 4737 4743 4744 
f 4737 4744 4745 
f 4737 4745 4746 
f 4737 4746 4747 
f 4737 4747 4748 
f 4742 4750 4749 4743 
f 4750 4752 4751 4749 
f 4752 4754 4753 4751 
f 4754 4756 4755 4753 
f 4756 4757 4755 
f 4757 4758 4755 
f 4758 4760 4759 4755 
f 4760 4761 4759 
f 4760 4762 4761 
f 4760 4764 4763 4762 
f 4764 4766 4765 4763 
f 4766 4768 4767 4765 
f 4769 4771 4770 
f 4769 4770 4772 
f 4769 4773 4771 
f 4769 4774 4773 
f 4769 4775 4774 
f 4769 4776 4775 
f 4769 4772 4777 
f 4769 4777 4778 
f 4769 4778 4779 
f 4776 4781 4780 
f 4776 4780 4782 
f 4776 4783 4781 
f 4776 4784 4783 
f 4776 4786 4785 4784 
f 4787 4790 4789 4788 
f 4790 4792 4791 4789 
f 4792 4794 4793 4791 
f 4794 4643 4644 4793 
f 4646 4796 4795 4645 
f 4796 4797 4795 
f 4797 4799 4798 4795 
f 4799 4800 4798 
f 4800 4802 4801 4798 
f 4803 4805 4804 
f 4806 4803 4804 4807 
f 4806 4807 4808 
f 4806 4808 4809 
f 4810 4769 4779 
f 4810 4809 4811 
f 4810 4811 4812 
f 4810 4779 4806 4809 
f 4805 4813 4804 
f 4813 4815 4814 4804 
f 4815 4817 4816 4814 
f 4817 4819 4818 4816 
f 4819 4820 4818 
f 4820 4822 4821 4818 
f 4822 4823 4821 
f 4823 4825 4824 4821 
f 4825 4826 4824 
f 4826 4827 4824 
f 4827 4829 4828 4824 
f 4830 4831 4829 
f 4831 4832 4829 
f 4832 4833 4829 
f 4833 4834 4829 
f 4834 4835 4829 
f 4835 4836 4829 
f 4836 4837 4829 
f 4837 4838 4829 
f 4838 4839 4829 
f 4839 4840 4829 
f 4840 4841 4829 
f 4841 4828 4829 
f 4827 4830 4829 
f 4802 4842 4801 
f 4842 4843 4801 
f 4843 4844 4801 
f 4844 4845 4801 
f 4845 4846 4801 
f 4846 4847 4801 
f 4847 4848 4801 
f 4848 4849 4801 
f 4849 4850 4801 
f 4850 4851 4801 
f 4645 4853 4852 4644 
f 4854 4856 4855 
f 4788 4857 4856 4854 
f 4788 4858 4857 
f 4789 4859 4858 4788 
f 4791 4860 4859 4789 
f 4793 4861 4860 4791 
f 4644 4852 4861 4793 
f 4795 4862 4853 4645 
f 4795 4863 4862 
f 4798 4863 4795 
f 4776 4782 4854 
f 4801 4851 4863 4798 
f 4782 4787 4788 4854 
f 4864 4867 4866 4865 
f 4642 4864 4865 4641 
f 4868 4639 4640 4869 
f 4870 4873 4872 4871 
f 4870 4871 4874 
f 4870 4874 4875 
f 4876 4870 4875 4877 
f 4878 4877 4879 
f 4880 4878 4879 4881 
f 4880 4881 4882 
f 4878 4884 4883 
f 4884 4885 4883 
f 4885 4886 4883 
f 4886 4887 4883 
f 4887 4888 4883 
f 4888 4889 4883 
f 4889 4890 4883 
f 4890 4891 4883 
f 4891 4876 4883 
f 4878 4883 4877 
f 4892 4894 4893 
f 4894 4895 4893 
f 4895 4897 4896 4893 
f 4896 4898 4893 
f 4898 4899 4893 
f 4893 4899 4900 
f 4901 4904 4903 4902 
f 4905 4901 4902 4906 
f 4907 4905 4906 4908 
f 4909 4907 4908 4910 
f 4909 4910 4649 
f 4910 4911 4649 
f 4912 4909 4649 
f 4911 4913 4649 
f 4914 4647 4648 4915 
f 4916 4914 4915 4917 
f 4918 4916 4917 4919 
f 4920 4918 4921 
f 4918 4919 4921 
f 4919 4922 4921 
f 4922 4924 4923 4921 
f 4925 4927 4926 
f 4927 4928 4926 
f 4928 4929 4926 
f 4929 4930 4926 
f 4930 4931 4926 
f 4932 4934 4933 
f 4934 4935 4933 
f 4935 4936 4933 
f 4936 4937 4933 
f 4937 4938 4933 
f 4933 4938 4940 4939 
f 4635 4941 5003 4638 
f 4637 4942 4636 
f 4942 4944 4943 4636 
f 4944 4945 4943 
f 4945 4947 4946 4943 
f 4926 4931 4949 4948 
f 4883 4876 4877 
f 4776 4854 4855 4775 
f 3955 3956 4807 4804 
f 3956 3959 4808 4807 
f 3959 3961 4809 4808 
f 3961 3963 4811 4809 
f 3963 3965 4812 4811 
f 3965 3967 4950 4812 
f 3969 3970 4641 4865 
f 3970 3973 4640 4641 
f 3973 3975 4869 4640 
f 3975 3977 4872 4869 
f 3979 3980 4874 4871 
f 3980 3983 4875 4874 
f 3983 3985 4877 4875 
f 3985 3987 4879 4877 
f 3987 3989 4881 4879 
f 3989 3991 4882 4881 
f 3991 3993 4951 4882 
f 3995 3996 4648 4649 
f 3996 3999 4915 4648 
f 3999 4001 4917 4915 
f 4001 4003 4919 4917 
f 4003 4005 4922 4919 
f 4005 4007 4924 4922 
f 4009 4010 4927 4925 
f 4010 4013 4927 
f 4013 4015 4928 4927 
f 4015 4017 4928 
f 4017 4019 4929 4928 
f 4019 4021 4929 
f 4021 4023 4930 4929 
f 4023 4025 4930 
f 4025 4027 4931 4930 
f 4027 4029 4949 4931 
f 4921 4031 4952 
f 4035 4036 4943 
f 4036 4039 4636 4943 
f 4039 4041 4636 
f 4041 4043 4635 4636 
f 4043 4045 4941 4635 
f 4047 4048 4934 4932 
f 4048 4051 4934 
f 4051 4053 4935 4934 
f 4053 4055 4935 
f 4055 4057 4936 4935 
f 4057 4059 4936 
f 4059 4061 4937 4936 
f 4061 4063 4937 
f 4063 4065 4938 4937 
f 4065 4067 4940 4938 
f 4069 4070 4637 4638 
f 4070 4073 4942 4637 
f 4073 4075 4944 4942 
f 4075 4077 4945 4944 
f 4077 4079 4947 4945 
f 4081 4082 4918 4920 
f 4082 4085 4916 4918 
f 4085 4087 4914 4916 
f 4087 4089 4647 4914 
f 4089 4091 4650 4647 
f 4093 4094 4909 4912 
f 4094 4097 4907 4909 
f 4097 4099 4905 4907 
f 4099 4101 4901 4905 
f 4101 4103 4904 4901 
f 4105 4106 4892 
f 4106 4109 4894 4892 
f 4109 4111 4894 
f 4111 4113 4895 4894 
f 4113 4115 4897 4895 
f 4117 4118 4896 
f 4118 4121 4898 4896 
f 4121 4123 4898 
f 4123 4125 4899 4898 
f 4125 4127 4900 4899 
f 4129 4130 4906 4902 
f 4130 4133 4908 4906 
f 4133 4135 4910 4908 
f 4135 4137 4911 4910 
f 4137 4139 4913 4911 
f 4141 4142 4878 4880 
f 4142 4145 4884 4878 
f 4145 4147 4885 4884 
f 4147 4149 4886 4885 
f 4149 4151 4886 
f 4151 4153 4887 4886 
f 4153 4155 4887 
f 4155 4157 4888 4887 
f 4157 4159 4888 
f 4159 4161 4889 4888 
f 4161 4163 4890 4889 
f 4163 4165 4890 
f 4165 4167 4891 4890 
f 4167 4169 4891 
f 4169 4171 4876 4891 
f 4171 4173 4870 4876 
f 4173 4175 4873 4870 
f 4177 4178 4639 4868 
f 4178 4181 4642 4639 
f 4181 4183 4864 4642 
f 4183 4185 4867 4864 
f 4187 4188 4769 4810 
f 4188 4191 4776 4769 
f 4191 4193 4786 4776 
f 4195 4196 4722 4737 
f 4196 4199 4732 4722 
f 4199 4201 4736 4732 
f 4203 4204 4693 4694 
f 4204 4207 4692 4693 
f 4207 4209 4691 4692 
f 4209 4211 4690 4691 
f 4211 4213 4690 
f 4213 4215 4687 4690 
f 4215 4217 4687 
f 4217 4219 4684 4687 
f 4219 4221 4684 
f 4221 4223 4680 4684 
f 4223 4225 4683 4680 
f 4227 4228 4675 4678 
f 4228 4231 4675 
f 4231 4233 4670 4675 
f 4233 4235 4670 
f 4235 4237 4673 4670 
f 4239 4240 4654 4651 
f 4240 4243 4654 
f 4243 4245 4657 4654 
f 4245 4247 4657 
f 4247 4249 4660 4657 
f 4251 4252 4661 
f 4252 4255 4663 4661 
f 4255 4257 4663 
f 4257 4259 4664 4663 
f 4259 4261 4665 4664 
f 4261 4263 4665 
f 4263 4265 4666 4665 
f 4265 4267 4666 
f 4267 4269 4667 4666 
f 4269 4271 4669 4667 
f 4273 4274 4656 4658 
f 4274 4277 4655 4656 
f 4277 4279 4653 4655 
f 4279 4281 4652 4653 
f 4281 4283 4953 4652 
f 4285 4286 4674 4671 
f 4286 4289 4676 4674 
f 4289 4291 4677 4676 
f 4291 4293 4679 4677 
f 4293 4295 4954 4679 
f 4297 4298 4685 4681 
f 4298 4301 4686 4685 
f 4301 4303 4688 4686 
f 4303 4305 4689 4688 
f 4305 4307 4955 4689 
f 4309 4310 4733 4734 
f 4310 4313 4720 4733 
f 4313 4315 4719 4720 
f 4315 4317 4717 4719 
f 4317 4319 4715 4717 
f 4319 4321 4703 4715 
f 4321 4323 4701 4703 
f 4323 4325 4695 4701 
f 4325 4327 4699 4695 
f 4327 4329 4706 4699 
f 4329 4331 4707 4706 
f 4331 4333 4708 4707 
f 4333 4335 4710 4708 
f 4335 4337 4712 4710 
f 4337 4339 4714 4712 
f 4339 4341 4713 4714 
f 4341 4343 4711 4713 
f 4343 4345 4709 4711 
f 4345 4347 4705 4709 
f 4347 4349 4705 
f 4349 4351 4705 
f 4351 4353 4698 4705 
f 4353 4355 4697 4698 
f 4355 4357 4696 4697 
f 4357 4359 4700 4696 
f 4359 4361 4702 4700 
f 4361 4363 4704 4702 
f 4363 4365 4716 4704 
f 4365 4367 4718 4716 
f 4367 4369 4721 4718 
f 4369 4371 4731 4721 
f 4371 4373 4731 
f 4373 4375 4731 
f 4375 4377 4730 4731 
f 4377 4379 4726 4730 
f 4379 4381 4725 4726 
f 4381 4383 4724 4725 
f 4383 4385 4723 4724 
f 4385 4387 4727 4723 
f 4387 4389 4728 4727 
f 4389 4391 4729 4728 
f 4391 4393 4738 4729 
f 4393 4395 4739 4738 
f 4395 4397 4739 
f 4397 4399 4739 
f 4399 4401 4740 4739 
f 4401 4403 4741 4740 
f 4403 4405 4742 4741 
f 4405 4407 4750 4742 
f 4407 4409 4752 4750 
f 4409 4411 4754 4752 
f 4411 4413 4756 4754 
f 4413 4415 4757 4756 
f 4415 4417 4758 4757 
f 4417 4419 4760 4758 
f 4419 4421 4760 
f 4421 4423 4760 
f 4423 4425 4764 4760 
f 4425 4427 4766 4764 
f 4427 4429 4768 4766 
f 4429 4431 4767 4768 
f 4431 4433 4765 4767 
f 4433 4435 4763 4765 
f 4435 4437 4762 4763 
f 4437 4439 4761 4762 
f 4439 4441 4759 4761 
f 4441 4443 4755 4759 
f 4443 4445 4753 4755 
f 4445 4447 4751 4753 
f 4447 4449 4749 4751 
f 4449 4451 4743 4749 
f 4451 4453 4744 4743 
f 4453 4455 4745 4744 
f 4455 4457 4746 4745 
f 4457 4459 4747 4746 
f 4459 4461 4748 4747 
f 4461 4463 4956 4748 
f 4465 4466 4783 4784 
f 4466 4469 4781 4783 
f 4469 4471 4780 4781 
f 4471 4473 4782 4780 
f 4473 4475 4787 4782 
f 4475 4477 4790 4787 
f 4477 4479 4792 4790 
f 4479 4481 4794 4792 
f 4481 4483 4643 4794 
f 4483 4485 4646 4643 
f 4485 4487 4796 4646 
f 4487 4489 4797 4796 
f 4489 4491 4799 4797 
f 4491 4493 4800 4799 
f 4493 4495 4802 4800 
f 4495 4497 4842 4802 
f 4497 4499 4843 4842 
f 4499 4501 4844 4843 
f 4501 4503 4845 4844 
f 4503 4505 4846 4845 
f 4505 4507 4847 4846 
f 4507 4509 4848 4847 
f 4509 4511 4849 4848 
f 4511 4513 4850 4849 
f 4513 4515 4851 4850 
f 4515 4517 4863 4851 
f 4517 4519 4863 
f 4519 4521 4863 
f 4521 4523 4862 4863 
f 4523 4525 4853 4862 
f 4525 4527 4852 4853 
f 4527 4529 4861 4852 
f 4529 4531 4860 4861 
f 4531 4533 4859 4860 
f 4533 4535 4858 4859 
f 4535 4537 4857 4858 
f 4537 4539 4856 4857 
f 4539 4541 4855 4856 
f 4541 4543 4855 
f 4543 4545 4855 
f 4545 4547 4775 4855 
f 4547 4549 4774 4775 
f 4549 4551 4773 4774 
f 4551 4553 4771 4773 
f 4553 4555 4770 4771 
f 4555 4557 4772 4770 
f 4557 4559 4777 4772 
f 4559 4561 4778 4777 
f 4561 4563 4779 4778 
f 4563 4565 4806 4779 
f 4565 4567 4806 
f 4567 4569 4806 
f 4569 4571 4803 4806 
f 4571 4573 4805 4803 
f 4573 4575 4813 4805 
f 4575 4577 4815 4813 
f 4577 4579 4817 4815 
f 4579 4581 4819 4817 
f 4581 4583 4820 4819 
f 4583 4585 4822 4820 
f 4585 4587 4823 4822 
f 4587 4589 4825 4823 
f 4589 4591 4825 
f 4591 4593 4825 
f 4593 4595 4826 4825 
f 4595 4597 4827 4826 
f 4597 4599 4830 4827 
f 4599 4601 4831 4830 
f 4601 4603 4832 4831 
f 4603 4605 4833 4832 
f 4605 4607 4834 4833 
f 4607 4609 4835 4834 
f 4609 4611 4836 4835 
f 4611 4613 4837 4836 
f 4613 4615 4838 4837 
f 4615 4617 4839 4838 
f 4617 4619 4840 4839 
f 4619 4621 4841 4840 
f 4621 4623 4828 4841 
f 4623 4625 4824 4828 
f 4625 4627 4821 4824 
f 4627 4629 4818 4821 
f 4629 4631 4816 4818 
f 4631 4633 4814 4816 
f 4633 3955 4804 4814 
s 2
f 4957 4958 4242 4239 
f 4283 4284 4960 4959 
s 1
f 4953 4961 4651 4652 
f 4961 4957 4239 4651 
f 4953 4283 4959 4672 
s 2
f 4249 4250 4963 4962 
s 1
f 4659 4660 4964 4668 
f 4660 4249 4962 4964 
s 2
f 4965 4966 4276 4273 
s 1
f 4659 4965 4273 4658 
s 2
f 4271 4272 4966 4965 
s 1
f 4669 4271 4965 4659 
s 2
f 4962 4963 4254 4251 
s 1
f 4964 4962 4251 4661 
f 4669 4668 4662 4667 
f 4668 4964 4661 4662 
s 2
f 4237 4238 4958 4957 
s 1
f 4672 4673 4961 4953 
f 4673 4237 4957 4961 
s 2
f 4959 4960 4288 4285 
s 1
f 4672 4959 4285 4671 
s 2
f 4967 4968 4230 4227 
f 4295 4296 4970 4969 
s 1
f 4954 4971 4678 4679 
f 4971 4967 4227 4678 
f 4954 4295 4969 4682 
s 2
f 4225 4226 4968 4967 
s 1
f 4682 4683 4971 4954 
f 4683 4225 4967 4971 
s 2
f 4969 4970 4300 4297 
s 1
f 4682 4969 4297 4681 
s 2
f 4972 4973 4206 4203 
f 4307 4308 4975 4974 
s 1
f 4955 4976 4694 4689 
f 4976 4972 4203 4694 
f 4955 4307 4974 4735 
s 2
f 4201 4202 4973 4972 
s 1
f 4735 4736 4976 4955 
f 4736 4201 4972 4976 
s 2
f 4974 4975 4312 4309 
s 1
f 4735 4974 4309 4734 
s 2
f 4977 4978 4198 4195 
f 4463 4464 4980 4979 
s 1
f 4956 4981 4737 4748 
f 4981 4977 4195 4737 
f 4956 4463 4979 4785 
s 2
f 4193 4194 4978 4977 
s 1
f 4785 4786 4981 4956 
f 4786 4193 4977 4981 
s 2
f 4979 4980 4468 4465 
s 1
f 4785 4979 4465 4784 
s 2
f 3967 3968 4983 4982 
f 4984 4985 4190 4187 
s 1
f 4950 4986 4810 4812 
f 4950 3967 4982 4866 
f 4986 4984 4187 4810 
s 2
f 4185 4186 4985 4984 
s 1
f 4866 4867 4986 4950 
f 4867 4185 4984 4986 
s 2
f 4982 4983 3972 3969 
s 1
f 4866 4982 3969 4865 
s 2
f 3977 3978 3982 3979 
f 4175 4176 4180 4177 
s 1
f 4872 4873 4868 4869 
f 4872 3977 3979 4871 
f 4873 4175 4177 4868 
s 2
f 3993 3994 3998 3995 
f 4987 4988 4144 4141 
s 1
f 4951 4989 4880 4882 
f 4951 3993 3995 4649 
f 4989 4987 4141 4880 
s 2
f 4091 4092 4096 4093 
s 1
f 4649 4650 4912 
f 4650 4091 4093 4912 
s 2
f 4139 4140 4988 4987 
s 1
f 4649 4913 4989 4951 
f 4913 4139 4987 4989 
s 2
f 4990 4991 4108 4105 
s 1
f 4893 4992 4892 
f 4992 4990 4105 4892 
s 2
f 4127 4128 4994 4993 
s 1
f 4893 4900 4903 
f 4900 4127 4993 4903 
s 2
f 4029 4030 4034 4031 
s 1
f 4949 4029 4031 4923 
s 2
f 4995 4996 4012 4009 
s 1
f 4948 4997 4925 4926 
f 4997 4995 4009 4925 
f 4948 4949 4923 
f 4923 4031 4921 
s 2
f 4007 4008 4996 4995 
s 1
f 4923 4924 4997 4948 
f 4924 4007 4995 4997 
s 2
f 4998 4999 4084 4081 
s 1
f 4952 5000 4920 4921 
f 4952 4031 4032 4946 
f 5000 4998 4081 4920 
s 2
f 4079 4080 4999 4998 
s 1
f 4946 4947 5000 4952 
f 4947 4079 4998 5000 
s 2
f 4032 4033 4038 4035 
s 1
f 4946 4032 4035 4943 
s 2
f 5001 5002 4072 4069 
s 1
f 5003 5001 4069 4638 
s 2
f 4045 4046 5005 5004 
s 1
f 5003 4941 5006 4939 
f 4941 4045 5004 5006 
s 2
f 4993 4994 4132 4129 
s 1
f 4903 4993 4129 4902 
s 2
f 4103 4104 4991 4990 
s 1
f 4903 4904 4992 4893 
f 4904 4103 4990 4992 
s 2
f 4115 4116 4120 4117 
s 1
f 4897 4115 4117 4896 
f 5007 5010 5009 5008 
f 5011 5014 5013 5012 
f 5015 5018 5017 5016 
f 5019 5022 5021 5020 
f 5023 5026 5025 5024 
f 5024 5025 5027 
f 5024 5027 5029 5028 
f 5028 5029 5030 
f 5028 5030 5032 5031 
f 5033 5035 5034 
f 5034 5035 5036 
f 5036 5035 5037 
f 5037 5035 5038 
f 5038 5035 5039 
f 5040 5041 5032 
f 5042 5045 5044 5043 
f 5042 5046 5045 
f 5047 5048 5046 5042 
f 5047 5049 5048 
f 5050 5051 5049 5047 
f 5052 5055 5054 5053 
f 5056 5057 5055 5052 
f 5056 5058 5057 
f 5059 5060 5058 5056 
f 5059 5061 5060 
f 5062 5061 5059 
f 5063 5061 5062 
f 5064 5061 5063 
f 5065 5061 5064 
f 5066 5061 5065 
f 5067 5069 5068 
f 5067 5068 5071 5070 
f 5067 5072 5069 
f 5073 5074 5072 5067 
f 5075 5076 5074 5073 
f 5070 5071 5078 5077 
f 5077 5078 5079 
f 5079 5078 5080 
f 5080 5078 5082 5081 
f 5081 5082 5084 5083 
f 5083 5084 5086 5085 
f 5087 5088 5076 5075 
f 5089 5090 5088 5087 
f 5091 5090 5089 
f 5092 5093 5090 5091 
f 5094 5096 5095 
f 5094 5095 5097 
f 5094 5097 5098 
f 5094 5099 5096 
f 5094 5100 5099 
f 5094 5101 5100 
f 5094 5098 5102 
f 5094 5102 5104 5103 
f 5103 5104 5093 
f 5103 5093 5092 
f 5103 5092 5105 
f 5103 5105 5106 
f 5103 5106 5108 5107 
f 5109 5110 5101 5094 
f 5109 5111 5110 
f 5109 5112 5111 
f 5109 5113 5112 
f 5109 5114 5113 
f 5109 5115 5114 
f 5109 5116 5115 
f 5109 5117 5116 
f 5109 5118 5117 
f 5109 5119 5118 
f 5109 5120 5119 
f 5114 5115 5122 5121 
f 5121 5122 5124 5123 
f 5123 5124 5126 5125 
f 5125 5126 5128 5127 
f 5127 5128 5129 
f 5129 5128 5130 
f 5130 5128 5132 5131 
f 5131 5132 5133 
f 5131 5133 5134 
f 5131 5134 5136 5135 
f 5135 5136 5138 5137 
f 5137 5138 5140 5139 
f 5141 5143 5142 
f 5141 5144 5143 
f 5141 5142 5145 
f 5141 5145 5146 
f 5141 5146 5147 
f 5141 5147 5148 
f 5141 5149 5144 
f 5141 5150 5149 
f 5141 5151 5150 
f 5148 5153 5152 
f 5148 5154 5153 
f 5148 5152 5155 
f 5148 5155 5156 
f 5148 5156 5158 5157 
f 5159 5162 5161 5160 
f 5160 5161 5164 5163 
f 5163 5164 5166 5165 
f 5165 5166 5018 5015 
f 5016 5017 5168 5167 
f 5167 5168 5169 
f 5169 5168 5171 5170 
f 5170 5171 5172 
f 5172 5171 5174 5173 
f 5175 5177 5176 
f 5178 5179 5177 5175 
f 5178 5180 5179 
f 5178 5181 5180 
f 5182 5151 5141 
f 5182 5183 5181 
f 5182 5184 5183 
f 5182 5181 5178 5151 
f 5176 5177 5185 
f 5185 5177 5187 5186 
f 5186 5187 5189 5188 
f 5188 5189 5191 5190 
f 5190 5191 5192 
f 5192 5191 5194 5193 
f 5193 5194 5195 
f 5195 5194 5197 5196 
f 5196 5197 5198 
f 5198 5197 5199 
f 5199 5197 5201 5200 
f 5202 5200 5203 
f 5203 5200 5204 
f 5204 5200 5205 
f 5205 5200 5206 
f 5206 5200 5207 
f 5207 5200 5208 
f 5208 5200 5209 
f 5209 5200 5210 
f 5210 5200 5211 
f 5211 5200 5212 
f 5212 5200 5213 
f 5213 5200 5201 
f 5199 5200 5202 
f 5173 5174 5214 
f 5214 5174 5215 
f 5215 5174 5216 
f 5216 5174 5217 
f 5217 5174 5218 
f 5218 5174 5219 
f 5219 5174 5220 
f 5220 5174 5221 
f 5221 5174 5222 
f 5222 5174 5223 
f 5017 5018 5225 5224 
f 5226 5228 5227 
f 5162 5226 5227 5229 
f 5162 5229 5230 
f 5161 5162 5230 5231 
f 5164 5161 5231 5232 
f 5166 5164 5232 5233 
f 5018 5166 5233 5225 
f 5168 5017 5224 5234 
f 5168 5234 5235 
f 5171 5168 5235 
f 5148 5226 5154 
f 5174 5171 5235 5223 
f 5154 5226 5162 5159 
f 5236 5239 5238 5237 
f 5012 5013 5239 5236 
f 5240 5241 5014 5011 
f 5242 5245 5244 5243 
f 5242 5246 5245 
f 5242 5247 5246 
f 5248 5249 5247 5242 
f 5250 5251 5249 
f 5252 5253 5251 5250 
f 5252 5254 5253 
f 5250 5256 5255 
f 5255 5256 5257 
f 5257 5256 5258 
f 5258 5256 5259 
f 5259 5256 5260 
f 5260 5256 5261 
f 5261 5256 5262 
f 5262 5256 5263 
f 5263 5256 5248 
f 5250 5249 5256 
f 5264 5266 5265 
f 5265 5266 5267 
f 5267 5266 5268 
f 5268 5266 5269 
f 5269 5266 5270 
f 5266 5271 5270 
f 5272 5274 5266 5273 
f 5275 5276 5274 5272 
f 5277 5278 5276 5275 
f 5279 5280 5278 5277 
f 5279 5021 5280 
f 5280 5021 5281 
f 5282 5021 5279 
f 5281 5021 5283 
f 5284 5285 5022 5019 
f 5286 5287 5285 5284 
f 5288 5289 5287 5286 
f 5290 5291 5288 
f 5288 5291 5289 
f 5289 5291 5292 
f 5292 5291 5293 
f 5294 5296 5295 
f 5295 5296 5297 
f 5297 5296 5298 
f 5298 5296 5299 
f 5299 5296 5300 
f 5301 5303 5302 
f 5302 5303 5304 
f 5304 5303 5305 
f 5305 5303 5306 
f 5306 5303 5307 
f 5007 5008 5309 5308 
f 5009 5010 5310 
f 5310 5010 5312 5311 
f 5311 5312 5313 
f 5313 5312 5315 5314 
f 5296 5316 5300 
f 5256 5249 5248 
f 5148 5147 5228 5226 
s 2
f 5317 12199 12200 5318 
f 5319 12512 12199 5317 
f 5320 12511 12512 5319 
f 5318 12200 12201 5321 
f 5322 12510 12511 5320 
f 5321 12201 12202 5323 
f 5323 12202 12203 5324 
f 5325 12228 12229 5326 
f 5327 12227 12228 5325 
f 5328 12252 12253 5329 
f 5330 12251 12252 5328 
f 5331 12278 12279 5332 
f 5333 12277 12278 5331 
f 5334 12281 12282 5335 
f 5336 12290 12291 5337 
f 5338 12289 12290 5336 
f 5339 12288 12289 5338 
f 5337 12291 12292 5340 
f 5341 12287 12288 5339 
f 5340 12292 12293 5342 
f 5342 12293 12294 5343 
f 5344 12312 12313 5345 
f 5346 12311 12312 5344 
f 5347 12336 12337 5348 
f 5349 12335 12336 5347 
f 5350 12355 12356 5351 
f 5352 12354 12355 5350 
f 5353 12358 12359 5354 
f 5355 12357 12358 5353 
f 5354 12359 12360 5356 
f 5351 12356 12357 5355 
f 5356 12360 12361 5357 
f 5348 12337 12338 5358 
f 5359 12334 12335 5349 
f 5358 12338 12339 5360 
f 5361 12333 12334 5359 
f 5360 12339 12340 5362 
f 5363 12332 12333 5361 
f 5362 12340 12341 5364 
f 5365 12331 12332 5363 
f 5364 12341 12342 5366 
f 5367 12330 12331 5365 
f 5366 12342 12343 5368 
f 5369 12329 12330 5367 
f 5370 12328 12329 5369 
f 5368 12343 12344 5371 
f 5372 12327 12328 5370 
f 5371 12344 12345 5373 
f 5373 12345 12346 5374 
f 5345 12313 12314 5375 
f 5376 12310 12311 5346 
f 5375 12314 12315 5377 
f 5378 12309 12310 5376 
f 5377 12315 12316 5379 
f 5380 12308 12309 5378 
f 5379 12316 12317 5381 
f 5382 12307 12308 5380 
f 5381 12317 12318 5383 
f 5384 12306 12307 5382 
f 5383 12318 12319 5385 
f 5386 12305 12306 5384 
f 5385 12319 12320 5387 
f 5388 12304 12305 5386 
f 5387 12320 12321 5389 
f 5390 12303 12304 5388 
f 5391 12302 12303 5390 
f 5392 12280 12281 5334 
f 5335 12282 12283 5393 
f 5332 12279 12280 5392 
f 5393 12283 12284 5394 
f 5329 12253 12254 5395 
f 5396 12250 12251 5330 
f 5395 12254 12255 5397 
f 5398 12249 12250 5396 
f 5399 12248 12249 5398 
f 5397 12255 12256 5400 
f 5400 12256 12257 5401 
f 5402 12247 12248 5399 
f 5401 12257 12258 5403 
f 5404 12246 12247 5402 
f 5405 12245 12246 5404 
f 5403 12258 12259 5406 
f 5407 12244 12245 5405 
f 5406 12259 12260 5408 
f 5409 12243 12244 5407 
f 5408 12260 12261 5410 
f 5410 12261 12262 5411 
f 5326 12229 12230 5412 
f 5413 12226 12227 5327 
f 5412 12230 12231 5414 
f 5415 12225 12226 5413 
f 5414 12231 12232 5416 
f 5417 12224 12225 5415 
f 5416 12232 12233 5418 
f 5419 12223 12224 5417 
f 5418 12233 12234 5420 
f 5421 12222 12223 5419 
f 5420 12234 12235 5422 
f 5423 12221 12222 5421 
f 5422 12235 12236 5424 
f 5425 12220 12221 5423 
f 5424 12236 12237 5426 
f 5427 12219 12220 5425 
f 5428 12218 12219 5427 
f 5429 12367 12814 5430 
f 5431 12366 12367 5429 
f 5432 12368 12369 5433 
f 5433 12369 12370 5434 
f 5435 12365 12366 5431 
f 5434 12370 12371 5436 
f 5437 12364 12365 5435 
f 5436 12371 12372 5438 
f 5439 12363 12364 5437 
f 5438 12372 12802 5440 
f 5441 12362 12826 5442 
f 5443 12373 12374 5444 
f 5444 12374 12375 5445 
f 5445 12375 12376 5446 
f 5446 12376 12377 5447 
f 5447 12377 12789 5448 
f 5449 12378 12379 5450 
f 5450 12379 12380 5451 
f 5451 12380 12381 5452 
f 5452 12381 12382 5453 
f 5453 12382 12383 5454 
f 5454 12383 12384 5455 
f 5455 12384 12385 5456 
f 5456 12385 12386 5457 
f 5457 12386 12387 5458 
f 5458 12387 12794 5459 
f 5460 12397 12808 5461 
f 5462 12396 12397 5460 
f 5463 12398 12399 5464 
f 5464 12399 12400 5465 
f 5466 12395 12396 5462 
f 5465 12400 12401 5467 
f 5468 12394 12395 5466 
f 5467 12401 12402 5469 
f 5470 12393 12394 5468 
f 5471 12392 12784 5472 
f 5469 12402 12403 5473 
f 5473 12403 12404 5474 
f 5474 12404 12405 5475 
f 5475 12405 12406 5476 
f 5476 12406 12407 5477 
f 5477 12407 12408 5478 
f 5479 12414 12843 5480 
f 5481 12391 12392 5471 
f 5482 12390 12391 5481 
f 5483 12389 12390 5482 
f 5484 12388 12389 5483 
f 5357 12361 12362 5441 
f 5485 12353 12354 5352 
f 5486 12352 12353 5485 
f 5487 12351 12352 5486 
f 5488 12350 12351 5487 
f 5489 12349 12350 5488 
f 5490 12348 12349 5489 
f 5491 12347 12348 5490 
f 5374 12346 12347 5491 
f 5492 12326 12327 5372 
f 5493 12325 12326 5492 
f 5494 12324 12325 5493 
f 5495 12323 12324 5494 
f 5496 12322 12323 5495 
f 5389 12321 12322 5496 
f 5497 12301 12302 5391 
f 5498 12300 12301 5497 
f 5499 12299 12300 5498 
f 5500 12298 12299 5499 
f 5501 12297 12298 5500 
f 5502 12296 12297 5501 
f 5503 12295 12296 5502 
f 5343 12294 12295 5503 
f 5504 12286 12287 5341 
f 5505 12285 12838 5506 
f 5394 12284 12285 5505 
f 5507 12276 12277 5333 
f 5508 12275 12276 5507 
f 5509 12274 12275 5508 
f 5510 12273 12274 5509 
f 5511 12272 12273 5510 
f 5512 12271 12272 5511 
f 5513 12270 12271 5512 
f 5514 12269 12270 5513 
f 5515 12268 12269 5514 
f 5516 12267 12268 5515 
f 5517 12266 12267 5516 
f 5518 12265 12266 5517 
f 5519 12264 12265 5518 
f 5520 12263 12264 5519 
f 5411 12262 12263 5520 
f 5521 12242 12243 5409 
f 5522 12241 12242 5521 
f 5523 12240 12241 5522 
f 5524 12239 12240 5523 
f 5525 12238 12239 5524 
f 5426 12237 12238 5525 
f 5526 12217 12218 5428 
f 5527 12216 12217 5526 
f 5528 12215 12216 5527 
f 5529 12214 12215 5528 
f 5530 12213 12214 5529 
f 5531 12212 12213 5530 
f 5532 12211 12212 5531 
f 5533 12210 12211 5532 
f 5534 12209 12210 5533 
f 5535 12208 12209 5534 
f 5536 12207 12208 5535 
f 5537 12206 12207 5536 
f 5538 12205 12206 5537 
f 5539 12204 12205 5538 
f 5324 12203 12204 5539 
f 5540 12509 12510 5322 
f 5541 12508 12850 5542 
f 5543 12415 12416 5544 
f 5545 12507 12508 5541 
f 5544 12416 12417 5546 
f 5547 12506 12507 5545 
f 5546 12417 12418 5548 
f 5549 12505 12506 5547 
f 5548 12418 12855 5550 
f 5551 12504 12856 5552 
f 5553 12419 12420 5554 
f 5555 12503 12504 5551 
f 5556 12502 12503 5555 
f 5557 12501 12502 5556 
f 5554 12420 12421 5558 
f 5559 12500 12501 5557 
f 5560 12499 12500 5559 
f 5561 12498 12499 5560 
f 5562 12497 12859 5563 
f 5564 12429 12430 5565 
f 5566 12428 12429 5564 
f 5565 12430 12431 5567 
f 5567 12431 12432 5568 
f 5569 12427 12428 5566 
f 5568 12432 12433 5570 
f 5571 12426 12427 5569 
f 5570 12433 12434 5572 
f 5573 12425 12426 5571 
f 5572 12434 12435 5574 
f 5574 12435 12858 5575 
f 5576 12445 12446 5577 
f 5578 12444 12445 5576 
f 5577 12446 12447 5579 
f 5579 12447 12448 5580 
f 5581 12443 12444 5578 
f 5580 12448 12449 5582 
f 5583 12442 12443 5581 
f 5582 12449 12450 5584 
f 5585 12441 12442 5583 
f 5584 12450 12873 5586 
f 5587 12440 12875 5588 
f 5589 12451 12452 5590 
f 5591 12439 12440 5587 
f 5590 12452 12453 5592 
f 5593 12438 12439 5591 
f 5592 12453 12454 5594 
f 5595 12437 12438 5593 
f 5594 12454 12455 5596 
f 5597 12436 12437 5595 
f 5596 12455 12865 5598 
f 5599 12456 12457 5600 
f 5601 12465 12900 5602 
f 5603 12464 12465 5601 
f 5604 12475 12913 5605 
f 5606 12474 12475 5604 
f 5607 12476 12477 5608 
f 5608 12477 12478 5609 
f 5610 12473 12474 5606 
f 5609 12478 12479 5611 
f 5612 12472 12473 5610 
f 5611 12479 12480 5613 
f 5614 12471 12472 5612 
f 5615 12481 12877 5616 
f 5617 12470 12471 5614 
f 5618 12469 12470 5617 
f 5619 12468 12469 5618 
f 5620 12467 12468 5619 
f 5621 12466 12467 5620 
f 5622 12463 12464 5603 
f 5623 12462 12463 5622 
f 5624 12461 12462 5623 
f 5625 12460 12890 5626 
f 5627 12459 12460 5625 
f 5628 12458 12459 5627 
f 5600 12457 12458 5628 
f 5629 12424 12425 5573 
f 5630 12423 12424 5629 
f 5631 12422 12423 5630 
f 5558 12421 12422 5631 
f 5632 12495 12496 5633 
f 5634 12494 12495 5632 
f 5635 12493 12494 5634 
f 5636 12492 12493 5635 
f 5637 12491 12881 5638 
f 5639 12482 12483 5640 
f 5641 12490 12491 5637 
f 5640 12483 12484 5642 
f 5643 12489 12490 5641 
f 5642 12484 12485 5644 
f 5645 12488 12489 5643 
f 5644 12485 12486 5646 
f 5647 12487 12488 5645 
f 5646 12486 12487 5647 
f 5648 12409 12410 5649 
f 5478 12408 12820 5650 
f 5649 12410 12411 5651 
f 5651 12411 12831 5652 
f 5653 12412 12413 5654 
f 5654 12413 12414 5479 
f 5633 12496 12497 5562 
f 5613 12480 12895 5655 
f 5656 5317 5318 5657 
f 5657 5318 5321 5658 
f 5658 5321 5323 5659 
f 5659 5323 5324 5660 
f 5660 5324 5539 5661 
f 5661 5539 5538 5662 
f 5662 5538 5537 5663 
f 5663 5537 5536 5664 
f 5664 5536 5535 5665 
f 5665 5535 5534 5666 
f 5666 5534 5533 5667 
f 5667 5533 5532 5668 
f 5668 5532 5531 5669 
f 5669 5531 5530 5670 
f 5670 5530 5529 5671 
f 5671 5529 5528 5672 
f 5672 5528 5527 5673 
f 5673 5527 5526 5674 
f 5674 5526 5428 5675 
f 5675 5428 5427 5676 
f 5676 5427 5425 5677 
f 5677 5425 5423 5678 
f 5678 5423 5421 5679 
f 5679 5421 5419 5680 
f 5680 5419 5417 5681 
f 5681 5417 5415 5682 
f 5682 5415 5413 5683 
f 5683 5413 5327 5684 
f 5684 5327 5325 5685 
f 5685 5325 5326 5686 
f 5686 5326 5412 5687 
f 5687 5412 5414 5688 
f 5688 5414 5416 5689 
f 5689 5416 5418 5690 
f 5690 5418 5420 5691 
f 5691 5420 5422 5692 
f 5692 5422 5424 5693 
f 5693 5424 5426 5694 
f 5694 5426 5525 5695 
f 5695 5525 5524 5696 
f 5696 5524 5523 5697 
f 5697 5523 5522 5698 
f 5698 5522 5521 5699 
f 5699 5521 5409 5700 
f 5700 5409 5407 5701 
f 5701 5407 5405 5702 
f 5702 5405 5404 5703 
f 5703 5404 5402 5704 
f 5704 5402 5399 5705 
f 5705 5399 5398 5706 
f 5706 5398 5396 5707 
f 5707 5396 5330 5708 
f 5708 5330 5328 5709 
f 5709 5328 5329 5710 
f 5710 5329 5395 5711 
f 5711 5395 5397 5712 
f 5712 5397 5400 5713 
f 5713 5400 5401 5714 
f 5714 5401 5403 5715 
f 5715 5403 5406 5716 
f 5716 5406 5408 5717 
f 5717 5408 5410 5718 
f 5718 5410 5411 5719 
f 5719 5411 5520 5720 
f 5720 5520 5519 5721 
f 5721 5519 5518 5722 
f 5722 5518 5517 5723 
f 5723 5517 5516 5724 
f 5724 5516 5515 5725 
f 5725 5515 5514 5726 
f 5726 5514 5513 5727 
f 5727 5513 5512 5728 
f 5728 5512 5511 5729 
f 5729 5511 5510 5730 
f 5730 5510 5509 5731 
f 5731 5509 5508 5732 
f 5732 5508 5507 5733 
f 5733 5507 5333 5734 
f 5734 5333 5331 5735 
f 5735 5331 5332 5736 
f 5736 5332 5392 5737 
f 5737 5392 5334 5738 
f 5738 5334 5335 5739 
f 5739 5335 5393 5740 
f 5740 5393 5394 5741 
f 5741 5394 5505 5742 
f 5742 5505 5506 5743 
f 5744 5504 5341 5745 
f 5745 5341 5339 5746 
f 5746 5339 5338 5747 
f 5747 5338 5336 5748 
f 5748 5336 5337 5749 
f 5749 5337 5340 5750 
f 5750 5340 5342 5751 
f 5751 5342 5343 5752 
f 5752 5343 5503 5753 
f 5753 5503 5502 5754 
f 5754 5502 5501 5755 
f 5755 5501 5500 5756 
f 5756 5500 5499 5757 
f 5757 5499 5498 5758 
f 5758 5498 5497 5759 
f 5759 5497 5391 5760 
f 5760 5391 5390 5761 
f 5761 5390 5388 5762 
f 5762 5388 5386 5763 
f 5763 5386 5384 5764 
f 5764 5384 5382 5765 
f 5765 5382 5380 5766 
f 5766 5380 5378 5767 
f 5767 5378 5376 5768 
f 5768 5376 5346 5769 
f 5769 5346 5344 5770 
f 5770 5344 5345 5771 
f 5771 5345 5375 5772 
f 5772 5375 5377 5773 
f 5773 5377 5379 5774 
f 5774 5379 5381 5775 
f 5775 5381 5383 5776 
f 5776 5383 5385 5777 
f 5777 5385 5387 5778 
f 5778 5387 5389 5779 
f 5779 5389 5496 5780 
f 5780 5496 5495 5781 
f 5781 5495 5494 5782 
f 5782 5494 5493 5783 
f 5783 5493 5492 5784 
f 5784 5492 5372 5785 
f 5785 5372 5370 5786 
f 5786 5370 5369 5787 
f 5787 5369 5367 5788 
f 5788 5367 5365 5789 
f 5789 5365 5363 5790 
f 5790 5363 5361 5791 
f 5791 5361 5359 5792 
f 5792 5359 5349 5793 
f 5793 5349 5347 5794 
f 5794 5347 5348 5795 
f 5795 5348 5358 5796 
f 5796 5358 5360 5797 
f 5797 5360 5362 5798 
f 5798 5362 5364 5799 
f 5799 5364 5366 5800 
f 5800 5366 5368 5801 
f 5801 5368 5371 5802 
f 5802 5371 5373 5803 
f 5803 5373 5374 5804 
f 5804 5374 5491 5805 
f 5805 5491 5490 5806 
f 5806 5490 5489 5807 
f 5807 5489 5488 5808 
f 5808 5488 5487 5809 
f 5809 5487 5486 5810 
f 5810 5486 5485 5811 
f 5811 5485 5352 5812 
f 5812 5352 5350 5813 
f 5813 5350 5351 5814 
f 5814 5351 5355 5815 
f 5815 5355 5353 5816 
f 5816 5353 5354 5817 
f 5817 5354 5356 5818 
f 5818 5356 5357 5819 
f 5819 5357 5441 5820 
f 5820 5441 5442 5821 
f 5822 5439 5437 5823 
f 5823 5437 5435 5824 
f 5824 5435 5431 5825 
f 5825 5431 5429 5826 
f 5826 5429 5430 5827 
f 5828 5432 5433 5829 
f 5829 5433 5434 5830 
f 5830 5434 5436 5831 
f 5831 5436 5438 5832 
f 5832 5438 5440 5833 
f 5834 5443 5444 5835 
f 5835 5444 5445 5836 
f 5836 5445 5446 5837 
f 5837 5446 5447 5838 
f 5838 5447 5448 5839 
f 5840 5449 5450 5841 
f 5841 5450 5451 5842 
f 5842 5451 5452 5843 
f 5843 5452 5453 5844 
f 5844 5453 5454 5845 
f 5845 5454 5455 5846 
f 5846 5455 5456 5847 
f 5847 5456 5457 5848 
f 5848 5457 5458 5849 
f 5849 5458 5459 5850 
f 5851 5484 5483 5852 
f 5852 5483 5482 5853 
f 5853 5482 5481 5854 
f 5854 5481 5471 5855 
f 5855 5471 5472 5856 
f 5857 5470 5468 5858 
f 5858 5468 5466 5859 
f 5859 5466 5462 5860 
f 5860 5462 5460 5861 
f 5861 5460 5461 5862 
f 5863 5463 5464 5864 
f 5864 5464 5465 5865 
f 5865 5465 5467 5866 
f 5866 5467 5469 5867 
f 5867 5469 5473 5868 
f 5868 5473 5474 5869 
f 5869 5474 5475 5870 
f 5870 5475 5476 5871 
f 5871 5476 5477 5872 
f 5872 5477 5478 5873 
f 5873 5478 5650 5874 
f 5875 5648 5649 5876 
f 5876 5649 5651 5877 
f 5877 5651 5652 5878 
f 5879 5653 5654 5880 
f 5880 5654 5479 5881 
f 5881 5479 5480 5882 
f 5883 5543 5544 5884 
f 5884 5544 5546 5885 
f 5885 5546 5548 5886 
f 5886 5548 5550 5887 
f 5888 5553 5554 5889 
f 5889 5554 5558 5890 
f 5890 5558 5631 5891 
f 5891 5631 5630 5892 
f 5892 5630 5629 5893 
f 5893 5629 5573 5894 
f 5894 5573 5571 5895 
f 5895 5571 5569 5896 
f 5896 5569 5566 5897 
f 5897 5566 5564 5898 
f 5898 5564 5565 5899 
f 5899 5565 5567 5900 
f 5900 5567 5568 5901 
f 5901 5568 5570 5902 
f 5902 5570 5572 5903 
f 5903 5572 5574 5904 
f 5904 5574 5575 5905 
f 5906 5597 5595 5907 
f 5907 5595 5593 5908 
f 5908 5593 5591 5909 
f 5909 5591 5587 5910 
f 5910 5587 5588 5911 
f 5912 5585 5583 5913 
f 5913 5583 5581 5914 
f 5914 5581 5578 5915 
f 5915 5578 5576 5916 
f 5916 5576 5577 5917 
f 5917 5577 5579 5918 
f 5918 5579 5580 5919 
f 5919 5580 5582 5920 
f 5920 5582 5584 5921 
f 5921 5584 5586 5922 
f 5923 5589 5590 5924 
f 5924 5590 5592 5925 
f 5925 5592 5594 5926 
f 5926 5594 5596 5927 
f 5927 5596 5598 5928 
f 5929 5599 5600 5930 
f 5930 5600 5628 5931 
f 5931 5628 5627 5932 
f 5932 5627 5625 5933 
f 5933 5625 5626 5934 
f 5935 5624 5623 5936 
f 5936 5623 5622 5937 
f 5937 5622 5603 5938 
f 5938 5603 5601 5939 
f 5939 5601 5602 5940 
f 5941 5621 5620 5942 
f 5942 5620 5619 5943 
f 5943 5619 5618 5944 
f 5944 5618 5617 5945 
f 5945 5617 5614 5946 
f 5946 5614 5612 5947 
f 5947 5612 5610 5948 
f 5948 5610 5606 5949 
f 5949 5606 5604 5950 
f 5950 5604 5605 5951 
f 5952 5607 5608 5953 
f 5953 5608 5609 5954 
f 5954 5609 5611 5955 
f 5955 5611 5613 5956 
f 5956 5613 5655 5957 
f 5958 5615 5616 5959 
f 5960 5639 5640 5961 
f 5961 5640 5642 5962 
f 5962 5642 5644 5963 
f 5963 5644 5646 5964 
f 5964 5646 5647 5965 
f 5965 5647 5645 5966 
f 5966 5645 5643 5967 
f 5967 5643 5641 5968 
f 5968 5641 5637 5969 
f 5969 5637 5638 5970 
f 5971 5636 5635 5972 
f 5972 5635 5634 5973 
f 5973 5634 5632 5974 
f 5974 5632 5633 5975 
f 5975 5633 5562 5976 
f 5976 5562 5563 5977 
f 5978 5561 5560 5979 
f 5979 5560 5559 5980 
f 5980 5559 5557 5981 
f 5981 5557 5556 5982 
f 5982 5556 5555 5983 
f 5983 5555 5551 5984 
f 5984 5551 5552 5985 
f 5986 5549 5547 5987 
f 5987 5547 5545 5988 
f 5988 5545 5541 5989 
f 5989 5541 5542 5990 
f 5991 5540 5322 5992 
f 5992 5322 5320 5993 
f 5993 5320 5319 5994 
f 5994 5319 5317 5656 
s 1
f 5657 5177 5179 5656 
f 5656 5179 5180 5994 
f 5994 5180 5181 5993 
f 5993 5181 5183 5992 
f 5992 5183 5184 5991 
f 5991 5184 5996 5995 
f 5989 5239 5013 5988 
f 5988 5013 5014 5987 
f 5987 5014 5241 5986 
f 5986 5241 5244 5985 
f 5984 5245 5246 5983 
f 5983 5246 5247 5982 
f 5982 5247 5249 5981 
f 5981 5249 5251 5980 
f 5980 5251 5253 5979 
f 5979 5253 5254 5978 
f 5978 5254 5997 5977 
f 5976 5021 5022 5975 
f 5975 5022 5285 5974 
f 5974 5285 5287 5973 
f 5973 5287 5289 5972 
f 5972 5289 5292 5971 
f 5971 5292 5293 5998 
f 5969 5294 5295 5968 
f 5968 5295 5967 
f 5967 5295 5297 5966 
f 5966 5297 5965 
f 5965 5297 5298 5964 
f 5964 5298 5963 
f 5963 5298 5299 5962 
f 5962 5299 5961 
f 5961 5299 5300 5960 
f 5960 5300 5316 5959 
f 5956 5312 5955 
f 5955 5312 5010 5954 
f 5954 5010 5953 
f 5953 5010 5007 5952 
f 5952 5007 5308 5999 
f 5950 5301 5302 5949 
f 5949 5302 5948 
f 5948 5302 5304 5947 
f 5947 5304 5946 
f 5946 5304 5305 5945 
f 5945 5305 5944 
f 5944 5305 5306 5943 
f 5943 5306 5942 
f 5942 5306 5307 5941 
f 5941 5307 6001 6000 
f 5939 5008 5009 5938 
f 5938 5009 5310 5937 
f 5937 5310 5311 5936 
f 5936 5311 5313 5935 
f 5935 5313 5314 6002 
f 5933 5290 5288 5932 
f 5932 5288 5286 5931 
f 5931 5286 5284 5930 
f 5930 5284 5019 5929 
f 5929 5019 5020 5928 
f 5927 5282 5279 5926 
f 5926 5279 5277 5925 
f 5925 5277 5275 5924 
f 5924 5275 5272 5923 
f 5923 5272 5273 5922 
f 5921 5264 5920 
f 5920 5264 5265 5919 
f 5919 5265 5918 
f 5918 5265 5267 5917 
f 5917 5267 5268 5916 
f 5916 5268 5915 
f 5915 5268 5269 5914 
f 5914 5269 5913 
f 5913 5269 5270 5912 
f 5912 5270 5271 5911 
f 5910 5274 5276 5909 
f 5909 5276 5278 5908 
f 5908 5278 5280 5907 
f 5907 5280 5281 5906 
f 5906 5281 5283 6003 
f 5904 5252 5250 5903 
f 5903 5250 5255 5902 
f 5902 5255 5257 5901 
f 5901 5257 5258 5900 
f 5900 5258 5899 
f 5899 5258 5259 5898 
f 5898 5259 5897 
f 5897 5259 5260 5896 
f 5896 5260 5895 
f 5895 5260 5261 5894 
f 5894 5261 5262 5893 
f 5893 5262 5892 
f 5892 5262 5263 5891 
f 5891 5263 5890 
f 5890 5263 5248 5889 
f 5889 5248 5242 5888 
f 5888 5242 5243 5887 
f 5886 5240 5011 5885 
f 5885 5011 5012 5884 
f 5884 5012 5236 5883 
f 5883 5236 5237 6004 
f 5881 5182 5141 5880 
f 5880 5141 5148 5879 
f 5879 5148 5157 6005 
f 5877 5109 5094 5876 
f 5876 5094 5103 5875 
f 5875 5103 5107 6006 
f 5873 5066 5065 5872 
f 5872 5065 5064 5871 
f 5871 5064 5063 5870 
f 5870 5063 5062 5869 
f 5869 5062 5868 
f 5868 5062 5059 5867 
f 5867 5059 5866 
f 5866 5059 5056 5865 
f 5865 5056 5864 
f 5864 5056 5052 5863 
f 5863 5052 5053 6007 
f 5861 5050 5047 5860 
f 5860 5047 5859 
f 5859 5047 5042 5858 
f 5858 5042 5857 
f 5857 5042 5043 6008 
f 5855 5023 5024 5854 
f 5854 5024 5853 
f 5853 5024 5028 5852 
f 5852 5028 5851 
f 5851 5028 5031 6009 
f 5849 5033 5848 
f 5848 5033 5034 5847 
f 5847 5034 5846 
f 5846 5034 5036 5845 
f 5845 5036 5037 5844 
f 5844 5037 5843 
f 5843 5037 5038 5842 
f 5842 5038 5841 
f 5841 5038 5039 5840 
f 5840 5039 5040 6010 
f 5838 5030 5029 5837 
f 5837 5029 5027 5836 
f 5836 5027 5025 5835 
f 5835 5025 5026 5834 
f 5834 5026 6012 6011 
f 5832 5045 5046 5831 
f 5831 5046 5048 5830 
f 5830 5048 5049 5829 
f 5829 5049 5051 5828 
f 5828 5051 6014 6013 
f 5826 5055 5057 5825 
f 5825 5057 5058 5824 
f 5824 5058 5060 5823 
f 5823 5060 5061 5822 
f 5822 5061 6016 6015 
f 5820 5106 5105 5819 
f 5819 5105 5092 5818 
f 5818 5092 5091 5817 
f 5817 5091 5089 5816 
f 5816 5089 5087 5815 
f 5815 5087 5075 5814 
f 5814 5075 5073 5813 
f 5813 5073 5067 5812 
f 5812 5067 5070 5811 
f 5811 5070 5077 5810 
f 5810 5077 5079 5809 
f 5809 5079 5080 5808 
f 5808 5080 5081 5807 
f 5807 5081 5083 5806 
f 5806 5083 5085 5805 
f 5805 5085 5086 5804 
f 5804 5086 5084 5803 
f 5803 5084 5082 5802 
f 5802 5082 5078 5801 
f 5801 5078 5800 
f 5800 5078 5799 
f 5799 5078 5071 5798 
f 5798 5071 5068 5797 
f 5797 5068 5069 5796 
f 5796 5069 5072 5795 
f 5795 5072 5074 5794 
f 5794 5074 5076 5793 
f 5793 5076 5088 5792 
f 5792 5088 5090 5791 
f 5791 5090 5093 5790 
f 5790 5093 5104 5789 
f 5789 5104 5788 
f 5788 5104 5787 
f 5787 5104 5102 5786 
f 5786 5102 5098 5785 
f 5785 5098 5097 5784 
f 5784 5097 5095 5783 
f 5783 5095 5096 5782 
f 5782 5096 5099 5781 
f 5781 5099 5100 5780 
f 5780 5100 5101 5779 
f 5779 5101 5110 5778 
f 5778 5110 5111 5777 
f 5777 5111 5776 
f 5776 5111 5775 
f 5775 5111 5112 5774 
f 5774 5112 5113 5773 
f 5773 5113 5114 5772 
f 5772 5114 5121 5771 
f 5771 5121 5123 5770 
f 5770 5123 5125 5769 
f 5769 5125 5127 5768 
f 5768 5127 5129 5767 
f 5767 5129 5130 5766 
f 5766 5130 5131 5765 
f 5765 5131 5764 
f 5764 5131 5763 
f 5763 5131 5135 5762 
f 5762 5135 5137 5761 
f 5761 5137 5139 5760 
f 5760 5139 5140 5759 
f 5759 5140 5138 5758 
f 5758 5138 5136 5757 
f 5757 5136 5134 5756 
f 5756 5134 5133 5755 
f 5755 5133 5132 5754 
f 5754 5132 5128 5753 
f 5753 5128 5126 5752 
f 5752 5126 5124 5751 
f 5751 5124 5122 5750 
f 5750 5122 5115 5749 
f 5749 5115 5116 5748 
f 5748 5116 5117 5747 
f 5747 5117 5118 5746 
f 5746 5118 5119 5745 
f 5745 5119 5120 5744 
f 5744 5120 6018 6017 
f 5742 5156 5155 5741 
f 5741 5155 5152 5740 
f 5740 5152 5153 5739 
f 5739 5153 5154 5738 
f 5738 5154 5159 5737 
f 5737 5159 5160 5736 
f 5736 5160 5163 5735 
f 5735 5163 5165 5734 
f 5734 5165 5015 5733 
f 5733 5015 5016 5732 
f 5732 5016 5167 5731 
f 5731 5167 5169 5730 
f 5730 5169 5170 5729 
f 5729 5170 5172 5728 
f 5728 5172 5173 5727 
f 5727 5173 5214 5726 
f 5726 5214 5215 5725 
f 5725 5215 5216 5724 
f 5724 5216 5217 5723 
f 5723 5217 5218 5722 
f 5722 5218 5219 5721 
f 5721 5219 5220 5720 
f 5720 5220 5221 5719 
f 5719 5221 5222 5718 
f 5718 5222 5223 5717 
f 5717 5223 5235 5716 
f 5716 5235 5715 
f 5715 5235 5714 
f 5714 5235 5234 5713 
f 5713 5234 5224 5712 
f 5712 5224 5225 5711 
f 5711 5225 5233 5710 
f 5710 5233 5232 5709 
f 5709 5232 5231 5708 
f 5708 5231 5230 5707 
f 5707 5230 5229 5706 
f 5706 5229 5227 5705 
f 5705 5227 5228 5704 
f 5704 5228 5703 
f 5703 5228 5702 
f 5702 5228 5147 5701 
f 5701 5147 5146 5700 
f 5700 5146 5145 5699 
f 5699 5145 5142 5698 
f 5698 5142 5143 5697 
f 5697 5143 5144 5696 
f 5696 5144 5149 5695 
f 5695 5149 5150 5694 
f 5694 5150 5151 5693 
f 5693 5151 5178 5692 
f 5692 5178 5691 
f 5691 5178 5690 
f 5690 5178 5175 5689 
f 5689 5175 5176 5688 
f 5688 5176 5185 5687 
f 5687 5185 5186 5686 
f 5686 5186 5188 5685 
f 5685 5188 5190 5684 
f 5684 5190 5192 5683 
f 5683 5192 5193 5682 
f 5682 5193 5195 5681 
f 5681 5195 5196 5680 
f 5680 5196 5679 
f 5679 5196 5678 
f 5678 5196 5198 5677 
f 5677 5198 5199 5676 
f 5676 5199 5202 5675 
f 5675 5202 5203 5674 
f 5674 5203 5204 5673 
f 5673 5204 5205 5672 
f 5672 5205 5206 5671 
f 5671 5206 5207 5670 
f 5670 5207 5208 5669 
f 5669 5208 5209 5668 
f 5668 5209 5210 5667 
f 5667 5210 5211 5666 
f 5666 5211 5212 5665 
f 5665 5212 5213 5664 
f 5664 5213 5201 5663 
f 5663 5201 5197 5662 
f 5662 5197 5194 5661 
f 5661 5194 5191 5660 
f 5660 5191 5189 5659 
f 5659 5189 5187 5658 
f 5658 5187 5177 5657 
f 6019 6012 5026 5023 
s 2
f 6020 12783 12373 5443 
f 5472 12784 12803 6021 
f 6011 6020 5443 5834 
f 5856 5472 6021 6008 
s 1
f 5856 6019 5023 5855 
f 6011 6012 5044 5833 
f 5031 5032 5041 6022 
s 2
f 6023 12785 12388 5484 
f 6009 6023 5484 5851 
s 1
f 6009 5031 6022 5850 
s 2
f 5448 12789 12793 6024 
f 5839 5448 6024 6010 
s 1
f 5839 5032 5030 5838 
f 6010 5040 5032 5839 
s 2
f 6024 12793 12378 5449 
f 6010 6024 5449 5840 
f 5459 12794 12785 6023 
f 5850 5459 6023 6009 
s 1
f 5850 6022 5033 5849 
f 6022 5041 5035 5033 
f 5041 5040 5039 5035 
f 5043 5044 6012 6019 
s 2
f 5440 12802 12783 6020 
f 5833 5440 6020 6011 
s 1
f 6008 5043 6019 5856 
s 2
f 6021 12803 12393 5470 
f 6008 6021 5470 5857 
s 1
f 5833 5044 5045 5832 
f 6025 6014 5051 5050 
s 2
f 6026 12807 12368 5432 
f 5461 12808 12813 6027 
f 6013 6026 5432 5828 
f 5862 5461 6027 6007 
s 1
f 5862 6025 5050 5861 
f 6013 6014 5054 5827 
f 5053 5054 6014 6025 
s 2
f 5430 12814 12807 6026 
f 5827 5430 6026 6013 
s 1
f 6007 5053 6025 5862 
s 2
f 6027 12813 12398 5463 
f 6007 6027 5463 5863 
s 1
f 5827 5054 5055 5826 
f 6028 6016 5061 5066 
s 2
f 6029 12821 12363 5439 
f 5650 12820 12825 6030 
f 6015 6029 5439 5822 
f 5874 5650 6030 6006 
s 1
f 5874 6028 5066 5873 
f 6015 6016 5108 5821 
f 5107 5108 6016 6028 
s 2
f 5442 12826 12821 6029 
f 5821 5442 6029 6015 
s 1
f 6006 5107 6028 5874 
s 2
f 6030 12825 12409 5648 
f 6006 6030 5648 5875 
s 1
f 5821 5108 5106 5820 
f 6031 6018 5120 5109 
s 2
f 6032 12832 12286 5504 
f 5652 12831 12837 6033 
f 6017 6032 5504 5744 
f 5878 5652 6033 6005 
s 1
f 5878 6031 5109 5877 
f 6017 6018 5158 5743 
f 5157 5158 6018 6031 
s 2
f 5506 12838 12832 6032 
f 5743 5506 6032 6017 
s 1
f 6005 5157 6031 5878 
s 2
f 6033 12837 12412 5653 
f 6005 6033 5653 5879 
s 1
f 5743 5158 5156 5742 
f 6034 5996 5184 5182 
s 2
f 5480 12843 12849 6035 
f 6036 12844 12509 5540 
f 5882 5480 6035 6004 
f 5995 6036 5540 5991 
s 1
f 5995 5996 5238 5990 
f 5882 6034 5182 5881 
f 5237 5238 5996 6034 
s 2
f 5542 12850 12844 6036 
f 5990 5542 6036 5995 
s 1
f 6004 5237 6034 5882 
s 2
f 6035 12849 12415 5543 
f 6004 6035 5543 5883 
s 1
f 5990 5238 5239 5989 
f 5243 5244 5241 5240 
s 2
f 5550 12855 12419 5553 
f 5552 12856 12505 5549 
f 5887 5550 5553 5888 
f 5985 5552 5549 5986 
s 1
f 5985 5244 5245 5984 
f 5887 5243 5240 5886 
f 6037 5997 5254 5252 
s 2
f 5563 12859 12498 5561 
f 5575 12858 12869 6038 
f 5905 5575 6038 6003 
f 5977 5563 5561 5978 
s 1
f 5977 5997 5021 5976 
f 5905 6037 5252 5904 
f 5020 5021 5282 
s 2
f 5598 12865 12456 5599 
f 5928 5598 5599 5929 
s 1
f 5928 5020 5282 5927 
f 5283 5021 5997 6037 
f 6003 5283 6037 5905 
s 2
f 6038 12869 12436 5597 
f 6003 6038 5597 5906 
s 1
f 5273 5266 5264 
s 2
f 5586 12873 12451 5589 
f 5922 5586 5589 5923 
s 1
f 5922 5273 5264 5921 
f 5271 5266 5274 
s 2
f 5588 12875 12441 5585 
f 5911 5588 5585 5912 
s 1
f 5911 5271 5274 5910 
s 2
f 5616 12877 12482 5639 
f 5959 5616 5639 5960 
s 1
f 5959 5316 5291 5958 
f 6039 5296 5294 
s 2
f 5638 12881 12885 6040 
f 5970 5638 6040 5998 
s 1
f 5970 6039 5294 5969 
f 5293 5291 5316 5296 
s 2
f 6040 12885 12492 5636 
f 5998 6040 5636 5971 
s 1
f 5998 5293 6039 5970 
f 5293 5296 6039 
f 6041 5291 5290 
s 2
f 5626 12890 12894 6042 
f 5934 5626 6042 6002 
s 1
f 5958 5291 5315 5957 
f 5934 6041 5290 5933 
f 5314 5315 5291 6041 
s 2
f 5655 12895 12481 5615 
f 5957 5655 5615 5958 
s 1
f 6002 5314 6041 5934 
s 2
f 6042 12894 12461 5624 
f 6002 6042 5624 5935 
s 1
f 5957 5315 5312 5956 
f 5308 5309 6044 6043 
s 2
f 5602 12900 12912 6045 
f 6046 12899 12476 5607 
f 5940 5602 6045 6000 
f 5999 6046 5607 5952 
s 1
f 5940 5309 5008 5939 
f 5999 5308 6043 5951 
f 5303 6044 6001 5307 
s 2
f 4067 4068 5002 5001 
s 1
f 4939 4940 5003 
f 4940 4067 5001 5003 
s 2
f 5004 5005 4050 4047 
s 1
f 4939 5006 4932 4933 
f 5006 5004 4047 4932 
s 2
f 5605 12913 12899 6046 
f 5951 5605 6046 5999 
s 1
f 6000 6001 5309 5940 
f 6043 6044 5303 5301 
s 2
f 6045 12912 12466 5621 
f 6000 6045 5621 5941 
s 1
f 5951 6043 5301 5950 
f 6001 6044 5309 
f 6047 6050 6049 6048 
f 6049 6052 6051 6048 
f 6051 6052 6054 6053 
f 6050 6056 6055 6049 
f 6052 6058 6057 6054 
f 6049 6055 6058 6052 
f 6056 6060 6059 6055 
f 6058 6062 6061 6057 
f 6055 6059 6062 6058 
s 2
f 6063 6066 6065 6064 
f 6064 6065 6068 6067 
f 6067 6068 6070 6069 
s 1
f 6071 6074 6073 6072 
f 6072 6073 6076 6075 
f 6075 6076 6078 6077 
f 6074 6080 6079 6073 
f 6073 6079 6081 6076 
f 6076 6081 6082 6078 
f 6079 6080 6084 6083 
f 6081 6079 6083 6085 
f 6082 6081 6085 6086 
s 4
f 6087 6090 6089 6088 
f 6091 6092 6090 6087 
f 6093 6094 6092 6091 
f 6095 6098 6097 6096 
f 6099 6100 6098 6095 
f 6101 6102 6100 6099 
s 2
f 6103 6106 6105 6104 
f 6107 6110 6109 6108 
s 1
f 6111 6114 6113 6112 
f 6115 6118 6117 6116 
f 6119 6122 6121 6120 
f 6123 6126 6125 6124 
f 6057 6128 6127 6054 
f 6127 6128 6130 6129 
f 6131 6134 6133 6132 
f 6135 6138 6137 6136 
f 6139 6142 6141 6140 
f 6143 6146 6145 6144 
f 6125 6126 6148 6147 
f 6145 6146 6150 6149 
f 6117 6118 6152 6151 
f 6137 6138 6154 6153 
f 6155 6158 6157 6156 
f 6157 6158 6160 6159 
f 6160 6162 6161 6159 
f 6156 6157 6164 6163 
f 6159 6161 6166 6165 
f 6157 6159 6165 6164 
f 6163 6164 6168 6167 
f 6165 6166 6170 6169 
f 6164 6165 6169 6168 
s 2
f 6171 6174 6173 6172 
f 6174 6176 6175 6173 
f 6176 6178 6177 6175 
s 1
f 6179 6182 6181 6180 
f 6182 6184 6183 6181 
f 6184 6186 6185 6183 
f 6180 6181 6188 6187 
f 6181 6183 6189 6188 
f 6183 6185 6190 6189 
f 6188 6192 6191 6187 
f 6189 6193 6192 6188 
f 6190 6194 6193 6189 
s 4
f 6195 6198 6197 6196 
f 6199 6195 6196 6200 
f 6201 6199 6200 6202 
f 6203 6206 6205 6204 
f 6207 6203 6204 6208 
f 6209 6207 6208 6210 
s 2
f 6211 6214 6213 6212 
f 6215 6218 6217 6216 
s 1
f 6219 6222 6221 6220 
f 6166 6161 6224 6223 
f 6224 6226 6225 6223 
f 6225 6226 6228 6227 
s 4
f 6229 6232 6231 6230 
f 6233 6236 6235 6234 
f 6234 6238 6237 6233 
f 6239 6242 6241 6240 
f 6243 6246 6245 6244 
f 6244 6248 6247 6243 
f 6249 6218 6251 6250 
f 6217 6218 6252 
f 6252 6218 6249 
f 6253 6255 6211 6254 
f 6211 6212 6256 
f 6211 6256 6254 
f 6257 6260 6259 6258 
f 6258 6262 6261 6257 
f 6263 6266 6265 6264 
f 6267 6270 6269 6268 
f 6268 6272 6271 6267 
f 6273 6276 6275 6274 
f 6106 6103 6277 
f 6277 6103 6278 
f 6108 6109 6279 
f 6108 6279 6280 
s 1
f 6047 6283 6282 6281 
f 6053 6286 6285 6284 
f 6060 6289 6288 6287 
f 6061 6292 6291 6290 
s 2
f 6063 6281 6282 6293 
f 6066 6296 6295 6294 
f 6069 6297 6288 6289 
f 6070 6300 6299 6298 
s 1
f 6071 6294 6295 6301 
f 6077 6302 6299 6300 
f 6084 6305 6304 6303 
f 6086 6308 6307 6306 
s 4
f 6088 6309 6304 6305 
f 6089 6284 6285 6310 
f 6093 6301 6295 6296 
f 6094 6293 6282 6283 
f 6096 6298 6299 6302 
f 6097 6287 6288 6297 
f 6101 6306 6307 6311 
f 6102 6312 6291 6292 
s 2
f 6104 6311 6307 6308 
f 6105 6290 6291 6312 
f 6107 6303 6304 6309 
f 6110 6310 6285 6286 
s 1
f 6111 6315 6314 6313 
f 6112 6318 6317 6316 
f 6129 6321 6320 6319 
f 6130 6324 6323 6322 
f 6131 6322 6323 6325 
f 6132 6326 6320 6321 
f 6155 6329 6328 6327 
f 6162 6332 6331 6330 
f 6167 6335 6334 6333 
f 6170 6338 6337 6336 
s 2
f 6171 6339 6328 6329 
f 6172 6342 6341 6340 
f 6177 6345 6344 6343 
f 6178 6333 6334 6346 
s 1
f 6179 6347 6341 6342 
f 6186 6343 6344 6348 
f 6191 6351 6350 6349 
f 6194 6354 6353 6352 
s 4
f 6197 6355 6331 6332 
f 6198 6349 6350 6356 
f 6201 6340 6341 6347 
f 6202 6327 6328 6339 
f 6205 6346 6334 6335 
f 6206 6348 6344 6345 
f 6209 6357 6353 6354 
f 6210 6336 6337 6358 
s 2
f 6213 6358 6337 6338 
f 6214 6352 6353 6357 
f 6215 6356 6350 6351 
f 6216 6330 6331 6355 
s 1
f 6219 6361 6360 6359 
f 6222 6364 6363 6362 
s 4
f 6230 6365 6320 6326 
f 6231 6313 6314 6366 
f 6273 6325 6323 6367 
f 6276 6368 6317 6318 
f 6278 6367 6323 6324 
f 6280 6319 6320 6365 
s 1
f 6048 6369 6283 6047 
f 6047 6281 6370 6050 
f 6051 6371 6369 6048 
f 6053 6284 6371 6051 
f 6054 6372 6286 6053 
f 6050 6370 6373 6056 
f 6060 6287 6374 6059 
f 6056 6373 6289 6060 
f 6061 6290 6375 6057 
f 6062 6376 6292 6061 
f 6059 6374 6376 6062 
s 2
f 6064 6370 6281 6063 
f 6066 6294 6377 6065 
f 6063 6293 6296 6066 
f 6067 6373 6370 6064 
f 6065 6377 6378 6068 
f 6069 6289 6373 6067 
f 6070 6298 6297 6069 
f 6068 6378 6300 6070 
s 1
f 6072 6377 6294 6071 
f 6071 6301 6379 6074 
f 6075 6378 6377 6072 
f 6077 6300 6378 6075 
f 6078 6380 6302 6077 
f 6074 6379 6381 6080 
f 6082 6382 6380 6078 
f 6084 6303 6314 6083 
f 6080 6381 6305 6084 
f 6083 6315 6316 6085 
f 6086 6306 6382 6082 
f 6085 6317 6308 6086 
s 4
f 6088 6305 6381 6087 
f 6089 6310 6309 6088 
f 6090 6371 6284 6089 
f 6087 6381 6379 6091 
f 6092 6369 6371 6090 
f 6091 6379 6301 6093 
f 6094 6283 6369 6092 
f 6093 6296 6293 6094 
f 6096 6302 6380 6095 
f 6097 6297 6298 6096 
f 6098 6374 6287 6097 
f 6095 6380 6382 6099 
f 6100 6376 6374 6098 
f 6099 6382 6306 6101 
f 6102 6292 6376 6100 
f 6101 6311 6312 6102 
s 2
f 6104 6308 6317 6103 
f 6105 6312 6311 6104 
f 6106 6375 6290 6105 
f 6108 6314 6303 6107 
f 6110 6286 6372 6109 
f 6107 6309 6310 6110 
s 1
f 6112 6316 6315 6111 
f 6113 6383 6318 6112 
f 6111 6313 6384 6114 
f 6117 6386 6385 6116 
f 6118 6115 6388 6387 
f 6121 6390 6389 6120 
f 6119 6392 6391 6122 
f 6125 6394 6393 6124 
f 6126 6123 6396 6395 
f 6127 6397 6372 6054 
f 6057 6375 6398 6128 
f 6129 6319 6397 6127 
f 6130 6322 6321 6129 
f 6128 6398 6324 6130 
f 6132 6321 6322 6131 
f 6133 6399 6326 6132 
f 6131 6325 6400 6134 
f 6137 6402 6401 6136 
f 6138 6135 6404 6403 
f 6141 6406 6405 6140 
f 6139 6408 6407 6142 
f 6145 6410 6409 6144 
f 6146 6143 6412 6411 
f 6125 6147 6413 6394 
f 6126 6395 6414 6148 
f 6145 6149 6415 6410 
f 6146 6411 6416 6150 
f 6117 6151 6417 6386 
f 6118 6387 6418 6152 
f 6137 6153 6419 6402 
f 6138 6403 6420 6154 
f 6156 6421 6329 6155 
f 6155 6327 6422 6158 
f 6158 6422 6423 6160 
f 6162 6330 6424 6161 
f 6160 6423 6332 6162 
f 6163 6425 6421 6156 
f 6167 6333 6425 6163 
f 6168 6426 6335 6167 
f 6170 6336 6427 6169 
f 6166 6428 6338 6170 
f 6169 6427 6426 6168 
s 2
f 6172 6340 6339 6171 
f 6173 6429 6342 6172 
f 6171 6329 6421 6174 
f 6175 6430 6429 6173 
f 6174 6421 6425 6176 
f 6177 6343 6430 6175 
f 6178 6346 6345 6177 
f 6176 6425 6333 6178 
s 1
f 6180 6431 6347 6179 
f 6179 6342 6429 6182 
f 6182 6429 6430 6184 
f 6186 6348 6432 6185 
f 6184 6430 6343 6186 
f 6187 6433 6431 6180 
f 6185 6432 6434 6190 
f 6191 6349 6433 6187 
f 6192 6360 6351 6191 
f 6193 6364 6359 6192 
f 6194 6352 6363 6193 
f 6190 6434 6354 6194 
s 4
f 6197 6332 6423 6196 
f 6198 6356 6355 6197 
f 6195 6433 6349 6198 
f 6196 6423 6422 6200 
f 6199 6431 6433 6195 
f 6202 6339 6340 6201 
f 6200 6422 6327 6202 
f 6201 6347 6431 6199 
f 6205 6335 6426 6204 
f 6206 6345 6346 6205 
f 6203 6432 6348 6206 
f 6204 6426 6427 6208 
f 6207 6434 6432 6203 
f 6210 6358 6357 6209 
f 6208 6427 6336 6210 
f 6209 6354 6434 6207 
s 2
f 6213 6338 6428 6212 
f 6214 6357 6358 6213 
f 6211 6363 6352 6214 
f 6216 6355 6356 6215 
f 6217 6424 6330 6216 
f 6215 6351 6360 6218 
s 1
f 6220 6435 6361 6219 
f 6222 6362 6436 6221 
f 6219 6359 6364 6222 
f 6223 6437 6428 6166 
f 6161 6424 6438 6224 
f 6225 6439 6437 6223 
f 6224 6438 6440 6226 
f 6227 6441 6439 6225 
f 6226 6440 6442 6228 
s 4
f 6230 6326 6399 6229 
f 6231 6366 6365 6230 
f 6232 6384 6313 6231 
f 6233 6387 6388 6236 
f 6234 6235 6401 6402 
f 6234 6402 6419 6238 
f 6233 6237 6418 6387 
f 6240 6405 6406 6239 
f 6242 6391 6392 6241 
f 6243 6395 6396 6246 
f 6244 6245 6409 6410 
f 6244 6410 6415 6248 
f 6243 6247 6414 6395 
f 6250 6442 6440 6249 
f 6218 6361 6435 6251 
f 6252 6438 6424 6217 
f 6249 6440 6438 6252 
f 6254 6439 6441 6253 
f 6255 6436 6362 6211 
f 6212 6428 6437 6256 
f 6256 6437 6439 6254 
f 6257 6411 6412 6260 
f 6258 6259 6393 6394 
f 6258 6394 6413 6262 
f 6257 6261 6416 6411 
f 6264 6407 6408 6263 
f 6266 6389 6390 6265 
f 6267 6386 6417 6270 
f 6268 6269 6420 6403 
f 6268 6403 6404 6272 
f 6267 6271 6385 6386 
f 6274 6400 6325 6273 
f 6276 6318 6383 6275 
f 6273 6367 6368 6276 
f 6277 6398 6375 6106 
f 6278 6324 6398 6277 
f 6103 6368 6367 6278 
f 6109 6372 6397 6279 
f 6280 6365 6366 6108 
f 6279 6397 6319 6280 
s 1
f 6085 6316 6317 
s 4
f 6108 6366 6314 
s 1
f 6192 6359 6360 
s 4
f 6211 6362 6363 
s 1
f 6193 6363 6364 
s 4
f 6218 6360 6361 
s 1
f 6083 6314 6315 
s 4
f 6103 6317 6368 
s 1
f 6443 6446 6445 6444 
s 2
f 6446 6448 6447 6445 
s 1
f 6448 6450 6449 6447 
s 2
f 6450 6443 6444 6449 
s 1
f 6114 6115 6116 6113 
f 6120 6151 6152 6119 
f 6134 6135 6136 6133 
f 6140 6153 6154 6139 
s 4
f 6229 6235 6236 6232 
f 6241 6237 6238 6240 
f 6263 6269 6270 6266 
f 6275 6271 6272 6274 
s 1
f 6113 6116 6385 6383 
f 6384 6388 6115 6114 
f 6389 6417 6151 6120 
f 6119 6152 6418 6392 
f 6133 6136 6401 6399 
f 6400 6404 6135 6134 
f 6405 6419 6153 6140 
f 6139 6154 6420 6408 
s 4
f 6399 6401 6235 6229 
f 6232 6236 6388 6384 
f 6240 6238 6419 6405 
f 6392 6418 6237 6241 
f 6408 6420 6269 6263 
f 6266 6270 6417 6389 
f 6274 6272 6404 6400 
f 6383 6385 6271 6275 
s 1
f 6122 6123 6124 6121 
f 6142 6143 6144 6141 
f 6221 6147 6148 6220 
f 6228 6149 6150 6227 
s 4
f 6239 6245 6246 6242 
f 6251 6247 6248 6250 
f 6253 6261 6262 6255 
f 6265 6259 6260 6264 
s 1
f 6121 6124 6393 6390 
f 6391 6396 6123 6122 
f 6141 6144 6409 6406 
f 6407 6412 6143 6142 
f 6220 6148 6414 6435 
f 6436 6413 6147 6221 
f 6227 6150 6416 6441 
f 6442 6415 6149 6228 
s 4
f 6406 6409 6245 6239 
f 6242 6246 6396 6391 
f 6250 6248 6415 6442 
f 6435 6414 6247 6251 
f 6441 6416 6261 6253 
f 6255 6262 6413 6436 
f 6264 6260 6412 6407 
f 6390 6393 6259 6265 
s 1
f 6451 6454 6453 6452 
f 6453 6456 6455 6452 
f 6455 6456 6458 6457 
f 6454 6460 6459 6453 
f 6456 6462 6461 6458 
f 6453 6459 6462 6456 
f 6460 6464 6463 6459 
f 6462 6466 6465 6461 
f 6459 6463 6466 6462 
s 2
f 6467 6470 6469 6468 
f 6468 6469 6472 6471 
f 6471 6472 6474 6473 
s 1
f 6475 6478 6477 6476 
f 6476 6477 6480 6479 
f 6479 6480 6482 6481 
f 6478 6484 6483 6477 
f 6477 6483 6485 6480 
f 6480 6485 6486 6482 
f 6483 6484 6488 6487 
f 6485 6483 6487 6489 
f 6486 6485 6489 6490 
s 4
f 6491 6494 6493 6492 
f 6495 6496 6494 6491 
f 6497 6498 6496 6495 
f 6499 6502 6501 6500 
f 6503 6504 6502 6499 
f 6505 6506 6504 6503 
s 2
f 6507 6510 6509 6508 
f 6511 6514 6513 6512 
s 1
f 6515 6518 6517 6516 
f 6519 6522 6521 6520 
f 6523 6526 6525 6524 
f 6527 6530 6529 6528 
f 6461 6532 6531 6458 
f 6531 6532 6534 6533 
f 6535 6538 6537 6536 
f 6539 6542 6541 6540 
f 6543 6546 6545 6544 
f 6547 6550 6549 6548 
f 6529 6530 6552 6551 
f 6549 6550 6554 6553 
f 6521 6522 6556 6555 
f 6541 6542 6558 6557 
f 6559 6562 6561 6560 
f 6561 6562 6564 6563 
f 6564 6566 6565 6563 
f 6560 6561 6568 6567 
f 6563 6565 6570 6569 
f 6561 6563 6569 6568 
f 6567 6568 6572 6571 
f 6569 6570 6574 6573 
f 6568 6569 6573 6572 
s 2
f 6575 6578 6577 6576 
f 6578 6580 6579 6577 
f 6580 6582 6581 6579 
s 1
f 6583 6586 6585 6584 
f 6586 6588 6587 6585 
f 6588 6590 6589 6587 
f 6584 6585 6592 6591 
f 6585 6587 6593 6592 
f 6587 6589 6594 6593 
f 6592 6596 6595 6591 
f 6593 6597 6596 6592 
f 6594 6598 6597 6593 
s 4
f 6599 6602 6601 6600 
f 6603 6599 6600 6604 
f 6605 6603 6604 6606 
f 6607 6610 6609 6608 
f 6611 6607 6608 6612 
f 6613 6611 6612 6614 
s 2
f 6615 6618 6617 6616 
f 6619 6622 6621 6620 
s 1
f 6623 6626 6625 6624 
f 6570 6565 6628 6627 
f 6628 6630 6629 6627 
f 6629 6630 6632 6631 
s 4
f 6633 6636 6635 6634 
f 6637 6640 6639 6638 
f 6638 6642 6641 6637 
f 6643 6646 6645 6644 
f 6647 6650 6649 6648 
f 6648 6652 6651 6647 
f 6653 6622 6655 6654 
f 6621 6622 6656 
f 6656 6622 6653 
f 6657 6659 6615 6658 
f 6615 6616 6660 
f 6615 6660 6658 
f 6661 6664 6663 6662 
f 6662 6666 6665 6661 
f 6667 6670 6669 6668 
f 6671 6674 6673 6672 
f 6672 6676 6675 6671 
f 6677 6680 6679 6678 
f 6510 6507 6681 
f 6681 6507 6682 
f 6512 6513 6683 
f 6512 6683 6684 
s 1
f 6451 6687 6686 6685 
f 6457 6690 6689 6688 
f 6464 6693 6692 6691 
f 6465 6696 6695 6694 
s 2
f 6467 6685 6686 6697 
f 6470 6700 6699 6698 
f 6473 6701 6692 6693 
f 6474 6704 6703 6702 
s 1
f 6475 6698 6699 6705 
f 6481 6706 6703 6704 
f 6488 6709 6708 6707 
f 6490 6712 6711 6710 
s 4
f 6492 6713 6708 6709 
f 6493 6688 6689 6714 
f 6497 6705 6699 6700 
f 6498 6697 6686 6687 
f 6500 6702 6703 6706 
f 6501 6691 6692 6701 
f 6505 6710 6711 6715 
f 6506 6716 6695 6696 
s 2
f 6508 6715 6711 6712 
f 6509 6694 6695 6716 
f 6511 6707 6708 6713 
f 6514 6714 6689 6690 
s 1
f 6515 6719 6718 6717 
f 6516 6722 6721 6720 
f 6533 6725 6724 6723 
f 6534 6728 6727 6726 
f 6535 6726 6727 6729 
f 6536 6730 6724 6725 
f 6559 6733 6732 6731 
f 6566 6736 6735 6734 
f 6571 6739 6738 6737 
f 6574 6742 6741 6740 
s 2
f 6575 6743 6732 6733 
f 6576 6746 6745 6744 
f 6581 6749 6748 6747 
f 6582 6737 6738 6750 
s 1
f 6583 6751 6745 6746 
f 6590 6747 6748 6752 
f 6595 6755 6754 6753 
f 6598 6758 6757 6756 
s 4
f 6601 6759 6735 6736 
f 6602 6753 6754 6760 
f 6605 6744 6745 6751 
f 6606 6731 6732 6743 
f 6609 6750 6738 6739 
f 6610 6752 6748 6749 
f 6613 6761 6757 6758 
f 6614 6740 6741 6762 
s 2
f 6617 6762 6741 6742 
f 6618 6756 6757 6761 
f 6619 6760 6754 6755 
f 6620 6734 6735 6759 
s 1
f 6623 6765 6764 6763 
f 6626 6768 6767 6766 
s 4
f 6634 6769 6724 6730 
f 6635 6717 6718 6770 
f 6677 6729 6727 6771 
f 6680 6772 6721 6722 
f 6682 6771 6727 6728 
f 6684 6723 6724 6769 
s 1
f 6452 6773 6687 6451 
f 6451 6685 6774 6454 
f 6455 6775 6773 6452 
f 6457 6688 6775 6455 
f 6458 6776 6690 6457 
f 6454 6774 6777 6460 
f 6464 6691 6778 6463 
f 6460 6777 6693 6464 
f 6465 6694 6779 6461 
f 6466 6780 6696 6465 
f 6463 6778 6780 6466 
s 2
f 6468 6774 6685 6467 
f 6470 6698 6781 6469 
f 6467 6697 6700 6470 
f 6471 6777 6774 6468 
f 6469 6781 6782 6472 
f 6473 6693 6777 6471 
f 6474 6702 6701 6473 
f 6472 6782 6704 6474 
s 1
f 6476 6781 6698 6475 
f 6475 6705 6783 6478 
f 6479 6782 6781 6476 
f 6481 6704 6782 6479 
f 6482 6784 6706 6481 
f 6478 6783 6785 6484 
f 6486 6786 6784 6482 
f 6488 6707 6718 6487 
f 6484 6785 6709 6488 
f 6487 6719 6720 6489 
f 6490 6710 6786 6486 
f 6489 6721 6712 6490 
s 4
f 6492 6709 6785 6491 
f 6493 6714 6713 6492 
f 6494 6775 6688 6493 
f 6491 6785 6783 6495 
f 6496 6773 6775 6494 
f 6495 6783 6705 6497 
f 6498 6687 6773 6496 
f 6497 6700 6697 6498 
f 6500 6706 6784 6499 
f 6501 6701 6702 6500 
f 6502 6778 6691 6501 
f 6499 6784 6786 6503 
f 6504 6780 6778 6502 
f 6503 6786 6710 6505 
f 6506 6696 6780 6504 
f 6505 6715 6716 6506 
s 2
f 6508 6712 6721 6507 
f 6509 6716 6715 6508 
f 6510 6779 6694 6509 
f 6512 6718 6707 6511 
f 6514 6690 6776 6513 
f 6511 6713 6714 6514 
s 1
f 6516 6720 6719 6515 
f 6517 6787 6722 6516 
f 6515 6717 6788 6518 
f 6521 6790 6789 6520 
f 6522 6519 6792 6791 
f 6525 6794 6793 6524 
f 6523 6796 6795 6526 
f 6529 6798 6797 6528 
f 6530 6527 6800 6799 
f 6531 6801 6776 6458 
f 6461 6779 6802 6532 
f 6533 6723 6801 6531 
f 6534 6726 6725 6533 
f 6532 6802 6728 6534 
f 6536 6725 6726 6535 
f 6537 6803 6730 6536 
f 6535 6729 6804 6538 
f 6541 6806 6805 6540 
f 6542 6539 6808 6807 
f 6545 6810 6809 6544 
f 6543 6812 6811 6546 
f 6549 6814 6813 6548 
f 6550 6547 6816 6815 
f 6529 6551 6817 6798 
f 6530 6799 6818 6552 
f 6549 6553 6819 6814 
f 6550 6815 6820 6554 
f 6521 6555 6821 6790 
f 6522 6791 6822 6556 
f 6541 6557 6823 6806 
f 6542 6807 6824 6558 
f 6560 6825 6733 6559 
f 6559 6731 6826 6562 
f 6562 6826 6827 6564 
f 6566 6734 6828 6565 
f 6564 6827 6736 6566 
f 6567 6829 6825 6560 
f 6571 6737 6829 6567 
f 6572 6830 6739 6571 
f 6574 6740 6831 6573 
f 6570 6832 6742 6574 
f 6573 6831 6830 6572 
s 2
f 6576 6744 6743 6575 
f 6577 6833 6746 6576 
f 6575 6733 6825 6578 
f 6579 6834 6833 6577 
f 6578 6825 6829 6580 
f 6581 6747 6834 6579 
f 6582 6750 6749 6581 
f 6580 6829 6737 6582 
s 1
f 6584 6835 6751 6583 
f 6583 6746 6833 6586 
f 6586 6833 6834 6588 
f 6590 6752 6836 6589 
f 6588 6834 6747 6590 
f 6591 6837 6835 6584 
f 6589 6836 6838 6594 
f 6595 6753 6837 6591 
f 6596 6764 6755 6595 
f 6597 6768 6763 6596 
f 6598 6756 6767 6597 
f 6594 6838 6758 6598 
s 4
f 6601 6736 6827 6600 
f 6602 6760 6759 6601 
f 6599 6837 6753 6602 
f 6600 6827 6826 6604 
f 6603 6835 6837 6599 
f 6606 6743 6744 6605 
f 6604 6826 6731 6606 
f 6605 6751 6835 6603 
f 6609 6739 6830 6608 
f 6610 6749 6750 6609 
f 6607 6836 6752 6610 
f 6608 6830 6831 6612 
f 6611 6838 6836 6607 
f 6614 6762 6761 6613 
f 6612 6831 6740 6614 
f 6613 6758 6838 6611 
s 2
f 6617 6742 6832 6616 
f 6618 6761 6762 6617 
f 6615 6767 6756 6618 
f 6620 6759 6760 6619 
f 6621 6828 6734 6620 
f 6619 6755 6764 6622 
s 1
f 6624 6839 6765 6623 
f 6626 6766 6840 6625 
f 6623 6763 6768 6626 
f 6627 6841 6832 6570 
f 6565 6828 6842 6628 
f 6629 6843 6841 6627 
f 6628 6842 6844 6630 
f 6631 6845 6843 6629 
f 6630 6844 6846 6632 
s 4
f 6634 6730 6803 6633 
f 6635 6770 6769 6634 
f 6636 6788 6717 6635 
f 6637 6791 6792 6640 
f 6638 6639 6805 6806 
f 6638 6806 6823 6642 
f 6637 6641 6822 6791 
f 6644 6809 6810 6643 
f 6646 6795 6796 6645 
f 6647 6799 6800 6650 
f 6648 6649 6813 6814 
f 6648 6814 6819 6652 
f 6647 6651 6818 6799 
f 6654 6846 6844 6653 
f 6622 6765 6839 6655 
f 6656 6842 6828 6621 
f 6653 6844 6842 6656 
f 6658 6843 6845 6657 
f 6659 6840 6766 6615 
f 6616 6832 6841 6660 
f 6660 6841 6843 6658 
f 6661 6815 6816 6664 
f 6662 6663 6797 6798 
f 6662 6798 6817 6666 
f 6661 6665 6820 6815 
f 6668 6811 6812 6667 
f 6670 6793 6794 6669 
f 6671 6790 6821 6674 
f 6672 6673 6824 6807 
f 6672 6807 6808 6676 
f 6671 6675 6789 6790 
f 6678 6804 6729 6677 
f 6680 6722 6787 6679 
f 6677 6771 6772 6680 
f 6681 6802 6779 6510 
f 6682 6728 6802 6681 
f 6507 6772 6771 6682 
f 6513 6776 6801 6683 
f 6684 6769 6770 6512 
f 6683 6801 6723 6684 
s 1
f 6489 6720 6721 
s 4
f 6512 6770 6718 
s 1
f 6596 6763 6764 
s 4
f 6615 6766 6767 
s 1
f 6597 6767 6768 
s 4
f 6622 6764 6765 
s 1
f 6487 6718 6719 
s 4
f 6507 6721 6772 
s 1
f 6847 6850 6849 6848 
s 2
f 6850 6852 6851 6849 
s 1
f 6852 6854 6853 6851 
s 2
f 6854 6847 6848 6853 
s 1
f 6518 6519 6520 6517 
f 6524 6555 6556 6523 
f 6538 6539 6540 6537 
f 6544 6557 6558 6543 
s 4
f 6633 6639 6640 6636 
f 6645 6641 6642 6644 
f 6667 6673 6674 6670 
f 6679 6675 6676 6678 
s 1
f 6517 6520 6789 6787 
f 6788 6792 6519 6518 
f 6793 6821 6555 6524 
f 6523 6556 6822 6796 
f 6537 6540 6805 6803 
f 6804 6808 6539 6538 
f 6809 6823 6557 6544 
f 6543 6558 6824 6812 
s 4
f 6803 6805 6639 6633 
f 6636 6640 6792 6788 
f 6644 6642 6823 6809 
f 6796 6822 6641 6645 
f 6812 6824 6673 6667 
f 6670 6674 6821 6793 
f 6678 6676 6808 6804 
f 6787 6789 6675 6679 
s 1
f 6526 6527 6528 6525 
f 6546 6547 6548 6545 
f 6625 6551 6552 6624 
f 6632 6553 6554 6631 
s 4
f 6643 6649 6650 6646 
f 6655 6651 6652 6654 
f 6657 6665 6666 6659 
f 6669 6663 6664 6668 
s 1
f 6525 6528 6797 6794 
f 6795 6800 6527 6526 
f 6545 6548 6813 6810 
f 6811 6816 6547 6546 
f 6624 6552 6818 6839 
f 6840 6817 6551 6625 
f 6631 6554 6820 6845 
f 6846 6819 6553 6632 
s 4
f 6810 6813 6649 6643 
f 6646 6650 6800 6795 
f 6654 6652 6819 6846 
f 6839 6818 6651 6655 
f 6845 6820 6665 6657 
f 6659 6666 6817 6840 
f 6668 6664 6816 6811 
f 6794 6797 6663 6669 
s 1
f 6855 6858 6857 6856 
s 2
f 6858 6860 6859 6857 
s 1
f 6860 6862 6861 6859 
s 2
f 6862 6855 6856 6861 
s 1
f 6863 6866 6865 6864 
s 2
f 6866 6868 6867 6865 
s 1
f 6868 6870 6869 6867 
s 2
f 6870 6863 6864 6869 
f 6887 6888 11 7 
s 4
f 6889 6890 19 15 
s 16
f 6891 6892 25 23 
s 2
f 6888 6877 14 11 
s 4
f 6890 6885 22 19 
s 16
f 6892 6872 8 25 
s 64
f 6898 6880 16 6 
s 2
f 10825 10826 3957 3958 
f 10826 10827 3960 3957 
f 10827 10828 3962 3960 
f 11138 10825 3958 4634 
f 10828 10829 3964 3962 
f 11137 11138 4634 4632 
f 11136 11137 4632 4630 
f 11110 11111 4580 4578 
f 11111 11112 4582 4580 
f 11086 11087 4532 4530 
f 11087 11088 4534 4532 
f 11060 11061 4480 4478 
f 11061 11062 4482 4480 
f 11057 11058 4474 4472 
f 11048 11049 4454 4452 
f 11049 11050 4456 4454 
f 11050 11051 4458 4456 
f 11047 11048 4452 4450 
f 11051 11052 4460 4458 
f 11046 11047 4450 4448 
f 11045 11046 4448 4446 
f 11026 11027 4410 4408 
f 11027 11028 4412 4410 
f 11002 11003 4362 4360 
f 11003 11004 4364 4362 
f 10983 10984 4324 4322 
f 10984 10985 4326 4324 
f 10980 10981 4318 4316 
f 10981 10982 4320 4318 
f 10979 10980 4316 4314 
f 10982 10983 4322 4320 
f 10978 10979 4314 4311 
f 11001 11002 4360 4358 
f 11004 11005 4366 4364 
f 11000 11001 4358 4356 
f 11005 11006 4368 4366 
f 10999 11000 4356 4354 
f 11006 11007 4370 4368 
f 10998 10999 4354 4352 
f 11007 11008 4372 4370 
f 10997 10998 4352 4350 
f 11008 11009 4374 4372 
f 10996 10997 4350 4348 
f 11009 11010 4376 4374 
f 11010 11011 4378 4376 
f 10995 10996 4348 4346 
f 11011 11012 4380 4378 
f 10994 10995 4346 4344 
f 10993 10994 4344 4342 
f 11025 11026 4408 4406 
f 11028 11029 4414 4412 
f 11024 11025 4406 4404 
f 11029 11030 4416 4414 
f 11023 11024 4404 4402 
f 11030 11031 4418 4416 
f 11022 11023 4402 4400 
f 11031 11032 4420 4418 
f 11021 11022 4400 4398 
f 11032 11033 4422 4420 
f 11020 11021 4398 4396 
f 11033 11034 4424 4422 
f 11019 11020 4396 4394 
f 11034 11035 4426 4424 
f 11018 11019 4394 4392 
f 11035 11036 4428 4426 
f 11036 11037 4430 4428 
f 11058 11059 4476 4474 
f 11056 11057 4472 4470 
f 11059 11060 4478 4476 
f 11055 11056 4470 4467 
f 11085 11086 4530 4528 
f 11088 11089 4536 4534 
f 11084 11085 4528 4526 
f 11089 11090 4538 4536 
f 11090 11091 4540 4538 
f 11083 11084 4526 4524 
f 11082 11083 4524 4522 
f 11091 11092 4542 4540 
f 11081 11082 4522 4520 
f 11092 11093 4544 4542 
f 11093 11094 4546 4544 
f 11080 11081 4520 4518 
f 11094 11095 4548 4546 
f 11079 11080 4518 4516 
f 11095 11096 4550 4548 
f 11078 11079 4516 4514 
f 11077 11078 4514 4512 
f 11109 11110 4578 4576 
f 11112 11113 4584 4582 
f 11108 11109 4576 4574 
f 11113 11114 4586 4584 
f 11107 11108 4574 4572 
f 11114 11115 4588 4586 
f 11106 11107 4572 4570 
f 11115 11116 4590 4588 
f 11105 11106 4570 4568 
f 11116 11117 4592 4590 
f 11104 11105 4568 4566 
f 11117 11118 4594 4592 
f 11103 11104 4566 4564 
f 11118 11119 4596 4594 
f 11102 11103 4564 4562 
f 11119 11120 4598 4596 
f 11120 11121 4600 4598 
f 11770 10972 4300 4970 
f 10972 10973 4299 4300 
f 10970 10971 4294 4292 
f 10969 10970 4292 4290 
f 10973 10974 4302 4299 
f 10968 10969 4290 4287 
f 10974 10975 4304 4302 
f 10967 10968 4287 4288 
f 10975 10976 4306 4304 
f 11753 10967 4288 4960 
f 11782 10977 4312 4975 
f 10965 10966 4282 4280 
f 10964 10965 4280 4278 
f 10963 10964 4278 4275 
f 10962 10963 4275 4276 
f 11744 10962 4276 4966 
f 10960 10961 4270 4268 
f 10959 10960 4268 4266 
f 10958 10959 4266 4264 
f 10957 10958 4264 4262 
f 10956 10957 4262 4260 
f 10955 10956 4260 4258 
f 10954 10955 4258 4256 
f 10953 10954 4256 4253 
f 10952 10953 4253 4254 
f 11751 10952 4254 4963 
f 11764 10942 4230 4968 
f 10942 10943 4229 4230 
f 10940 10941 4224 4222 
f 10939 10940 4222 4220 
f 10943 10944 4232 4229 
f 10938 10939 4220 4218 
f 10944 10945 4234 4232 
f 10937 10938 4218 4216 
f 10945 10946 4236 4234 
f 11739 10947 4242 4958 
f 10936 10937 4216 4214 
f 10935 10936 4214 4212 
f 10934 10935 4212 4210 
f 10933 10934 4210 4208 
f 10932 10933 4208 4205 
f 10931 10932 4205 4206 
f 11795 10925 4190 4985 
f 10947 10948 4241 4242 
f 10948 10949 4244 4241 
f 10949 10950 4246 4244 
f 10950 10951 4248 4246 
f 10977 10978 4311 4312 
f 10985 10986 4328 4326 
f 10986 10987 4330 4328 
f 10987 10988 4332 4330 
f 10988 10989 4334 4332 
f 10989 10990 4336 4334 
f 10990 10991 4338 4336 
f 10991 10992 4340 4338 
f 10992 10993 4342 4340 
f 11012 11013 4382 4380 
f 11013 11014 4384 4382 
f 11014 11015 4386 4384 
f 11015 11016 4388 4386 
f 11016 11017 4390 4388 
f 11017 11018 4392 4390 
f 11037 11038 4432 4430 
f 11038 11039 4434 4432 
f 11039 11040 4436 4434 
f 11040 11041 4438 4436 
f 11041 11042 4440 4438 
f 11042 11043 4442 4440 
f 11043 11044 4444 4442 
f 11044 11045 4446 4444 
f 11052 11053 4462 4460 
f 11794 11054 4468 4980 
f 11054 11055 4467 4468 
f 11062 11063 4484 4482 
f 11063 11064 4486 4484 
f 11064 11065 4488 4486 
f 11065 11066 4490 4488 
f 11066 11067 4492 4490 
f 11067 11068 4494 4492 
f 11068 11069 4496 4494 
f 11069 11070 4498 4496 
f 11070 11071 4500 4498 
f 11071 11072 4502 4500 
f 11072 11073 4504 4502 
f 11073 11074 4506 4504 
f 11074 11075 4508 4506 
f 11075 11076 4510 4508 
f 11076 11077 4512 4510 
f 11096 11097 4552 4550 
f 11097 11098 4554 4552 
f 11098 11099 4556 4554 
f 11099 11100 4558 4556 
f 11100 11101 4560 4558 
f 11101 11102 4562 4560 
f 11121 11122 4602 4600 
f 11122 11123 4604 4602 
f 11123 11124 4606 4604 
f 11124 11125 4608 4606 
f 11125 11126 4610 4608 
f 11126 11127 4612 4610 
f 11127 11128 4614 4612 
f 11128 11129 4616 4614 
f 11129 11130 4618 4616 
f 11130 11131 4620 4618 
f 11131 11132 4622 4620 
f 11132 11133 4624 4622 
f 11133 11134 4626 4624 
f 11134 11135 4628 4626 
f 11135 11136 4630 4628 
f 10829 10830 3966 3964 
f 11806 10831 3972 4983 
f 10923 10924 4184 4182 
f 10831 10832 3971 3972 
f 10922 10923 4182 4179 
f 10832 10833 3974 3971 
f 10921 10922 4179 4180 
f 10833 10834 3976 3974 
f 11807 10921 4180 4176 
f 11812 10835 3982 3978 
f 10919 10920 4174 4172 
f 10835 10836 3981 3982 
f 10836 10837 3984 3981 
f 10837 10838 3986 3984 
f 10918 10919 4172 4170 
f 10838 10839 3988 3986 
f 10839 10840 3990 3988 
f 10840 10841 3992 3990 
f 11818 10842 3998 3994 
f 10909 10910 4154 4152 
f 10910 10911 4156 4154 
f 10908 10909 4152 4150 
f 10907 10908 4150 4148 
f 10911 10912 4158 4156 
f 10906 10907 4148 4146 
f 10912 10913 4160 4158 
f 10905 10906 4146 4143 
f 10913 10914 4162 4160 
f 10904 10905 4143 4144 
f 11813 10904 4144 4988 
f 11867 10894 4120 4116 
f 10894 10895 4119 4120 
f 10892 10893 4114 4112 
f 10891 10892 4112 4110 
f 10895 10896 4122 4119 
f 10890 10891 4110 4107 
f 10896 10897 4124 4122 
f 10889 10890 4107 4108 
f 10897 10898 4126 4124 
f 11826 10889 4108 4991 
f 11862 10899 4132 4994 
f 10887 10888 4102 4100 
f 10899 10900 4131 4132 
f 10886 10887 4100 4098 
f 10900 10901 4134 4131 
f 10885 10886 4098 4095 
f 10901 10902 4136 4134 
f 10884 10885 4095 4096 
f 10902 10903 4138 4136 
f 11822 10884 4096 4092 
f 10882 10883 4090 4088 
f 11860 10874 4072 5002 
f 10874 10875 4071 4072 
f 12909 10864 4050 5005 
f 10864 10865 4049 4050 
f 10862 10863 4044 4042 
f 10861 10862 4042 4040 
f 10865 10866 4052 4049 
f 10860 10861 4040 4037 
f 10866 10867 4054 4052 
f 10859 10860 4037 4038 
f 10867 10868 4056 4054 
f 11835 10858 4034 4030 
f 10868 10869 4058 4056 
f 10869 10870 4060 4058 
f 10870 10871 4062 4060 
f 10871 10872 4064 4062 
f 10872 10873 4066 4064 
f 10875 10876 4074 4071 
f 10876 10877 4076 4074 
f 10877 10878 4078 4076 
f 11844 10879 4084 4999 
f 10879 10880 4083 4084 
f 10880 10881 4086 4083 
f 10881 10882 4088 4086 
f 10914 10915 4164 4162 
f 10915 10916 4166 4164 
f 10916 10917 4168 4166 
f 10917 10918 4170 4168 
f 10843 10844 4000 3997 
f 10844 10845 4002 4000 
f 10845 10846 4004 4002 
f 10846 10847 4006 4004 
f 11839 10848 4012 4996 
f 10856 10857 4028 4026 
f 10848 10849 4011 4012 
f 10855 10856 4026 4024 
f 10849 10850 4014 4011 
f 10854 10855 4024 4022 
f 10850 10851 4016 4014 
f 10853 10854 4022 4020 
f 10851 10852 4018 4016 
f 10852 10853 4020 4018 
f 10929 10930 4200 4197 
f 11771 10931 4206 4973 
f 10928 10929 4197 4198 
f 11783 10928 4198 4978 
f 10926 10927 4192 4189 
f 10925 10926 4189 4190 
f 10842 10843 3997 3998 
f 11854 10859 4038 4033 
f 10966 11734 4284 4282 
f 11758 11739 4958 4238 
f 10951 11743 4250 4248 
f 11746 11744 4966 4272 
f 10961 11746 4272 4270 
f 11743 11751 4963 4250 
f 11734 11753 4960 4284 
f 10946 11758 4238 4236 
f 10971 11759 4296 4294 
f 11765 11764 4968 4226 
f 11759 11770 4970 4296 
f 10941 11765 4226 4224 
f 10976 11776 4308 4306 
f 11777 11771 4973 4202 
f 11776 11782 4975 4308 
f 10930 11777 4202 4200 
f 11053 11788 4464 4462 
f 11789 11783 4978 4194 
f 11788 11794 4980 4464 
f 10927 11789 4194 4192 
f 11801 11795 4985 4186 
f 10830 11800 3968 3966 
f 11800 11806 4983 3968 
f 10924 11801 4186 4184 
f 10920 11807 4176 4174 
f 10834 11812 3978 3976 
f 10841 11818 3994 3992 
f 11825 11813 4988 4140 
f 10883 11822 4092 4090 
f 10903 11825 4140 4138 
f 11866 11826 4991 4104 
f 10898 11832 4128 4126 
f 10857 11835 4030 4028 
f 11840 11839 4996 4008 
f 10847 11840 4008 4006 
f 11849 11844 4999 4080 
f 10858 11854 4033 4034 
f 10878 11849 4080 4078 
f 12903 11860 5002 4068 
f 10863 11855 4046 4044 
f 11832 11862 4994 4128 
f 10888 11866 4104 4102 
f 10893 11867 4116 4114 
f 11855 12909 5005 4046 
f 10873 12903 4068 4066 
s 32
f 6893 6894 6895 6896 
s 2
f 6887 6872 6871 6873 
f 6888 6876 6875 6877 
s 4
f 6889 6880 6879 6881 
f 6890 6884 6883 6885 
s 16
f 6891 6885 6883 6886 
f 6892 6874 6871 6872 
s 32
f 6893 6873 6871 6874 
f 6894 6886 6883 6884 
f 6895 6881 6879 6882 
f 6896 6878 6875 6876 
s 64
f 6897 6877 6875 6878 
f 6898 6882 6879 6880 
s 2
f 6888 6887 6873 6876 
s 4
f 6890 6889 6881 6884 
s 16
f 6892 6891 6886 6874 
s 32
f 6894 6893 6874 6886 
f 6895 6894 6884 6881 
f 6896 6895 6882 6878 
f 6893 6896 6876 6873 
s 64
f 6898 6897 6878 6882 
s 1
f 7042 7169 6926 6925 
f 7169 6899 6927 6926 
f 6899 6900 6928 6927 
f 6900 7176 6929 6928 
f 7176 7004 7006 6929 
f 7180 6901 6931 6930 
f 6901 6902 6932 6931 
f 6902 7197 6933 6932 
f 7197 7049 6934 6933 
f 7049 7181 6935 6934 
f 7181 6903 6936 6935 
f 6903 6904 6937 6936 
f 6904 7188 6938 6937 
f 7188 6998 7000 6938 
f 7192 6905 6940 6939 
f 6905 6906 6941 6940 
f 6906 7193 6942 6941 
f 7193 7042 6925 6942 
f 6899 7169 7043 7044 
f 6900 6899 7044 7045 
f 6900 7045 7176 
f 6901 7180 7046 
f 6902 6901 7046 7047 
f 7197 6902 7047 7048 
f 6903 7181 7050 7051 
f 6904 6903 7051 7052 
f 6904 7052 7188 
f 6905 7192 7039 
f 6906 6905 7039 7040 
f 7193 6906 7040 7041 
f 6926 6908 6907 6925 
f 6927 6909 6908 6926 
f 6928 6910 6909 6927 
f 6929 6911 6910 6928 
f 6930 6912 7005 7006 
f 6931 6913 6912 6930 
f 6932 6914 6913 6931 
f 6933 6915 6914 6932 
f 6934 6916 6915 6933 
f 6935 6917 6916 6934 
f 6936 6918 6917 6935 
f 6937 6919 6918 6936 
f 6938 6920 6919 6937 
f 6939 6921 6999 7000 
f 6940 6922 6921 6939 
f 6941 6923 6922 6940 
f 6942 6924 6923 6941 
f 6925 6907 6924 6942 
f 6907 6908 6944 6943 
f 6908 6909 6945 6944 
f 6909 6910 6946 6945 
f 6910 6911 6947 6946 
f 6911 7005 7007 6947 
f 6912 6913 6949 6948 
f 6913 6914 6950 6949 
f 6914 6915 6951 6950 
f 6915 6916 6952 6951 
f 6916 6917 6953 6952 
f 6917 6918 6954 6953 
f 6918 6919 6955 6954 
f 6919 6920 6956 6955 
f 6920 6999 7001 6956 
f 6921 6922 6958 6957 
f 6922 6923 6959 6958 
f 6923 6924 6960 6959 
f 6924 6907 6943 6960 
f 6943 6944 6980 6979 
f 6944 6945 6981 6980 
f 6945 6946 6982 6981 
f 6946 6947 6983 6982 
f 6947 7007 7009 6983 
f 6948 6949 6985 6984 
f 6949 6950 6986 6985 
f 6950 6951 6987 6986 
f 6951 6952 6988 6987 
f 6952 6953 6989 6988 
f 6953 6954 6990 6989 
f 6954 6955 6991 6990 
f 6955 6956 6992 6991 
f 6956 7001 7003 6992 
f 6957 6958 6994 6993 
f 6958 6959 6995 6994 
f 6959 6960 6996 6995 
f 6960 6943 6979 6996 
f 6980 7020 7019 6979 
f 6981 7021 7020 6980 
f 6982 7022 7021 6981 
f 6983 7023 7022 6982 
f 6984 7024 7038 7009 
f 6985 7025 7024 6984 
f 6986 7026 7025 6985 
f 6987 7027 7026 6986 
f 6988 7028 7027 6987 
f 6989 7029 7028 6988 
f 6990 7030 7029 6989 
f 6991 7031 7030 6990 
f 6992 7032 7031 6991 
f 6993 7033 7037 7003 
f 6994 7034 7033 6993 
f 6995 7035 7034 6994 
f 6996 7036 7035 6995 
f 6979 7019 7036 6996 
f 6961 6962 6997 
f 6962 6963 6997 
f 6963 6964 6997 
f 6964 6965 6997 
f 6965 7008 6997 
f 6966 6967 6997 
f 6967 6968 6997 
f 6968 6969 6997 
f 6969 6970 6997 
f 6970 6971 6997 
f 6971 6972 6997 
f 6972 6973 6997 
f 6973 6974 6997 
f 6974 7002 6997 
f 6975 6976 6997 
f 6976 6977 6997 
f 6977 6978 6997 
f 6978 6961 6997 
s 4
f 7074 7093 7095 
f 7076 7074 7095 7098 
f 7078 7076 7098 7101 
f 7078 7101 7202 
f 7054 7115 7117 
f 7056 7054 7117 7120 
f 7058 7056 7120 7123 
f 7058 7123 7204 
f 7061 7137 7139 
f 7063 7061 7139 7142 
f 7065 7063 7142 7145 
f 7065 7145 7206 
f 7067 7159 7161 
f 7069 7067 7161 7164 
f 7071 7069 7164 7167 
f 7071 7167 7208 
s 1
f 6998 7192 6939 7000 
f 6999 6920 6938 7000 
f 6999 6921 6957 7001 
f 7001 6957 6993 7003 
f 7002 6974 7032 7037 
f 7004 7180 6930 7006 
f 7005 6911 6929 7006 
f 7005 6912 6948 7007 
f 7007 6948 6984 7009 
f 7008 6965 7023 7038 
f 7008 6966 6997 
f 7002 6975 6997 
f 7010 7096 7209 7088 
f 7011 7099 7096 7010 
f 7017 7099 7011 7016 
f 7162 7210 7154 7014 
f 7165 7162 7014 7015 
f 7018 7102 7099 7017 
f 7110 7211 7102 7018 
f 7013 7124 7121 7012 
f 7132 7212 7124 7013 
f 7088 7213 7168 7010 
f 7010 7168 7165 7011 
f 7011 7165 7015 7016 
f 7012 7143 7140 7013 
f 7013 7140 7214 7132 
f 7154 7215 7146 7014 
f 7014 7146 7143 7015 
f 7015 7143 7012 7016 
f 7016 7012 7121 7017 
f 7017 7121 7118 7018 
f 7018 7118 7216 7110 
f 7020 6962 6961 7019 
f 7021 6963 6962 7020 
f 7022 6964 6963 7021 
f 7023 6965 6964 7022 
f 7024 6966 7008 7038 
f 7025 6967 6966 7024 
f 7026 6968 6967 7025 
f 7027 6969 6968 7026 
f 7028 6970 6969 7027 
f 7029 6971 6970 7028 
f 7030 6972 6971 7029 
f 7031 6973 6972 7030 
f 7032 6974 6973 7031 
f 7033 6975 7002 7037 
f 7034 6976 6975 7033 
f 7035 6977 6976 7034 
f 7036 6978 6977 7035 
f 7019 6961 6978 7036 
f 7032 6992 7003 7037 
f 7023 6983 7009 7038 
f 7043 7169 7171 7053 
f 7044 7043 7053 7055 
f 7045 7044 7055 7057 
f 7176 7045 7057 7175 
f 7180 7004 7059 7179 
f 7046 7180 7178 7060 
f 7047 7046 7060 7062 
f 7048 7047 7062 7064 
f 7050 7181 7183 7066 
f 7051 7050 7066 7068 
f 7052 7051 7068 7070 
f 7188 7052 7070 7187 
f 7192 6998 7072 7191 
f 7039 7192 7190 7073 
f 7040 7039 7073 7075 
f 7041 7040 7075 7077 
f 7042 7193 7195 7079 
f 7049 7197 7199 7080 
f 6998 7188 7186 7072 
f 7004 7176 7174 7059 
f 7181 7049 7080 7184 
f 7197 7048 7064 7200 
f 7193 7041 7077 7196 
f 7169 7042 7079 7172 
s 2
f 7082 7087 7072 7186 
f 7087 7201 7191 7072 
s 4
f 7093 7074 7073 7190 
f 7074 7076 7075 7073 
f 7076 7078 7077 7075 
f 7078 7202 7196 7077 
s 2
f 7107 7109 7079 7195 
f 7109 7203 7172 7079 
s 4
f 7115 7054 7053 7171 
f 7054 7056 7055 7053 
f 7056 7058 7057 7055 
f 7058 7204 7175 7057 
s 2
f 7129 7131 7059 7174 
f 7131 7205 7179 7059 
s 4
f 7137 7061 7060 7178 
f 7061 7063 7062 7060 
f 7063 7065 7064 7062 
f 7065 7206 7200 7064 
s 2
f 7151 7153 7080 7199 
f 7153 7207 7184 7080 
s 4
f 7159 7067 7066 7183 
f 7067 7069 7068 7066 
f 7069 7071 7070 7068 
f 7071 7208 7187 7070 
s 2
f 7082 7081 7083 7084 
f 7201 7090 7089 7091 
s 4
f 7093 7091 7089 7092 
f 7202 7104 7103 7105 
s 2
f 7107 7105 7103 7106 
f 7203 7112 7111 7113 
s 4
f 7115 7113 7111 7114 
f 7204 7126 7125 7127 
s 2
f 7129 7127 7125 7128 
f 7205 7134 7133 7135 
s 4
f 7137 7135 7133 7136 
f 7206 7148 7147 7149 
s 2
f 7151 7149 7147 7150 
f 7207 7156 7155 7157 
s 4
f 7159 7157 7155 7158 
f 7208 7085 7083 7081 
s 1
f 7209 7092 7089 7090 
f 7210 7158 7155 7156 
f 7211 7106 7103 7104 
f 7212 7128 7125 7126 
f 7213 7084 7083 7085 
f 7214 7136 7133 7134 
f 7215 7150 7147 7148 
f 7216 7114 7111 7112 
s 2
f 7087 7082 7084 7086 
f 7201 7087 7086 7090 
s 4
f 7095 7093 7092 7094 
f 7098 7095 7094 7097 
f 7101 7098 7097 7100 
f 7202 7101 7100 7104 
s 2
f 7109 7107 7106 7108 
f 7203 7109 7108 7112 
s 4
f 7117 7115 7114 7116 
f 7120 7117 7116 7119 
f 7123 7120 7119 7122 
f 7204 7123 7122 7126 
s 2
f 7131 7129 7128 7130 
f 7205 7131 7130 7134 
s 4
f 7139 7137 7136 7138 
f 7142 7139 7138 7141 
f 7145 7142 7141 7144 
f 7206 7145 7144 7148 
s 2
f 7153 7151 7150 7152 
f 7207 7153 7152 7156 
s 4
f 7161 7159 7158 7160 
f 7164 7161 7160 7163 
f 7167 7164 7163 7166 
f 7208 7167 7166 7085 
s 1
f 7209 7096 7094 7092 
f 7088 7209 7090 7086 
f 7096 7099 7097 7094 
f 7210 7162 7160 7158 
f 7154 7210 7156 7152 
f 7162 7165 7163 7160 
f 7099 7102 7100 7097 
f 7211 7110 7108 7106 
f 7102 7211 7104 7100 
f 7121 7124 7122 7119 
f 7212 7132 7130 7128 
f 7124 7212 7126 7122 
f 7213 7088 7086 7084 
f 7168 7213 7085 7166 
f 7165 7168 7166 7163 
f 7140 7143 7141 7138 
f 7214 7140 7138 7136 
f 7132 7214 7134 7130 
f 7215 7154 7152 7150 
f 7146 7215 7148 7144 
f 7143 7146 7144 7141 
f 7118 7121 7119 7116 
f 7216 7118 7116 7114 
f 7110 7216 7112 7108 
f 7171 7169 7170 
f 7176 7175 7173 
f 7180 7179 7177 
f 7178 7180 7177 
f 7183 7181 7182 
f 7188 7187 7185 
f 7192 7191 7189 
f 7190 7192 7189 
f 7195 7193 7194 
f 7199 7197 7198 
f 7186 7188 7185 
f 7174 7176 7173 
f 7181 7184 7182 
f 7197 7200 7198 
f 7193 7196 7194 
f 7169 7172 7170 
s 2
f 7082 7186 7185 7081 
f 7191 7201 7091 7189 
s 4
f 7093 7190 7189 7091 
f 7196 7202 7105 7194 
s 2
f 7107 7195 7194 7105 
f 7172 7203 7113 7170 
s 4
f 7115 7171 7170 7113 
f 7175 7204 7127 7173 
s 2
f 7129 7174 7173 7127 
f 7179 7205 7135 7177 
s 4
f 7137 7178 7177 7135 
f 7200 7206 7149 7198 
s 2
f 7151 7199 7198 7149 
f 7184 7207 7157 7182 
s 4
f 7159 7183 7182 7157 
f 7187 7208 7081 7185 
s 1
f 7360 7487 7244 7243 
f 7487 7217 7245 7244 
f 7217 7218 7246 7245 
f 7218 7494 7247 7246 
f 7494 7322 7324 7247 
f 7498 7219 7249 7248 
f 7219 7220 7250 7249 
f 7220 7515 7251 7250 
f 7515 7367 7252 7251 
f 7367 7499 7253 7252 
f 7499 7221 7254 7253 
f 7221 7222 7255 7254 
f 7222 7506 7256 7255 
f 7506 7316 7318 7256 
f 7510 7223 7258 7257 
f 7223 7224 7259 7258 
f 7224 7511 7260 7259 
f 7511 7360 7243 7260 
f 7217 7487 7361 7362 
f 7218 7217 7362 7363 
f 7218 7363 7494 
f 7219 7498 7364 
f 7220 7219 7364 7365 
f 7515 7220 7365 7366 
f 7221 7499 7368 7369 
f 7222 7221 7369 7370 
f 7222 7370 7506 
f 7223 7510 7357 
f 7224 7223 7357 7358 
f 7511 7224 7358 7359 
f 7244 7226 7225 7243 
f 7245 7227 7226 7244 
f 7246 7228 7227 7245 
f 7247 7229 7228 7246 
f 7248 7230 7323 7324 
f 7249 7231 7230 7248 
f 7250 7232 7231 7249 
f 7251 7233 7232 7250 
f 7252 7234 7233 7251 
f 7253 7235 7234 7252 
f 7254 7236 7235 7253 
f 7255 7237 7236 7254 
f 7256 7238 7237 7255 
f 7257 7239 7317 7318 
f 7258 7240 7239 7257 
f 7259 7241 7240 7258 
f 7260 7242 7241 7259 
f 7243 7225 7242 7260 
f 7225 7226 7262 7261 
f 7226 7227 7263 7262 
f 7227 7228 7264 7263 
f 7228 7229 7265 7264 
f 7229 7323 7325 7265 
f 7230 7231 7267 7266 
f 7231 7232 7268 7267 
f 7232 7233 7269 7268 
f 7233 7234 7270 7269 
f 7234 7235 7271 7270 
f 7235 7236 7272 7271 
f 7236 7237 7273 7272 
f 7237 7238 7274 7273 
f 7238 7317 7319 7274 
f 7239 7240 7276 7275 
f 7240 7241 7277 7276 
f 7241 7242 7278 7277 
f 7242 7225 7261 7278 
f 7261 7262 7298 7297 
f 7262 7263 7299 7298 
f 7263 7264 7300 7299 
f 7264 7265 7301 7300 
f 7265 7325 7327 7301 
f 7266 7267 7303 7302 
f 7267 7268 7304 7303 
f 7268 7269 7305 7304 
f 7269 7270 7306 7305 
f 7270 7271 7307 7306 
f 7271 7272 7308 7307 
f 7272 7273 7309 7308 
f 7273 7274 7310 7309 
f 7274 7319 7321 7310 
f 7275 7276 7312 7311 
f 7276 7277 7313 7312 
f 7277 7278 7314 7313 
f 7278 7261 7297 7314 
f 7298 7338 7337 7297 
f 7299 7339 7338 7298 
f 7300 7340 7339 7299 
f 7301 7341 7340 7300 
f 7302 7342 7356 7327 
f 7303 7343 7342 7302 
f 7304 7344 7343 7303 
f 7305 7345 7344 7304 
f 7306 7346 7345 7305 
f 7307 7347 7346 7306 
f 7308 7348 7347 7307 
f 7309 7349 7348 7308 
f 7310 7350 7349 7309 
f 7311 7351 7355 7321 
f 7312 7352 7351 7311 
f 7313 7353 7352 7312 
f 7314 7354 7353 7313 
f 7297 7337 7354 7314 
f 7279 7280 7315 
f 7280 7281 7315 
f 7281 7282 7315 
f 7282 7283 7315 
f 7283 7326 7315 
f 7284 7285 7315 
f 7285 7286 7315 
f 7286 7287 7315 
f 7287 7288 7315 
f 7288 7289 7315 
f 7289 7290 7315 
f 7290 7291 7315 
f 7291 7292 7315 
f 7292 7320 7315 
f 7293 7294 7315 
f 7294 7295 7315 
f 7295 7296 7315 
f 7296 7279 7315 
s 4
f 7392 7411 7413 
f 7394 7392 7413 7416 
f 7396 7394 7416 7419 
f 7396 7419 7520 
f 7372 7433 7435 
f 7374 7372 7435 7438 
f 7376 7374 7438 7441 
f 7376 7441 7522 
f 7379 7455 7457 
f 7381 7379 7457 7460 
f 7383 7381 7460 7463 
f 7383 7463 7524 
f 7385 7477 7479 
f 7387 7385 7479 7482 
f 7389 7387 7482 7485 
f 7389 7485 7526 
s 1
f 7316 7510 7257 7318 
f 7317 7238 7256 7318 
f 7317 7239 7275 7319 
f 7319 7275 7311 7321 
f 7320 7292 7350 7355 
f 7322 7498 7248 7324 
f 7323 7229 7247 7324 
f 7323 7230 7266 7325 
f 7325 7266 7302 7327 
f 7326 7283 7341 7356 
f 7326 7284 7315 
f 7320 7293 7315 
f 7328 7414 7527 7406 
f 7329 7417 7414 7328 
f 7335 7417 7329 7334 
f 7480 7528 7472 7332 
f 7483 7480 7332 7333 
f 7336 7420 7417 7335 
f 7428 7529 7420 7336 
f 7331 7442 7439 7330 
f 7450 7530 7442 7331 
f 7406 7531 7486 7328 
f 7328 7486 7483 7329 
f 7329 7483 7333 7334 
f 7330 7461 7458 7331 
f 7331 7458 7532 7450 
f 7472 7533 7464 7332 
f 7332 7464 7461 7333 
f 7333 7461 7330 7334 
f 7334 7330 7439 7335 
f 7335 7439 7436 7336 
f 7336 7436 7534 7428 
f 7338 7280 7279 7337 
f 7339 7281 7280 7338 
f 7340 7282 7281 7339 
f 7341 7283 7282 7340 
f 7342 7284 7326 7356 
f 7343 7285 7284 7342 
f 7344 7286 7285 7343 
f 7345 7287 7286 7344 
f 7346 7288 7287 7345 
f 7347 7289 7288 7346 
f 7348 7290 7289 7347 
f 7349 7291 7290 7348 
f 7350 7292 7291 7349 
f 7351 7293 7320 7355 
f 7352 7294 7293 7351 
f 7353 7295 7294 7352 
f 7354 7296 7295 7353 
f 7337 7279 7296 7354 
f 7350 7310 7321 7355 
f 7341 7301 7327 7356 
f 7361 7487 7489 7371 
f 7362 7361 7371 7373 
f 7363 7362 7373 7375 
f 7494 7363 7375 7493 
f 7498 7322 7377 7497 
f 7364 7498 7496 7378 
f 7365 7364 7378 7380 
f 7366 7365 7380 7382 
f 7368 7499 7501 7384 
f 7369 7368 7384 7386 
f 7370 7369 7386 7388 
f 7506 7370 7388 7505 
f 7510 7316 7390 7509 
f 7357 7510 7508 7391 
f 7358 7357 7391 7393 
f 7359 7358 7393 7395 
f 7360 7511 7513 7397 
f 7367 7515 7517 7398 
f 7316 7506 7504 7390 
f 7322 7494 7492 7377 
f 7499 7367 7398 7502 
f 7515 7366 7382 7518 
f 7511 7359 7395 7514 
f 7487 7360 7397 7490 
s 2
f 7400 7405 7390 7504 
f 7405 7519 7509 7390 
s 4
f 7411 7392 7391 7508 
f 7392 7394 7393 7391 
f 7394 7396 7395 7393 
f 7396 7520 7514 7395 
s 2
f 7425 7427 7397 7513 
f 7427 7521 7490 7397 
s 4
f 7433 7372 7371 7489 
f 7372 7374 7373 7371 
f 7374 7376 7375 7373 
f 7376 7522 7493 7375 
s 2
f 7447 7449 7377 7492 
f 7449 7523 7497 7377 
s 4
f 7455 7379 7378 7496 
f 7379 7381 7380 7378 
f 7381 7383 7382 7380 
f 7383 7524 7518 7382 
s 2
f 7469 7471 7398 7517 
f 7471 7525 7502 7398 
s 4
f 7477 7385 7384 7501 
f 7385 7387 7386 7384 
f 7387 7389 7388 7386 
f 7389 7526 7505 7388 
s 2
f 7400 7399 7401 7402 
f 7519 7408 7407 7409 
s 4
f 7411 7409 7407 7410 
f 7520 7422 7421 7423 
s 2
f 7425 7423 7421 7424 
f 7521 7430 7429 7431 
s 4
f 7433 7431 7429 7432 
f 7522 7444 7443 7445 
s 2
f 7447 7445 7443 7446 
f 7523 7452 7451 7453 
s 4
f 7455 7453 7451 7454 
f 7524 7466 7465 7467 
s 2
f 7469 7467 7465 7468 
f 7525 7474 7473 7475 
s 4
f 7477 7475 7473 7476 
f 7526 7403 7401 7399 
s 1
f 7527 7410 7407 7408 
f 7528 7476 7473 7474 
f 7529 7424 7421 7422 
f 7530 7446 7443 7444 
f 7531 7402 7401 7403 
f 7532 7454 7451 7452 
f 7533 7468 7465 7466 
f 7534 7432 7429 7430 
s 2
f 7405 7400 7402 7404 
f 7519 7405 7404 7408 
s 4
f 7413 7411 7410 7412 
f 7416 7413 7412 7415 
f 7419 7416 7415 7418 
f 7520 7419 7418 7422 
s 2
f 7427 7425 7424 7426 
f 7521 7427 7426 7430 
s 4
f 7435 7433 7432 7434 
f 7438 7435 7434 7437 
f 7441 7438 7437 7440 
f 7522 7441 7440 7444 
s 2
f 7449 7447 7446 7448 
f 7523 7449 7448 7452 
s 4
f 7457 7455 7454 7456 
f 7460 7457 7456 7459 
f 7463 7460 7459 7462 
f 7524 7463 7462 7466 
s 2
f 7471 7469 7468 7470 
f 7525 7471 7470 7474 
s 4
f 7479 7477 7476 7478 
f 7482 7479 7478 7481 
f 7485 7482 7481 7484 
f 7526 7485 7484 7403 
s 1
f 7527 7414 7412 7410 
f 7406 7527 7408 7404 
f 7414 7417 7415 7412 
f 7528 7480 7478 7476 
f 7472 7528 7474 7470 
f 7480 7483 7481 7478 
f 7417 7420 7418 7415 
f 7529 7428 7426 7424 
f 7420 7529 7422 7418 
f 7439 7442 7440 7437 
f 7530 7450 7448 7446 
f 7442 7530 7444 7440 
f 7531 7406 7404 7402 
f 7486 7531 7403 7484 
f 7483 7486 7484 7481 
f 7458 7461 7459 7456 
f 7532 7458 7456 7454 
f 7450 7532 7452 7448 
f 7533 7472 7470 7468 
f 7464 7533 7466 7462 
f 7461 7464 7462 7459 
f 7436 7439 7437 7434 
f 7534 7436 7434 7432 
f 7428 7534 7430 7426 
f 7489 7487 7488 
f 7494 7493 7491 
f 7498 7497 7495 
f 7496 7498 7495 
f 7501 7499 7500 
f 7506 7505 7503 
f 7510 7509 7507 
f 7508 7510 7507 
f 7513 7511 7512 
f 7517 7515 7516 
f 7504 7506 7503 
f 7492 7494 7491 
f 7499 7502 7500 
f 7515 7518 7516 
f 7511 7514 7512 
f 7487 7490 7488 
s 2
f 7400 7504 7503 7399 
f 7509 7519 7409 7507 
s 4
f 7411 7508 7507 7409 
f 7514 7520 7423 7512 
s 2
f 7425 7513 7512 7423 
f 7490 7521 7431 7488 
s 4
f 7433 7489 7488 7431 
f 7493 7522 7445 7491 
s 2
f 7447 7492 7491 7445 
f 7497 7523 7453 7495 
s 4
f 7455 7496 7495 7453 
f 7518 7524 7467 7516 
s 2
f 7469 7517 7516 7467 
f 7502 7525 7475 7500 
s 4
f 7477 7501 7500 7475 
f 7505 7526 7399 7503 
s 1
f 7678 7805 7562 7561 
f 7805 7535 7563 7562 
f 7535 7536 7564 7563 
f 7536 7812 7565 7564 
f 7812 7640 7642 7565 
f 7816 7537 7567 7566 
f 7537 7538 7568 7567 
f 7538 7833 7569 7568 
f 7833 7685 7570 7569 
f 7685 7817 7571 7570 
f 7817 7539 7572 7571 
f 7539 7540 7573 7572 
f 7540 7824 7574 7573 
f 7824 7634 7636 7574 
f 7828 7541 7576 7575 
f 7541 7542 7577 7576 
f 7542 7829 7578 7577 
f 7829 7678 7561 7578 
f 7535 7805 7679 7680 
f 7536 7535 7680 7681 
f 7536 7681 7812 
f 7537 7816 7682 
f 7538 7537 7682 7683 
f 7833 7538 7683 7684 
f 7539 7817 7686 7687 
f 7540 7539 7687 7688 
f 7540 7688 7824 
f 7541 7828 7675 
f 7542 7541 7675 7676 
f 7829 7542 7676 7677 
f 7562 7544 7543 7561 
f 7563 7545 7544 7562 
f 7564 7546 7545 7563 
f 7565 7547 7546 7564 
f 7566 7548 7641 7642 
f 7567 7549 7548 7566 
f 7568 7550 7549 7567 
f 7569 7551 7550 7568 
f 7570 7552 7551 7569 
f 7571 7553 7552 7570 
f 7572 7554 7553 7571 
f 7573 7555 7554 7572 
f 7574 7556 7555 7573 
f 7575 7557 7635 7636 
f 7576 7558 7557 7575 
f 7577 7559 7558 7576 
f 7578 7560 7559 7577 
f 7561 7543 7560 7578 
f 7543 7544 7580 7579 
f 7544 7545 7581 7580 
f 7545 7546 7582 7581 
f 7546 7547 7583 7582 
f 7547 7641 7643 7583 
f 7548 7549 7585 7584 
f 7549 7550 7586 7585 
f 7550 7551 7587 7586 
f 7551 7552 7588 7587 
f 7552 7553 7589 7588 
f 7553 7554 7590 7589 
f 7554 7555 7591 7590 
f 7555 7556 7592 7591 
f 7556 7635 7637 7592 
f 7557 7558 7594 7593 
f 7558 7559 7595 7594 
f 7559 7560 7596 7595 
f 7560 7543 7579 7596 
f 7579 7580 7616 7615 
f 7580 7581 7617 7616 
f 7581 7582 7618 7617 
f 7582 7583 7619 7618 
f 7583 7643 7645 7619 
f 7584 7585 7621 7620 
f 7585 7586 7622 7621 
f 7586 7587 7623 7622 
f 7587 7588 7624 7623 
f 7588 7589 7625 7624 
f 7589 7590 7626 7625 
f 7590 7591 7627 7626 
f 7591 7592 7628 7627 
f 7592 7637 7639 7628 
f 7593 7594 7630 7629 
f 7594 7595 7631 7630 
f 7595 7596 7632 7631 
f 7596 7579 7615 7632 
f 7616 7656 7655 7615 
f 7617 7657 7656 7616 
f 7618 7658 7657 7617 
f 7619 7659 7658 7618 
f 7620 7660 7674 7645 
f 7621 7661 7660 7620 
f 7622 7662 7661 7621 
f 7623 7663 7662 7622 
f 7624 7664 7663 7623 
f 7625 7665 7664 7624 
f 7626 7666 7665 7625 
f 7627 7667 7666 7626 
f 7628 7668 7667 7627 
f 7629 7669 7673 7639 
f 7630 7670 7669 7629 
f 7631 7671 7670 7630 
f 7632 7672 7671 7631 
f 7615 7655 7672 7632 
f 7597 7598 7633 
f 7598 7599 7633 
f 7599 7600 7633 
f 7600 7601 7633 
f 7601 7644 7633 
f 7602 7603 7633 
f 7603 7604 7633 
f 7604 7605 7633 
f 7605 7606 7633 
f 7606 7607 7633 
f 7607 7608 7633 
f 7608 7609 7633 
f 7609 7610 7633 
f 7610 7638 7633 
f 7611 7612 7633 
f 7612 7613 7633 
f 7613 7614 7633 
f 7614 7597 7633 
s 4
f 7710 7729 7731 
f 7712 7710 7731 7734 
f 7714 7712 7734 7737 
f 7714 7737 7838 
f 7690 7751 7753 
f 7692 7690 7753 7756 
f 7694 7692 7756 7759 
f 7694 7759 7840 
f 7697 7773 7775 
f 7699 7697 7775 7778 
f 7701 7699 7778 7781 
f 7701 7781 7842 
f 7703 7795 7797 
f 7705 7703 7797 7800 
f 7707 7705 7800 7803 
f 7707 7803 7844 
s 1
f 7634 7828 7575 7636 
f 7635 7556 7574 7636 
f 7635 7557 7593 7637 
f 7637 7593 7629 7639 
f 7638 7610 7668 7673 
f 7640 7816 7566 7642 
f 7641 7547 7565 7642 
f 7641 7548 7584 7643 
f 7643 7584 7620 7645 
f 7644 7601 7659 7674 
f 7644 7602 7633 
f 7638 7611 7633 
f 7646 7732 7845 7724 
f 7647 7735 7732 7646 
f 7653 7735 7647 7652 
f 7798 7846 7790 7650 
f 7801 7798 7650 7651 
f 7654 7738 7735 7653 
f 7746 7847 7738 7654 
f 7649 7760 7757 7648 
f 7768 7848 7760 7649 
f 7724 7849 7804 7646 
f 7646 7804 7801 7647 
f 7647 7801 7651 7652 
f 7648 7779 7776 7649 
f 7649 7776 7850 7768 
f 7790 7851 7782 7650 
f 7650 7782 7779 7651 
f 7651 7779 7648 7652 
f 7652 7648 7757 7653 
f 7653 7757 7754 7654 
f 7654 7754 7852 7746 
f 7656 7598 7597 7655 
f 7657 7599 7598 7656 
f 7658 7600 7599 7657 
f 7659 7601 7600 7658 
f 7660 7602 7644 7674 
f 7661 7603 7602 7660 
f 7662 7604 7603 7661 
f 7663 7605 7604 7662 
f 7664 7606 7605 7663 
f 7665 7607 7606 7664 
f 7666 7608 7607 7665 
f 7667 7609 7608 7666 
f 7668 7610 7609 7667 
f 7669 7611 7638 7673 
f 7670 7612 7611 7669 
f 7671 7613 7612 7670 
f 7672 7614 7613 7671 
f 7655 7597 7614 7672 
f 7668 7628 7639 7673 
f 7659 7619 7645 7674 
f 7679 7805 7807 7689 
f 7680 7679 7689 7691 
f 7681 7680 7691 7693 
f 7812 7681 7693 7811 
f 7816 7640 7695 7815 
f 7682 7816 7814 7696 
f 7683 7682 7696 7698 
f 7684 7683 7698 7700 
f 7686 7817 7819 7702 
f 7687 7686 7702 7704 
f 7688 7687 7704 7706 
f 7824 7688 7706 7823 
f 7828 7634 7708 7827 
f 7675 7828 7826 7709 
f 7676 7675 7709 7711 
f 7677 7676 7711 7713 
f 7678 7829 7831 7715 
f 7685 7833 7835 7716 
f 7634 7824 7822 7708 
f 7640 7812 7810 7695 
f 7817 7685 7716 7820 
f 7833 7684 7700 7836 
f 7829 7677 7713 7832 
f 7805 7678 7715 7808 
s 2
f 7718 7723 7708 7822 
f 7723 7837 7827 7708 
s 4
f 7729 7710 7709 7826 
f 7710 7712 7711 7709 
f 7712 7714 7713 7711 
f 7714 7838 7832 7713 
s 2
f 7743 7745 7715 7831 
f 7745 7839 7808 7715 
s 4
f 7751 7690 7689 7807 
f 7690 7692 7691 7689 
f 7692 7694 7693 7691 
f 7694 7840 7811 7693 
s 2
f 7765 7767 7695 7810 
f 7767 7841 7815 7695 
s 4
f 7773 7697 7696 7814 
f 7697 7699 7698 7696 
f 7699 7701 7700 7698 
f 7701 7842 7836 7700 
s 2
f 7787 7789 7716 7835 
f 7789 7843 7820 7716 
s 4
f 7795 7703 7702 7819 
f 7703 7705 7704 7702 
f 7705 7707 7706 7704 
f 7707 7844 7823 7706 
s 2
f 7718 7717 7719 7720 
f 7837 7726 7725 7727 
s 4
f 7729 7727 7725 7728 
f 7838 7740 7739 7741 
s 2
f 7743 7741 7739 7742 
f 7839 7748 7747 7749 
s 4
f 7751 7749 7747 7750 
f 7840 7762 7761 7763 
s 2
f 7765 7763 7761 7764 
f 7841 7770 7769 7771 
s 4
f 7773 7771 7769 7772 
f 7842 7784 7783 7785 
s 2
f 7787 7785 7783 7786 
f 7843 7792 7791 7793 
s 4
f 7795 7793 7791 7794 
f 7844 7721 7719 7717 
s 1
f 7845 7728 7725 7726 
f 7846 7794 7791 7792 
f 7847 7742 7739 7740 
f 7848 7764 7761 7762 
f 7849 7720 7719 7721 
f 7850 7772 7769 7770 
f 7851 7786 7783 7784 
f 7852 7750 7747 7748 
s 2
f 7723 7718 7720 7722 
f 7837 7723 7722 7726 
s 4
f 7731 7729 7728 7730 
f 7734 7731 7730 7733 
f 7737 7734 7733 7736 
f 7838 7737 7736 7740 
s 2
f 7745 7743 7742 7744 
f 7839 7745 7744 7748 
s 4
f 7753 7751 7750 7752 
f 7756 7753 7752 7755 
f 7759 7756 7755 7758 
f 7840 7759 7758 7762 
s 2
f 7767 7765 7764 7766 
f 7841 7767 7766 7770 
s 4
f 7775 7773 7772 7774 
f 7778 7775 7774 7777 
f 7781 7778 7777 7780 
f 7842 7781 7780 7784 
s 2
f 7789 7787 7786 7788 
f 7843 7789 7788 7792 
s 4
f 7797 7795 7794 7796 
f 7800 7797 7796 7799 
f 7803 7800 7799 7802 
f 7844 7803 7802 7721 
s 1
f 7845 7732 7730 7728 
f 7724 7845 7726 7722 
f 7732 7735 7733 7730 
f 7846 7798 7796 7794 
f 7790 7846 7792 7788 
f 7798 7801 7799 7796 
f 7735 7738 7736 7733 
f 7847 7746 7744 7742 
f 7738 7847 7740 7736 
f 7757 7760 7758 7755 
f 7848 7768 7766 7764 
f 7760 7848 7762 7758 
f 7849 7724 7722 7720 
f 7804 7849 7721 7802 
f 7801 7804 7802 7799 
f 7776 7779 7777 7774 
f 7850 7776 7774 7772 
f 7768 7850 7770 7766 
f 7851 7790 7788 7786 
f 7782 7851 7784 7780 
f 7779 7782 7780 7777 
f 7754 7757 7755 7752 
f 7852 7754 7752 7750 
f 7746 7852 7748 7744 
f 7807 7805 7806 
f 7812 7811 7809 
f 7816 7815 7813 
f 7814 7816 7813 
f 7819 7817 7818 
f 7824 7823 7821 
f 7828 7827 7825 
f 7826 7828 7825 
f 7831 7829 7830 
f 7835 7833 7834 
f 7822 7824 7821 
f 7810 7812 7809 
f 7817 7820 7818 
f 7833 7836 7834 
f 7829 7832 7830 
f 7805 7808 7806 
s 2
f 7718 7822 7821 7717 
f 7827 7837 7727 7825 
s 4
f 7729 7826 7825 7727 
f 7832 7838 7741 7830 
s 2
f 7743 7831 7830 7741 
f 7808 7839 7749 7806 
s 4
f 7751 7807 7806 7749 
f 7811 7840 7763 7809 
s 2
f 7765 7810 7809 7763 
f 7815 7841 7771 7813 
s 4
f 7773 7814 7813 7771 
f 7836 7842 7785 7834 
s 2
f 7787 7835 7834 7785 
f 7820 7843 7793 7818 
s 4
f 7795 7819 7818 7793 
f 7823 7844 7717 7821 
s 1
f 7996 8123 7880 7879 
f 8123 7853 7881 7880 
f 7853 7854 7882 7881 
f 7854 8130 7883 7882 
f 8130 7958 7960 7883 
f 8134 7855 7885 7884 
f 7855 7856 7886 7885 
f 7856 8151 7887 7886 
f 8151 8003 7888 7887 
f 8003 8135 7889 7888 
f 8135 7857 7890 7889 
f 7857 7858 7891 7890 
f 7858 8142 7892 7891 
f 8142 7952 7954 7892 
f 8146 7859 7894 7893 
f 7859 7860 7895 7894 
f 7860 8147 7896 7895 
f 8147 7996 7879 7896 
f 7853 8123 7997 7998 
f 7854 7853 7998 7999 
f 7854 7999 8130 
f 7855 8134 8000 
f 7856 7855 8000 8001 
f 8151 7856 8001 8002 
f 7857 8135 8004 8005 
f 7858 7857 8005 8006 
f 7858 8006 8142 
f 7859 8146 7993 
f 7860 7859 7993 7994 
f 8147 7860 7994 7995 
f 7880 7862 7861 7879 
f 7881 7863 7862 7880 
f 7882 7864 7863 7881 
f 7883 7865 7864 7882 
f 7884 7866 7959 7960 
f 7885 7867 7866 7884 
f 7886 7868 7867 7885 
f 7887 7869 7868 7886 
f 7888 7870 7869 7887 
f 7889 7871 7870 7888 
f 7890 7872 7871 7889 
f 7891 7873 7872 7890 
f 7892 7874 7873 7891 
f 7893 7875 7953 7954 
f 7894 7876 7875 7893 
f 7895 7877 7876 7894 
f 7896 7878 7877 7895 
f 7879 7861 7878 7896 
f 7861 7862 7898 7897 
f 7862 7863 7899 7898 
f 7863 7864 7900 7899 
f 7864 7865 7901 7900 
f 7865 7959 7961 7901 
f 7866 7867 7903 7902 
f 7867 7868 7904 7903 
f 7868 7869 7905 7904 
f 7869 7870 7906 7905 
f 7870 7871 7907 7906 
f 7871 7872 7908 7907 
f 7872 7873 7909 7908 
f 7873 7874 7910 7909 
f 7874 7953 7955 7910 
f 7875 7876 7912 7911 
f 7876 7877 7913 7912 
f 7877 7878 7914 7913 
f 7878 7861 7897 7914 
f 7897 7898 7934 7933 
f 7898 7899 7935 7934 
f 7899 7900 7936 7935 
f 7900 7901 7937 7936 
f 7901 7961 7963 7937 
f 7902 7903 7939 7938 
f 7903 7904 7940 7939 
f 7904 7905 7941 7940 
f 7905 7906 7942 7941 
f 7906 7907 7943 7942 
f 7907 7908 7944 7943 
f 7908 7909 7945 7944 
f 7909 7910 7946 7945 
f 7910 7955 7957 7946 
f 7911 7912 7948 7947 
f 7912 7913 7949 7948 
f 7913 7914 7950 7949 
f 7914 7897 7933 7950 
f 7934 7974 7973 7933 
f 7935 7975 7974 7934 
f 7936 7976 7975 7935 
f 7937 7977 7976 7936 
f 7938 7978 7992 7963 
f 7939 7979 7978 7938 
f 7940 7980 7979 7939 
f 7941 7981 7980 7940 
f 7942 7982 7981 7941 
f 7943 7983 7982 7942 
f 7944 7984 7983 7943 
f 7945 7985 7984 7944 
f 7946 7986 7985 7945 
f 7947 7987 7991 7957 
f 7948 7988 7987 7947 
f 7949 7989 7988 7948 
f 7950 7990 7989 7949 
f 7933 7973 7990 7950 
f 7915 7916 7951 
f 7916 7917 7951 
f 7917 7918 7951 
f 7918 7919 7951 
f 7919 7962 7951 
f 7920 7921 7951 
f 7921 7922 7951 
f 7922 7923 7951 
f 7923 7924 7951 
f 7924 7925 7951 
f 7925 7926 7951 
f 7926 7927 7951 
f 7927 7928 7951 
f 7928 7956 7951 
f 7929 7930 7951 
f 7930 7931 7951 
f 7931 7932 7951 
f 7932 7915 7951 
s 4
f 8028 8047 8049 
f 8030 8028 8049 8052 
f 8032 8030 8052 8055 
f 8032 8055 8156 
f 8008 8069 8071 
f 8010 8008 8071 8074 
f 8012 8010 8074 8077 
f 8012 8077 8158 
f 8015 8091 8093 
f 8017 8015 8093 8096 
f 8019 8017 8096 8099 
f 8019 8099 8160 
f 8021 8113 8115 
f 8023 8021 8115 8118 
f 8025 8023 8118 8121 
f 8025 8121 8162 
s 1
f 7952 8146 7893 7954 
f 7953 7874 7892 7954 
f 7953 7875 7911 7955 
f 7955 7911 7947 7957 
f 7956 7928 7986 7991 
f 7958 8134 7884 7960 
f 7959 7865 7883 7960 
f 7959 7866 7902 7961 
f 7961 7902 7938 7963 
f 7962 7919 7977 7992 
f 7962 7920 7951 
f 7956 7929 7951 
f 7964 8050 8163 8042 
f 7965 8053 8050 7964 
f 7971 8053 7965 7970 
f 8116 8164 8108 7968 
f 8119 8116 7968 7969 
f 7972 8056 8053 7971 
f 8064 8165 8056 7972 
f 7967 8078 8075 7966 
f 8086 8166 8078 7967 
f 8042 8167 8122 7964 
f 7964 8122 8119 7965 
f 7965 8119 7969 7970 
f 7966 8097 8094 7967 
f 7967 8094 8168 8086 
f 8108 8169 8100 7968 
f 7968 8100 8097 7969 
f 7969 8097 7966 7970 
f 7970 7966 8075 7971 
f 7971 8075 8072 7972 
f 7972 8072 8170 8064 
f 7974 7916 7915 7973 
f 7975 7917 7916 7974 
f 7976 7918 7917 7975 
f 7977 7919 7918 7976 
f 7978 7920 7962 7992 
f 7979 7921 7920 7978 
f 7980 7922 7921 7979 
f 7981 7923 7922 7980 
f 7982 7924 7923 7981 
f 7983 7925 7924 7982 
f 7984 7926 7925 7983 
f 7985 7927 7926 7984 
f 7986 7928 7927 7985 
f 7987 7929 7956 7991 
f 7988 7930 7929 7987 
f 7989 7931 7930 7988 
f 7990 7932 7931 7989 
f 7973 7915 7932 7990 
f 7986 7946 7957 7991 
f 7977 7937 7963 7992 
f 7997 8123 8125 8007 
f 7998 7997 8007 8009 
f 7999 7998 8009 8011 
f 8130 7999 8011 8129 
f 8134 7958 8013 8133 
f 8000 8134 8132 8014 
f 8001 8000 8014 8016 
f 8002 8001 8016 8018 
f 8004 8135 8137 8020 
f 8005 8004 8020 8022 
f 8006 8005 8022 8024 
f 8142 8006 8024 8141 
f 8146 7952 8026 8145 
f 7993 8146 8144 8027 
f 7994 7993 8027 8029 
f 7995 7994 8029 8031 
f 7996 8147 8149 8033 
f 8003 8151 8153 8034 
f 7952 8142 8140 8026 
f 7958 8130 8128 8013 
f 8135 8003 8034 8138 
f 8151 8002 8018 8154 
f 8147 7995 8031 8150 
f 8123 7996 8033 8126 
s 2
f 8036 8041 8026 8140 
f 8041 8155 8145 8026 
s 4
f 8047 8028 8027 8144 
f 8028 8030 8029 8027 
f 8030 8032 8031 8029 
f 8032 8156 8150 8031 
s 2
f 8061 8063 8033 8149 
f 8063 8157 8126 8033 
s 4
f 8069 8008 8007 8125 
f 8008 8010 8009 8007 
f 8010 8012 8011 8009 
f 8012 8158 8129 8011 
s 2
f 8083 8085 8013 8128 
f 8085 8159 8133 8013 
s 4
f 8091 8015 8014 8132 
f 8015 8017 8016 8014 
f 8017 8019 8018 8016 
f 8019 8160 8154 8018 
s 2
f 8105 8107 8034 8153 
f 8107 8161 8138 8034 
s 4
f 8113 8021 8020 8137 
f 8021 8023 8022 8020 
f 8023 8025 8024 8022 
f 8025 8162 8141 8024 
s 2
f 8036 8035 8037 8038 
f 8155 8044 8043 8045 
s 4
f 8047 8045 8043 8046 
f 8156 8058 8057 8059 
s 2
f 8061 8059 8057 8060 
f 8157 8066 8065 8067 
s 4
f 8069 8067 8065 8068 
f 8158 8080 8079 8081 
s 2
f 8083 8081 8079 8082 
f 8159 8088 8087 8089 
s 4
f 8091 8089 8087 8090 
f 8160 8102 8101 8103 
s 2
f 8105 8103 8101 8104 
f 8161 8110 8109 8111 
s 4
f 8113 8111 8109 8112 
f 8162 8039 8037 8035 
s 1
f 8163 8046 8043 8044 
f 8164 8112 8109 8110 
f 8165 8060 8057 8058 
f 8166 8082 8079 8080 
f 8167 8038 8037 8039 
f 8168 8090 8087 8088 
f 8169 8104 8101 8102 
f 8170 8068 8065 8066 
s 2
f 8041 8036 8038 8040 
f 8155 8041 8040 8044 
s 4
f 8049 8047 8046 8048 
f 8052 8049 8048 8051 
f 8055 8052 8051 8054 
f 8156 8055 8054 8058 
s 2
f 8063 8061 8060 8062 
f 8157 8063 8062 8066 
s 4
f 8071 8069 8068 8070 
f 8074 8071 8070 8073 
f 8077 8074 8073 8076 
f 8158 8077 8076 8080 
s 2
f 8085 8083 8082 8084 
f 8159 8085 8084 8088 
s 4
f 8093 8091 8090 8092 
f 8096 8093 8092 8095 
f 8099 8096 8095 8098 
f 8160 8099 8098 8102 
s 2
f 8107 8105 8104 8106 
f 8161 8107 8106 8110 
s 4
f 8115 8113 8112 8114 
f 8118 8115 8114 8117 
f 8121 8118 8117 8120 
f 8162 8121 8120 8039 
s 1
f 8163 8050 8048 8046 
f 8042 8163 8044 8040 
f 8050 8053 8051 8048 
f 8164 8116 8114 8112 
f 8108 8164 8110 8106 
f 8116 8119 8117 8114 
f 8053 8056 8054 8051 
f 8165 8064 8062 8060 
f 8056 8165 8058 8054 
f 8075 8078 8076 8073 
f 8166 8086 8084 8082 
f 8078 8166 8080 8076 
f 8167 8042 8040 8038 
f 8122 8167 8039 8120 
f 8119 8122 8120 8117 
f 8094 8097 8095 8092 
f 8168 8094 8092 8090 
f 8086 8168 8088 8084 
f 8169 8108 8106 8104 
f 8100 8169 8102 8098 
f 8097 8100 8098 8095 
f 8072 8075 8073 8070 
f 8170 8072 8070 8068 
f 8064 8170 8066 8062 
f 8125 8123 8124 
f 8130 8129 8127 
f 8134 8133 8131 
f 8132 8134 8131 
f 8137 8135 8136 
f 8142 8141 8139 
f 8146 8145 8143 
f 8144 8146 8143 
f 8149 8147 8148 
f 8153 8151 8152 
f 8140 8142 8139 
f 8128 8130 8127 
f 8135 8138 8136 
f 8151 8154 8152 
f 8147 8150 8148 
f 8123 8126 8124 
s 2
f 8036 8140 8139 8035 
f 8145 8155 8045 8143 
s 4
f 8047 8144 8143 8045 
f 8150 8156 8059 8148 
s 2
f 8061 8149 8148 8059 
f 8126 8157 8067 8124 
s 4
f 8069 8125 8124 8067 
f 8129 8158 8081 8127 
s 2
f 8083 8128 8127 8081 
f 8133 8159 8089 8131 
s 4
f 8091 8132 8131 8089 
f 8154 8160 8103 8152 
s 2
f 8105 8153 8152 8103 
f 8138 8161 8111 8136 
s 4
f 8113 8137 8136 8111 
f 8141 8162 8035 8139 
s 1
f 8190 8192 8171 
f 8192 8201 8171 
f 8201 8207 8171 
f 8207 8213 8171 
f 8213 8219 8171 
f 8219 8225 8171 
f 8225 8234 8171 
f 8234 8232 8171 
f 8232 8229 8171 
f 8229 8223 8171 
f 8223 8217 8171 
f 8217 8211 8171 
f 8211 8205 8171 
f 8205 8199 8171 
f 8199 8196 8171 
f 8196 8190 8171 
s 2
f 8193 8189 8172 8185 
f 8189 8195 8173 8172 
f 8195 8198 8174 8173 
f 8202 8193 8185 8184 
f 8198 8204 8175 8174 
f 8208 8202 8184 8183 
f 8204 8210 8176 8175 
f 8214 8208 8183 8182 
f 8210 8216 8177 8176 
f 8220 8214 8182 8181 
f 8216 8222 8178 8177 
f 8226 8220 8181 8180 
f 8222 8228 8179 8178 
f 8228 8231 8187 8179 
f 8235 8226 8180 8186 
f 8231 8235 8186 8187 
s 1
f 8192 8190 8188 8191 
f 8201 8192 8191 8200 
f 8207 8201 8200 8206 
f 8213 8207 8206 8212 
f 8219 8213 8212 8218 
f 8225 8219 8218 8224 
f 8234 8225 8224 8233 
f 8232 8234 8233 8230 
f 8229 8232 8230 8227 
f 8223 8229 8227 8221 
f 8217 8223 8221 8215 
f 8211 8217 8215 8209 
f 8205 8211 8209 8203 
f 8199 8205 8203 8197 
f 8196 8199 8197 8194 
f 8190 8196 8194 8188 
s 2
f 8189 8193 8191 8188 
f 8195 8189 8188 8194 
f 8198 8195 8194 8197 
f 8193 8202 8200 8191 
f 8204 8198 8197 8203 
f 8202 8208 8206 8200 
f 8210 8204 8203 8209 
f 8208 8214 8212 8206 
f 8216 8210 8209 8215 
f 8214 8220 8218 8212 
f 8222 8216 8215 8221 
f 8220 8226 8224 8218 
f 8228 8222 8221 8227 
f 8231 8228 8227 8230 
f 8226 8235 8233 8224 
f 8235 8231 8230 8233 
s 1
f 8255 8257 8236 
f 8257 8266 8236 
f 8266 8272 8236 
f 8272 8278 8236 
f 8278 8284 8236 
f 8284 8290 8236 
f 8290 8299 8236 
f 8299 8297 8236 
f 8297 8294 8236 
f 8294 8288 8236 
f 8288 8282 8236 
f 8282 8276 8236 
f 8276 8270 8236 
f 8270 8264 8236 
f 8264 8261 8236 
f 8261 8255 8236 
s 2
f 8258 8254 8237 8250 
f 8254 8260 8238 8237 
f 8260 8263 8239 8238 
f 8267 8258 8250 8249 
f 8263 8269 8240 8239 
f 8273 8267 8249 8248 
f 8269 8275 8241 8240 
f 8279 8273 8248 8247 
f 8275 8281 8242 8241 
f 8285 8279 8247 8246 
f 8281 8287 8243 8242 
f 8291 8285 8246 8245 
f 8287 8293 8244 8243 
f 8293 8296 8252 8244 
f 8300 8291 8245 8251 
f 8296 8300 8251 8252 
s 1
f 8257 8255 8253 8256 
f 8266 8257 8256 8265 
f 8272 8266 8265 8271 
f 8278 8272 8271 8277 
f 8284 8278 8277 8283 
f 8290 8284 8283 8289 
f 8299 8290 8289 8298 
f 8297 8299 8298 8295 
f 8294 8297 8295 8292 
f 8288 8294 8292 8286 
f 8282 8288 8286 8280 
f 8276 8282 8280 8274 
f 8270 8276 8274 8268 
f 8264 8270 8268 8262 
f 8261 8264 8262 8259 
f 8255 8261 8259 8253 
s 2
f 8254 8258 8256 8253 
f 8260 8254 8253 8259 
f 8263 8260 8259 8262 
f 8258 8267 8265 8256 
f 8269 8263 8262 8268 
f 8267 8273 8271 8265 
f 8275 8269 8268 8274 
f 8273 8279 8277 8271 
f 8281 8275 8274 8280 
f 8279 8285 8283 8277 
f 8287 8281 8280 8286 
f 8285 8291 8289 8283 
f 8293 8287 8286 8292 
f 8296 8293 8292 8295 
f 8291 8300 8298 8289 
f 8300 8296 8295 8298 
s 1
f 8320 8322 8301 
f 8322 8331 8301 
f 8331 8337 8301 
f 8337 8343 8301 
f 8343 8349 8301 
f 8349 8355 8301 
f 8355 8364 8301 
f 8364 8362 8301 
f 8362 8359 8301 
f 8359 8353 8301 
f 8353 8347 8301 
f 8347 8341 8301 
f 8341 8335 8301 
f 8335 8329 8301 
f 8329 8326 8301 
f 8326 8320 8301 
s 2
f 8323 8319 8302 8315 
f 8319 8325 8303 8302 
f 8325 8328 8304 8303 
f 8332 8323 8315 8314 
f 8328 8334 8305 8304 
f 8338 8332 8314 8313 
f 8334 8340 8306 8305 
f 8344 8338 8313 8312 
f 8340 8346 8307 8306 
f 8350 8344 8312 8311 
f 8346 8352 8308 8307 
f 8356 8350 8311 8310 
f 8352 8358 8309 8308 
f 8358 8361 8317 8309 
f 8365 8356 8310 8316 
f 8361 8365 8316 8317 
s 1
f 8322 8320 8318 8321 
f 8331 8322 8321 8330 
f 8337 8331 8330 8336 
f 8343 8337 8336 8342 
f 8349 8343 8342 8348 
f 8355 8349 8348 8354 
f 8364 8355 8354 8363 
f 8362 8364 8363 8360 
f 8359 8362 8360 8357 
f 8353 8359 8357 8351 
f 8347 8353 8351 8345 
f 8341 8347 8345 8339 
f 8335 8341 8339 8333 
f 8329 8335 8333 8327 
f 8326 8329 8327 8324 
f 8320 8326 8324 8318 
s 2
f 8319 8323 8321 8318 
f 8325 8319 8318 8324 
f 8328 8325 8324 8327 
f 8323 8332 8330 8321 
f 8334 8328 8327 8333 
f 8332 8338 8336 8330 
f 8340 8334 8333 8339 
f 8338 8344 8342 8336 
f 8346 8340 8339 8345 
f 8344 8350 8348 8342 
f 8352 8346 8345 8351 
f 8350 8356 8354 8348 
f 8358 8352 8351 8357 
f 8361 8358 8357 8360 
f 8356 8365 8363 8354 
f 8365 8361 8360 8363 
s 1
f 8385 8387 8366 
f 8387 8396 8366 
f 8396 8402 8366 
f 8402 8408 8366 
f 8408 8414 8366 
f 8414 8420 8366 
f 8420 8429 8366 
f 8429 8427 8366 
f 8427 8424 8366 
f 8424 8418 8366 
f 8418 8412 8366 
f 8412 8406 8366 
f 8406 8400 8366 
f 8400 8394 8366 
f 8394 8391 8366 
f 8391 8385 8366 
s 2
f 8388 8384 8367 8380 
f 8384 8390 8368 8367 
f 8390 8393 8369 8368 
f 8397 8388 8380 8379 
f 8393 8399 8370 8369 
f 8403 8397 8379 8378 
f 8399 8405 8371 8370 
f 8409 8403 8378 8377 
f 8405 8411 8372 8371 
f 8415 8409 8377 8376 
f 8411 8417 8373 8372 
f 8421 8415 8376 8375 
f 8417 8423 8374 8373 
f 8423 8426 8382 8374 
f 8430 8421 8375 8381 
f 8426 8430 8381 8382 
s 1
f 8387 8385 8383 8386 
f 8396 8387 8386 8395 
f 8402 8396 8395 8401 
f 8408 8402 8401 8407 
f 8414 8408 8407 8413 
f 8420 8414 8413 8419 
f 8429 8420 8419 8428 
f 8427 8429 8428 8425 
f 8424 8427 8425 8422 
f 8418 8424 8422 8416 
f 8412 8418 8416 8410 
f 8406 8412 8410 8404 
f 8400 8406 8404 8398 
f 8394 8400 8398 8392 
f 8391 8394 8392 8389 
f 8385 8391 8389 8383 
s 2
f 8384 8388 8386 8383 
f 8390 8384 8383 8389 
f 8393 8390 8389 8392 
f 8388 8397 8395 8386 
f 8399 8393 8392 8398 
f 8397 8403 8401 8395 
f 8405 8399 8398 8404 
f 8403 8409 8407 8401 
f 8411 8405 8404 8410 
f 8409 8415 8413 8407 
f 8417 8411 8410 8416 
f 8415 8421 8419 8413 
f 8423 8417 8416 8422 
f 8426 8423 8422 8425 
f 8421 8430 8428 8419 
f 8430 8426 8425 8428 
s 1
f 8689 8648 8432 8431 
f 8433 8431 8435 8434 
f 8434 8435 8437 8436 
f 8438 8441 8440 8439 
f 8442 8445 8444 8443 
f 8446 8449 8448 8447 
f 8450 8453 8452 8451 
f 8454 8457 8456 8455 
f 8458 8461 8460 8459 
f 8462 8465 8464 8463 
f 8612 8468 8467 8466 
f 8466 8467 8470 8469 
f 8471 8474 8473 8472 
f 8475 8478 8477 8476 
f 8479 8481 8480 
f 8441 8483 8482 8440 
f 8448 8485 8484 8447 
f 8465 8486 8464 
f 8455 8456 8453 8450 
f 8472 8473 8478 8475 
f 8437 8438 8439 8436 
f 8459 8460 8457 8454 
f 8469 8470 8474 8471 
f 8487 8490 8489 8488 
f 8481 8479 8490 8487 
f 8468 8492 8491 8467 
f 8466 8432 8648 8612 
f 8467 8491 8493 8470 
f 8469 8494 8432 8466 
f 8474 8496 8495 8473 
f 8472 8498 8497 8471 
f 8478 8500 8499 8477 
f 8476 8502 8501 8475 
f 8473 8495 8500 8478 
f 8475 8501 8498 8472 
f 8470 8493 8496 8474 
f 8471 8497 8494 8469 
f 8481 8504 8503 
f 8481 8503 8505 
f 8481 8505 8480 
f 8445 8449 8446 8444 
f 8443 8507 8506 8442 
f 8453 8509 8508 8452 
f 8451 8511 8510 8450 
f 8457 8513 8512 8456 
f 8455 8515 8514 8454 
f 8461 8517 8516 8460 
f 8459 8464 8486 8458 
f 8456 8512 8509 8453 
f 8450 8510 8515 8455 
f 8460 8516 8513 8457 
f 8454 8514 8464 8459 
f 8433 8518 8431 
f 8445 8442 8520 8519 
f 8448 8449 8522 8521 
f 8465 8462 8523 8521 
f 8461 8458 8519 8520 
f 8485 8448 8521 8523 
f 8486 8465 8521 8522 
f 8449 8445 8519 8522 
f 8442 8506 8524 8520 
f 8461 8520 8524 8517 
f 8458 8486 8522 8519 
f 8464 8514 8463 
f 8510 8511 8463 
f 8515 8510 8463 
f 8514 8515 8463 
f 8525 8526 8506 8507 
f 8435 8431 8432 8494 
f 8433 8434 8516 8517 
f 8437 8435 8494 8497 
f 8434 8436 8513 8516 
f 8441 8438 8498 8501 
f 8439 8440 8509 8512 
f 8479 8480 8496 8493 
f 8483 8441 8501 8502 
f 8440 8482 8508 8509 
f 8438 8437 8497 8498 
f 8436 8439 8512 8513 
f 8489 8490 8491 8492 
f 8490 8479 8493 8491 
f 8503 8504 8499 8500 
f 8505 8503 8500 8495 
f 8480 8505 8495 8496 
f 8526 8518 8524 8506 
f 8518 8433 8517 8524 
f 8526 8525 8604 8780 
f 8690 8528 8527 8691 
f 8529 8531 8530 8528 
f 8531 8533 8532 8530 
f 8534 8537 8536 8535 
f 8538 8541 8540 8539 
f 8542 8545 8544 8543 
f 8546 8451 8452 8547 
f 8548 8551 8550 8549 
f 8552 8555 8554 8553 
f 8462 8463 8557 8556 
f 8726 8560 8559 8558 
f 8560 8562 8561 8559 
f 8563 8566 8565 8564 
f 8567 8476 8477 8568 
f 8569 8570 8481 
f 8535 8536 8482 8483 
f 8544 8545 8484 8485 
f 8556 8557 8571 
f 8551 8546 8547 8550 
f 8566 8567 8568 8565 
f 8532 8533 8537 8534 
f 8555 8548 8549 8554 
f 8562 8563 8564 8561 
f 8487 8488 8573 8572 
f 8481 8487 8572 8569 
f 8558 8559 8575 8574 
f 8560 8726 8691 8527 
f 8559 8561 8576 8575 
f 8562 8560 8527 8577 
f 8564 8565 8579 8578 
f 8566 8563 8581 8580 
f 8568 8477 8499 8582 
f 8476 8567 8583 8502 
f 8565 8568 8582 8579 
f 8567 8566 8580 8583 
f 8561 8564 8578 8576 
f 8563 8562 8577 8581 
f 8481 8584 8504 
f 8481 8585 8584 
f 8481 8570 8585 
f 8539 8540 8542 8543 
f 8541 8538 8587 8586 
f 8547 8452 8508 8588 
f 8451 8546 8589 8511 
f 8549 8550 8591 8590 
f 8551 8548 8593 8592 
f 8553 8554 8595 8594 
f 8555 8552 8571 8557 
f 8550 8547 8588 8591 
f 8546 8551 8592 8589 
f 8554 8549 8590 8595 
f 8548 8555 8557 8593 
f 8529 8528 8596 
f 8539 8598 8597 8538 
f 8544 8600 8599 8543 
f 8556 8600 8523 8462 
f 8553 8597 8598 8552 
f 8485 8523 8600 8544 
f 8571 8599 8600 8556 
f 8543 8599 8598 8539 
f 8538 8597 8601 8587 
f 8553 8594 8601 8597 
f 8552 8598 8599 8571 
f 8557 8463 8593 
f 8589 8463 8511 
f 8592 8463 8589 
f 8593 8463 8592 
f 8602 8586 8587 8603 
f 8530 8577 8527 8528 
f 8529 8594 8595 8531 
f 8532 8581 8577 8530 
f 8531 8595 8590 8533 
f 8535 8583 8580 8534 
f 8537 8591 8588 8536 
f 8569 8576 8578 8570 
f 8483 8502 8583 8535 
f 8536 8588 8508 8482 
f 8534 8580 8581 8532 
f 8533 8590 8591 8537 
f 8573 8574 8575 8572 
f 8572 8575 8576 8569 
f 8584 8582 8499 8504 
f 8585 8579 8582 8584 
f 8570 8578 8579 8585 
f 8603 8587 8601 8596 
f 8596 8601 8594 8529 
f 8528 8690 8779 8596 
f 8689 8650 8649 8648 
f 8660 8658 8656 8650 
f 8658 8664 8662 8656 
f 8666 8672 8670 8668 
f 8634 8623 8622 8646 
f 8605 8609 8640 8638 
f 8629 8713 8628 8630 
f 8631 8624 8625 8632 
f 8647 8626 8627 8635 
f 8722 8725 8606 8641 
f 8612 8643 8644 8468 
f 8643 8613 8614 8644 
f 8620 8615 8616 8621 
f 8618 8617 8737 8619 
f 8676 8674 8739 
f 8668 8670 8741 8679 
f 8640 8609 8742 8642 
f 8641 8606 8637 
f 8624 8629 8630 8625 
f 8615 8618 8619 8616 
f 8662 8664 8672 8666 
f 8626 8631 8632 8627 
f 8613 8620 8621 8614 
f 8744 8488 8489 8681 
f 8739 8744 8681 8676 
f 8468 8644 8680 8492 
f 8643 8612 8648 8649 
f 8644 8614 8675 8680 
f 8613 8643 8649 8655 
f 8621 8616 8683 8673 
f 8615 8620 8661 8665 
f 8619 8737 8754 8685 
f 8617 8618 8667 8678 
f 8616 8619 8685 8683 
f 8618 8615 8665 8667 
f 8614 8621 8673 8675 
f 8620 8613 8655 8661 
f 8739 8686 8682 
f 8739 8684 8686 
f 8739 8674 8684 
f 8646 8622 8605 8638 
f 8623 8634 8651 8653 
f 8630 8628 8677 8669 
f 8713 8629 8610 8608 
f 8632 8625 8671 8663 
f 8624 8631 8611 8607 
f 8635 8627 8657 8659 
f 8626 8647 8637 8606 
f 8625 8630 8669 8671 
f 8629 8624 8607 8610 
f 8627 8632 8663 8657 
f 8631 8626 8606 8611 
f 8660 8650 8688 
f 8646 8645 8633 8634 
f 8640 8639 8636 8638 
f 8641 8639 8773 8722 
f 8635 8633 8645 8647 
f 8642 8773 8639 8640 
f 8637 8636 8639 8641 
f 8638 8636 8645 8646 
f 8634 8633 8687 8651 
f 8635 8659 8687 8633 
f 8647 8645 8636 8637 
f 8606 8725 8611 
f 8610 8725 8608 
f 8607 8725 8610 
f 8611 8725 8607 
f 8654 8653 8651 8652 
f 8656 8655 8649 8650 
f 8660 8659 8657 8658 
f 8662 8661 8655 8656 
f 8658 8657 8663 8664 
f 8668 8667 8665 8666 
f 8672 8671 8669 8670 
f 8676 8675 8673 8674 
f 8679 8678 8667 8668 
f 8670 8669 8677 8741 
f 8666 8665 8661 8662 
f 8664 8663 8671 8672 
f 8489 8492 8680 8681 
f 8681 8680 8675 8676 
f 8686 8685 8754 8682 
f 8684 8683 8685 8686 
f 8674 8673 8683 8684 
f 8652 8651 8687 8688 
f 8688 8687 8659 8660 
f 8780 8604 8654 8652 
f 8690 8691 8692 8693 
f 8694 8693 8695 8696 
f 8696 8695 8697 8698 
f 8699 8700 8701 8702 
f 8703 8704 8705 8706 
f 8707 8708 8709 8710 
f 8711 8712 8628 8713 
f 8714 8715 8716 8717 
f 8718 8719 8720 8721 
f 8722 8723 8724 8725 
f 8726 8558 8727 8728 
f 8728 8727 8729 8730 
f 8731 8732 8733 8734 
f 8735 8736 8737 8617 
f 8738 8739 8740 
f 8700 8679 8741 8701 
f 8709 8642 8742 8710 
f 8723 8743 8724 
f 8717 8716 8712 8711 
f 8734 8733 8736 8735 
f 8697 8699 8702 8698 
f 8721 8720 8715 8714 
f 8730 8729 8732 8731 
f 8744 8745 8573 8488 
f 8739 8738 8745 8744 
f 8558 8574 8746 8727 
f 8728 8692 8691 8726 
f 8727 8746 8747 8729 
f 8730 8748 8692 8728 
f 8732 8749 8750 8733 
f 8734 8751 8752 8731 
f 8736 8753 8754 8737 
f 8617 8678 8755 8735 
f 8733 8750 8753 8736 
f 8735 8755 8751 8734 
f 8729 8747 8749 8732 
f 8731 8752 8748 8730 
f 8739 8682 8756 
f 8739 8756 8757 
f 8739 8757 8740 
f 8704 8708 8707 8705 
f 8706 8758 8759 8703 
f 8712 8760 8677 8628 
f 8713 8608 8761 8711 
f 8715 8762 8763 8716 
f 8717 8764 8765 8714 
f 8719 8766 8767 8720 
f 8721 8724 8743 8718 
f 8716 8763 8760 8712 
f 8711 8761 8764 8717 
f 8720 8767 8762 8715 
f 8714 8765 8724 8721 
f 8694 8768 8693 
f 8704 8703 8769 8770 
f 8709 8708 8771 8772 
f 8723 8722 8773 8772 
f 8719 8718 8770 8769 
f 8642 8709 8772 8773 
f 8743 8723 8772 8771 
f 8708 8704 8770 8771 
f 8703 8759 8774 8769 
f 8719 8769 8774 8766 
f 8718 8743 8771 8770 
f 8724 8765 8725 
f 8761 8608 8725 
f 8764 8761 8725 
f 8765 8764 8725 
f 8775 8776 8759 8758 
f 8695 8693 8692 8748 
f 8694 8696 8767 8766 
f 8697 8695 8748 8752 
f 8696 8698 8762 8767 
f 8700 8699 8751 8755 
f 8702 8701 8760 8763 
f 8738 8740 8749 8747 
f 8679 8700 8755 8678 
f 8701 8741 8677 8760 
f 8699 8697 8752 8751 
f 8698 8702 8763 8762 
f 8573 8745 8746 8574 
f 8745 8738 8747 8746 
f 8756 8682 8754 8753 
f 8757 8756 8753 8750 
f 8740 8757 8750 8749 
f 8776 8768 8774 8759 
f 8768 8694 8766 8774 
f 8693 8768 8779 8690 
f 8776 8775 8777 8778 
f 8778 8777 8602 8603 
f 8768 8776 8778 8779 
f 8779 8778 8603 8596 
f 8652 8688 8781 8780 
f 8780 8781 8518 8526 
f 8688 8650 8689 8781 
f 8781 8689 8431 8518 
f 9040 8999 8783 8782 
f 8784 8782 8786 8785 
f 8785 8786 8788 8787 
f 8789 8792 8791 8790 
f 8793 8796 8795 8794 
f 8797 8800 8799 8798 
f 8801 8804 8803 8802 
f 8805 8808 8807 8806 
f 8809 8812 8811 8810 
f 8813 8816 8815 8814 
f 8963 8819 8818 8817 
f 8817 8818 8821 8820 
f 8822 8825 8824 8823 
f 8826 8829 8828 8827 
f 8830 8832 8831 
f 8792 8834 8833 8791 
f 8799 8836 8835 8798 
f 8816 8837 8815 
f 8806 8807 8804 8801 
f 8823 8824 8829 8826 
f 8788 8789 8790 8787 
f 8810 8811 8808 8805 
f 8820 8821 8825 8822 
f 8838 8841 8840 8839 
f 8832 8830 8841 8838 
f 8819 8843 8842 8818 
f 8817 8783 8999 8963 
f 8818 8842 8844 8821 
f 8820 8845 8783 8817 
f 8825 8847 8846 8824 
f 8823 8849 8848 8822 
f 8829 8851 8850 8828 
f 8827 8853 8852 8826 
f 8824 8846 8851 8829 
f 8826 8852 8849 8823 
f 8821 8844 8847 8825 
f 8822 8848 8845 8820 
f 8832 8855 8854 
f 8832 8854 8856 
f 8832 8856 8831 
f 8796 8800 8797 8795 
f 8794 8858 8857 8793 
f 8804 8860 8859 8803 
f 8802 8862 8861 8801 
f 8808 8864 8863 8807 
f 8806 8866 8865 8805 
f 8812 8868 8867 8811 
f 8810 8815 8837 8809 
f 8807 8863 8860 8804 
f 8801 8861 8866 8806 
f 8811 8867 8864 8808 
f 8805 8865 8815 8810 
f 8784 8869 8782 
f 8796 8793 8871 8870 
f 8799 8800 8873 8872 
f 8816 8813 8874 8872 
f 8812 8809 8870 8871 
f 8836 8799 8872 8874 
f 8837 8816 8872 8873 
f 8800 8796 8870 8873 
f 8793 8857 8875 8871 
f 8812 8871 8875 8868 
f 8809 8837 8873 8870 
f 8815 8865 8814 
f 8861 8862 8814 
f 8866 8861 8814 
f 8865 8866 8814 
f 8876 8877 8857 8858 
f 8786 8782 8783 8845 
f 8784 8785 8867 8868 
f 8788 8786 8845 8848 
f 8785 8787 8864 8867 
f 8792 8789 8849 8852 
f 8790 8791 8860 8863 
f 8830 8831 8847 8844 
f 8834 8792 8852 8853 
f 8791 8833 8859 8860 
f 8789 8788 8848 8849 
f 8787 8790 8863 8864 
f 8840 8841 8842 8843 
f 8841 8830 8844 8842 
f 8854 8855 8850 8851 
f 8856 8854 8851 8846 
f 8831 8856 8846 8847 
f 8877 8869 8875 8857 
f 8869 8784 8868 8875 
f 8877 8876 8955 9131 
f 9041 8879 8878 9042 
f 8880 8882 8881 8879 
f 8882 8884 8883 8881 
f 8885 8888 8887 8886 
f 8889 8892 8891 8890 
f 8893 8896 8895 8894 
f 8897 8802 8803 8898 
f 8899 8902 8901 8900 
f 8903 8906 8905 8904 
f 8813 8814 8908 8907 
f 9077 8911 8910 8909 
f 8911 8913 8912 8910 
f 8914 8917 8916 8915 
f 8918 8827 8828 8919 
f 8920 8921 8832 
f 8886 8887 8833 8834 
f 8895 8896 8835 8836 
f 8907 8908 8922 
f 8902 8897 8898 8901 
f 8917 8918 8919 8916 
f 8883 8884 8888 8885 
f 8906 8899 8900 8905 
f 8913 8914 8915 8912 
f 8838 8839 8924 8923 
f 8832 8838 8923 8920 
f 8909 8910 8926 8925 
f 8911 9077 9042 8878 
f 8910 8912 8927 8926 
f 8913 8911 8878 8928 
f 8915 8916 8930 8929 
f 8917 8914 8932 8931 
f 8919 8828 8850 8933 
f 8827 8918 8934 8853 
f 8916 8919 8933 8930 
f 8918 8917 8931 8934 
f 8912 8915 8929 8927 
f 8914 8913 8928 8932 
f 8832 8935 8855 
f 8832 8936 8935 
f 8832 8921 8936 
f 8890 8891 8893 8894 
f 8892 8889 8938 8937 
f 8898 8803 8859 8939 
f 8802 8897 8940 8862 
f 8900 8901 8942 8941 
f 8902 8899 8944 8943 
f 8904 8905 8946 8945 
f 8906 8903 8922 8908 
f 8901 8898 8939 8942 
f 8897 8902 8943 8940 
f 8905 8900 8941 8946 
f 8899 8906 8908 8944 
f 8880 8879 8947 
f 8890 8949 8948 8889 
f 8895 8951 8950 8894 
f 8907 8951 8874 8813 
f 8904 8948 8949 8903 
f 8836 8874 8951 8895 
f 8922 8950 8951 8907 
f 8894 8950 8949 8890 
f 8889 8948 8952 8938 
f 8904 8945 8952 8948 
f 8903 8949 8950 8922 
f 8908 8814 8944 
f 8940 8814 8862 
f 8943 8814 8940 
f 8944 8814 8943 
f 8953 8937 8938 8954 
f 8881 8928 8878 8879 
f 8880 8945 8946 8882 
f 8883 8932 8928 8881 
f 8882 8946 8941 8884 
f 8886 8934 8931 8885 
f 8888 8942 8939 8887 
f 8920 8927 8929 8921 
f 8834 8853 8934 8886 
f 8887 8939 8859 8833 
f 8885 8931 8932 8883 
f 8884 8941 8942 8888 
f 8924 8925 8926 8923 
f 8923 8926 8927 8920 
f 8935 8933 8850 8855 
f 8936 8930 8933 8935 
f 8921 8929 8930 8936 
f 8954 8938 8952 8947 
f 8947 8952 8945 8880 
f 8879 9041 9130 8947 
f 9040 9001 9000 8999 
f 9011 9009 9007 9001 
f 9009 9015 9013 9007 
f 9017 9023 9021 9019 
f 8985 8974 8973 8997 
f 8956 8960 8991 8989 
f 8980 9064 8979 8981 
f 8982 8975 8976 8983 
f 8998 8977 8978 8986 
f 9073 9076 8957 8992 
f 8963 8994 8995 8819 
f 8994 8964 8965 8995 
f 8971 8966 8967 8972 
f 8969 8968 9088 8970 
f 9027 9025 9090 
f 9019 9021 9092 9030 
f 8991 8960 9093 8993 
f 8992 8957 8988 
f 8975 8980 8981 8976 
f 8966 8969 8970 8967 
f 9013 9015 9023 9017 
f 8977 8982 8983 8978 
f 8964 8971 8972 8965 
f 9095 8839 8840 9032 
f 9090 9095 9032 9027 
f 8819 8995 9031 8843 
f 8994 8963 8999 9000 
f 8995 8965 9026 9031 
f 8964 8994 9000 9006 
f 8972 8967 9034 9024 
f 8966 8971 9012 9016 
f 8970 9088 9105 9036 
f 8968 8969 9018 9029 
f 8967 8970 9036 9034 
f 8969 8966 9016 9018 
f 8965 8972 9024 9026 
f 8971 8964 9006 9012 
f 9090 9037 9033 
f 9090 9035 9037 
f 9090 9025 9035 
f 8997 8973 8956 8989 
f 8974 8985 9002 9004 
f 8981 8979 9028 9020 
f 9064 8980 8961 8959 
f 8983 8976 9022 9014 
f 8975 8982 8962 8958 
f 8986 8978 9008 9010 
f 8977 8998 8988 8957 
f 8976 8981 9020 9022 
f 8980 8975 8958 8961 
f 8978 8983 9014 9008 
f 8982 8977 8957 8962 
f 9011 9001 9039 
f 8997 8996 8984 8985 
f 8991 8990 8987 8989 
f 8992 8990 9124 9073 
f 8986 8984 8996 8998 
f 8993 9124 8990 8991 
f 8988 8987 8990 8992 
f 8989 8987 8996 8997 
f 8985 8984 9038 9002 
f 8986 9010 9038 8984 
f 8998 8996 8987 8988 
f 8957 9076 8962 
f 8961 9076 8959 
f 8958 9076 8961 
f 8962 9076 8958 
f 9005 9004 9002 9003 
f 9007 9006 9000 9001 
f 9011 9010 9008 9009 
f 9013 9012 9006 9007 
f 9009 9008 9014 9015 
f 9019 9018 9016 9017 
f 9023 9022 9020 9021 
f 9027 9026 9024 9025 
f 9030 9029 9018 9019 
f 9021 9020 9028 9092 
f 9017 9016 9012 9013 
f 9015 9014 9022 9023 
f 8840 8843 9031 9032 
f 9032 9031 9026 9027 
f 9037 9036 9105 9033 
f 9035 9034 9036 9037 
f 9025 9024 9034 9035 
f 9003 9002 9038 9039 
f 9039 9038 9010 9011 
f 9131 8955 9005 9003 
f 9041 9042 9043 9044 
f 9045 9044 9046 9047 
f 9047 9046 9048 9049 
f 9050 9051 9052 9053 
f 9054 9055 9056 9057 
f 9058 9059 9060 9061 
f 9062 9063 8979 9064 
f 9065 9066 9067 9068 
f 9069 9070 9071 9072 
f 9073 9074 9075 9076 
f 9077 8909 9078 9079 
f 9079 9078 9080 9081 
f 9082 9083 9084 9085 
f 9086 9087 9088 8968 
f 9089 9090 9091 
f 9051 9030 9092 9052 
f 9060 8993 9093 9061 
f 9074 9094 9075 
f 9068 9067 9063 9062 
f 9085 9084 9087 9086 
f 9048 9050 9053 9049 
f 9072 9071 9066 9065 
f 9081 9080 9083 9082 
f 9095 9096 8924 8839 
f 9090 9089 9096 9095 
f 8909 8925 9097 9078 
f 9079 9043 9042 9077 
f 9078 9097 9098 9080 
f 9081 9099 9043 9079 
f 9083 9100 9101 9084 
f 9085 9102 9103 9082 
f 9087 9104 9105 9088 
f 8968 9029 9106 9086 
f 9084 9101 9104 9087 
f 9086 9106 9102 9085 
f 9080 9098 9100 9083 
f 9082 9103 9099 9081 
f 9090 9033 9107 
f 9090 9107 9108 
f 9090 9108 9091 
f 9055 9059 9058 9056 
f 9057 9109 9110 9054 
f 9063 9111 9028 8979 
f 9064 8959 9112 9062 
f 9066 9113 9114 9067 
f 9068 9115 9116 9065 
f 9070 9117 9118 9071 
f 9072 9075 9094 9069 
f 9067 9114 9111 9063 
f 9062 9112 9115 9068 
f 9071 9118 9113 9066 
f 9065 9116 9075 9072 
f 9045 9119 9044 
f 9055 9054 9120 9121 
f 9060 9059 9122 9123 
f 9074 9073 9124 9123 
f 9070 9069 9121 9120 
f 8993 9060 9123 9124 
f 9094 9074 9123 9122 
f 9059 9055 9121 9122 
f 9054 9110 9125 9120 
f 9070 9120 9125 9117 
f 9069 9094 9122 9121 
f 9075 9116 9076 
f 9112 8959 9076 
f 9115 9112 9076 
f 9116 9115 9076 
f 9126 9127 9110 9109 
f 9046 9044 9043 9099 
f 9045 9047 9118 9117 
f 9048 9046 9099 9103 
f 9047 9049 9113 9118 
f 9051 9050 9102 9106 
f 9053 9052 9111 9114 
f 9089 9091 9100 9098 
f 9030 9051 9106 9029 
f 9052 9092 9028 9111 
f 9050 9048 9103 9102 
f 9049 9053 9114 9113 
f 8924 9096 9097 8925 
f 9096 9089 9098 9097 
f 9107 9033 9105 9104 
f 9108 9107 9104 9101 
f 9091 9108 9101 9100 
f 9127 9119 9125 9110 
f 9119 9045 9117 9125 
f 9044 9119 9130 9041 
f 9127 9126 9128 9129 
f 9129 9128 8953 8954 
f 9119 9127 9129 9130 
f 9130 9129 8954 8947 
f 9003 9039 9132 9131 
f 9131 9132 8869 8877 
f 9039 9001 9040 9132 
f 9132 9040 8782 8869 
f 9133 9134 9152 9154 
f 9134 9135 9158 9152 
f 9135 9136 9161 9158 
f 9136 9137 9164 9161 
f 9137 9138 9167 9164 
f 9138 9139 9170 9167 
f 9139 9140 9173 9170 
f 9140 9141 9176 9173 
f 9141 9142 9179 9176 
f 9142 9143 9182 9179 
f 9143 9144 9185 9182 
f 9144 9145 9188 9185 
f 9145 9146 9191 9188 
f 9146 9147 9194 9191 
f 9147 9148 9197 9194 
f 9148 9133 9154 9197 
s 2
f 9155 9151 9200 9202 
f 9151 9157 9206 9200 
f 9157 9160 9209 9206 
f 9160 9163 9212 9209 
f 9163 9166 9215 9212 
f 9166 9169 9218 9215 
f 9169 9172 9221 9218 
f 9172 9175 9224 9221 
f 9175 9178 9227 9224 
f 9178 9181 9230 9227 
f 9181 9184 9233 9230 
f 9184 9187 9236 9233 
f 9187 9190 9239 9236 
f 9190 9193 9242 9239 
f 9193 9196 9245 9242 
f 9196 9155 9202 9245 
s 3
f 9203 9199 9248 9250 
s 129
f 9199 9205 9254 9248 
s 3
f 9205 9208 9257 9254 
s 33
f 9208 9211 9260 9257 
s 3
f 9211 9214 9263 9260 
s 33
f 9214 9217 9266 9263 
s 3
f 9217 9220 9269 9266 
s 33
f 9220 9223 9272 9269 
s 3
f 9223 9226 9275 9272 
s 33
f 9226 9229 9278 9275 
s 3
f 9229 9232 9281 9278 
s 33
f 9232 9235 9284 9281 
s 3
f 9235 9238 9287 9284 
s 33
f 9238 9241 9290 9287 
s 3
f 9241 9244 9293 9290 
s 129
f 9244 9203 9250 9293 
s 17
f 9251 9247 9296 9298 
s 1025
f 9247 9253 9302 9296 
s 9
f 9253 9256 9305 9302 
s 129
f 9256 9259 9308 9305 
s 9
f 9259 9262 9311 9308 
s 129
f 9262 9265 9314 9311 
s 9
f 9265 9268 9317 9314 
s 129
f 9268 9271 9320 9317 
s 9
f 9271 9274 9323 9320 
s 129
f 9274 9277 9326 9323 
s 9
f 9277 9280 9329 9326 
s 129
f 9280 9283 9332 9329 
s 9
f 9283 9286 9335 9332 
s 129
f 9286 9289 9338 9335 
s 5
f 9289 9292 9341 9338 
s 257
f 9292 9251 9298 9341 
s 2
f 9299 9295 9149 
f 9295 9301 9149 
f 9301 9304 9149 
f 9304 9307 9149 
f 9307 9310 9149 
f 9310 9313 9149 
f 9313 9316 9149 
f 9316 9319 9149 
f 9319 9322 9149 
f 9322 9325 9149 
f 9325 9328 9149 
f 9328 9331 9149 
f 9331 9334 9149 
f 9334 9337 9149 
f 9337 9340 9149 
f 9340 9299 9149 
s 1
f 9154 9152 9150 9153 
f 9152 9158 9156 9150 
f 9158 9161 9159 9156 
f 9161 9164 9162 9159 
f 9164 9167 9165 9162 
f 9167 9170 9168 9165 
f 9170 9173 9171 9168 
f 9173 9176 9174 9171 
f 9176 9179 9177 9174 
f 9179 9182 9180 9177 
f 9182 9185 9183 9180 
f 9185 9188 9186 9183 
f 9188 9191 9189 9186 
f 9191 9194 9192 9189 
f 9194 9197 9195 9192 
f 9197 9154 9153 9195 
s 2
f 9151 9155 9153 9150 
f 9202 9200 9198 9201 
f 9157 9151 9150 9156 
f 9200 9206 9204 9198 
f 9160 9157 9156 9159 
f 9206 9209 9207 9204 
f 9163 9160 9159 9162 
f 9209 9212 9210 9207 
f 9166 9163 9162 9165 
f 9212 9215 9213 9210 
f 9169 9166 9165 9168 
f 9215 9218 9216 9213 
f 9172 9169 9168 9171 
f 9218 9221 9219 9216 
f 9175 9172 9171 9174 
f 9221 9224 9222 9219 
f 9178 9175 9174 9177 
f 9224 9227 9225 9222 
f 9181 9178 9177 9180 
f 9227 9230 9228 9225 
f 9184 9181 9180 9183 
f 9230 9233 9231 9228 
f 9187 9184 9183 9186 
f 9233 9236 9234 9231 
f 9190 9187 9186 9189 
f 9236 9239 9237 9234 
f 9193 9190 9189 9192 
f 9239 9242 9240 9237 
f 9196 9193 9192 9195 
f 9242 9245 9243 9240 
f 9155 9196 9195 9153 
f 9245 9202 9201 9243 
s 1
f 9199 9203 9201 9198 
s 66062
f 9250 9248 9246 9249 
s 1
f 9205 9199 9198 9204 
s 9088
f 9248 9254 9252 9246 
s 1
f 9208 9205 9204 9207 
s 40966
f 9254 9257 9255 9252 
s 1
f 9211 9208 9207 9210 
s 33376
f 9257 9260 9258 9255 
s 1
f 9214 9211 9210 9213 
s 2566
f 9260 9263 9261 9258 
s 1
f 9217 9214 9213 9216 
s 10336
f 9263 9266 9264 9261 
s 1
f 9220 9217 9216 9219 
s 8710
f 9266 9269 9267 9264 
s 1
f 9223 9220 9219 9222 
s 2656
f 9269 9272 9270 9267 
s 1
f 9226 9223 9222 9225 
s 10246
f 9272 9275 9273 9270 
s 1
f 9229 9226 9225 9228 
s 8800
f 9275 9278 9276 9273 
s 1
f 9232 9229 9228 9231 
s 2566
f 9278 9281 9279 9276 
s 1
f 9235 9232 9231 9234 
s 10336
f 9281 9284 9282 9279 
s 1
f 9238 9235 9234 9237 
s 8710
f 9284 9287 9285 9282 
s 1
f 9241 9238 9237 9240 
s 2656
f 9287 9290 9288 9285 
s 1
f 9244 9241 9240 9243 
s 22530
f 9290 9293 9291 9288 
s 1
f 9203 9244 9243 9201 
s 82048
f 9293 9250 9249 9291 
s 264304
f 9247 9251 9249 9246 
s 1
f 9298 9296 9294 9297 
s 23552
f 9253 9247 9246 9252 
s 1
f 9296 9302 9300 9294 
s 81944
f 9256 9253 9252 9255 
s 1
f 9302 9305 9303 9300 
s 66944
f 9259 9256 9255 9258 
s 1
f 9305 9308 9306 9303 
s 5144
f 9262 9259 9258 9261 
s 1
f 9308 9311 9309 9306 
s 20864
f 9265 9262 9261 9264 
s 1
f 9311 9314 9312 9309 
s 17432
f 9268 9265 9264 9267 
s 1
f 9314 9317 9315 9312 
s 5504
f 9271 9268 9267 9270 
s 1
f 9317 9320 9318 9315 
s 20504
f 9274 9271 9270 9273 
s 1
f 9320 9323 9321 9318 
s 17792
f 9277 9274 9273 9276 
s 1
f 9323 9326 9324 9321 
s 5144
f 9280 9277 9276 9279 
s 1
f 9326 9329 9327 9324 
s 20864
f 9283 9280 9279 9282 
s 1
f 9329 9332 9330 9327 
s 17432
f 9286 9283 9282 9285 
s 1
f 9332 9335 9333 9330 
s 34176
f 9289 9286 9285 9288 
s 1
f 9335 9338 9336 9333 
s 172036
f 9292 9289 9288 9291 
s 1
f 9338 9341 9339 9336 
s 393472
f 9251 9292 9291 9249 
s 1
f 9341 9298 9297 9339 
s 2
f 9295 9299 9297 9294 
f 9301 9295 9294 9300 
f 9304 9301 9300 9303 
f 9307 9304 9303 9306 
f 9310 9307 9306 9309 
f 9313 9310 9309 9312 
f 9316 9313 9312 9315 
f 9319 9316 9315 9318 
f 9322 9319 9318 9321 
f 9325 9322 9321 9324 
f 9328 9325 9324 9327 
f 9331 9328 9327 9330 
f 9334 9331 9330 9333 
f 9337 9334 9333 9336 
f 9340 9337 9336 9339 
f 9299 9340 9339 9297 
s 1
f 9342 9343 9361 9363 
f 9343 9344 9367 9361 
f 9344 9345 9370 9367 
f 9345 9346 9373 9370 
f 9346 9347 9376 9373 
f 9347 9348 9379 9376 
f 9348 9349 9382 9379 
f 9349 9350 9385 9382 
f 9350 9351 9388 9385 
f 9351 9352 9391 9388 
f 9352 9353 9394 9391 
f 9353 9354 9397 9394 
f 9354 9355 9400 9397 
f 9355 9356 9403 9400 
f 9356 9357 9406 9403 
f 9357 9342 9363 9406 
s 2
f 9364 9360 9409 9411 
f 9360 9366 9415 9409 
f 9366 9369 9418 9415 
f 9369 9372 9421 9418 
f 9372 9375 9424 9421 
f 9375 9378 9427 9424 
f 9378 9381 9430 9427 
f 9381 9384 9433 9430 
f 9384 9387 9436 9433 
f 9387 9390 9439 9436 
f 9390 9393 9442 9439 
f 9393 9396 9445 9442 
f 9396 9399 9448 9445 
f 9399 9402 9451 9448 
f 9402 9405 9454 9451 
f 9405 9364 9411 9454 
s 3
f 9412 9408 9457 9459 
s 129
f 9408 9414 9463 9457 
s 3
f 9414 9417 9466 9463 
s 33
f 9417 9420 9469 9466 
s 3
f 9420 9423 9472 9469 
s 33
f 9423 9426 9475 9472 
s 3
f 9426 9429 9478 9475 
s 33
f 9429 9432 9481 9478 
s 3
f 9432 9435 9484 9481 
s 33
f 9435 9438 9487 9484 
s 3
f 9438 9441 9490 9487 
s 33
f 9441 9444 9493 9490 
s 3
f 9444 9447 9496 9493 
s 33
f 9447 9450 9499 9496 
s 3
f 9450 9453 9502 9499 
s 129
f 9453 9412 9459 9502 
s 17
f 9460 9456 9505 9507 
s 1025
f 9456 9462 9511 9505 
s 9
f 9462 9465 9514 9511 
s 129
f 9465 9468 9517 9514 
s 9
f 9468 9471 9520 9517 
s 129
f 9471 9474 9523 9520 
s 9
f 9474 9477 9526 9523 
s 129
f 9477 9480 9529 9526 
s 9
f 9480 9483 9532 9529 
s 129
f 9483 9486 9535 9532 
s 9
f 9486 9489 9538 9535 
s 129
f 9489 9492 9541 9538 
s 9
f 9492 9495 9544 9541 
s 129
f 9495 9498 9547 9544 
s 5
f 9498 9501 9550 9547 
s 257
f 9501 9460 9507 9550 
s 2
f 9508 9504 9358 
f 9504 9510 9358 
f 9510 9513 9358 
f 9513 9516 9358 
f 9516 9519 9358 
f 9519 9522 9358 
f 9522 9525 9358 
f 9525 9528 9358 
f 9528 9531 9358 
f 9531 9534 9358 
f 9534 9537 9358 
f 9537 9540 9358 
f 9540 9543 9358 
f 9543 9546 9358 
f 9546 9549 9358 
f 9549 9508 9358 
s 1
f 9363 9361 9359 9362 
f 9361 9367 9365 9359 
f 9367 9370 9368 9365 
f 9370 9373 9371 9368 
f 9373 9376 9374 9371 
f 9376 9379 9377 9374 
f 9379 9382 9380 9377 
f 9382 9385 9383 9380 
f 9385 9388 9386 9383 
f 9388 9391 9389 9386 
f 9391 9394 9392 9389 
f 9394 9397 9395 9392 
f 9397 9400 9398 9395 
f 9400 9403 9401 9398 
f 9403 9406 9404 9401 
f 9406 9363 9362 9404 
s 2
f 9360 9364 9362 9359 
f 9411 9409 9407 9410 
f 9366 9360 9359 9365 
f 9409 9415 9413 9407 
f 9369 9366 9365 9368 
f 9415 9418 9416 9413 
f 9372 9369 9368 9371 
f 9418 9421 9419 9416 
f 9375 9372 9371 9374 
f 9421 9424 9422 9419 
f 9378 9375 9374 9377 
f 9424 9427 9425 9422 
f 9381 9378 9377 9380 
f 9427 9430 9428 9425 
f 9384 9381 9380 9383 
f 9430 9433 9431 9428 
f 9387 9384 9383 9386 
f 9433 9436 9434 9431 
f 9390 9387 9386 9389 
f 9436 9439 9437 9434 
f 9393 9390 9389 9392 
f 9439 9442 9440 9437 
f 9396 9393 9392 9395 
f 9442 9445 9443 9440 
f 9399 9396 9395 9398 
f 9445 9448 9446 9443 
f 9402 9399 9398 9401 
f 9448 9451 9449 9446 
f 9405 9402 9401 9404 
f 9451 9454 9452 9449 
f 9364 9405 9404 9362 
f 9454 9411 9410 9452 
s 1
f 9408 9412 9410 9407 
s 66062
f 9459 9457 9455 9458 
s 1
f 9414 9408 9407 9413 
s 9088
f 9457 9463 9461 9455 
s 1
f 9417 9414 9413 9416 
s 40966
f 9463 9466 9464 9461 
s 1
f 9420 9417 9416 9419 
s 33376
f 9466 9469 9467 9464 
s 1
f 9423 9420 9419 9422 
s 2566
f 9469 9472 9470 9467 
s 1
f 9426 9423 9422 9425 
s 10336
f 9472 9475 9473 9470 
s 1
f 9429 9426 9425 9428 
s 8710
f 9475 9478 9476 9473 
s 1
f 9432 9429 9428 9431 
s 2656
f 9478 9481 9479 9476 
s 1
f 9435 9432 9431 9434 
s 10246
f 9481 9484 9482 9479 
s 1
f 9438 9435 9434 9437 
s 8800
f 9484 9487 9485 9482 
s 1
f 9441 9438 9437 9440 
s 2566
f 9487 9490 9488 9485 
s 1
f 9444 9441 9440 9443 
s 10336
f 9490 9493 9491 9488 
s 1
f 9447 9444 9443 9446 
s 8710
f 9493 9496 9494 9491 
s 1
f 9450 9447 9446 9449 
s 2656
f 9496 9499 9497 9494 
s 1
f 9453 9450 9449 9452 
s 22530
f 9499 9502 9500 9497 
s 1
f 9412 9453 9452 9410 
s 82048
f 9502 9459 9458 9500 
s 264304
f 9456 9460 9458 9455 
s 1
f 9507 9505 9503 9506 
s 23552
f 9462 9456 9455 9461 
s 1
f 9505 9511 9509 9503 
s 81944
f 9465 9462 9461 9464 
s 1
f 9511 9514 9512 9509 
s 66944
f 9468 9465 9464 9467 
s 1
f 9514 9517 9515 9512 
s 5144
f 9471 9468 9467 9470 
s 1
f 9517 9520 9518 9515 
s 20864
f 9474 9471 9470 9473 
s 1
f 9520 9523 9521 9518 
s 17432
f 9477 9474 9473 9476 
s 1
f 9523 9526 9524 9521 
s 5504
f 9480 9477 9476 9479 
s 1
f 9526 9529 9527 9524 
s 20504
f 9483 9480 9479 9482 
s 1
f 9529 9532 9530 9527 
s 17792
f 9486 9483 9482 9485 
s 1
f 9532 9535 9533 9530 
s 5144
f 9489 9486 9485 9488 
s 1
f 9535 9538 9536 9533 
s 20864
f 9492 9489 9488 9491 
s 1
f 9538 9541 9539 9536 
s 17432
f 9495 9492 9491 9494 
s 1
f 9541 9544 9542 9539 
s 34176
f 9498 9495 9494 9497 
s 1
f 9544 9547 9545 9542 
s 172036
f 9501 9498 9497 9500 
s 1
f 9547 9550 9548 9545 
s 393472
f 9460 9501 9500 9458 
s 1
f 9550 9507 9506 9548 
s 2
f 9504 9508 9506 9503 
f 9510 9504 9503 9509 
f 9513 9510 9509 9512 
f 9516 9513 9512 9515 
f 9519 9516 9515 9518 
f 9522 9519 9518 9521 
f 9525 9522 9521 9524 
f 9528 9525 9524 9527 
f 9531 9528 9527 9530 
f 9534 9531 9530 9533 
f 9537 9534 9533 9536 
f 9540 9537 9536 9539 
f 9543 9540 9539 9542 
f 9546 9543 9542 9545 
f 9549 9546 9545 9548 
f 9508 9549 9548 9506 
s 1
f 9582 9584 9553 9552 
f 9626 9628 9586 9588 
f 9587 9585 9558 9559 
f 9663 9666 9671 9669 
f 9552 9553 9590 9592 
f 9594 9596 9634 9636 
f 9591 9589 9555 9556 
f 9663 9670 9677 9666 
f 9561 9598 9600 9551 
f 9604 9642 9644 9602 
f 9563 9557 9599 9597 
f 9608 9561 9551 9606 
f 9610 9612 9650 9652 
f 9565 9554 9611 9609 
f 9584 9614 9560 9553 
f 9672 9661 9581 9582 
f 9628 9656 9616 9586 
f 9588 9587 9661 9673 
f 9585 9615 9562 9558 
f 9581 9661 9559 
f 9553 9560 9618 9590 
f 9592 9674 9662 9552 
f 9596 9620 9660 9634 
f 9675 9664 9593 9594 
f 9589 9617 9564 9555 
f 9593 9664 9556 
f 9555 9595 9593 9556 
f 9565 9607 9605 9554 
f 9564 9619 9595 9555 
f 9558 9583 9581 9559 
f 9563 9603 9601 9557 
f 9562 9613 9583 9558 
f 9661 9587 9559 
f 9664 9591 9556 
f 9598 9561 9560 9614 
f 9604 9616 9656 9642 
f 9563 9597 9613 9562 
f 9561 9608 9618 9560 
f 9610 9652 9660 9620 
f 9565 9609 9619 9564 
f 9565 9564 9617 9607 
f 9563 9562 9615 9603 
f 9624 9567 9566 9622 
f 9569 9568 9627 9625 
f 9567 9630 9632 9566 
f 9571 9570 9631 9629 
f 9572 9573 9638 9640 
f 9639 9637 9575 9574 
f 9646 9648 9573 9572 
f 9651 9649 9577 9576 
f 9622 9566 9578 9654 
f 9624 9623 9667 9679 
f 9626 9680 9667 9625 
f 9568 9579 9655 9627 
f 9569 9667 9623 
f 9566 9632 9658 9578 
f 9630 9678 9668 9629 
f 9570 9580 9657 9631 
f 9571 9668 9635 
f 9570 9571 9635 9633 
f 9576 9577 9647 9645 
f 9580 9570 9633 9659 
f 9568 9569 9623 9621 
f 9574 9575 9643 9641 
f 9579 9568 9621 9653 
f 9569 9625 9667 
f 9571 9629 9668 
f 9640 9654 9578 9572 
f 9574 9579 9653 9639 
f 9572 9578 9658 9646 
f 9576 9580 9659 9651 
f 9645 9657 9580 9576 
f 9641 9655 9579 9574 
f 9584 9582 9581 9583 
f 9588 9586 9585 9587 
f 9592 9590 9589 9591 
f 9596 9594 9593 9595 
f 9600 9598 9597 9599 
f 9604 9602 9601 9603 
f 9608 9606 9605 9607 
f 9612 9610 9609 9611 
f 9614 9584 9583 9613 
f 9586 9616 9615 9585 
f 9590 9618 9617 9589 
f 9620 9596 9595 9619 
f 9598 9614 9613 9597 
f 9616 9604 9603 9615 
f 9618 9608 9607 9617 
f 9610 9620 9619 9609 
f 9624 9622 9621 9623 
f 9628 9626 9625 9627 
f 9632 9630 9629 9631 
f 9636 9634 9633 9635 
f 9640 9638 9637 9639 
f 9644 9642 9641 9643 
f 9648 9646 9645 9647 
f 9652 9650 9649 9651 
f 9622 9654 9653 9621 
f 9656 9628 9627 9655 
f 9658 9632 9631 9657 
f 9634 9660 9659 9633 
f 9654 9640 9639 9653 
f 9642 9656 9655 9641 
f 9646 9658 9657 9645 
f 9660 9652 9651 9659 
f 9669 9673 9661 9672 
f 9670 9663 9662 9674 
f 9671 9679 9667 9680 
f 9582 9552 9662 9672 
f 9672 9662 9663 9669 
f 9669 9671 9680 9673 
f 9673 9680 9626 9588 
f 9592 9591 9664 9674 
f 9674 9664 9675 9670 
f 9594 9636 9676 9675 
f 9675 9676 9677 9670 
f 9636 9635 9668 9676 
f 9676 9668 9678 9677 
f 9630 9567 9665 9678 
f 9678 9665 9666 9677 
f 9671 9666 9665 9679 
f 9679 9665 9567 9624 
f 9712 9714 9683 9682 
f 9756 9758 9716 9718 
f 9717 9715 9688 9689 
f 9793 9796 9801 9799 
f 9682 9683 9720 9722 
f 9724 9726 9764 9766 
f 9721 9719 9685 9686 
f 9793 9800 9807 9796 
f 9691 9728 9730 9681 
f 9734 9772 9774 9732 
f 9693 9687 9729 9727 
f 9738 9691 9681 9736 
f 9740 9742 9780 9782 
f 9695 9684 9741 9739 
f 9714 9744 9690 9683 
f 9802 9791 9711 9712 
f 9758 9786 9746 9716 
f 9718 9717 9791 9803 
f 9715 9745 9692 9688 
f 9711 9791 9689 
f 9683 9690 9748 9720 
f 9722 9804 9792 9682 
f 9726 9750 9790 9764 
f 9805 9794 9723 9724 
f 9719 9747 9694 9685 
f 9723 9794 9686 
f 9685 9725 9723 9686 
f 9695 9737 9735 9684 
f 9694 9749 9725 9685 
f 9688 9713 9711 9689 
f 9693 9733 9731 9687 
f 9692 9743 9713 9688 
f 9791 9717 9689 
f 9794 9721 9686 
f 9728 9691 9690 9744 
f 9734 9746 9786 9772 
f 9693 9727 9743 9692 
f 9691 9738 9748 9690 
f 9740 9782 9790 9750 
f 9695 9739 9749 9694 
f 9695 9694 9747 9737 
f 9693 9692 9745 9733 
f 9754 9697 9696 9752 
f 9699 9698 9757 9755 
f 9697 9760 9762 9696 
f 9701 9700 9761 9759 
f 9702 9703 9768 9770 
f 9769 9767 9705 9704 
f 9776 9778 9703 9702 
f 9781 9779 9707 9706 
f 9752 9696 9708 9784 
f 9754 9753 9797 9809 
f 9756 9810 9797 9755 
f 9698 9709 9785 9757 
f 9699 9797 9753 
f 9696 9762 9788 9708 
f 9760 9808 9798 9759 
f 9700 9710 9787 9761 
f 9701 9798 9765 
f 9700 9701 9765 9763 
f 9706 9707 9777 9775 
f 9710 9700 9763 9789 
f 9698 9699 9753 9751 
f 9704 9705 9773 9771 
f 9709 9698 9751 9783 
f 9699 9755 9797 
f 9701 9759 9798 
f 9770 9784 9708 9702 
f 9704 9709 9783 9769 
f 9702 9708 9788 9776 
f 9706 9710 9789 9781 
f 9775 9787 9710 9706 
f 9771 9785 9709 9704 
f 9714 9712 9711 9713 
f 9718 9716 9715 9717 
f 9722 9720 9719 9721 
f 9726 9724 9723 9725 
f 9730 9728 9727 9729 
f 9734 9732 9731 9733 
f 9738 9736 9735 9737 
f 9742 9740 9739 9741 
f 9744 9714 9713 9743 
f 9716 9746 9745 9715 
f 9720 9748 9747 9719 
f 9750 9726 9725 9749 
f 9728 9744 9743 9727 
f 9746 9734 9733 9745 
f 9748 9738 9737 9747 
f 9740 9750 9749 9739 
f 9754 9752 9751 9753 
f 9758 9756 9755 9757 
f 9762 9760 9759 9761 
f 9766 9764 9763 9765 
f 9770 9768 9767 9769 
f 9774 9772 9771 9773 
f 9778 9776 9775 9777 
f 9782 9780 9779 9781 
f 9752 9784 9783 9751 
f 9786 9758 9757 9785 
f 9788 9762 9761 9787 
f 9764 9790 9789 9763 
f 9784 9770 9769 9783 
f 9772 9786 9785 9771 
f 9776 9788 9787 9775 
f 9790 9782 9781 9789 
f 9799 9803 9791 9802 
f 9800 9793 9792 9804 
f 9801 9809 9797 9810 
f 9712 9682 9792 9802 
f 9802 9792 9793 9799 
f 9799 9801 9810 9803 
f 9803 9810 9756 9718 
f 9722 9721 9794 9804 
f 9804 9794 9805 9800 
f 9724 9766 9806 9805 
f 9805 9806 9807 9800 
f 9766 9765 9798 9806 
f 9806 9798 9808 9807 
f 9760 9697 9795 9808 
f 9808 9795 9796 9807 
f 9801 9796 9795 9809 
f 9809 9795 9697 9754 
f 9842 9844 9813 9812 
f 9886 9888 9846 9848 
f 9847 9845 9818 9819 
f 9923 9926 9931 9929 
f 9812 9813 9850 9852 
f 9854 9856 9894 9896 
f 9851 9849 9815 9816 
f 9923 9930 9937 9926 
f 9821 9858 9860 9811 
f 9864 9902 9904 9862 
f 9823 9817 9859 9857 
f 9868 9821 9811 9866 
f 9870 9872 9910 9912 
f 9825 9814 9871 9869 
f 9844 9874 9820 9813 
f 9932 9921 9841 9842 
f 9888 9916 9876 9846 
f 9848 9847 9921 9933 
f 9845 9875 9822 9818 
f 9841 9921 9819 
f 9813 9820 9878 9850 
f 9852 9934 9922 9812 
f 9856 9880 9920 9894 
f 9935 9924 9853 9854 
f 9849 9877 9824 9815 
f 9853 9924 9816 
f 9815 9855 9853 9816 
f 9825 9867 9865 9814 
f 9824 9879 9855 9815 
f 9818 9843 9841 9819 
f 9823 9863 9861 9817 
f 9822 9873 9843 9818 
f 9921 9847 9819 
f 9924 9851 9816 
f 9858 9821 9820 9874 
f 9864 9876 9916 9902 
f 9823 9857 9873 9822 
f 9821 9868 9878 9820 
f 9870 9912 9920 9880 
f 9825 9869 9879 9824 
f 9825 9824 9877 9867 
f 9823 9822 9875 9863 
f 9884 9827 9826 9882 
f 9829 9828 9887 9885 
f 9827 9890 9892 9826 
f 9831 9830 9891 9889 
f 9832 9833 9898 9900 
f 9899 9897 9835 9834 
f 9906 9908 9833 9832 
f 9911 9909 9837 9836 
f 9882 9826 9838 9914 
f 9884 9883 9927 9939 
f 9886 9940 9927 9885 
f 9828 9839 9915 9887 
f 9829 9927 9883 
f 9826 9892 9918 9838 
f 9890 9938 9928 9889 
f 9830 9840 9917 9891 
f 9831 9928 9895 
f 9830 9831 9895 9893 
f 9836 9837 9907 9905 
f 9840 9830 9893 9919 
f 9828 9829 9883 9881 
f 9834 9835 9903 9901 
f 9839 9828 9881 9913 
f 9829 9885 9927 
f 9831 9889 9928 
f 9900 9914 9838 9832 
f 9834 9839 9913 9899 
f 9832 9838 9918 9906 
f 9836 9840 9919 9911 
f 9905 9917 9840 9836 
f 9901 9915 9839 9834 
f 9844 9842 9841 9843 
f 9848 9846 9845 9847 
f 9852 9850 9849 9851 
f 9856 9854 9853 9855 
f 9860 9858 9857 9859 
f 9864 9862 9861 9863 
f 9868 9866 9865 9867 
f 9872 9870 9869 9871 
f 9874 9844 9843 9873 
f 9846 9876 9875 9845 
f 9850 9878 9877 9849 
f 9880 9856 9855 9879 
f 9858 9874 9873 9857 
f 9876 9864 9863 9875 
f 9878 9868 9867 9877 
f 9870 9880 9879 9869 
f 9884 9882 9881 9883 
f 9888 9886 9885 9887 
f 9892 9890 9889 9891 
f 9896 9894 9893 9895 
f 9900 9898 9897 9899 
f 9904 9902 9901 9903 
f 9908 9906 9905 9907 
f 9912 9910 9909 9911 
f 9882 9914 9913 9881 
f 9916 9888 9887 9915 
f 9918 9892 9891 9917 
f 9894 9920 9919 9893 
f 9914 9900 9899 9913 
f 9902 9916 9915 9901 
f 9906 9918 9917 9905 
f 9920 9912 9911 9919 
f 9929 9933 9921 9932 
f 9930 9923 9922 9934 
f 9931 9939 9927 9940 
f 9842 9812 9922 9932 
f 9932 9922 9923 9929 
f 9929 9931 9940 9933 
f 9933 9940 9886 9848 
f 9852 9851 9924 9934 
f 9934 9924 9935 9930 
f 9854 9896 9936 9935 
f 9935 9936 9937 9930 
f 9896 9895 9928 9936 
f 9936 9928 9938 9937 
f 9890 9827 9925 9938 
f 9938 9925 9926 9937 
f 9931 9926 9925 9939 
f 9939 9925 9827 9884 
f 9972 9974 9943 9942 
f 10016 10018 9976 9978 
f 9977 9975 9948 9949 
f 10053 10056 10061 10059 
f 9942 9943 9980 9982 
f 9984 9986 10024 10026 
f 9981 9979 9945 9946 
f 10053 10060 10067 10056 
f 9951 9988 9990 9941 
f 9994 10032 10034 9992 
f 9953 9947 9989 9987 
f 9998 9951 9941 9996 
f 10000 10002 10040 10042 
f 9955 9944 10001 9999 
f 9974 10004 9950 9943 
f 10062 10051 9971 9972 
f 10018 10046 10006 9976 
f 9978 9977 10051 10063 
f 9975 10005 9952 9948 
f 9971 10051 9949 
f 9943 9950 10008 9980 
f 9982 10064 10052 9942 
f 9986 10010 10050 10024 
f 10065 10054 9983 9984 
f 9979 10007 9954 9945 
f 9983 10054 9946 
f 9945 9985 9983 9946 
f 9955 9997 9995 9944 
f 9954 10009 9985 9945 
f 9948 9973 9971 9949 
f 9953 9993 9991 9947 
f 9952 10003 9973 9948 
f 10051 9977 9949 
f 10054 9981 9946 
f 9988 9951 9950 10004 
f 9994 10006 10046 10032 
f 9953 9987 10003 9952 
f 9951 9998 10008 9950 
f 10000 10042 10050 10010 
f 9955 9999 10009 9954 
f 9955 9954 10007 9997 
f 9953 9952 10005 9993 
f 10014 9957 9956 10012 
f 9959 9958 10017 10015 
f 9957 10020 10022 9956 
f 9961 9960 10021 10019 
f 9962 9963 10028 10030 
f 10029 10027 9965 9964 
f 10036 10038 9963 9962 
f 10041 10039 9967 9966 
f 10012 9956 9968 10044 
f 10014 10013 10057 10069 
f 10016 10070 10057 10015 
f 9958 9969 10045 10017 
f 9959 10057 10013 
f 9956 10022 10048 9968 
f 10020 10068 10058 10019 
f 9960 9970 10047 10021 
f 9961 10058 10025 
f 9960 9961 10025 10023 
f 9966 9967 10037 10035 
f 9970 9960 10023 10049 
f 9958 9959 10013 10011 
f 9964 9965 10033 10031 
f 9969 9958 10011 10043 
f 9959 10015 10057 
f 9961 10019 10058 
f 10030 10044 9968 9962 
f 9964 9969 10043 10029 
f 9962 9968 10048 10036 
f 9966 9970 10049 10041 
f 10035 10047 9970 9966 
f 10031 10045 9969 9964 
f 9974 9972 9971 9973 
f 9978 9976 9975 9977 
f 9982 9980 9979 9981 
f 9986 9984 9983 9985 
f 9990 9988 9987 9989 
f 9994 9992 9991 9993 
f 9998 9996 9995 9997 
f 10002 10000 9999 10001 
f 10004 9974 9973 10003 
f 9976 10006 10005 9975 
f 9980 10008 10007 9979 
f 10010 9986 9985 10009 
f 9988 10004 10003 9987 
f 10006 9994 9993 10005 
f 10008 9998 9997 10007 
f 10000 10010 10009 9999 
f 10014 10012 10011 10013 
f 10018 10016 10015 10017 
f 10022 10020 10019 10021 
f 10026 10024 10023 10025 
f 10030 10028 10027 10029 
f 10034 10032 10031 10033 
f 10038 10036 10035 10037 
f 10042 10040 10039 10041 
f 10012 10044 10043 10011 
f 10046 10018 10017 10045 
f 10048 10022 10021 10047 
f 10024 10050 10049 10023 
f 10044 10030 10029 10043 
f 10032 10046 10045 10031 
f 10036 10048 10047 10035 
f 10050 10042 10041 10049 
f 10059 10063 10051 10062 
f 10060 10053 10052 10064 
f 10061 10069 10057 10070 
f 9972 9942 10052 10062 
f 10062 10052 10053 10059 
f 10059 10061 10070 10063 
f 10063 10070 10016 9978 
f 9982 9981 10054 10064 
f 10064 10054 10065 10060 
f 9984 10026 10066 10065 
f 10065 10066 10067 10060 
f 10026 10025 10058 10066 
f 10066 10058 10068 10067 
f 10020 9957 10055 10068 
f 10068 10055 10056 10067 
f 10061 10056 10055 10069 
f 10069 10055 9957 10014 
f 10179 10213 10661 10180 
s 2
f 10072 10071 10073 10074 
f 10076 10706 10707 10075 
f 10078 10077 10710 10711 
f 10078 10080 10079 10077 
f 10080 10082 10081 10079 
f 10082 10092 10091 10081 
f 10076 10075 10083 10084 
f 10084 10083 10085 10086 
f 10086 10085 10087 10088 
f 10088 10087 10089 10090 
f 10090 10089 10694 10693 
f 10092 10096 10095 10091 
f 10098 10097 10683 10682 
f 10094 10093 10099 10100 
f 10100 10099 10101 10102 
f 10102 10101 10111 10112 
f 10098 10104 10103 10097 
f 10104 10106 10105 10103 
f 10106 10108 10107 10105 
f 10108 10110 10109 10107 
f 10112 10111 10115 10116 
f 10114 10113 10623 10622 
f 10116 10115 10674 10675 
f 10118 10117 10119 10120 
f 10114 10122 10121 10113 
f 10120 10119 10123 10124 
f 10122 10126 10125 10121 
f 10124 10123 10127 10128 
f 10126 10130 10129 10125 
f 10128 10127 10155 10156 
f 10130 10152 10151 10129 
f 10249 10245 10246 10250 
f 10134 10598 10599 10133 
f 10136 10138 10137 10135 
f 10136 10135 10241 10237 
f 10138 10140 10139 10137 
f 10140 10238 10242 10139 
f 10239 10142 10141 10243 
f 10142 10144 10143 10141 
f 10144 10146 10145 10143 
f 10146 10240 10244 10145 
f 10148 10147 10602 10603 
f 10251 10247 10248 10252 
f 10132 10131 10611 10610 
f 10236 10235 10614 10615 
f 10156 10155 10641 10640 
f 10154 10160 10159 10153 
f 10158 10157 10161 10162 
f 10162 10161 10163 10164 
f 10164 10163 10165 10166 
f 10166 10165 10167 10168 
f 10168 10167 10660 10659 
f 10160 10172 10171 10159 
f 10172 10174 10173 10171 
f 10174 10176 10175 10173 
f 10074 10073 10175 10176 
f 10170 10169 10177 10178 
f 10178 10177 10071 10072 
s 1
f 10213 10073 10071 
f 10179 10175 10073 10213 
f 10179 10173 10175 
f 10179 10171 10173 
f 10179 10180 10159 10171 
f 10159 10180 10153 
f 10181 10149 10614 10613 
f 10252 10254 10253 10251 
f 10182 10601 10602 10147 
f 10183 10145 10244 
f 10183 10143 10145 
f 10183 10141 10143 
f 10183 10243 10141 
f 10184 10242 10243 10183 
f 10184 10139 10242 
f 10184 10137 10139 
f 10184 10135 10137 
f 10184 10241 10135 
f 10185 10133 10599 10600 
f 10250 10255 10249 
f 10187 10151 10635 10636 
f 10187 10188 10129 10151 
f 10188 10189 10125 10129 
f 10189 10190 10121 10125 
f 10190 10191 10113 10121 
f 10192 10109 10671 10672 
f 10192 10107 10109 
f 10192 10193 10105 10107 
f 10193 10194 10103 10105 
f 10194 10097 10103 
f 10195 10095 10697 10696 
f 10195 10196 10091 10095 
f 10196 10197 10081 10091 
f 10197 10198 10079 10081 
f 10198 10199 10077 10079 
f 10199 10709 10710 10077 
f 10200 10075 10707 10708 
f 10200 10083 10075 
f 10200 10201 10085 10083 
f 10201 10202 10087 10085 
f 10202 10089 10087 
f 10203 10093 10686 10685 
f 10203 10204 10099 10093 
f 10204 10205 10101 10099 
f 10205 10206 10111 10101 
f 10206 10207 10115 10111 
f 10208 10117 10626 10625 
f 10208 10209 10119 10117 
f 10209 10210 10123 10119 
f 10210 10211 10127 10123 
f 10211 10212 10155 10127 
f 10661 10157 10649 10650 
f 10157 10661 10161 
f 10161 10661 10163 
f 10163 10661 10165 
f 10165 10661 10167 
f 10213 10169 10665 
f 10213 10177 10169 
f 10213 10071 10177 
f 10194 10203 10685 10684 
f 10192 10207 10206 
f 10192 10206 10205 10193 
f 10193 10205 10204 10194 
f 10194 10204 10203 
f 10195 10202 10201 10196 
f 10197 10201 10198 
f 10196 10201 10197 
f 10198 10201 10200 10199 
f 10199 10200 10708 10709 
s 4
f 10225 10801 10811 10222 
f 10222 10232 10228 10225 
s 8
f 10233 10231 10326 10733 
f 10234 10228 10232 10233 
f 10234 10741 10742 10229 
s 4
f 10811 10807 10220 10222 
f 10225 10224 10805 10801 
s 2
f 10223 10805 10224 10226 
f 10221 10220 10807 10732 
s 4
f 10228 10227 10224 10225 
f 10222 10220 10230 10232 
s 2
f 10226 10224 10227 10229 
f 10231 10230 10220 10221 
s 8
f 10233 10232 10230 10231 
f 10234 10229 10227 10228 
f 10218 10219 10725 10724 
s 1
f 10191 10208 10625 10624 
f 10190 10209 10208 10191 
f 10189 10210 10209 10190 
f 10180 10661 10650 10651 
f 10643 10212 10211 
f 10643 10211 10210 
f 10643 10188 10187 
f 10187 10636 10643 
s 2
f 10235 10236 10653 10652 
s 1
f 10182 10185 10600 10601 
f 10255 10253 10254 
s 2
f 10243 10242 10238 10239 
f 10250 10246 10134 10133 
f 10245 10249 10131 10132 
f 10252 10248 10150 10149 
f 10247 10251 10147 10148 
s 1
f 10251 10253 10182 10147 
f 10254 10252 10149 10181 
f 10249 10255 10186 10131 
f 10255 10250 10133 10185 
f 10255 10254 10181 10186 
f 10253 10255 10185 10182 
f 10643 10210 10189 
f 10643 10189 10188 
s 2
f 10238 10410 10411 10239 
f 10256 10257 10743 10742 
s 1
f 10258 10259 10735 10736 
s 2
f 10266 10264 10265 10267 
s 8
f 10264 10324 10263 10265 
s 2
f 10270 10268 10269 10271 
f 10267 10265 10260 10278 
f 10264 10266 10257 10256 
s 8
f 10265 10263 10260 
s 2
f 10271 10269 10261 10313 
f 10268 10270 10259 10258 
f 10732 10740 10221 
s 8
f 10314 10323 10766 10767 
f 10314 10767 10768 10283 
f 10314 10283 10285 
f 10315 10314 10285 10287 
f 10316 10315 10287 10289 
f 10316 10289 10291 
f 10317 10791 10792 10293 
f 10317 10293 10299 
f 10317 10299 10301 
f 10317 10301 10303 
f 10317 10303 10305 
f 10318 10797 10307 
f 10318 10307 10309 
f 10318 10309 10311 
f 10318 10311 10272 
f 10318 10272 10274 
f 10319 10778 10777 10297 
f 10320 10319 10297 10295 
f 10321 10320 10295 10281 
f 10322 10321 10281 10279 
f 10323 10322 10279 10276 
f 10323 10276 10765 10766 
s 2
f 10273 10275 10274 10272 
f 10277 10764 10765 10276 
f 10280 10277 10276 10279 
f 10282 10280 10279 10281 
f 10284 10286 10285 10283 
f 10286 10288 10287 10285 
f 10288 10290 10289 10287 
f 10290 10292 10291 10289 
f 10292 10781 10780 10291 
f 10296 10282 10281 10295 
f 10298 10296 10295 10297 
f 10275 10788 10789 10274 
f 10294 10300 10299 10293 
f 10300 10302 10301 10299 
f 10302 10304 10303 10301 
f 10304 10306 10305 10303 
f 10306 10796 10797 10305 
f 10308 10310 10309 10307 
f 10310 10312 10311 10309 
f 10312 10273 10272 10311 
f 10261 10752 10753 10313 
s 8
f 10316 10779 10778 10319 
f 10314 10322 10323 
f 10314 10315 10321 10322 
f 10315 10316 10320 10321 
f 10316 10319 10320 
s 2
f 10561 10562 10275 10273 
f 10563 10763 10764 10277 
f 10564 10563 10277 10280 
f 10565 10564 10280 10282 
f 10566 10567 10286 10284 
f 10567 10568 10288 10286 
f 10568 10569 10290 10288 
f 10569 10570 10292 10290 
f 10570 10782 10781 10292 
f 10572 10565 10282 10296 
f 10573 10572 10296 10298 
f 10562 10787 10788 10275 
f 10571 10574 10300 10294 
f 10574 10575 10302 10300 
f 10575 10576 10304 10302 
f 10576 10577 10306 10304 
f 10577 10799 10796 10306 
f 10578 10579 10310 10308 
f 10579 10580 10312 10310 
f 10580 10561 10273 10312 
f 10528 10751 10752 10261 
s 8
f 10262 10271 10313 
f 10262 10270 10271 
f 10262 10259 10270 
f 10262 10325 10259 
f 10256 10324 10264 
f 10324 10325 10262 10263 
f 10259 10325 10734 10735 
f 10324 10741 10733 
f 10733 10325 10324 
s 2
f 10076 10334 10705 10706 
f 10223 10823 10712 10711 
f 10084 10345 10334 10076 
f 10086 10347 10345 10084 
f 10088 10349 10347 10086 
f 10090 10351 10349 10088 
f 10094 10353 10688 10687 
f 10092 10344 10356 10096 
f 10100 10359 10353 10094 
f 10102 10361 10359 10100 
f 10112 10363 10361 10102 
f 10108 10370 10372 10110 
f 10116 10373 10363 10112 
f 10110 10372 10669 10670 
f 10118 10377 10628 10627 
f 10120 10379 10377 10118 
f 10114 10375 10382 10122 
f 10124 10383 10379 10120 
f 10122 10382 10386 10126 
f 10128 10387 10383 10124 
f 10126 10386 10390 10130 
f 10156 10391 10387 10128 
f 10245 10398 10397 10246 
f 10134 10399 10597 10598 
f 10136 10403 10406 10138 
f 10237 10402 10403 10136 
f 10138 10406 10408 10140 
f 10140 10408 10410 10238 
f 10239 10411 10414 10142 
f 10142 10414 10416 10144 
f 10144 10416 10418 10146 
f 10146 10418 10420 10240 
f 10240 10420 10591 10584 
f 10158 10432 10647 10648 
f 10162 10438 10432 10158 
f 10164 10440 10438 10162 
f 10166 10442 10440 10164 
f 10168 10444 10442 10166 
f 10170 10446 10663 10664 
f 10174 10451 10453 10176 
f 10176 10453 10331 10074 
f 10178 10454 10446 10170 
f 10072 10330 10454 10178 
f 10236 10429 10654 10653 
f 10132 10427 10398 10245 
f 10246 10397 10399 10134 
f 10248 10425 10430 10150 
f 10148 10421 10426 10247 
s 1
f 10327 10328 10329 10666 
s 2
f 10330 10331 10332 10333 
f 10334 10335 10704 10705 
f 10337 10712 10713 10338 
f 10337 10338 10339 10340 
f 10340 10339 10341 10342 
f 10342 10341 10343 10344 
f 10334 10345 10346 10335 
f 10345 10347 10348 10346 
f 10347 10349 10350 10348 
f 10349 10351 10352 10350 
f 10351 10692 10691 10352 
f 10344 10343 10355 10356 
f 10357 10681 10680 10358 
f 10353 10359 10360 10354 
f 10359 10361 10362 10360 
f 10361 10363 10364 10362 
f 10357 10358 10365 10366 
f 10366 10365 10367 10368 
f 10368 10367 10369 10370 
f 10370 10369 10371 10372 
f 10363 10373 10374 10364 
f 10375 10621 10620 10376 
f 10373 10676 10677 10374 
f 10377 10379 10380 10378 
f 10375 10376 10381 10382 
f 10379 10383 10384 10380 
f 10382 10381 10385 10386 
f 10383 10387 10388 10384 
f 10386 10385 10389 10390 
f 10387 10391 10392 10388 
f 10390 10389 10393 10394 
f 10395 10396 10397 10398 
f 10399 10400 10596 10597 
f 10403 10404 10405 10406 
f 10403 10402 10401 10404 
f 10406 10405 10407 10408 
f 10408 10407 10409 10410 
f 10411 10412 10413 10414 
f 10414 10413 10415 10416 
f 10416 10415 10417 10418 
f 10418 10417 10419 10420 
f 10421 10604 10605 10422 
f 10423 10424 10425 10426 
f 10427 10609 10608 10428 
f 10429 10616 10617 10644 
f 10391 10639 10638 10392 
f 10434 10435 10436 10437 
f 10432 10438 10439 10433 
f 10438 10440 10441 10439 
f 10440 10442 10443 10441 
f 10442 10444 10445 10443 
f 10444 10658 10657 10445 
f 10437 10436 10448 10449 
f 10449 10448 10450 10451 
f 10451 10450 10452 10453 
f 10331 10453 10452 10332 
f 10446 10454 10455 10447 
f 10454 10330 10333 10455 
s 1
f 10666 10333 10332 
f 10327 10666 10332 10452 
f 10327 10452 10450 
f 10327 10450 10448 
f 10327 10448 10436 10328 
f 10436 10435 10328 
f 10456 10618 10617 10431 
f 10424 10423 10458 10459 
f 10460 10422 10605 10606 
f 10461 10419 10417 
f 10461 10417 10415 
f 10461 10415 10413 
f 10461 10413 10412 
f 10462 10461 10412 10409 
f 10462 10409 10407 
f 10462 10407 10405 
f 10462 10405 10404 
f 10462 10404 10401 
f 10463 10595 10596 10400 
f 10396 10395 10464 
f 10465 10631 10632 10393 
f 10465 10393 10389 10467 
f 10467 10389 10385 10468 
f 10468 10385 10381 10469 
f 10469 10381 10376 10470 
f 10471 10667 10668 10371 
f 10471 10371 10369 
f 10471 10369 10367 10472 
f 10472 10367 10365 10473 
f 10473 10365 10358 
f 10474 10701 10700 10355 
f 10474 10355 10343 10475 
f 10475 10343 10341 10476 
f 10476 10341 10339 10477 
f 10477 10339 10338 10478 
f 10478 10338 10713 10714 
f 10479 10703 10704 10335 
f 10479 10335 10346 
f 10479 10346 10348 10480 
f 10480 10348 10350 10481 
f 10481 10350 10352 
f 10482 10690 10689 10354 
f 10482 10354 10360 10483 
f 10483 10360 10362 10484 
f 10484 10362 10364 10485 
f 10485 10364 10374 10486 
f 10487 10630 10629 10378 
f 10487 10378 10380 10488 
f 10488 10380 10384 10489 
f 10489 10384 10388 10490 
f 10490 10388 10392 10491 
f 10329 10645 10646 10433 
f 10433 10439 10329 
f 10439 10441 10329 
f 10441 10443 10329 
f 10443 10445 10329 
f 10666 10662 10447 
f 10666 10447 10455 
f 10666 10455 10333 
f 10473 10679 10690 10482 
f 10471 10485 10486 
f 10471 10472 10484 10485 
f 10472 10473 10483 10484 
f 10473 10482 10483 
f 10474 10475 10480 10481 
f 10476 10477 10480 
f 10475 10476 10480 
f 10477 10478 10479 10480 
f 10478 10714 10703 10479 
s 4
f 10492 10493 10814 10816 
s 1
f 10494 10728 10727 10215 
s 4
f 10493 10492 10496 10497 
s 8
f 10500 10501 10747 10499 
f 10502 10500 10497 10496 
f 10502 10503 10745 10746 
s 4
f 10814 10493 10506 10820 
f 10492 10816 10822 10507 
s 2
f 10508 10507 10822 10823 
f 10498 10336 10820 10506 
s 4
f 10496 10492 10507 10509 
f 10493 10497 10510 10506 
s 2
f 10508 10503 10509 10507 
f 10499 10498 10506 10510 
s 8
f 10500 10499 10510 10497 
f 10502 10496 10509 10503 
f 10511 10719 10730 10513 
s 1
f 10470 10619 10630 10487 
f 10469 10470 10487 10488 
f 10468 10469 10488 10489 
f 10328 10656 10645 10329 
f 10457 10490 10491 
f 10457 10489 10490 
f 10457 10465 10467 
f 10457 10631 10465 
s 2
f 10644 10655 10654 10429 
s 1
f 10460 10606 10595 10463 
f 10464 10459 10458 
s 2
f 10412 10411 10410 10409 
f 10396 10400 10399 10397 
f 10398 10427 10428 10395 
f 10424 10431 10430 10425 
f 10426 10421 10422 10423 
s 1
f 10423 10422 10460 10458 
f 10459 10456 10431 10424 
f 10395 10428 10466 10464 
f 10464 10463 10400 10396 
f 10464 10466 10456 10459 
f 10458 10460 10463 10464 
f 10457 10468 10489 
f 10457 10467 10468 
s 2
f 10504 10745 10744 10514 
f 10514 10744 10743 10257 
s 1
f 10495 10737 10738 10516 
s 2
f 10517 10518 10519 10520 
f 10266 10267 10518 10517 
s 8
f 10520 10519 10521 10505 
s 2
f 10522 10523 10269 10268 
f 10524 10525 10523 10522 
f 10518 10526 10527 10519 
f 10520 10504 10514 10517 
f 10267 10278 10526 10518 
f 10517 10514 10257 10266 
s 8
f 10519 10527 10521 
s 2
f 10523 10528 10261 10269 
f 10268 10258 10495 10522 
f 10525 10529 10528 10523 
f 10522 10495 10516 10524 
s 8
f 10530 10760 10761 10532 
f 10530 10533 10771 10760 
f 10530 10534 10533 
f 10535 10536 10534 10530 
f 10537 10538 10536 10535 
f 10537 10539 10538 
f 10540 10541 10795 10784 
f 10540 10542 10541 
f 10540 10543 10542 
f 10540 10544 10543 
f 10540 10545 10544 
f 10546 10798 10545 10540 
f 10546 10548 10547 
f 10546 10549 10548 
f 10546 10550 10549 
f 10546 10551 10550 
f 10552 10553 10774 10773 
f 10554 10555 10553 10552 
f 10556 10557 10555 10554 
f 10558 10559 10557 10556 
f 10532 10560 10559 10558 
f 10532 10761 10762 10560 
s 2
f 10561 10550 10551 10562 
f 10563 10560 10762 10763 
f 10564 10559 10560 10563 
f 10565 10557 10559 10564 
f 10566 10533 10534 10567 
f 10567 10534 10536 10568 
f 10568 10536 10538 10569 
f 10569 10538 10539 10570 
f 10570 10539 10783 10782 
f 10572 10555 10557 10565 
f 10573 10553 10555 10572 
f 10562 10551 10786 10787 
f 10571 10541 10542 10574 
f 10574 10542 10543 10575 
f 10575 10543 10544 10576 
f 10576 10544 10545 10577 
f 10577 10545 10798 10799 
f 10578 10547 10548 10579 
f 10579 10548 10549 10580 
f 10580 10549 10550 10561 
f 10528 10529 10750 10751 
s 8
f 10537 10552 10773 10772 
f 10530 10532 10558 
f 10530 10558 10556 10535 
f 10535 10556 10554 10537 
f 10537 10554 10552 
f 10531 10529 10525 
f 10531 10525 10524 
f 10531 10524 10516 
f 10531 10516 10512 
f 10504 10520 10505 
f 10505 10521 10531 10512 
f 10516 10738 10739 10512 
f 10501 10746 10505 
f 10501 10505 10512 
s 2
f 10074 10331 10330 10072 
f 10078 10337 10340 10080 
f 10080 10340 10342 10082 
f 10082 10342 10344 10092 
f 10096 10356 10699 10698 
f 10098 10357 10366 10104 
f 10104 10366 10368 10106 
f 10106 10368 10370 10108 
f 10130 10390 10394 10152 
f 10247 10426 10425 10248 
f 10152 10394 10633 10634 
f 10150 10430 10616 10615 
f 10154 10434 10437 10160 
f 10160 10437 10449 10172 
f 10172 10449 10451 10174 
f 10585 10583 10237 10241 
f 10584 10586 10244 10240 
s 1
f 10586 10587 10183 10244 
f 10588 10585 10241 10184 
f 10587 10588 10184 10183 
s 2
f 10583 10590 10402 10237 
f 10584 10591 10604 10603 
f 10590 10589 10401 10402 
f 10592 10591 10420 10419 
s 1
f 10593 10592 10419 10461 
f 10589 10594 10462 10401 
f 10594 10593 10461 10462 
s 2
f 10598 10583 10585 10599 
f 10602 10586 10584 10603 
s 1
f 10601 10587 10586 10602 
f 10599 10585 10588 10600 
f 10600 10588 10587 10601 
s 2
f 10597 10590 10583 10598 
f 10596 10589 10590 10597 
f 10604 10591 10592 10605 
s 1
f 10605 10592 10593 10606 
f 10595 10594 10589 10596 
f 10606 10593 10594 10595 
s 2
f 10604 10421 10148 10603 
f 10611 10635 10634 10610 
f 10614 10149 10150 10615 
s 1
f 10614 10235 10643 10613 
f 10611 10131 10186 10612 
f 10612 10186 10181 10613 
s 2
f 10609 10633 10632 10608 
f 10616 10430 10431 10617 
s 1
f 10618 10457 10644 10617 
f 10607 10466 10428 10608 
f 10618 10456 10466 10607 
s 2
f 10609 10427 10132 10610 
f 10616 10429 10236 10615 
f 10623 10671 10670 10622 
f 10626 10117 10118 10627 
s 1
f 10623 10113 10191 10624 
f 10626 10674 10673 10625 
f 10625 10673 10672 10624 
s 2
f 10621 10375 10114 10622 
f 10628 10676 10675 10627 
f 10621 10669 10668 10620 
f 10628 10377 10378 10629 
s 1
f 10619 10470 10376 10620 
f 10630 10678 10677 10629 
f 10619 10667 10678 10630 
f 10635 10611 10612 10636 
f 10636 10612 10613 10643 
f 10631 10607 10608 10632 
f 10457 10618 10607 10631 
s 2
f 10633 10609 10610 10634 
f 10635 10151 10152 10634 
f 10633 10394 10393 10632 
f 10641 10649 10648 10640 
s 1
f 10641 10155 10212 10642 
f 10642 10212 10643 
f 10235 10652 10651 10643 
s 2
f 10639 10391 10156 10640 
f 10639 10647 10646 10638 
s 1
f 10637 10491 10392 10638 
f 10457 10491 10637 
f 10457 10656 10655 10644 
f 10649 10641 10642 10650 
f 10650 10642 10643 10651 
s 2
f 10647 10639 10640 10648 
s 1
f 10645 10637 10638 10646 
f 10656 10457 10637 10645 
s 2
f 10649 10157 10158 10648 
s 1
f 10652 10153 10180 10651 
s 2
f 10653 10154 10153 10652 
f 10654 10434 10154 10653 
f 10647 10432 10433 10646 
s 1
f 10656 10328 10435 10655 
s 2
f 10655 10435 10434 10654 
f 10660 10665 10664 10659 
s 1
f 10660 10167 10661 
s 2
f 10658 10444 10168 10659 
f 10658 10663 10662 10657 
s 1
f 10329 10445 10657 
f 10665 10660 10661 10213 
s 2
f 10663 10658 10659 10664 
s 1
f 10666 10329 10657 10662 
s 2
f 10665 10169 10170 10664 
f 10663 10446 10447 10662 
f 10674 10626 10627 10675 
s 1
f 10671 10623 10624 10672 
s 2
f 10669 10621 10622 10670 
f 10676 10628 10629 10677 
s 1
f 10667 10619 10620 10668 
s 2
f 10671 10109 10110 10670 
s 1
f 10674 10115 10207 10673 
f 10673 10207 10192 10672 
s 2
f 10676 10373 10116 10675 
f 10669 10372 10371 10668 
s 1
f 10678 10486 10374 10677 
f 10667 10471 10486 10678 
s 2
f 10686 10093 10094 10687 
f 10683 10697 10698 10682 
s 1
f 10683 10097 10194 10684 
f 10686 10694 10695 10685 
f 10685 10695 10696 10684 
s 2
f 10688 10692 10693 10687 
f 10688 10353 10354 10689 
f 10681 10699 10700 10680 
s 1
f 10679 10473 10358 10680 
f 10690 10702 10691 10689 
f 10679 10701 10702 10690 
s 2
f 10681 10357 10098 10682 
f 10694 10686 10687 10693 
s 1
f 10697 10683 10684 10696 
s 2
f 10692 10688 10689 10691 
s 1
f 10701 10679 10680 10700 
s 2
f 10699 10681 10682 10698 
f 10697 10095 10096 10698 
s 1
f 10694 10089 10202 10695 
f 10695 10202 10195 10696 
s 2
f 10692 10351 10090 10693 
f 10699 10356 10355 10700 
s 1
f 10702 10481 10352 10691 
f 10701 10474 10481 10702 
s 2
f 10706 10732 10808 10707 
f 10710 10804 10223 10711 
s 1
f 10709 10802 10804 10710 
f 10707 10808 10810 10708 
f 10708 10810 10802 10709 
s 2
f 10705 10336 10732 10706 
f 10712 10337 10078 10711 
f 10704 10819 10336 10705 
f 10712 10823 10824 10713 
s 1
f 10713 10824 10817 10714 
f 10703 10813 10819 10704 
f 10714 10817 10813 10703 
s 4
f 10513 10515 10494 10715 
f 10216 10217 10718 10218 
s 28
f 10717 10718 10716 10715 
s 4
f 10715 10716 10511 10513 
f 10716 10582 10581 10511 
f 10717 10215 10214 10219 
f 10718 10717 10219 10218 
s 28
f 10718 10217 10582 10716 
f 10715 10494 10215 10717 
s 8
f 10725 10734 10733 10724 
s 2
f 10721 10582 10217 10722 
s 1
f 10726 10214 10215 10727 
s 8
f 10725 10219 10214 10726 
f 10723 10216 10218 10724 
s 2
f 10722 10217 10216 10723 
s 1
f 10728 10737 10736 10727 
s 8
f 10719 10501 10739 10730 
s 1
f 10728 10494 10515 10729 
s 8
f 10729 10515 10513 10730 
f 10719 10511 10581 10720 
s 2
f 10720 10581 10582 10721 
f 10732 10722 10740 
s 1
f 10735 10726 10727 10736 
s 8
f 10734 10725 10726 10735 
f 10326 10723 10724 10733 
s 2
f 10740 10722 10723 10326 
s 1
f 10737 10728 10729 10738 
s 8
f 10738 10729 10730 10739 
f 10501 10719 10720 10747 
s 2
f 10747 10720 10721 10731 
s 8
f 10734 10325 10733 
s 1
f 10737 10495 10258 10736 
s 8
f 10501 10512 10739 
s 2
f 10326 10231 10221 10740 
s 8
f 10741 10324 10256 10742 
s 2
f 10743 10226 10229 10742 
s 8
f 10741 10234 10233 10733 
s 2
f 10731 10498 10499 10747 
s 8
f 10745 10504 10505 10746 
s 2
f 10745 10503 10508 10744 
f 10744 10823 10223 10743 
s 8
f 10501 10500 10502 10746 
f 10755 10263 10262 10754 
f 10754 10262 10313 10753 
f 10756 10260 10263 10755 
s 2
f 10757 10278 10260 10756 
f 10752 10769 10768 10753 
f 10758 10526 10278 10757 
f 10751 10770 10769 10752 
s 8
f 10749 10531 10521 10748 
f 10750 10529 10531 10749 
f 10748 10521 10527 10759 
s 2
f 10759 10527 10526 10758 
f 10750 10771 10770 10751 
s 8
f 10766 10755 10754 10767 
f 10767 10754 10753 10768 
f 10765 10756 10755 10766 
s 2
f 10764 10757 10756 10765 
f 10763 10758 10757 10764 
s 8
f 10760 10749 10748 10761 
f 10771 10750 10749 10760 
f 10761 10748 10759 10762 
s 2
f 10762 10759 10758 10763 
f 10769 10284 10283 10768 
f 10770 10566 10284 10769 
f 10771 10533 10566 10770 
s 8
f 10779 10316 10291 10780 
f 10778 10790 10789 10777 
s 2
f 10781 10793 10792 10780 
f 10776 10298 10297 10777 
s 8
f 10779 10791 10790 10778 
s 2
f 10782 10794 10793 10781 
f 10775 10573 10298 10776 
s 8
f 10783 10539 10537 10772 
f 10774 10786 10785 10773 
s 2
f 10783 10795 10794 10782 
f 10774 10553 10573 10775 
s 8
f 10773 10785 10784 10772 
f 10791 10779 10780 10792 
s 2
f 10788 10776 10777 10789 
f 10787 10775 10776 10788 
s 8
f 10795 10783 10772 10784 
s 2
f 10786 10774 10775 10787 
s 8
f 10790 10318 10274 10789 
s 2
f 10793 10294 10293 10792 
s 8
f 10791 10317 10318 10790 
s 2
f 10794 10571 10294 10793 
s 8
f 10786 10551 10546 10785 
s 2
f 10795 10541 10571 10794 
s 8
f 10785 10546 10540 10784 
s 2
f 10796 10308 10307 10797 
f 10799 10578 10308 10796 
f 10798 10547 10578 10799 
s 8
f 10318 10317 10305 10797 
f 10546 10547 10798 
s 2
f 10223 10803 10805 
f 10807 10806 10732 
f 10732 10806 10808 
f 10804 10803 10223 
s 4
f 10811 10801 10800 10809 
f 10807 10811 10809 10806 
f 10801 10805 10803 10800 
s 1
f 10804 10802 10800 10803 
f 10810 10808 10806 10809 
f 10802 10810 10809 10800 
s 2
f 10822 10821 10823 
f 10336 10818 10820 
f 10819 10818 10336 
f 10823 10821 10824 
s 4
f 10816 10814 10812 10815 
f 10814 10820 10818 10812 
f 10822 10816 10815 10821 
s 1
f 10817 10824 10821 10815 
f 10819 10813 10812 10818 
f 10813 10817 10815 10812 
s 2
f 10336 10731 10721 
f 10336 10498 10731 
f 10223 10226 10743 
f 10744 10508 10823 
f 10732 10336 10721 10722 
f 11421 11422 10826 10825 
f 11422 11423 10827 10826 
f 11423 11424 10828 10827 
f 11424 11425 10829 10828 
f 11425 11426 10830 10829 
f 11426 11799 11800 10830 
f 11427 11428 10832 10831 
f 11428 11429 10833 10832 
f 11429 11430 10834 10833 
f 11430 11811 11812 10834 
f 11431 11432 10836 10835 
f 11432 11433 10837 10836 
f 11433 11434 10838 10837 
f 11434 11435 10839 10838 
f 11435 11436 10840 10839 
f 11436 11437 10841 10840 
f 11437 11817 11818 10841 
f 11438 11439 10843 10842 
f 11439 11440 10844 10843 
f 11440 11441 10845 10844 
f 11441 11442 10846 10845 
f 11442 11443 10847 10846 
f 11443 11841 11840 10847 
f 11444 11445 10849 10848 
f 11445 11446 10850 10849 
f 11446 11447 10851 10850 
f 11447 11448 10852 10851 
f 11448 11449 10853 10852 
f 11449 11450 10854 10853 
f 11450 11451 10855 10854 
f 11451 11452 10856 10855 
f 11452 11453 10857 10856 
f 11453 11834 11835 10857 
f 11848 11853 11854 10858 
f 11454 11455 10860 10859 
f 11455 11456 10861 10860 
f 11456 11457 10862 10861 
f 11457 11458 10863 10862 
f 11458 11856 11855 10863 
f 11459 11460 10865 10864 
f 11460 11461 10866 10865 
f 11461 11462 10867 10866 
f 11462 11463 10868 10867 
f 11463 11464 10869 10868 
f 11464 11465 10870 10869 
f 11465 11466 10871 10870 
f 11466 11467 10872 10871 
f 11467 11468 10873 10872 
f 11468 12904 12903 10873 
f 11469 11470 10875 10874 
f 11470 11471 10876 10875 
f 11471 11472 10877 10876 
f 11472 11473 10878 10877 
f 11473 11850 11849 10878 
f 11474 11475 10880 10879 
f 11475 11476 10881 10880 
f 11476 11477 10882 10881 
f 11477 11478 10883 10882 
f 11478 11821 11822 10883 
f 11479 11480 10885 10884 
f 11480 11481 10886 10885 
f 11481 11482 10887 10886 
f 11482 11483 10888 10887 
f 11483 11865 11866 10888 
f 11484 11485 10890 10889 
f 11485 11486 10891 10890 
f 11486 11487 10892 10891 
f 11487 11488 10893 10892 
f 11488 11869 11867 10893 
f 11489 11490 10895 10894 
f 11490 11491 10896 10895 
f 11491 11492 10897 10896 
f 11492 11493 10898 10897 
f 11493 11831 11832 10898 
f 11494 11495 10900 10899 
f 11495 11496 10901 10900 
f 11496 11497 10902 10901 
f 11497 11498 10903 10902 
f 11498 11824 11825 10903 
f 11499 11500 10905 10904 
f 11500 11501 10906 10905 
f 11501 11502 10907 10906 
f 11502 11503 10908 10907 
f 11503 11504 10909 10908 
f 11504 11505 10910 10909 
f 11505 11506 10911 10910 
f 11506 11507 10912 10911 
f 11507 11508 10913 10912 
f 11508 11509 10914 10913 
f 11509 11510 10915 10914 
f 11510 11511 10916 10915 
f 11511 11512 10917 10916 
f 11512 11513 10918 10917 
f 11513 11514 10919 10918 
f 11514 11515 10920 10919 
f 11515 11808 11807 10920 
f 11516 11517 10922 10921 
f 11517 11518 10923 10922 
f 11518 11519 10924 10923 
f 11519 11802 11801 10924 
f 11520 11521 10926 10925 
f 11521 11522 10927 10926 
f 11522 11790 11789 10927 
f 11523 11524 10929 10928 
f 11524 11525 10930 10929 
f 11525 11778 11777 10930 
f 11526 11527 10932 10931 
f 11527 11528 10933 10932 
f 11528 11529 10934 10933 
f 11529 11530 10935 10934 
f 11530 11531 10936 10935 
f 11531 11532 10937 10936 
f 11532 11533 10938 10937 
f 11533 11534 10939 10938 
f 11534 11535 10940 10939 
f 11535 11536 10941 10940 
f 11536 11766 11765 10941 
f 11537 11538 10943 10942 
f 11538 11539 10944 10943 
f 11539 11540 10945 10944 
f 11540 11541 10946 10945 
f 11541 11757 11758 10946 
f 11542 11543 10948 10947 
f 11543 11544 10949 10948 
f 11544 11545 10950 10949 
f 11545 11546 10951 10950 
f 11546 11742 11743 10951 
f 11547 11548 10953 10952 
f 11548 11549 10954 10953 
f 11549 11550 10955 10954 
f 11550 11551 10956 10955 
f 11551 11552 10957 10956 
f 11552 11553 10958 10957 
f 11553 11554 10959 10958 
f 11554 11555 10960 10959 
f 11555 11556 10961 10960 
f 11556 11747 11746 10961 
f 11557 11558 10963 10962 
f 11558 11559 10964 10963 
f 11559 11560 10965 10964 
f 11560 11561 10966 10965 
f 11561 11735 11734 10966 
f 11562 11563 10968 10967 
f 11563 11564 10969 10968 
f 11564 11565 10970 10969 
f 11565 11566 10971 10970 
f 11566 11760 11759 10971 
f 11567 11568 10973 10972 
f 11568 11569 10974 10973 
f 11569 11570 10975 10974 
f 11570 11571 10976 10975 
f 11571 11775 11776 10976 
f 11572 11573 10978 10977 
f 11573 11574 10979 10978 
f 11574 11575 10980 10979 
f 11575 11576 10981 10980 
f 11576 11577 10982 10981 
f 11577 11578 10983 10982 
f 11578 11579 10984 10983 
f 11579 11580 10985 10984 
f 11580 11581 10986 10985 
f 11581 11582 10987 10986 
f 11582 11583 10988 10987 
f 11583 11584 10989 10988 
f 11584 11585 10990 10989 
f 11585 11586 10991 10990 
f 11586 11587 10992 10991 
f 11587 11588 10993 10992 
f 11588 11589 10994 10993 
f 11589 11590 10995 10994 
f 11590 11591 10996 10995 
f 11591 11592 10997 10996 
f 11592 11593 10998 10997 
f 11593 11594 10999 10998 
f 11594 11595 11000 10999 
f 11595 11596 11001 11000 
f 11596 11597 11002 11001 
f 11597 11598 11003 11002 
f 11598 11599 11004 11003 
f 11599 11600 11005 11004 
f 11600 11601 11006 11005 
f 11601 11602 11007 11006 
f 11602 11603 11008 11007 
f 11603 11604 11009 11008 
f 11604 11605 11010 11009 
f 11605 11606 11011 11010 
f 11606 11607 11012 11011 
f 11607 11608 11013 11012 
f 11608 11609 11014 11013 
f 11609 11610 11015 11014 
f 11610 11611 11016 11015 
f 11611 11612 11017 11016 
f 11612 11613 11018 11017 
f 11613 11614 11019 11018 
f 11614 11615 11020 11019 
f 11615 11616 11021 11020 
f 11616 11617 11022 11021 
f 11617 11618 11023 11022 
f 11618 11619 11024 11023 
f 11619 11620 11025 11024 
f 11620 11621 11026 11025 
f 11621 11622 11027 11026 
f 11622 11623 11028 11027 
f 11623 11624 11029 11028 
f 11624 11625 11030 11029 
f 11625 11626 11031 11030 
f 11626 11627 11032 11031 
f 11627 11628 11033 11032 
f 11628 11629 11034 11033 
f 11629 11630 11035 11034 
f 11630 11631 11036 11035 
f 11631 11632 11037 11036 
f 11632 11633 11038 11037 
f 11633 11634 11039 11038 
f 11634 11635 11040 11039 
f 11635 11636 11041 11040 
f 11636 11637 11042 11041 
f 11637 11638 11043 11042 
f 11638 11639 11044 11043 
f 11639 11640 11045 11044 
f 11640 11641 11046 11045 
f 11641 11642 11047 11046 
f 11642 11643 11048 11047 
f 11643 11644 11049 11048 
f 11644 11645 11050 11049 
f 11645 11646 11051 11050 
f 11646 11647 11052 11051 
f 11647 11648 11053 11052 
f 11648 11787 11788 11053 
f 11649 11650 11055 11054 
f 11650 11651 11056 11055 
f 11651 11652 11057 11056 
f 11652 11653 11058 11057 
f 11653 11654 11059 11058 
f 11654 11655 11060 11059 
f 11655 11656 11061 11060 
f 11656 11657 11062 11061 
f 11657 11658 11063 11062 
f 11658 11659 11064 11063 
f 11659 11660 11065 11064 
f 11660 11661 11066 11065 
f 11661 11662 11067 11066 
f 11662 11663 11068 11067 
f 11663 11664 11069 11068 
f 11664 11665 11070 11069 
f 11665 11666 11071 11070 
f 11666 11667 11072 11071 
f 11667 11668 11073 11072 
f 11668 11669 11074 11073 
f 11669 11670 11075 11074 
f 11670 11671 11076 11075 
f 11671 11672 11077 11076 
f 11672 11673 11078 11077 
f 11673 11674 11079 11078 
f 11674 11675 11080 11079 
f 11675 11676 11081 11080 
f 11676 11677 11082 11081 
f 11677 11678 11083 11082 
f 11678 11679 11084 11083 
f 11679 11680 11085 11084 
f 11680 11681 11086 11085 
f 11681 11682 11087 11086 
f 11682 11683 11088 11087 
f 11683 11684 11089 11088 
f 11684 11685 11090 11089 
f 11685 11686 11091 11090 
f 11686 11687 11092 11091 
f 11687 11688 11093 11092 
f 11688 11689 11094 11093 
f 11689 11690 11095 11094 
f 11690 11691 11096 11095 
f 11691 11692 11097 11096 
f 11692 11693 11098 11097 
f 11693 11694 11099 11098 
f 11694 11695 11100 11099 
f 11695 11696 11101 11100 
f 11696 11697 11102 11101 
f 11697 11698 11103 11102 
f 11698 11699 11104 11103 
f 11699 11700 11105 11104 
f 11700 11701 11106 11105 
f 11701 11702 11107 11106 
f 11702 11703 11108 11107 
f 11703 11704 11109 11108 
f 11704 11705 11110 11109 
f 11705 11706 11111 11110 
f 11706 11707 11112 11111 
f 11707 11708 11113 11112 
f 11708 11709 11114 11113 
f 11709 11710 11115 11114 
f 11710 11711 11116 11115 
f 11711 11712 11117 11116 
f 11712 11713 11118 11117 
f 11713 11714 11119 11118 
f 11714 11715 11120 11119 
f 11715 11716 11121 11120 
f 11716 11717 11122 11121 
f 11717 11718 11123 11122 
f 11718 11719 11124 11123 
f 11719 11720 11125 11124 
f 11720 11721 11126 11125 
f 11721 11722 11127 11126 
f 11722 11723 11128 11127 
f 11723 11724 11129 11128 
f 11724 11725 11130 11129 
f 11725 11726 11131 11130 
f 11726 11727 11132 11131 
f 11727 11728 11133 11132 
f 11728 11729 11134 11133 
f 11729 11730 11135 11134 
f 11730 11731 11136 11135 
f 11731 11732 11137 11136 
f 11732 11733 11138 11137 
f 11733 11421 10825 11138 
s 1
f 11139 11142 11141 11140 
f 11143 11146 11145 11144 
f 11147 11150 11149 11148 
f 11151 11153 11819 11820 
f 11154 11157 11156 11155 
f 11155 11156 11158 
f 11155 11158 11160 11159 
f 11159 11160 11161 
f 11159 11161 11740 11741 
f 11162 11163 11164 
f 11164 11163 11165 
f 11165 11163 11166 
f 11166 11163 11167 
f 11167 11163 11168 
f 11752 11740 11748 
f 11169 11170 11755 11756 
f 11169 11171 11170 
f 11172 11173 11171 11169 
f 11172 11174 11173 
f 11175 11176 11174 11172 
f 11177 11178 11768 11767 
f 11179 11180 11178 11177 
f 11179 11181 11180 
f 11182 11183 11181 11179 
f 11182 11184 11183 
f 11185 11184 11182 
f 11186 11184 11185 
f 11187 11184 11186 
f 11188 11184 11187 
f 11189 11184 11188 
f 11190 11192 11191 
f 11190 11191 11194 11193 
f 11190 11195 11192 
f 11196 11197 11195 11190 
f 11198 11199 11197 11196 
f 11193 11194 11201 11200 
f 11200 11201 11202 
f 11202 11201 11203 
f 11203 11201 11205 11204 
f 11204 11205 11207 11206 
f 11206 11207 11209 11208 
f 11210 11211 11199 11198 
f 11212 11213 11211 11210 
f 11214 11213 11212 
f 11215 11216 11213 11214 
f 11217 11219 11218 
f 11217 11218 11220 
f 11217 11220 11221 
f 11217 11222 11219 
f 11217 11223 11222 
f 11217 11224 11223 
f 11217 11221 11225 
f 11217 11225 11227 11226 
f 11226 11227 11216 
f 11226 11216 11215 
f 11226 11215 11228 
f 11226 11228 11229 
f 11226 11229 11780 11779 
f 11230 11231 11224 11217 
f 11230 11232 11231 
f 11230 11233 11232 
f 11230 11234 11233 
f 11230 11235 11234 
f 11230 11236 11235 
f 11230 11237 11236 
f 11230 11238 11237 
f 11230 11239 11238 
f 11230 11240 11239 
f 11230 11241 11240 
f 11235 11236 11243 11242 
f 11242 11243 11245 11244 
f 11244 11245 11247 11246 
f 11246 11247 11249 11248 
f 11248 11249 11250 
f 11250 11249 11251 
f 11251 11249 11253 11252 
f 11252 11253 11254 
f 11252 11254 11255 
f 11252 11255 11257 11256 
f 11256 11257 11259 11258 
f 11258 11259 11261 11260 
f 11262 11264 11263 
f 11262 11265 11264 
f 11262 11263 11266 
f 11262 11266 11267 
f 11262 11267 11268 
f 11262 11268 11269 
f 11262 11270 11265 
f 11262 11271 11270 
f 11262 11272 11271 
f 11269 11274 11273 
f 11269 11275 11274 
f 11269 11273 11276 
f 11269 11276 11277 
f 11269 11277 11792 11791 
f 11278 11281 11280 11279 
f 11279 11280 11283 11282 
f 11282 11283 11285 11284 
f 11284 11285 11150 11147 
f 11148 11149 11287 11286 
f 11286 11287 11288 
f 11288 11287 11290 11289 
f 11289 11290 11291 
f 11291 11290 11293 11292 
f 11294 11296 11295 
f 11297 11298 11296 11294 
f 11297 11299 11298 
f 11297 11300 11299 
f 11301 11272 11262 
f 11301 11302 11300 
f 11301 11303 11302 
f 11301 11300 11297 11272 
f 11295 11296 11304 
f 11304 11296 11306 11305 
f 11305 11306 11308 11307 
f 11307 11308 11310 11309 
f 11309 11310 11311 
f 11311 11310 11313 11312 
f 11312 11313 11314 
f 11314 11313 11316 11315 
f 11315 11316 11317 
f 11317 11316 11318 
f 11318 11316 11320 11319 
f 11321 11319 11322 
f 11322 11319 11323 
f 11323 11319 11324 
f 11324 11319 11325 
f 11325 11319 11326 
f 11326 11319 11327 
f 11327 11319 11328 
f 11328 11319 11329 
f 11329 11319 11330 
f 11330 11319 11331 
f 11331 11319 11332 
f 11332 11319 11320 
f 11318 11319 11321 
f 11292 11293 11333 
f 11333 11293 11334 
f 11334 11293 11335 
f 11335 11293 11336 
f 11336 11293 11337 
f 11337 11293 11338 
f 11338 11293 11339 
f 11339 11293 11340 
f 11340 11293 11341 
f 11341 11293 11342 
f 11149 11150 11344 11343 
f 11345 11347 11346 
f 11281 11345 11346 11348 
f 11281 11348 11349 
f 11280 11281 11349 11350 
f 11283 11280 11350 11351 
f 11285 11283 11351 11352 
f 11150 11285 11352 11344 
f 11287 11149 11343 11353 
f 11287 11353 11354 
f 11290 11287 11354 
f 11269 11345 11275 
f 11293 11290 11354 11342 
f 11275 11345 11281 11278 
f 11355 11356 11804 11803 
f 11144 11145 11356 11355 
f 11357 11358 11146 11143 
f 11359 11360 11810 11809 
f 11359 11361 11360 
f 11359 11362 11361 
f 11363 11364 11362 11359 
f 11365 11366 11364 
f 11367 11368 11366 11365 
f 11367 11369 11368 
f 11365 11371 11370 
f 11370 11371 11372 
f 11372 11371 11373 
f 11373 11371 11374 
f 11374 11371 11375 
f 11375 11371 11376 
f 11376 11371 11377 
f 11377 11371 11378 
f 11378 11371 11363 
f 11365 11364 11371 
f 11379 11829 11380 
f 11380 11829 11381 
f 11381 11829 11382 11868 
f 11382 11829 11383 
f 11383 11829 11384 
f 11829 11830 11384 
f 11386 11385 11863 11864 
f 11387 11388 11385 11386 
f 11389 11390 11388 11387 
f 11391 11392 11390 11389 
f 11391 11819 11392 
f 11392 11819 11393 
f 11152 11819 11391 
f 11393 11819 11823 
f 11394 11395 11153 11151 
f 11396 11397 11395 11394 
f 11398 11399 11397 11396 
f 11400 11401 11398 
f 11398 11401 11399 
f 11399 11401 11402 
f 11402 11401 11843 11842 
f 11403 11404 11405 
f 11405 11404 11406 
f 11406 11404 11407 
f 11407 11404 11408 
f 11408 11404 11409 
f 11410 11412 11411 
f 11411 11412 11413 
f 11413 11412 11414 
f 11414 11412 11415 
f 11415 11412 11416 
f 11412 12906 12905 11416 
f 11139 11140 11858 11857 
f 11141 11142 11417 
f 11417 11142 11419 11418 
f 11418 11419 11420 
f 11420 11419 11852 11851 
f 11404 11836 11833 11409 
f 11371 11364 11363 
f 11269 11268 11347 11345 
f 11421 11296 11298 11422 
f 11422 11298 11299 11423 
f 11423 11299 11300 11424 
f 11424 11300 11302 11425 
f 11425 11302 11303 11426 
f 11426 11303 11798 11799 
f 11427 11356 11145 11428 
f 11428 11145 11146 11429 
f 11429 11146 11358 11430 
f 11430 11358 11810 11811 
f 11431 11360 11361 11432 
f 11432 11361 11362 11433 
f 11433 11362 11364 11434 
f 11434 11364 11366 11435 
f 11435 11366 11368 11436 
f 11436 11368 11369 11437 
f 11437 11369 11816 11817 
f 11438 11819 11153 11439 
f 11439 11153 11395 11440 
f 11440 11395 11397 11441 
f 11441 11397 11399 11442 
f 11442 11399 11402 11443 
f 11443 11402 11842 11841 
f 11444 11403 11405 11445 
f 11445 11405 11446 
f 11446 11405 11406 11447 
f 11447 11406 11448 
f 11448 11406 11407 11449 
f 11449 11407 11450 
f 11450 11407 11408 11451 
f 11451 11408 11452 
f 11452 11408 11409 11453 
f 11453 11409 11833 11834 
f 11401 11847 11848 
f 11454 11419 11455 
f 11455 11419 11142 11456 
f 11456 11142 11457 
f 11457 11142 11139 11458 
f 11458 11139 11857 11856 
f 11459 11410 11411 11460 
f 11460 11411 11461 
f 11461 11411 11413 11462 
f 11462 11413 11463 
f 11463 11413 11414 11464 
f 11464 11414 11465 
f 11465 11414 11415 11466 
f 11466 11415 11467 
f 11467 11415 11416 11468 
f 11468 11416 12905 12904 
f 11469 11140 11141 11470 
f 11470 11141 11417 11471 
f 11471 11417 11418 11472 
f 11472 11418 11420 11473 
f 11473 11420 11851 11850 
f 11474 11400 11398 11475 
f 11475 11398 11396 11476 
f 11476 11396 11394 11477 
f 11477 11394 11151 11478 
f 11478 11151 11820 11821 
f 11479 11152 11391 11480 
f 11480 11391 11389 11481 
f 11481 11389 11387 11482 
f 11482 11387 11386 11483 
f 11483 11386 11864 11865 
f 11484 11379 11485 
f 11485 11379 11380 11486 
f 11486 11380 11487 
f 11487 11380 11381 11488 
f 11488 11381 11868 11869 
f 11489 11382 11490 
f 11490 11382 11383 11491 
f 11491 11383 11492 
f 11492 11383 11384 11493 
f 11493 11384 11830 11831 
f 11494 11385 11388 11495 
f 11495 11388 11390 11496 
f 11496 11390 11392 11497 
f 11497 11392 11393 11498 
f 11498 11393 11823 11824 
f 11499 11367 11365 11500 
f 11500 11365 11370 11501 
f 11501 11370 11372 11502 
f 11502 11372 11373 11503 
f 11503 11373 11504 
f 11504 11373 11374 11505 
f 11505 11374 11506 
f 11506 11374 11375 11507 
f 11507 11375 11508 
f 11508 11375 11376 11509 
f 11509 11376 11377 11510 
f 11510 11377 11511 
f 11511 11377 11378 11512 
f 11512 11378 11513 
f 11513 11378 11363 11514 
f 11514 11363 11359 11515 
f 11515 11359 11809 11808 
f 11516 11357 11143 11517 
f 11517 11143 11144 11518 
f 11518 11144 11355 11519 
f 11519 11355 11803 11802 
f 11520 11301 11262 11521 
f 11521 11262 11269 11522 
f 11522 11269 11791 11790 
f 11523 11230 11217 11524 
f 11524 11217 11226 11525 
f 11525 11226 11779 11778 
f 11526 11189 11188 11527 
f 11527 11188 11187 11528 
f 11528 11187 11186 11529 
f 11529 11186 11185 11530 
f 11530 11185 11531 
f 11531 11185 11182 11532 
f 11532 11182 11533 
f 11533 11182 11179 11534 
f 11534 11179 11535 
f 11535 11179 11177 11536 
f 11536 11177 11767 11766 
f 11537 11175 11172 11538 
f 11538 11172 11539 
f 11539 11172 11169 11540 
f 11540 11169 11541 
f 11541 11169 11756 11757 
f 11542 11154 11155 11543 
f 11543 11155 11544 
f 11544 11155 11159 11545 
f 11545 11159 11546 
f 11546 11159 11741 11742 
f 11547 11162 11548 
f 11548 11162 11164 11549 
f 11549 11164 11550 
f 11550 11164 11165 11551 
f 11551 11165 11166 11552 
f 11552 11166 11553 
f 11553 11166 11167 11554 
f 11554 11167 11555 
f 11555 11167 11168 11556 
f 11556 11168 11748 11747 
f 11557 11161 11160 11558 
f 11558 11160 11158 11559 
f 11559 11158 11156 11560 
f 11560 11156 11157 11561 
f 11561 11157 11736 11735 
f 11562 11170 11171 11563 
f 11563 11171 11173 11564 
f 11564 11173 11174 11565 
f 11565 11174 11176 11566 
f 11566 11176 11761 11760 
f 11567 11178 11180 11568 
f 11568 11180 11181 11569 
f 11569 11181 11183 11570 
f 11570 11183 11184 11571 
f 11571 11184 11774 11775 
f 11572 11229 11228 11573 
f 11573 11228 11215 11574 
f 11574 11215 11214 11575 
f 11575 11214 11212 11576 
f 11576 11212 11210 11577 
f 11577 11210 11198 11578 
f 11578 11198 11196 11579 
f 11579 11196 11190 11580 
f 11580 11190 11193 11581 
f 11581 11193 11200 11582 
f 11582 11200 11202 11583 
f 11583 11202 11203 11584 
f 11584 11203 11204 11585 
f 11585 11204 11206 11586 
f 11586 11206 11208 11587 
f 11587 11208 11209 11588 
f 11588 11209 11207 11589 
f 11589 11207 11205 11590 
f 11590 11205 11201 11591 
f 11591 11201 11592 
f 11592 11201 11593 
f 11593 11201 11194 11594 
f 11594 11194 11191 11595 
f 11595 11191 11192 11596 
f 11596 11192 11195 11597 
f 11597 11195 11197 11598 
f 11598 11197 11199 11599 
f 11599 11199 11211 11600 
f 11600 11211 11213 11601 
f 11601 11213 11216 11602 
f 11602 11216 11227 11603 
f 11603 11227 11604 
f 11604 11227 11605 
f 11605 11227 11225 11606 
f 11606 11225 11221 11607 
f 11607 11221 11220 11608 
f 11608 11220 11218 11609 
f 11609 11218 11219 11610 
f 11610 11219 11222 11611 
f 11611 11222 11223 11612 
f 11612 11223 11224 11613 
f 11613 11224 11231 11614 
f 11614 11231 11232 11615 
f 11615 11232 11616 
f 11616 11232 11617 
f 11617 11232 11233 11618 
f 11618 11233 11234 11619 
f 11619 11234 11235 11620 
f 11620 11235 11242 11621 
f 11621 11242 11244 11622 
f 11622 11244 11246 11623 
f 11623 11246 11248 11624 
f 11624 11248 11250 11625 
f 11625 11250 11251 11626 
f 11626 11251 11252 11627 
f 11627 11252 11628 
f 11628 11252 11629 
f 11629 11252 11256 11630 
f 11630 11256 11258 11631 
f 11631 11258 11260 11632 
f 11632 11260 11261 11633 
f 11633 11261 11259 11634 
f 11634 11259 11257 11635 
f 11635 11257 11255 11636 
f 11636 11255 11254 11637 
f 11637 11254 11253 11638 
f 11638 11253 11249 11639 
f 11639 11249 11247 11640 
f 11640 11247 11245 11641 
f 11641 11245 11243 11642 
f 11642 11243 11236 11643 
f 11643 11236 11237 11644 
f 11644 11237 11238 11645 
f 11645 11238 11239 11646 
f 11646 11239 11240 11647 
f 11647 11240 11241 11648 
f 11648 11241 11786 11787 
f 11649 11277 11276 11650 
f 11650 11276 11273 11651 
f 11651 11273 11274 11652 
f 11652 11274 11275 11653 
f 11653 11275 11278 11654 
f 11654 11278 11279 11655 
f 11655 11279 11282 11656 
f 11656 11282 11284 11657 
f 11657 11284 11147 11658 
f 11658 11147 11148 11659 
f 11659 11148 11286 11660 
f 11660 11286 11288 11661 
f 11661 11288 11289 11662 
f 11662 11289 11291 11663 
f 11663 11291 11292 11664 
f 11664 11292 11333 11665 
f 11665 11333 11334 11666 
f 11666 11334 11335 11667 
f 11667 11335 11336 11668 
f 11668 11336 11337 11669 
f 11669 11337 11338 11670 
f 11670 11338 11339 11671 
f 11671 11339 11340 11672 
f 11672 11340 11341 11673 
f 11673 11341 11342 11674 
f 11674 11342 11354 11675 
f 11675 11354 11676 
f 11676 11354 11677 
f 11677 11354 11353 11678 
f 11678 11353 11343 11679 
f 11679 11343 11344 11680 
f 11680 11344 11352 11681 
f 11681 11352 11351 11682 
f 11682 11351 11350 11683 
f 11683 11350 11349 11684 
f 11684 11349 11348 11685 
f 11685 11348 11346 11686 
f 11686 11346 11347 11687 
f 11687 11347 11688 
f 11688 11347 11689 
f 11689 11347 11268 11690 
f 11690 11268 11267 11691 
f 11691 11267 11266 11692 
f 11692 11266 11263 11693 
f 11693 11263 11264 11694 
f 11694 11264 11265 11695 
f 11695 11265 11270 11696 
f 11696 11270 11271 11697 
f 11697 11271 11272 11698 
f 11698 11272 11297 11699 
f 11699 11297 11700 
f 11700 11297 11701 
f 11701 11297 11294 11702 
f 11702 11294 11295 11703 
f 11703 11295 11304 11704 
f 11704 11304 11305 11705 
f 11705 11305 11307 11706 
f 11706 11307 11309 11707 
f 11707 11309 11311 11708 
f 11708 11311 11312 11709 
f 11709 11312 11314 11710 
f 11710 11314 11315 11711 
f 11711 11315 11712 
f 11712 11315 11713 
f 11713 11315 11317 11714 
f 11714 11317 11318 11715 
f 11715 11318 11321 11716 
f 11716 11321 11322 11717 
f 11717 11322 11323 11718 
f 11718 11323 11324 11719 
f 11719 11324 11325 11720 
f 11720 11325 11326 11721 
f 11721 11326 11327 11722 
f 11722 11327 11328 11723 
f 11723 11328 11329 11724 
f 11724 11329 11330 11725 
f 11725 11330 11331 11726 
f 11726 11331 11332 11727 
f 11727 11332 11320 11728 
f 11728 11320 11316 11729 
f 11729 11316 11313 11730 
f 11730 11313 11310 11731 
f 11731 11310 11308 11732 
f 11732 11308 11306 11733 
f 11733 11306 11296 11421 
s 2
f 11738 11542 10947 11739 
f 11735 11754 11753 11734 
s 1
f 11736 11157 11154 11737 
f 11737 11154 11542 11738 
f 11736 11755 11754 11735 
s 2
f 11742 11750 11751 11743 
s 1
f 11740 11752 11749 11741 
f 11741 11749 11750 11742 
s 2
f 11745 11557 10962 11744 
s 1
f 11740 11161 11557 11745 
s 2
f 11747 11745 11744 11746 
s 1
f 11748 11740 11745 11747 
s 2
f 11750 11547 10952 11751 
s 1
f 11749 11162 11547 11750 
f 11748 11168 11163 11752 
f 11752 11163 11162 11749 
s 2
f 11757 11738 11739 11758 
s 1
f 11755 11736 11737 11756 
f 11756 11737 11738 11757 
s 2
f 11754 11562 10967 11753 
s 1
f 11755 11170 11562 11754 
s 2
f 11763 11537 10942 11764 
f 11760 11769 11770 11759 
s 1
f 11761 11176 11175 11762 
f 11762 11175 11537 11763 
f 11761 11768 11769 11760 
s 2
f 11766 11763 11764 11765 
s 1
f 11768 11761 11762 11767 
f 11767 11762 11763 11766 
s 2
f 11769 11567 10972 11770 
s 1
f 11768 11178 11567 11769 
s 2
f 11772 11526 10931 11771 
f 11775 11781 11782 11776 
s 1
f 11774 11184 11189 11773 
f 11773 11189 11526 11772 
f 11774 11780 11781 11775 
s 2
f 11778 11772 11771 11777 
s 1
f 11780 11774 11773 11779 
f 11779 11773 11772 11778 
s 2
f 11781 11572 10977 11782 
s 1
f 11780 11229 11572 11781 
s 2
f 11784 11523 10928 11783 
f 11787 11793 11794 11788 
s 1
f 11786 11241 11230 11785 
f 11785 11230 11523 11784 
f 11786 11792 11793 11787 
s 2
f 11790 11784 11783 11789 
s 1
f 11792 11786 11785 11791 
f 11791 11785 11784 11790 
s 2
f 11793 11649 11054 11794 
s 1
f 11792 11277 11649 11793 
s 2
f 11799 11805 11806 11800 
f 11796 11520 10925 11795 
s 1
f 11798 11303 11301 11797 
f 11798 11804 11805 11799 
f 11797 11301 11520 11796 
s 2
f 11802 11796 11795 11801 
s 1
f 11804 11798 11797 11803 
f 11803 11797 11796 11802 
s 2
f 11805 11427 10831 11806 
s 1
f 11804 11356 11427 11805 
s 2
f 11811 11431 10835 11812 
f 11808 11516 10921 11807 
s 1
f 11810 11358 11357 11809 
f 11810 11360 11431 11811 
f 11809 11357 11516 11808 
s 2
f 11817 11438 10842 11818 
f 11814 11499 10904 11813 
s 1
f 11816 11369 11367 11815 
f 11816 11819 11438 11817 
f 11815 11367 11499 11814 
s 2
f 11821 11479 10884 11822 
s 1
f 11819 11152 11820 
f 11820 11152 11479 11821 
s 2
f 11824 11814 11813 11825 
s 1
f 11819 11816 11815 11823 
f 11823 11815 11814 11824 
s 2
f 11827 11484 10889 11826 
s 1
f 11829 11379 11828 
f 11828 11379 11484 11827 
s 2
f 11831 11861 11862 11832 
s 1
f 11829 11863 11830 
f 11830 11863 11861 11831 
s 2
f 11834 11848 10858 11835 
s 1
f 11833 11843 11848 11834 
s 2
f 11838 11444 10848 11839 
s 1
f 11836 11404 11403 11837 
f 11837 11403 11444 11838 
f 11836 11843 11833 
f 11843 11401 11848 
s 2
f 11841 11838 11839 11840 
s 1
f 11843 11836 11837 11842 
f 11842 11837 11838 11841 
s 2
f 11845 11474 10879 11844 
s 1
f 11847 11401 11400 11846 
f 11847 11852 11853 11848 
f 11846 11400 11474 11845 
s 2
f 11850 11845 11844 11849 
s 1
f 11852 11847 11846 11851 
f 11851 11846 11845 11850 
s 2
f 11853 11454 10859 11854 
s 1
f 11852 11419 11454 11853 
s 2
f 11859 11469 10874 11860 
s 1
f 11858 11140 11469 11859 
s 2
f 11856 12908 12909 11855 
s 1
f 11858 12906 12907 11857 
f 11857 12907 12908 11856 
s 2
f 11861 11494 10899 11862 
s 1
f 11863 11385 11494 11861 
s 2
f 11865 11827 11826 11866 
s 1
f 11863 11829 11828 11864 
f 11864 11828 11827 11865 
s 2
f 11869 11489 10894 11867 
s 1
f 11868 11382 11489 11869 
f 12543 12550 12551 12542 
f 12589 12590 12520 12521 
f 12711 12712 12191 12185 
f 12559 12864 12868 12530 
f 12609 12610 12621 12622 
f 12610 12620 12621 
f 12610 12611 12619 12620 
f 12611 12618 12619 
f 12611 12787 12790 12618 
f 12612 12613 12176 
f 12613 12614 12176 
f 12614 12615 12176 
f 12615 12616 12176 
f 12616 12617 12176 
f 12791 12790 12797 
f 12608 12799 12800 12623 
f 12608 12623 12624 
f 12607 12608 12624 12625 
f 12607 12625 12626 
f 12606 12607 12626 12627 
f 12605 12811 12810 12628 
f 12604 12605 12628 12629 
f 12604 12629 12630 
f 12603 12604 12630 12631 
f 12603 12631 12632 
f 12602 12603 12632 
f 12601 12602 12632 
f 12600 12601 12632 
f 12599 12600 12632 
f 12598 12599 12632 
f 12641 12654 12655 
f 12641 12642 12653 12654 
f 12641 12655 12656 
f 12640 12641 12656 12657 
f 12639 12640 12657 12658 
f 12642 12643 12652 12653 
f 12643 12644 12652 
f 12644 12645 12652 
f 12645 12646 12651 12652 
f 12646 12647 12650 12651 
f 12647 12648 12649 12650 
f 12638 12639 12658 12659 
f 12637 12638 12659 12660 
f 12636 12637 12660 
f 12635 12636 12660 12661 
f 12596 12666 12667 
f 12596 12665 12666 
f 12596 12664 12665 
f 12596 12667 12668 
f 12596 12668 12669 
f 12596 12669 12670 
f 12596 12663 12664 
f 12596 12597 12662 12663 
f 12597 12661 12662 
f 12597 12635 12661 
f 12597 12634 12635 
f 12597 12633 12634 
f 12597 12823 12822 12633 
f 12595 12596 12670 12671 
f 12595 12671 12672 
f 12595 12672 12673 
f 12595 12673 12674 
f 12595 12674 12675 
f 12595 12675 12696 
f 12595 12696 12697 
f 12595 12697 12698 
f 12595 12698 12699 
f 12595 12699 12700 
f 12595 12700 12701 
f 12675 12676 12695 12696 
f 12676 12677 12694 12695 
f 12677 12678 12693 12694 
f 12678 12679 12692 12693 
f 12679 12680 12692 
f 12680 12681 12692 
f 12681 12682 12691 12692 
f 12682 12690 12691 
f 12682 12689 12690 
f 12682 12683 12688 12689 
f 12683 12684 12687 12688 
f 12684 12685 12686 12687 
f 12593 12742 12743 
f 12593 12743 12744 
f 12593 12741 12742 
f 12593 12740 12741 
f 12593 12739 12740 
f 12593 12594 12739 
f 12593 12744 12745 
f 12593 12745 12746 
f 12593 12746 12747 
f 12594 12704 12705 
f 12594 12705 12706 
f 12594 12703 12704 
f 12594 12702 12703 
f 12594 12835 12834 12702 
f 12707 12708 12188 12187 
f 12708 12709 12189 12188 
f 12709 12710 12190 12189 
f 12710 12711 12185 12190 
f 12712 12713 12192 12191 
f 12713 12714 12192 
f 12714 12715 12193 12192 
f 12715 12716 12193 
f 12716 12717 12184 12193 
f 12749 12750 12513 
f 12748 12749 12513 12514 
f 12748 12514 12515 
f 12748 12515 12516 
f 12592 12593 12747 
f 12592 12516 12517 
f 12592 12517 12518 
f 12592 12747 12748 12516 
f 12750 12751 12513 
f 12751 12752 12778 12513 
f 12752 12753 12777 12778 
f 12753 12754 12776 12777 
f 12754 12755 12776 
f 12755 12756 12775 12776 
f 12756 12757 12775 
f 12757 12758 12774 12775 
f 12758 12759 12774 
f 12759 12760 12774 
f 12760 12183 12773 12774 
f 12761 12762 12183 
f 12762 12763 12183 
f 12763 12764 12183 
f 12764 12765 12183 
f 12765 12766 12183 
f 12766 12767 12183 
f 12767 12768 12183 
f 12768 12769 12183 
f 12769 12770 12183 
f 12770 12771 12183 
f 12771 12772 12183 
f 12772 12773 12183 
f 12760 12761 12183 
f 12717 12718 12184 
f 12718 12719 12184 
f 12719 12720 12184 
f 12720 12721 12184 
f 12721 12722 12184 
f 12722 12723 12184 
f 12723 12724 12184 
f 12724 12725 12184 
f 12725 12726 12184 
f 12726 12727 12184 
f 12191 12730 12731 12185 
f 12186 12737 12738 
f 12187 12736 12737 12186 
f 12187 12735 12736 
f 12188 12734 12735 12187 
f 12189 12733 12734 12188 
f 12190 12732 12733 12189 
f 12185 12731 12732 12190 
f 12192 12729 12730 12191 
f 12192 12728 12729 
f 12193 12728 12192 
f 12594 12706 12186 
f 12184 12727 12728 12193 
f 12706 12707 12187 12186 
f 12591 12847 12846 12519 
f 12590 12591 12519 12520 
f 12588 12589 12521 12522 
f 12587 12853 12852 12523 
f 12587 12523 12524 
f 12587 12524 12525 
f 12586 12587 12525 12526 
f 12577 12526 12527 
f 12576 12577 12527 12528 
f 12576 12528 12529 
f 12577 12578 12194 
f 12578 12579 12194 
f 12579 12580 12194 
f 12580 12581 12194 
f 12581 12582 12194 
f 12582 12583 12194 
f 12583 12584 12194 
f 12584 12585 12194 
f 12585 12586 12194 
f 12577 12194 12526 
f 12565 12566 12196 
f 12566 12567 12196 
f 12567 12568 12196 
f 12568 12569 12196 
f 12569 12570 12196 
f 12196 12570 12874 
f 12564 12871 12196 12571 
f 12563 12564 12571 12572 
f 12562 12563 12572 12573 
f 12561 12562 12573 12574 
f 12561 12574 12868 
f 12574 12575 12868 
f 12560 12561 12868 
f 12575 12867 12868 
f 12558 12559 12530 12531 
f 12557 12558 12531 12532 
f 12556 12557 12532 12533 
f 12555 12556 12887 
f 12556 12533 12887 
f 12533 12534 12887 
f 12534 12883 12887 
f 12535 12536 12197 
f 12536 12537 12197 
f 12537 12538 12197 
f 12538 12539 12197 
f 12539 12540 12197 
f 12544 12545 12198 
f 12545 12546 12198 
f 12546 12547 12198 
f 12547 12548 12198 
f 12548 12549 12198 
f 12543 12897 12902 12550 
f 12551 12552 12542 
f 12552 12553 12541 12542 
f 12553 12554 12541 
f 12554 12892 12891 12541 
f 12197 12540 12879 
f 12194 12586 12526 
f 12594 12186 12738 12739 
s 2
f 12161 12160 12200 12199 
f 12160 12159 12201 12200 
f 12159 12158 12202 12201 
f 12158 12157 12203 12202 
f 12157 12156 12204 12203 
f 12156 12155 12205 12204 
f 12155 12154 12206 12205 
f 12154 12153 12207 12206 
f 12153 12152 12208 12207 
f 12152 12151 12209 12208 
f 12151 12150 12210 12209 
f 12150 12149 12211 12210 
f 12149 12148 12212 12211 
f 12148 12147 12213 12212 
f 12147 12146 12214 12213 
f 12146 12145 12215 12214 
f 12145 12144 12216 12215 
f 12144 12143 12217 12216 
f 12143 12142 12218 12217 
f 12142 12141 12219 12218 
f 12141 12140 12220 12219 
f 12140 12139 12221 12220 
f 12139 12138 12222 12221 
f 12138 12137 12223 12222 
f 12137 12136 12224 12223 
f 12136 12135 12225 12224 
f 12135 12134 12226 12225 
f 12134 12133 12227 12226 
f 12133 12132 12228 12227 
f 12132 12131 12229 12228 
f 12131 12130 12230 12229 
f 12130 12129 12231 12230 
f 12129 12128 12232 12231 
f 12128 12127 12233 12232 
f 12127 12126 12234 12233 
f 12126 12125 12235 12234 
f 12125 12124 12236 12235 
f 12124 12123 12237 12236 
f 12123 12122 12238 12237 
f 12122 12121 12239 12238 
f 12121 12120 12240 12239 
f 12120 12119 12241 12240 
f 12119 12118 12242 12241 
f 12118 12117 12243 12242 
f 12117 12116 12244 12243 
f 12116 12115 12245 12244 
f 12115 12114 12246 12245 
f 12114 12113 12247 12246 
f 12113 12112 12248 12247 
f 12112 12111 12249 12248 
f 12111 12110 12250 12249 
f 12110 12109 12251 12250 
f 12109 12108 12252 12251 
f 12108 12107 12253 12252 
f 12107 12106 12254 12253 
f 12106 12105 12255 12254 
f 12105 12104 12256 12255 
f 12104 12103 12257 12256 
f 12103 12102 12258 12257 
f 12102 12101 12259 12258 
f 12101 12100 12260 12259 
f 12100 12099 12261 12260 
f 12099 12098 12262 12261 
f 12098 12097 12263 12262 
f 12097 12096 12264 12263 
f 12096 12095 12265 12264 
f 12095 12094 12266 12265 
f 12094 12093 12267 12266 
f 12093 12092 12268 12267 
f 12092 12091 12269 12268 
f 12091 12090 12270 12269 
f 12090 12089 12271 12270 
f 12089 12088 12272 12271 
f 12088 12087 12273 12272 
f 12087 12086 12274 12273 
f 12086 12085 12275 12274 
f 12085 12084 12276 12275 
f 12084 12083 12277 12276 
f 12083 12082 12278 12277 
f 12082 12081 12279 12278 
f 12081 12080 12280 12279 
f 12080 12079 12281 12280 
f 12079 12078 12282 12281 
f 12078 12077 12283 12282 
f 12077 12076 12284 12283 
f 12076 12075 12285 12284 
f 12075 12839 12838 12285 
f 12074 12073 12287 12286 
f 12073 12072 12288 12287 
f 12072 12071 12289 12288 
f 12071 12070 12290 12289 
f 12070 12069 12291 12290 
f 12069 12068 12292 12291 
f 12068 12067 12293 12292 
f 12067 12066 12294 12293 
f 12066 12065 12295 12294 
f 12065 12064 12296 12295 
f 12064 12063 12297 12296 
f 12063 12062 12298 12297 
f 12062 12061 12299 12298 
f 12061 12060 12300 12299 
f 12060 12059 12301 12300 
f 12059 12058 12302 12301 
f 12058 12057 12303 12302 
f 12057 12056 12304 12303 
f 12056 12055 12305 12304 
f 12055 12054 12306 12305 
f 12054 12053 12307 12306 
f 12053 12052 12308 12307 
f 12052 12051 12309 12308 
f 12051 12050 12310 12309 
f 12050 12049 12311 12310 
f 12049 12048 12312 12311 
f 12048 12047 12313 12312 
f 12047 12046 12314 12313 
f 12046 12045 12315 12314 
f 12045 12044 12316 12315 
f 12044 12043 12317 12316 
f 12043 12042 12318 12317 
f 12042 12041 12319 12318 
f 12041 12040 12320 12319 
f 12040 12039 12321 12320 
f 12039 12038 12322 12321 
f 12038 12037 12323 12322 
f 12037 12036 12324 12323 
f 12036 12035 12325 12324 
f 12035 12034 12326 12325 
f 12034 12033 12327 12326 
f 12033 12032 12328 12327 
f 12032 12031 12329 12328 
f 12031 12030 12330 12329 
f 12030 12029 12331 12330 
f 12029 12028 12332 12331 
f 12028 12027 12333 12332 
f 12027 12026 12334 12333 
f 12026 12025 12335 12334 
f 12025 12024 12336 12335 
f 12024 12023 12337 12336 
f 12023 12022 12338 12337 
f 12022 12021 12339 12338 
f 12021 12020 12340 12339 
f 12020 12019 12341 12340 
f 12019 12018 12342 12341 
f 12018 12017 12343 12342 
f 12017 12016 12344 12343 
f 12016 12015 12345 12344 
f 12015 12014 12346 12345 
f 12014 12013 12347 12346 
f 12013 12012 12348 12347 
f 12012 12011 12349 12348 
f 12011 12010 12350 12349 
f 12010 12009 12351 12350 
f 12009 12008 12352 12351 
f 12008 12007 12353 12352 
f 12007 12006 12354 12353 
f 12006 12005 12355 12354 
f 12005 12004 12356 12355 
f 12004 12003 12357 12356 
f 12003 12002 12358 12357 
f 12002 12001 12359 12358 
f 12001 12000 12360 12359 
f 12000 11999 12361 12360 
f 11999 11998 12362 12361 
f 11998 12827 12826 12362 
f 11997 11996 12364 12363 
f 11996 11995 12365 12364 
f 11995 11994 12366 12365 
f 11994 11993 12367 12366 
f 11993 12815 12814 12367 
f 11992 11991 12369 12368 
f 11991 11990 12370 12369 
f 11990 11989 12371 12370 
f 11989 11988 12372 12371 
f 11988 12801 12802 12372 
f 11987 11986 12374 12373 
f 11986 11985 12375 12374 
f 11985 11984 12376 12375 
f 11984 11983 12377 12376 
f 11983 12788 12789 12377 
f 11982 11981 12379 12378 
f 11981 11980 12380 12379 
f 11980 11979 12381 12380 
f 11979 11978 12382 12381 
f 11978 11977 12383 12382 
f 11977 11976 12384 12383 
f 11976 11975 12385 12384 
f 11975 11974 12386 12385 
f 11974 11973 12387 12386 
f 11973 12795 12794 12387 
f 11972 11971 12389 12388 
f 11971 11970 12390 12389 
f 11970 11969 12391 12390 
f 11969 11968 12392 12391 
f 11968 12779 12784 12392 
f 11967 11966 12394 12393 
f 11966 11965 12395 12394 
f 11965 11964 12396 12395 
f 11964 11963 12397 12396 
f 11963 12809 12808 12397 
f 11962 11961 12399 12398 
f 11961 11960 12400 12399 
f 11960 11959 12401 12400 
f 11959 11958 12402 12401 
f 11958 11957 12403 12402 
f 11957 11956 12404 12403 
f 11956 11955 12405 12404 
f 11955 11954 12406 12405 
f 11954 11953 12407 12406 
f 11953 11952 12408 12407 
f 11952 12819 12820 12408 
f 12178 12177 12410 12409 
f 12177 12179 12411 12410 
f 12179 12830 12831 12411 
f 12180 12181 12413 12412 
f 12181 12182 12414 12413 
f 12182 12842 12843 12414 
f 11951 11950 12416 12415 
f 11950 11949 12417 12416 
f 11949 11948 12418 12417 
f 11948 12854 12855 12418 
f 11947 11946 12420 12419 
f 11946 11945 12421 12420 
f 11945 11944 12422 12421 
f 11944 11943 12423 12422 
f 11943 11942 12424 12423 
f 11942 11941 12425 12424 
f 11941 11940 12426 12425 
f 11940 11939 12427 12426 
f 11939 11938 12428 12427 
f 11938 11937 12429 12428 
f 11937 11936 12430 12429 
f 11936 11935 12431 12430 
f 11935 11934 12432 12431 
f 11934 11933 12433 12432 
f 11933 11932 12434 12433 
f 11932 11931 12435 12434 
f 11931 12863 12858 12435 
f 11930 11929 12437 12436 
f 11929 11928 12438 12437 
f 11928 11927 12439 12438 
f 11927 11926 12440 12439 
f 11926 12876 12875 12440 
f 11925 11924 12442 12441 
f 11924 11923 12443 12442 
f 11923 11922 12444 12443 
f 11922 11921 12445 12444 
f 11921 11920 12446 12445 
f 11920 11919 12447 12446 
f 11919 11918 12448 12447 
f 11918 11917 12449 12448 
f 11917 11916 12450 12449 
f 11916 12872 12873 12450 
f 11915 11914 12452 12451 
f 11914 11913 12453 12452 
f 11913 11912 12454 12453 
f 11912 11911 12455 12454 
f 11911 12866 12865 12455 
f 11910 11909 12457 12456 
f 11909 11908 12458 12457 
f 11908 11907 12459 12458 
f 11907 11906 12460 12459 
f 11906 12889 12890 12460 
f 11905 11904 12462 12461 
f 11904 11903 12463 12462 
f 11903 11902 12464 12463 
f 11902 11901 12465 12464 
f 11901 12901 12900 12465 
f 11900 11899 12467 12466 
f 11899 11898 12468 12467 
f 11898 11897 12469 12468 
f 11897 11896 12470 12469 
f 11896 11895 12471 12470 
f 11895 11894 12472 12471 
f 11894 11893 12473 12472 
f 11893 11892 12474 12473 
f 11892 11891 12475 12474 
f 11891 12914 12913 12475 
f 11890 11889 12477 12476 
f 11889 11888 12478 12477 
f 11888 11887 12479 12478 
f 11887 11886 12480 12479 
f 11886 12896 12895 12480 
f 12886 12878 12877 12481 
f 11885 11884 12483 12482 
f 11884 11883 12484 12483 
f 11883 11882 12485 12484 
f 11882 11881 12486 12485 
f 11881 11880 12487 12486 
f 11880 11879 12488 12487 
f 11879 11878 12489 12488 
f 11878 11877 12490 12489 
f 11877 11876 12491 12490 
f 11876 12882 12881 12491 
f 11875 11874 12493 12492 
f 11874 11873 12494 12493 
f 11873 11872 12495 12494 
f 11872 11871 12496 12495 
f 11871 12195 12497 12496 
f 12195 12860 12859 12497 
f 11870 12175 12499 12498 
f 12175 12174 12500 12499 
f 12174 12173 12501 12500 
f 12173 12172 12502 12501 
f 12172 12171 12503 12502 
f 12171 12170 12504 12503 
f 12170 12857 12856 12504 
f 12169 12168 12506 12505 
f 12168 12167 12507 12506 
f 12167 12166 12508 12507 
f 12166 12851 12850 12508 
f 12165 12164 12510 12509 
f 12164 12163 12511 12510 
f 12163 12162 12512 12511 
f 12162 12161 12199 12512 
s 1
f 12160 12161 12514 12513 
f 12161 12162 12515 12514 
f 12162 12163 12516 12515 
f 12163 12164 12517 12516 
f 12164 12165 12518 12517 
f 12165 12845 12840 12518 
f 12166 12167 12520 12519 
f 12167 12168 12521 12520 
f 12168 12169 12522 12521 
f 12169 12857 12852 12522 
f 12170 12171 12524 12523 
f 12171 12172 12525 12524 
f 12172 12173 12526 12525 
f 12173 12174 12527 12526 
f 12174 12175 12528 12527 
f 12175 11870 12529 12528 
f 11870 12860 12861 12529 
f 12195 11871 12530 12868 
f 11871 11872 12531 12530 
f 11872 11873 12532 12531 
f 11873 11874 12533 12532 
f 11874 11875 12534 12533 
f 11875 12884 12883 12534 
f 11876 11877 12536 12535 
f 11877 11878 12536 
f 11878 11879 12537 12536 
f 11879 11880 12537 
f 11880 11881 12538 12537 
f 11881 11882 12538 
f 11882 11883 12539 12538 
f 11883 11884 12539 
f 11884 11885 12540 12539 
f 11885 12878 12879 12540 
f 11886 11887 12541 
f 11887 11888 12542 12541 
f 11888 11889 12542 
f 11889 11890 12543 12542 
f 11890 12898 12897 12543 
f 11891 11892 12545 12544 
f 11892 11893 12545 
f 11893 11894 12546 12545 
f 11894 11895 12546 
f 11895 11896 12547 12546 
f 11896 11897 12547 
f 11897 11898 12548 12547 
f 11898 11899 12548 
f 11899 11900 12549 12548 
f 11900 12911 12910 12549 
f 11901 11902 12551 12550 
f 11902 11903 12552 12551 
f 11903 11904 12553 12552 
f 11904 11905 12554 12553 
f 11905 12893 12892 12554 
f 11906 11907 12556 12555 
f 11907 11908 12557 12556 
f 11908 11909 12558 12557 
f 11909 11910 12559 12558 
f 11910 12866 12864 12559 
f 11911 11912 12561 12560 
f 11912 11913 12562 12561 
f 11913 11914 12563 12562 
f 11914 11915 12564 12563 
f 11915 12872 12871 12564 
f 11916 11917 12565 
f 11917 11918 12566 12565 
f 11918 11919 12566 
f 11919 11920 12567 12566 
f 11920 11921 12568 12567 
f 11921 11922 12568 
f 11922 11923 12569 12568 
f 11923 11924 12569 
f 11924 11925 12570 12569 
f 11925 12876 12874 12570 
f 11926 11927 12572 12571 
f 11927 11928 12573 12572 
f 11928 11929 12574 12573 
f 11929 11930 12575 12574 
f 11930 12870 12867 12575 
f 11931 11932 12577 12576 
f 11932 11933 12578 12577 
f 11933 11934 12579 12578 
f 11934 11935 12580 12579 
f 11935 11936 12580 
f 11936 11937 12581 12580 
f 11937 11938 12581 
f 11938 11939 12582 12581 
f 11939 11940 12582 
f 11940 11941 12583 12582 
f 11941 11942 12584 12583 
f 11942 11943 12584 
f 11943 11944 12585 12584 
f 11944 11945 12585 
f 11945 11946 12586 12585 
f 11946 11947 12587 12586 
f 11947 12854 12853 12587 
f 11948 11949 12589 12588 
f 11949 11950 12590 12589 
f 11950 11951 12591 12590 
f 11951 12848 12847 12591 
f 12182 12181 12593 12592 
f 12181 12180 12594 12593 
f 12180 12836 12835 12594 
f 12179 12177 12596 12595 
f 12177 12178 12597 12596 
f 12178 12824 12823 12597 
f 11952 11953 12599 12598 
f 11953 11954 12600 12599 
f 11954 11955 12601 12600 
f 11955 11956 12602 12601 
f 11956 11957 12602 
f 11957 11958 12603 12602 
f 11958 11959 12603 
f 11959 11960 12604 12603 
f 11960 11961 12604 
f 11961 11962 12605 12604 
f 11962 12812 12811 12605 
f 11963 11964 12607 12606 
f 11964 11965 12607 
f 11965 11966 12608 12607 
f 11966 11967 12608 
f 11967 12798 12799 12608 
f 11968 11969 12610 12609 
f 11969 11970 12610 
f 11970 11971 12611 12610 
f 11971 11972 12611 
f 11972 12786 12787 12611 
f 11973 11974 12612 
f 11974 11975 12613 12612 
f 11975 11976 12613 
f 11976 11977 12614 12613 
f 11977 11978 12615 12614 
f 11978 11979 12615 
f 11979 11980 12616 12615 
f 11980 11981 12616 
f 11981 11982 12617 12616 
f 11982 12792 12791 12617 
f 11983 11984 12619 12618 
f 11984 11985 12620 12619 
f 11985 11986 12621 12620 
f 11986 11987 12622 12621 
f 11987 12782 12781 12622 
f 11988 11989 12624 12623 
f 11989 11990 12625 12624 
f 11990 11991 12626 12625 
f 11991 11992 12627 12626 
f 11992 12806 12805 12627 
f 11993 11994 12629 12628 
f 11994 11995 12630 12629 
f 11995 11996 12631 12630 
f 11996 11997 12632 12631 
f 11997 12816 12817 12632 
f 11998 11999 12634 12633 
f 11999 12000 12635 12634 
f 12000 12001 12636 12635 
f 12001 12002 12637 12636 
f 12002 12003 12638 12637 
f 12003 12004 12639 12638 
f 12004 12005 12640 12639 
f 12005 12006 12641 12640 
f 12006 12007 12642 12641 
f 12007 12008 12643 12642 
f 12008 12009 12644 12643 
f 12009 12010 12645 12644 
f 12010 12011 12646 12645 
f 12011 12012 12647 12646 
f 12012 12013 12648 12647 
f 12013 12014 12649 12648 
f 12014 12015 12650 12649 
f 12015 12016 12651 12650 
f 12016 12017 12652 12651 
f 12017 12018 12652 
f 12018 12019 12652 
f 12019 12020 12653 12652 
f 12020 12021 12654 12653 
f 12021 12022 12655 12654 
f 12022 12023 12656 12655 
f 12023 12024 12657 12656 
f 12024 12025 12658 12657 
f 12025 12026 12659 12658 
f 12026 12027 12660 12659 
f 12027 12028 12661 12660 
f 12028 12029 12662 12661 
f 12029 12030 12662 
f 12030 12031 12662 
f 12031 12032 12663 12662 
f 12032 12033 12664 12663 
f 12033 12034 12665 12664 
f 12034 12035 12666 12665 
f 12035 12036 12667 12666 
f 12036 12037 12668 12667 
f 12037 12038 12669 12668 
f 12038 12039 12670 12669 
f 12039 12040 12671 12670 
f 12040 12041 12672 12671 
f 12041 12042 12672 
f 12042 12043 12672 
f 12043 12044 12673 12672 
f 12044 12045 12674 12673 
f 12045 12046 12675 12674 
f 12046 12047 12676 12675 
f 12047 12048 12677 12676 
f 12048 12049 12678 12677 
f 12049 12050 12679 12678 
f 12050 12051 12680 12679 
f 12051 12052 12681 12680 
f 12052 12053 12682 12681 
f 12053 12054 12682 
f 12054 12055 12682 
f 12055 12056 12683 12682 
f 12056 12057 12684 12683 
f 12057 12058 12685 12684 
f 12058 12059 12686 12685 
f 12059 12060 12687 12686 
f 12060 12061 12688 12687 
f 12061 12062 12689 12688 
f 12062 12063 12690 12689 
f 12063 12064 12691 12690 
f 12064 12065 12692 12691 
f 12065 12066 12693 12692 
f 12066 12067 12694 12693 
f 12067 12068 12695 12694 
f 12068 12069 12696 12695 
f 12069 12070 12697 12696 
f 12070 12071 12698 12697 
f 12071 12072 12699 12698 
f 12072 12073 12700 12699 
f 12073 12074 12701 12700 
f 12074 12833 12828 12701 
f 12075 12076 12703 12702 
f 12076 12077 12704 12703 
f 12077 12078 12705 12704 
f 12078 12079 12706 12705 
f 12079 12080 12707 12706 
f 12080 12081 12708 12707 
f 12081 12082 12709 12708 
f 12082 12083 12710 12709 
f 12083 12084 12711 12710 
f 12084 12085 12712 12711 
f 12085 12086 12713 12712 
f 12086 12087 12714 12713 
f 12087 12088 12715 12714 
f 12088 12089 12716 12715 
f 12089 12090 12717 12716 
f 12090 12091 12718 12717 
f 12091 12092 12719 12718 
f 12092 12093 12720 12719 
f 12093 12094 12721 12720 
f 12094 12095 12722 12721 
f 12095 12096 12723 12722 
f 12096 12097 12724 12723 
f 12097 12098 12725 12724 
f 12098 12099 12726 12725 
f 12099 12100 12727 12726 
f 12100 12101 12728 12727 
f 12101 12102 12728 
f 12102 12103 12728 
f 12103 12104 12729 12728 
f 12104 12105 12730 12729 
f 12105 12106 12731 12730 
f 12106 12107 12732 12731 
f 12107 12108 12733 12732 
f 12108 12109 12734 12733 
f 12109 12110 12735 12734 
f 12110 12111 12736 12735 
f 12111 12112 12737 12736 
f 12112 12113 12738 12737 
f 12113 12114 12738 
f 12114 12115 12738 
f 12115 12116 12739 12738 
f 12116 12117 12740 12739 
f 12117 12118 12741 12740 
f 12118 12119 12742 12741 
f 12119 12120 12743 12742 
f 12120 12121 12744 12743 
f 12121 12122 12745 12744 
f 12122 12123 12746 12745 
f 12123 12124 12747 12746 
f 12124 12125 12748 12747 
f 12125 12126 12748 
f 12126 12127 12748 
f 12127 12128 12749 12748 
f 12128 12129 12750 12749 
f 12129 12130 12751 12750 
f 12130 12131 12752 12751 
f 12131 12132 12753 12752 
f 12132 12133 12754 12753 
f 12133 12134 12755 12754 
f 12134 12135 12756 12755 
f 12135 12136 12757 12756 
f 12136 12137 12758 12757 
f 12137 12138 12758 
f 12138 12139 12758 
f 12139 12140 12759 12758 
f 12140 12141 12760 12759 
f 12141 12142 12761 12760 
f 12142 12143 12762 12761 
f 12143 12144 12763 12762 
f 12144 12145 12764 12763 
f 12145 12146 12765 12764 
f 12146 12147 12766 12765 
f 12147 12148 12767 12766 
f 12148 12149 12768 12767 
f 12149 12150 12769 12768 
f 12150 12151 12770 12769 
f 12151 12152 12771 12770 
f 12152 12153 12772 12771 
f 12153 12154 12773 12772 
f 12154 12155 12774 12773 
f 12155 12156 12775 12774 
f 12156 12157 12776 12775 
f 12157 12158 12777 12776 
f 12158 12159 12778 12777 
f 12159 12160 12513 12778 
f 12780 12609 12622 12781 
s 2
f 12782 11987 12373 12783 
f 12779 12798 12803 12784 
s 1
f 12779 11968 12609 12780 
f 12782 12801 12800 12781 
f 12787 12796 12797 12790 
s 2
f 12786 11972 12388 12785 
s 1
f 12786 12795 12796 12787 
s 2
f 12788 12792 12793 12789 
s 1
f 12788 11983 12618 12790 
f 12792 12788 12790 12791 
s 2
f 12792 11982 12378 12793 
f 12795 12786 12785 12794 
s 1
f 12795 11973 12612 12796 
f 12796 12612 12176 12797 
f 12797 12176 12617 12791 
f 12799 12780 12781 12800 
s 2
f 12801 12782 12783 12802 
s 1
f 12798 12779 12780 12799 
s 2
f 12798 11967 12393 12803 
s 1
f 12801 11988 12623 12800 
f 12804 12606 12627 12805 
s 2
f 12806 11992 12368 12807 
f 12809 12812 12813 12808 
s 1
f 12809 11963 12606 12804 
f 12806 12815 12810 12805 
f 12811 12804 12805 12810 
s 2
f 12815 12806 12807 12814 
s 1
f 12812 12809 12804 12811 
s 2
f 12812 11962 12398 12813 
s 1
f 12815 11993 12628 12810 
f 12818 12598 12632 12817 
s 2
f 12816 11997 12363 12821 
f 12819 12824 12825 12820 
s 1
f 12819 11952 12598 12818 
f 12816 12827 12822 12817 
f 12823 12818 12817 12822 
s 2
f 12827 12816 12821 12826 
s 1
f 12824 12819 12818 12823 
s 2
f 12824 12178 12409 12825 
s 1
f 12827 11998 12633 12822 
f 12829 12595 12701 12828 
s 2
f 12833 12074 12286 12832 
f 12830 12836 12837 12831 
s 1
f 12830 12179 12595 12829 
f 12833 12839 12834 12828 
f 12835 12829 12828 12834 
s 2
f 12839 12833 12832 12838 
s 1
f 12836 12830 12829 12835 
s 2
f 12836 12180 12412 12837 
s 1
f 12839 12075 12702 12834 
f 12841 12592 12518 12840 
s 2
f 12842 12848 12849 12843 
f 12845 12165 12509 12844 
s 1
f 12845 12851 12846 12840 
f 12842 12182 12592 12841 
f 12847 12841 12840 12846 
s 2
f 12851 12845 12844 12850 
s 1
f 12848 12842 12841 12847 
s 2
f 12848 11951 12415 12849 
s 1
f 12851 12166 12519 12846 
f 12853 12588 12522 12852 
s 2
f 12854 11947 12419 12855 
f 12857 12169 12505 12856 
s 1
f 12857 12170 12523 12852 
f 12854 11948 12588 12853 
f 12862 12576 12529 12861 
s 2
f 12863 12870 12869 12858 
f 12860 11870 12498 12859 
s 1
f 12860 12195 12868 12861 
f 12863 11931 12576 12862 
f 12864 12560 12868 
s 2
f 12866 11910 12456 12865 
s 1
f 12866 11911 12560 12864 
f 12867 12862 12861 12868 
f 12870 12863 12862 12867 
s 2
f 12870 11930 12436 12869 
s 1
f 12871 12565 12196 
s 2
f 12872 11915 12451 12873 
s 1
f 12872 11916 12565 12871 
f 12874 12571 12196 
s 2
f 12876 11925 12441 12875 
s 1
f 12876 11926 12571 12874 
s 2
f 12878 11885 12482 12877 
s 1
f 12878 12886 12887 12879 
f 12880 12535 12197 
s 2
f 12882 12884 12885 12881 
s 1
f 12882 11876 12535 12880 
f 12883 12197 12879 12887 
s 2
f 12884 11875 12492 12885 
s 1
f 12884 12882 12880 12883 
f 12883 12880 12197 
f 12888 12555 12887 
s 2
f 12889 12893 12894 12890 
s 1
f 12886 12896 12891 12887 
f 12889 11906 12555 12888 
f 12892 12888 12887 12891 
s 2
f 12896 12886 12481 12895 
s 1
f 12893 12889 12888 12892 
s 2
f 12893 11905 12461 12894 
s 1
f 12896 11886 12541 12891 
f 12897 12915 12916 12902 
s 2
f 12901 12911 12912 12900 
f 12898 11890 12476 12899 
s 1
f 12901 11901 12550 12902 
f 12898 12914 12915 12897 
f 12198 12549 12910 12916 
s 2
f 12904 11859 11860 12903 
s 1
f 12906 11858 12905 
f 12905 11858 11859 12904 
s 2
f 12908 11459 10864 12909 
s 1
f 12906 11412 11410 12907 
f 12907 11410 11459 12908 
s 2
f 12914 12898 12899 12913 
s 1
f 12911 12901 12902 12910 
f 12915 12544 12198 12916 
s 2
f 12911 11900 12466 12912 
s 1
f 12914 11891 12544 12915 
f 12910 12902 12916 
f 13155 12938 12917 12942 
f 12917 12938 12944 12918 
f 12944 13156 12951 12918 
f 12942 12917 12919 12955 
f 12918 12951 12962 12920 
f 12917 12918 12920 12919 
f 12955 12919 12969 13157 
f 12920 12962 13158 12971 
f 12919 12920 12971 12969 
s 2
f 13159 12941 12983 13160 
f 12941 12954 12986 12983 
f 12954 13161 13162 12986 
s 1
f 13163 12982 12921 12989 
f 12982 12985 12922 12921 
f 12985 13164 12991 12922 
f 12989 12921 12923 12998 
f 12921 12922 12924 12923 
f 12922 12991 13001 12924 
f 12923 13008 13165 12998 
f 12924 13014 13008 12923 
f 13001 13166 13014 12924 
s 4
f 12999 13167 13168 12945 
f 12988 12999 12945 12939 
f 13169 12988 12939 13170 
f 12992 13171 13172 12968 
f 13002 12992 12968 12972 
f 13173 13002 12972 13174 
s 2
f 13013 13175 13176 12961 
f 13177 13004 12952 13178 
s 1
f 13179 13180 13226 13228 
f 13227 13225 13023 13020 
f 13230 13232 13274 13276 
f 13275 13273 13029 13026 
f 12962 12951 13032 13040 
f 13032 13181 13182 13040 
f 13183 13184 13234 13236 
f 13235 13233 13048 13051 
f 13238 13240 13278 13280 
f 13279 13277 13054 13057 
f 13029 13281 13283 13026 
f 13054 13285 13287 13057 
f 13023 13231 13229 13020 
f 13048 13239 13237 13051 
f 13185 13067 12925 13061 
f 12925 12926 13071 13061 
f 13071 12926 13078 13186 
f 13067 13080 12927 12925 
f 12926 12928 13094 13078 
f 12925 12927 12928 12926 
f 13080 13187 13087 12927 
f 12928 13098 13188 13094 
f 12927 13087 13098 12928 
s 2
f 13189 13190 13104 13068 
f 13068 13104 13107 13081 
f 13081 13107 13191 13192 
s 1
f 13193 13114 12929 13105 
f 13105 12929 12930 13108 
f 13108 12930 13118 13194 
f 13114 13120 12931 12929 
f 12929 12931 12932 12930 
f 12930 12932 13124 13118 
f 12931 13120 13195 13130 
f 12932 12931 13130 13136 
f 13124 12932 13136 13196 
s 4
f 13121 13070 13197 13198 
f 13115 13060 13070 13121 
f 13199 13200 13060 13115 
f 13117 13088 13201 13202 
f 13123 13097 13088 13117 
f 13203 13204 13097 13123 
s 2
f 13137 13095 13205 13206 
f 13207 13208 13077 13133 
s 1
f 13209 13284 13282 13210 
f 13094 13147 13145 13078 
f 13145 13147 13153 13151 
f 13153 13288 13286 13151 
s 4
f 13244 13211 13212 13242 
f 13021 13049 13243 13241 
f 13049 13021 13245 13247 
f 13292 13248 13246 13290 
f 13027 13055 13291 13289 
f 13055 13027 13293 13295 
f 13150 13296 13294 13133 
f 13077 13144 13133 
f 13144 13150 13133 
f 13300 13154 13137 13298 
f 13137 13148 13095 
f 13137 13154 13148 
f 13058 13030 13301 13303 
f 13030 13058 13299 13297 
f 13252 13304 13302 13250 
f 13024 13052 13251 13249 
f 13052 13024 13253 13255 
f 13213 13256 13254 13214 
f 12961 13041 13013 
f 13041 13215 13013 
f 13004 13033 12952 
f 13004 13216 13033 
s 1
f 13155 12936 12933 12934 
f 13156 12949 12946 12947 
f 13157 12959 12956 12957 
f 13158 12964 12963 12965 
s 2
f 13159 12935 12933 12936 
f 13160 12976 12973 12974 
f 13161 12957 12956 12958 
f 13162 12978 12977 12979 
s 1
f 13163 12975 12973 12976 
f 13164 12979 12977 12980 
f 13165 12996 12993 12994 
f 13166 13018 13015 13016 
s 4
f 13167 12994 12993 12995 
f 13168 12948 12946 12949 
f 13169 12974 12973 12975 
f 13170 12934 12933 12935 
f 13171 12980 12977 12978 
f 13172 12958 12956 12959 
f 13173 13017 13015 13018 
f 13174 12965 12963 12966 
s 2
f 13175 13016 13015 13017 
f 13176 12966 12963 12964 
f 13177 12995 12993 12996 
f 13178 12947 12946 12948 
s 1
f 13179 13006 13003 13007 
f 13180 13010 13009 13011 
f 13181 13046 13042 13043 
f 13182 13038 13034 13035 
f 13183 13037 13034 13038 
f 13184 13043 13042 13044 
f 13185 13063 13062 13064 
f 13186 13075 13072 13073 
f 13187 13085 13082 13083 
f 13188 13092 13089 13090 
s 2
f 13189 13064 13062 13065 
f 13190 13102 13099 13100 
f 13191 13112 13109 13110 
f 13192 13084 13082 13085 
s 1
f 13193 13100 13099 13101 
f 13194 13111 13109 13112 
f 13195 13128 13125 13126 
f 13196 13142 13139 13140 
s 4
f 13197 13073 13072 13074 
f 13198 13127 13125 13128 
f 13199 13101 13099 13102 
f 13200 13065 13062 13063 
f 13201 13083 13082 13084 
f 13202 13110 13109 13111 
f 13203 13140 13139 13141 
f 13204 13091 13089 13092 
s 2
f 13205 13090 13089 13091 
f 13206 13141 13139 13142 
f 13207 13126 13125 13127 
f 13208 13074 13072 13075 
s 1
f 13209 13131 13129 13132 
f 13210 13138 13134 13135 
s 4
f 13211 13044 13042 13045 
f 13212 13005 13003 13006 
f 13213 13036 13034 13037 
f 13214 13011 13009 13012 
f 13215 13035 13034 13036 
f 13216 13045 13042 13046 
s 1
f 12938 13155 12934 12937 
f 13155 12942 12940 12936 
f 12944 12938 12937 12943 
f 13156 12944 12943 12949 
f 12951 13156 12947 12950 
f 12942 12955 12953 12940 
f 13157 12969 12967 12959 
f 12955 13157 12957 12953 
f 13158 12962 12960 12964 
f 12971 13158 12965 12970 
f 12969 12971 12970 12967 
s 2
f 12941 13159 12936 12940 
f 13160 12983 12981 12976 
f 13159 13160 12974 12935 
f 12954 12941 12940 12953 
f 12983 12986 12984 12981 
f 13161 12954 12953 12957 
f 13162 13161 12958 12978 
f 12986 13162 12979 12984 
s 1
f 12982 13163 12976 12981 
f 13163 12989 12987 12975 
f 12985 12982 12981 12984 
f 13164 12985 12984 12979 
f 12991 13164 12980 12990 
f 12989 12998 12997 12987 
f 13001 12991 12990 13000 
f 13165 13008 13003 12996 
f 12998 13165 12994 12997 
f 13008 13014 13010 13007 
f 13166 13001 13000 13018 
f 13014 13166 13016 13009 
s 4
f 13167 12999 12997 12994 
f 13168 13167 12995 12948 
f 12945 13168 12949 12943 
f 12999 12988 12987 12997 
f 12939 12945 12943 12937 
f 12988 13169 12975 12987 
f 13170 12939 12937 12934 
f 13169 13170 12935 12974 
f 13171 12992 12990 12980 
f 13172 13171 12978 12958 
f 12968 13172 12959 12967 
f 12992 13002 13000 12990 
f 12972 12968 12967 12970 
f 13002 13173 13018 13000 
f 13174 12972 12970 12965 
f 13173 13174 12966 13017 
s 2
f 13175 13013 13009 13016 
f 13176 13175 13017 12966 
f 12961 13176 12964 12960 
f 13004 13177 12996 13003 
f 13178 12952 12950 12947 
f 13177 13178 12948 12995 
s 1
f 13180 13179 13007 13010 
f 13226 13180 13011 13258 
f 13179 13228 13260 13006 
f 13023 13225 13257 13022 
f 13020 13019 13259 13227 
f 13274 13232 13262 13306 
f 13230 13276 13308 13264 
f 13029 13273 13305 13028 
f 13026 13025 13307 13275 
f 13032 12951 12950 13031 
f 12962 13040 13039 12960 
f 13181 13032 13031 13046 
f 13182 13181 13043 13038 
f 13040 13182 13035 13039 
f 13184 13183 13038 13043 
f 13234 13184 13044 13266 
f 13183 13236 13268 13037 
f 13048 13233 13265 13047 
f 13051 13050 13267 13235 
f 13278 13240 13270 13310 
f 13238 13280 13312 13272 
f 13054 13277 13309 13053 
f 13057 13056 13311 13279 
f 13029 13028 13313 13281 
f 13026 13283 13315 13025 
f 13054 13053 13317 13285 
f 13057 13287 13319 13056 
f 13023 13022 13261 13231 
f 13020 13229 13263 13019 
f 13048 13047 13269 13239 
f 13051 13237 13271 13050 
f 13067 13185 13064 13066 
f 13185 13061 13059 13063 
f 13061 13071 13069 13059 
f 13186 13078 13076 13075 
f 13071 13186 13073 13069 
f 13080 13067 13066 13079 
f 13187 13080 13079 13085 
f 13087 13187 13083 13086 
f 13188 13098 13096 13092 
f 13094 13188 13090 13093 
f 13098 13087 13086 13096 
s 2
f 13190 13189 13065 13102 
f 13104 13190 13100 13103 
f 13189 13068 13066 13064 
f 13107 13104 13103 13106 
f 13068 13081 13079 13066 
f 13191 13107 13106 13112 
f 13192 13191 13110 13084 
f 13081 13192 13085 13079 
s 1
f 13114 13193 13101 13113 
f 13193 13105 13103 13100 
f 13105 13108 13106 13103 
f 13194 13118 13116 13111 
f 13108 13194 13112 13106 
f 13120 13114 13113 13119 
f 13118 13124 13122 13116 
f 13195 13120 13119 13128 
f 13130 13195 13126 13129 
f 13136 13130 13131 13135 
f 13196 13136 13134 13142 
f 13124 13196 13140 13122 
s 4
f 13197 13070 13069 13073 
f 13198 13197 13074 13127 
f 13121 13198 13128 13119 
f 13070 13060 13059 13069 
f 13115 13121 13119 13113 
f 13200 13199 13102 13065 
f 13060 13200 13063 13059 
f 13199 13115 13113 13101 
f 13201 13088 13086 13083 
f 13202 13201 13084 13110 
f 13117 13202 13111 13116 
f 13088 13097 13096 13086 
f 13123 13117 13116 13122 
f 13204 13203 13141 13091 
f 13097 13204 13092 13096 
f 13203 13123 13122 13140 
s 2
f 13205 13095 13093 13090 
f 13206 13205 13091 13141 
f 13137 13206 13142 13134 
f 13208 13207 13127 13074 
f 13077 13208 13075 13076 
f 13207 13133 13129 13126 
s 1
f 13284 13209 13132 13316 
f 13210 13282 13314 13138 
f 13209 13210 13135 13131 
f 13147 13094 13093 13146 
f 13078 13145 13143 13076 
f 13153 13147 13146 13152 
f 13145 13151 13149 13143 
f 13288 13153 13152 13320 
f 13151 13286 13318 13149 
s 4
f 13211 13244 13266 13044 
f 13212 13211 13045 13005 
f 13242 13212 13006 13260 
f 13021 13241 13259 13019 
f 13049 13047 13265 13243 
f 13049 13247 13269 13047 
f 13021 13019 13263 13245 
f 13248 13292 13310 13270 
f 13290 13246 13264 13308 
f 13027 13289 13307 13025 
f 13055 13053 13309 13291 
f 13055 13295 13317 13053 
f 13027 13025 13315 13293 
f 13296 13150 13149 13318 
f 13133 13294 13316 13132 
f 13144 13077 13076 13143 
f 13150 13144 13143 13149 
f 13154 13300 13320 13152 
f 13298 13137 13138 13314 
f 13095 13148 13146 13093 
f 13148 13154 13152 13146 
f 13058 13303 13311 13056 
f 13030 13028 13305 13301 
f 13030 13297 13313 13028 
f 13058 13056 13319 13299 
f 13304 13252 13272 13312 
f 13250 13302 13306 13262 
f 13024 13249 13261 13022 
f 13052 13050 13271 13251 
f 13052 13255 13267 13050 
f 13024 13022 13257 13253 
f 13256 13213 13037 13268 
f 13214 13254 13258 13011 
f 13213 13214 13012 13036 
f 13041 12961 12960 13039 
f 13215 13041 13039 13035 
f 13013 13215 13036 13012 
f 12952 13033 13031 12950 
f 13216 13004 13005 13045 
f 13033 13216 13046 13031 
s 1
f 13014 13009 13010 
s 4
f 13004 13003 13005 
s 1
f 13130 13129 13131 
s 4
f 13137 13134 13138 
s 1
f 13136 13135 13134 
s 4
f 13133 13132 13129 
s 1
f 13008 13007 13003 
s 4
f 13013 13012 13009 
s 1
f 13218 13224 13223 13219 
s 2
f 13219 13223 13221 13220 
s 1
f 13220 13221 13222 13217 
s 2
f 13217 13222 13224 13218 
s 1
f 13228 13226 13225 13227 
f 13232 13230 13229 13231 
f 13236 13234 13233 13235 
f 13240 13238 13237 13239 
s 4
f 13244 13242 13241 13243 
f 13246 13248 13247 13245 
f 13252 13250 13249 13251 
f 13254 13256 13255 13253 
s 1
f 13226 13258 13257 13225 
f 13260 13228 13227 13259 
f 13262 13232 13231 13261 
f 13230 13264 13263 13229 
f 13234 13266 13265 13233 
f 13268 13236 13235 13267 
f 13270 13240 13239 13269 
f 13238 13272 13271 13237 
s 4
f 13266 13244 13243 13265 
f 13242 13260 13259 13241 
f 13248 13270 13269 13247 
f 13264 13246 13245 13263 
f 13272 13252 13251 13271 
f 13250 13262 13261 13249 
f 13256 13268 13267 13255 
f 13258 13254 13253 13257 
s 1
f 13276 13274 13273 13275 
f 13280 13278 13277 13279 
f 13282 13284 13283 13281 
f 13286 13288 13287 13285 
s 4
f 13292 13290 13289 13291 
f 13294 13296 13295 13293 
f 13300 13298 13297 13299 
f 13302 13304 13303 13301 
s 1
f 13274 13306 13305 13273 
f 13308 13276 13275 13307 
f 13278 13310 13309 13277 
f 13312 13280 13279 13311 
f 13284 13316 13315 13283 
f 13314 13282 13281 13313 
f 13288 13320 13319 13287 
f 13318 13286 13285 13317 
s 4
f 13310 13292 13291 13309 
f 13290 13308 13307 13289 
f 13296 13318 13317 13295 
f 13316 13294 13293 13315 
f 13320 13300 13299 13319 
f 13298 13314 13313 13297 
f 13304 13312 13311 13303 
f 13306 13302 13301 13305 
s 1
f 13321 13322 13323 13324 
f 13323 13322 13325 13326 
f 13325 13327 13328 13326 
f 13324 13323 13329 13330 
f 13326 13328 13331 13332 
f 13323 13326 13332 13329 
f 13330 13329 13333 13334 
f 13332 13331 13335 13336 
f 13329 13332 13336 13333 
s 2
f 13337 13338 13339 13340 
f 13338 13341 13342 13339 
f 13341 13343 13344 13342 
s 1
f 13345 13346 13347 13348 
f 13346 13349 13350 13347 
f 13349 13351 13352 13350 
f 13348 13347 13353 13354 
f 13347 13350 13355 13353 
f 13350 13352 13356 13355 
f 13353 13357 13358 13354 
f 13355 13359 13357 13353 
f 13356 13360 13359 13355 
s 4
f 13361 13362 13363 13364 
f 13365 13361 13364 13366 
f 13367 13365 13366 13368 
f 13369 13370 13371 13372 
f 13373 13369 13372 13374 
f 13375 13373 13374 13376 
s 2
f 13377 13378 13379 13380 
f 13381 13382 13383 13384 
s 1
f 13385 13386 13387 13388 
f 13389 13390 13391 13392 
f 13393 13394 13395 13396 
f 13397 13398 13399 13400 
f 13331 13328 13401 13402 
f 13401 13403 13404 13402 
f 13405 13406 13407 13408 
f 13409 13410 13411 13412 
f 13413 13414 13415 13416 
f 13417 13418 13419 13420 
f 13399 13421 13422 13400 
f 13419 13423 13424 13420 
f 13391 13425 13426 13392 
f 13411 13427 13428 13412 
f 13429 13430 13431 13432 
f 13431 13433 13434 13432 
f 13434 13433 13435 13436 
f 13430 13437 13438 13431 
f 13433 13439 13440 13435 
f 13431 13438 13439 13433 
f 13437 13441 13442 13438 
f 13439 13443 13444 13440 
f 13438 13442 13443 13439 
s 2
f 13445 13446 13447 13448 
f 13448 13447 13449 13450 
f 13450 13449 13451 13452 
s 1
f 13453 13454 13455 13456 
f 13456 13455 13457 13458 
f 13458 13457 13459 13460 
f 13454 13461 13462 13455 
f 13455 13462 13463 13457 
f 13457 13463 13464 13459 
f 13462 13461 13465 13466 
f 13463 13462 13466 13467 
f 13464 13463 13467 13468 
s 4
f 13469 13470 13471 13472 
f 13473 13474 13470 13469 
f 13475 13476 13474 13473 
f 13477 13478 13479 13480 
f 13481 13482 13478 13477 
f 13483 13484 13482 13481 
s 2
f 13485 13486 13487 13488 
f 13489 13490 13491 13492 
s 1
f 13493 13494 13495 13496 
f 13440 13497 13498 13435 
f 13498 13497 13499 13500 
f 13499 13501 13502 13500 
s 4
f 13503 13504 13505 13506 
f 13507 13508 13509 13510 
f 13508 13507 13511 13512 
f 13513 13514 13515 13516 
f 13517 13518 13519 13520 
f 13518 13517 13521 13522 
f 13523 13524 13525 13492 
f 13491 13526 13492 
f 13526 13523 13492 
f 13527 13528 13485 13529 
f 13485 13530 13486 
f 13485 13528 13530 
f 13531 13532 13533 13534 
f 13532 13531 13535 13536 
f 13537 13538 13539 13540 
f 13541 13542 13543 13544 
f 13542 13541 13545 13546 
f 13547 13548 13549 13550 
f 13380 13551 13377 
f 13551 13552 13377 
f 13382 13553 13383 
f 13382 13554 13553 
s 1
f 13321 13555 13556 13557 
f 13327 13558 13559 13560 
f 13334 13561 13562 13563 
f 13335 13564 13565 13566 
s 2
f 13337 13567 13556 13555 
f 13340 13568 13569 13570 
f 13343 13563 13562 13571 
f 13344 13572 13573 13574 
s 1
f 13345 13575 13569 13568 
f 13351 13574 13573 13576 
f 13358 13577 13578 13579 
f 13360 13580 13581 13582 
s 4
f 13362 13579 13578 13583 
f 13363 13584 13559 13558 
f 13367 13570 13569 13575 
f 13368 13557 13556 13567 
f 13370 13576 13573 13572 
f 13371 13571 13562 13561 
f 13375 13585 13581 13580 
f 13376 13566 13565 13586 
s 2
f 13378 13582 13581 13585 
f 13379 13586 13565 13564 
f 13381 13583 13578 13577 
f 13384 13560 13559 13584 
s 1
f 13385 13587 13588 13589 
f 13386 13590 13591 13592 
f 13403 13593 13594 13595 
f 13404 13596 13597 13598 
f 13405 13599 13597 13596 
f 13406 13595 13594 13600 
f 13429 13601 13602 13603 
f 13436 13604 13605 13606 
f 13441 13607 13608 13609 
f 13444 13610 13611 13612 
s 2
f 13445 13603 13602 13613 
f 13446 13614 13615 13616 
f 13451 13617 13618 13619 
f 13452 13620 13608 13607 
s 1
f 13453 13616 13615 13621 
f 13460 13622 13618 13617 
f 13465 13623 13624 13625 
f 13468 13626 13627 13628 
s 4
f 13471 13606 13605 13629 
f 13472 13630 13624 13623 
f 13475 13621 13615 13614 
f 13476 13613 13602 13601 
f 13479 13609 13608 13620 
f 13480 13619 13618 13622 
f 13483 13628 13627 13631 
f 13484 13632 13611 13610 
s 2
f 13487 13612 13611 13632 
f 13488 13631 13627 13626 
f 13489 13625 13624 13630 
f 13490 13629 13605 13604 
s 1
f 13493 13633 13634 13635 
f 13496 13636 13637 13638 
s 4
f 13504 13600 13594 13639 
f 13505 13640 13588 13587 
f 13547 13641 13597 13599 
f 13550 13592 13591 13642 
f 13552 13598 13597 13641 
f 13554 13639 13594 13593 
s 1
f 13322 13321 13557 13643 
f 13321 13324 13644 13555 
f 13325 13322 13643 13645 
f 13327 13325 13645 13558 
f 13328 13327 13560 13646 
f 13324 13330 13647 13644 
f 13334 13333 13648 13561 
f 13330 13334 13563 13647 
f 13335 13331 13649 13564 
f 13336 13335 13566 13650 
f 13333 13336 13650 13648 
s 2
f 13338 13337 13555 13644 
f 13340 13339 13651 13568 
f 13337 13340 13570 13567 
f 13341 13338 13644 13647 
f 13339 13342 13652 13651 
f 13343 13341 13647 13563 
f 13344 13343 13571 13572 
f 13342 13344 13574 13652 
s 1
f 13346 13345 13568 13651 
f 13345 13348 13653 13575 
f 13349 13346 13651 13652 
f 13351 13349 13652 13574 
f 13352 13351 13576 13654 
f 13348 13354 13655 13653 
f 13356 13352 13654 13656 
f 13358 13357 13588 13577 
f 13354 13358 13579 13655 
f 13357 13359 13590 13589 
f 13360 13356 13656 13580 
f 13359 13360 13582 13591 
s 4
f 13362 13361 13655 13579 
f 13363 13362 13583 13584 
f 13364 13363 13558 13645 
f 13361 13365 13653 13655 
f 13366 13364 13645 13643 
f 13365 13367 13575 13653 
f 13368 13366 13643 13557 
f 13367 13368 13567 13570 
f 13370 13369 13654 13576 
f 13371 13370 13572 13571 
f 13372 13371 13561 13648 
f 13369 13373 13656 13654 
f 13374 13372 13648 13650 
f 13373 13375 13580 13656 
f 13376 13374 13650 13566 
f 13375 13376 13586 13585 
s 2
f 13378 13377 13591 13582 
f 13379 13378 13585 13586 
f 13380 13379 13564 13649 
f 13382 13381 13577 13588 
f 13384 13383 13646 13560 
f 13381 13384 13584 13583 
s 1
f 13386 13385 13589 13590 
f 13387 13386 13592 13657 
f 13385 13388 13658 13587 
f 13391 13390 13659 13660 
f 13392 13661 13662 13389 
f 13395 13394 13663 13664 
f 13393 13396 13665 13666 
f 13399 13398 13667 13668 
f 13400 13669 13670 13397 
f 13401 13328 13646 13671 
f 13331 13402 13672 13649 
f 13403 13401 13671 13593 
f 13404 13403 13595 13596 
f 13402 13404 13598 13672 
f 13406 13405 13596 13595 
f 13407 13406 13600 13673 
f 13405 13408 13674 13599 
f 13411 13410 13675 13676 
f 13412 13677 13678 13409 
f 13415 13414 13679 13680 
f 13413 13416 13681 13682 
f 13419 13418 13683 13684 
f 13420 13685 13686 13417 
f 13399 13668 13687 13421 
f 13400 13422 13688 13669 
f 13419 13684 13689 13423 
f 13420 13424 13690 13685 
f 13391 13660 13691 13425 
f 13392 13426 13692 13661 
f 13411 13676 13693 13427 
f 13412 13428 13694 13677 
f 13430 13429 13603 13695 
f 13429 13432 13696 13601 
f 13432 13434 13697 13696 
f 13436 13435 13698 13604 
f 13434 13436 13606 13697 
f 13437 13430 13695 13699 
f 13441 13437 13699 13607 
f 13442 13441 13609 13700 
f 13444 13443 13701 13610 
f 13440 13444 13612 13702 
f 13443 13442 13700 13701 
s 2
f 13446 13445 13613 13614 
f 13447 13446 13616 13703 
f 13445 13448 13695 13603 
f 13449 13447 13703 13704 
f 13448 13450 13699 13695 
f 13451 13449 13704 13617 
f 13452 13451 13619 13620 
f 13450 13452 13607 13699 
s 1
f 13454 13453 13621 13705 
f 13453 13456 13703 13616 
f 13456 13458 13704 13703 
f 13460 13459 13706 13622 
f 13458 13460 13617 13704 
f 13461 13454 13705 13707 
f 13459 13464 13708 13706 
f 13465 13461 13707 13623 
f 13466 13465 13625 13634 
f 13467 13466 13633 13638 
f 13468 13467 13637 13626 
f 13464 13468 13628 13708 
s 4
f 13471 13470 13697 13606 
f 13472 13471 13629 13630 
f 13469 13472 13623 13707 
f 13470 13474 13696 13697 
f 13473 13469 13707 13705 
f 13476 13475 13614 13613 
f 13474 13476 13601 13696 
f 13475 13473 13705 13621 
f 13479 13478 13700 13609 
f 13480 13479 13620 13619 
f 13477 13480 13622 13706 
f 13478 13482 13701 13700 
f 13481 13477 13706 13708 
f 13484 13483 13631 13632 
f 13482 13484 13610 13701 
f 13483 13481 13708 13628 
s 2
f 13487 13486 13702 13612 
f 13488 13487 13632 13631 
f 13485 13488 13626 13637 
f 13490 13489 13630 13629 
f 13491 13490 13604 13698 
f 13489 13492 13634 13625 
s 1
f 13494 13493 13635 13709 
f 13496 13495 13710 13636 
f 13493 13496 13638 13633 
f 13497 13440 13702 13711 
f 13435 13498 13712 13698 
f 13499 13497 13711 13713 
f 13498 13500 13714 13712 
f 13501 13499 13713 13715 
f 13500 13502 13716 13714 
s 4
f 13504 13503 13673 13600 
f 13505 13504 13639 13640 
f 13506 13505 13587 13658 
f 13507 13510 13662 13661 
f 13508 13676 13675 13509 
f 13508 13512 13693 13676 
f 13507 13661 13692 13511 
f 13514 13513 13680 13679 
f 13516 13515 13666 13665 
f 13517 13520 13670 13669 
f 13518 13684 13683 13519 
f 13518 13522 13689 13684 
f 13517 13669 13688 13521 
f 13524 13523 13714 13716 
f 13492 13525 13709 13635 
f 13526 13491 13698 13712 
f 13523 13526 13712 13714 
f 13528 13527 13715 13713 
f 13529 13485 13636 13710 
f 13486 13530 13711 13702 
f 13530 13528 13713 13711 
f 13531 13534 13686 13685 
f 13532 13668 13667 13533 
f 13532 13536 13687 13668 
f 13531 13685 13690 13535 
f 13538 13537 13682 13681 
f 13540 13539 13664 13663 
f 13541 13544 13691 13660 
f 13542 13677 13694 13543 
f 13542 13546 13678 13677 
f 13541 13660 13659 13545 
f 13548 13547 13599 13674 
f 13550 13549 13657 13592 
f 13547 13550 13642 13641 
f 13551 13380 13649 13672 
f 13552 13551 13672 13598 
f 13377 13552 13641 13642 
f 13383 13553 13671 13646 
f 13554 13382 13640 13639 
f 13553 13554 13593 13671 
s 1
f 13359 13591 13590 
s 4
f 13382 13588 13640 
s 1
f 13466 13634 13633 
s 4
f 13485 13637 13636 
s 1
f 13467 13638 13637 
s 4
f 13492 13635 13634 
s 1
f 13357 13589 13588 
s 4
f 13377 13642 13591 
s 1
f 13717 13718 13719 13720 
s 2
f 13720 13719 13721 13722 
s 1
f 13722 13721 13723 13724 
s 2
f 13724 13723 13718 13717 
s 1
f 13388 13387 13390 13389 
f 13394 13393 13426 13425 
f 13408 13407 13410 13409 
f 13414 13413 13428 13427 
s 4
f 13503 13506 13510 13509 
f 13515 13514 13512 13511 
f 13537 13540 13544 13543 
f 13549 13548 13546 13545 
s 1
f 13387 13657 13659 13390 
f 13658 13388 13389 13662 
f 13663 13394 13425 13691 
f 13393 13666 13692 13426 
f 13407 13673 13675 13410 
f 13674 13408 13409 13678 
f 13679 13414 13427 13693 
f 13413 13682 13694 13428 
s 4
f 13673 13503 13509 13675 
f 13506 13658 13662 13510 
f 13514 13679 13693 13512 
f 13666 13515 13511 13692 
f 13682 13537 13543 13694 
f 13540 13663 13691 13544 
f 13548 13674 13678 13546 
f 13657 13549 13545 13659 
s 1
f 13396 13395 13398 13397 
f 13416 13415 13418 13417 
f 13495 13494 13422 13421 
f 13502 13501 13424 13423 
s 4
f 13513 13516 13520 13519 
f 13525 13524 13522 13521 
f 13527 13529 13536 13535 
f 13539 13538 13534 13533 
s 1
f 13395 13664 13667 13398 
f 13665 13396 13397 13670 
f 13415 13680 13683 13418 
f 13681 13416 13417 13686 
f 13494 13709 13688 13422 
f 13710 13495 13421 13687 
f 13501 13715 13690 13424 
f 13716 13502 13423 13689 
s 4
f 13680 13513 13519 13683 
f 13516 13665 13670 13520 
f 13524 13716 13689 13522 
f 13709 13525 13521 13688 
f 13715 13527 13535 13690 
f 13529 13710 13687 13536 
f 13538 13681 13686 13534 
f 13664 13539 13533 13667 
s 1
f 13725 13726 13727 13728 
s 2
f 13728 13727 13729 13730 
s 1
f 13730 13729 13731 13732 
s 2
f 13732 13731 13726 13725 
s 1
f 13733 13734 13735 13736 
s 2
f 13736 13735 13737 13738 
s 1
f 13738 13737 13739 13740 
s 2
f 13740 13739 13734 13733 
s 1
f 13741 13744 13743 13742 
f 13745 13748 13747 13746 
f 13746 13747 13750 13749 
f 13748 13745 13744 13741 
f 13750 13752 13751 13749 
f 13753 13756 13755 13754 
f 13754 13755 13758 13757 
f 13756 13753 13751 13752 
f 13759 13742 13743 13760 
f 13761 13764 13763 13762 
f 13764 13766 13765 13763 
f 13762 13759 13760 13761 
f 13765 13766 13768 13767 
f 13769 13772 13771 13770 
f 13772 13774 13773 13771 
f 13770 13767 13768 13769 
s off
f 13775 13778 13777 13776 
f 13778 13780 13779 13777 
f 13780 13782 13781 13779 
f 13783 13775 13776 13784 
f 13782 13786 13785 13781 
f 13786 13788 13787 13785 
f 13788 13790 13789 13787 
f 13790 13754 13757 
f 13791 13783 13784 13792 
f 13793 13796 13795 13794 
f 13797 13793 13794 13798 
f 13796 13791 13792 13795 
f 13799 13797 13798 13800 
f 13801 13804 13803 13802 
f 13772 13801 13774 
f 13805 13799 13800 13806 
f 13804 13805 13806 13803 
f 13807 13810 13809 13808 
f 13776 13777 13810 13807 
f 13778 13775 13744 13745 
f 13810 13812 13811 13809 
f 13777 13779 13812 13810 
f 13780 13778 13745 13746 
f 13812 13814 13813 13811 
f 13779 13781 13814 13812 
f 13782 13780 13746 13749 
f 13815 13807 13808 13816 
f 13784 13776 13807 13815 
f 13775 13783 13743 13744 
f 13814 13818 13817 13813 
f 13781 13785 13818 13814 
f 13786 13782 13749 13751 
f 13818 13820 13819 13817 
f 13785 13787 13820 13818 
f 13788 13786 13751 13753 
f 13820 13822 13821 13819 
f 13787 13789 13822 13820 
f 13790 13788 13753 13754 
f 13823 13815 13816 13824 
f 13792 13784 13815 13823 
f 13783 13791 13760 13743 
f 13825 13828 13827 13826 
f 13794 13795 13828 13825 
f 13796 13793 13764 13761 
f 13829 13825 13826 13830 
f 13798 13794 13825 13829 
f 13793 13797 13766 13764 
f 13828 13823 13824 13827 
f 13795 13792 13823 13828 
f 13791 13796 13761 13760 
f 13831 13829 13830 13832 
f 13800 13798 13829 13831 
f 13797 13799 13768 13766 
f 13833 13836 13835 13834 
f 13802 13803 13836 13833 
f 13804 13801 13772 13769 
f 13837 13831 13832 13838 
f 13806 13800 13831 13837 
f 13799 13805 13769 13768 
f 13836 13837 13838 13835 
f 13803 13806 13837 13836 
f 13805 13804 13769 
f 13774 13833 13834 
f 13774 13802 13833 
f 13774 13801 13802 
f 13790 13757 13789 
f 13789 13757 13839 13822 
f 13822 13839 13821 
f 13817 13840 13813 
f 13819 13840 13817 
f 13840 13841 13816 13808 
f 13841 13842 13824 13816 
f 13826 13842 13830 
f 13842 13827 13824 
f 13842 13826 13827 
f 13842 13843 13832 13830 
f 13843 13838 13832 
f 13809 13840 13808 
f 13811 13840 13809 
f 13813 13840 13811 
s 1
f 13844 13846 13845 
f 13847 13850 13849 13848 
f 13851 13848 13849 13852 
s 2
f 13846 13855 13854 13853 
f 13844 13856 13855 13846 
f 13857 13858 13856 13844 
f 13853 13854 13860 13859 
f 13859 13860 13862 13861 
f 13861 13862 13863 13850 
f 13864 13865 13858 13857 
f 13866 13867 13865 13864 
f 13868 13869 13867 13866 
f 13870 13871 13869 13868 
f 13872 13873 13871 13870 
f 13874 13875 13873 13872 
f 13876 13877 13875 13874 
f 13878 13879 13877 13876 
f 13880 13881 13879 13878 
f 13845 13882 13881 13880 
f 13883 13884 13882 13845 
f 13847 13885 13884 13883 
f 13850 13863 13886 13849 
f 13848 13887 13885 13847 
f 13851 13888 13887 13848 
f 13849 13886 13889 13852 
s 1
f 13883 13861 13850 13847 
f 13845 13859 13861 13883 
f 13857 13880 13878 13864 
f 13844 13845 13880 13857 
f 13845 13846 13853 
f 13845 13853 13859 
f 13864 13878 13876 13866 
f 13866 13876 13874 13868 
f 13868 13874 13872 13870 
f 13890 13892 13891 
f 13893 13896 13895 13894 
f 13897 13898 13895 13896 
f 13852 13898 13897 13851 
s 2
f 13891 13901 13900 13899 
f 13890 13891 13899 13902 
f 13903 13890 13902 13904 
f 13901 13906 13905 13900 
f 13906 13908 13907 13905 
f 13908 13894 13909 13907 
f 13910 13903 13904 13911 
f 13912 13910 13911 13913 
f 13914 13912 13913 13915 
f 13916 13914 13915 13917 
f 13918 13916 13917 13919 
f 13920 13918 13919 13921 
f 13922 13920 13921 13923 
f 13924 13922 13923 13925 
f 13926 13924 13925 13927 
f 13892 13926 13927 13928 
f 13929 13892 13928 13930 
f 13893 13929 13930 13931 
f 13894 13895 13932 13909 
f 13896 13893 13931 13933 
f 13897 13896 13933 13934 
f 13895 13898 13935 13932 
f 13851 13897 13934 13888 
f 13898 13852 13889 13935 
s 1
f 13929 13893 13894 13908 
f 13892 13929 13908 13906 
f 13903 13910 13924 13926 
f 13890 13903 13926 13892 
f 13892 13901 13891 
f 13892 13906 13901 
f 13910 13912 13922 13924 
f 13912 13914 13920 13922 
f 13914 13916 13918 13920 
f 13936 13939 13938 13937 
f 13938 13939 13941 13940 
f 13941 13943 13942 13940 
f 13939 13945 13944 13941 
f 13936 13946 13945 13939 
s 2
f 13947 13950 13949 13948 
f 13949 13952 13951 13948 
s 1
f 13937 13950 13947 13936 
f 13953 13951 13952 13954 
f 13948 13951 13956 13955 
f 13947 13948 13955 13957 
f 13951 13953 13958 13956 
f 13936 13947 13957 13946 
f 13959 13962 13961 13960 
f 13961 13942 13943 13960 
f 13960 13943 13964 13963 
f 13959 13960 13963 13965 
f 13943 13941 13944 13964 
f 13966 13969 13968 13967 
f 13968 13969 13953 13954 
f 13967 13962 13959 13966 
f 13969 13970 13958 13953 
f 13966 13971 13970 13969 
f 13966 13959 13965 13971 
f 13944 13945 13973 13972 
f 13945 13946 13974 13973 
f 13955 13956 13976 13975 
f 13957 13955 13975 13977 
f 13956 13958 13978 13976 
f 13946 13957 13977 13974 
f 13963 13964 13980 13979 
f 13965 13963 13979 13981 
f 13964 13944 13972 13980 
f 13958 13970 13982 13978 
f 13970 13971 13983 13982 
f 13971 13965 13981 13983 
f 13984 13977 13975 
f 13985 13984 13976 13978 
f 13983 13985 13982 
f 13977 13984 13986 13974 
f 13984 13985 13987 13986 
f 13985 13983 13981 13987 
f 13974 13986 13973 
f 13986 13987 13980 13972 
f 13987 13981 13979 
f 13987 13979 13980 
f 13984 13975 13976 
f 13982 13985 13978 
f 13973 13986 13972 
f 13988 13991 13990 13989 
f 13990 13991 13993 13992 
f 13993 13995 13994 13992 
f 13991 13997 13996 13993 
f 13988 13998 13997 13991 
s 2
f 13999 14002 14001 14000 
f 14001 14004 14003 14000 
s 1
f 13989 14002 13999 13988 
f 14005 14003 14004 14006 
f 14000 14003 14008 14007 
f 13999 14000 14007 14009 
f 14003 14005 14010 14008 
f 13988 13999 14009 13998 
f 14011 14014 14013 14012 
f 14013 13994 13995 14012 
f 14012 13995 14016 14015 
f 14011 14012 14015 14017 
f 13995 13993 13996 14016 
f 14018 14021 14020 14019 
f 14020 14021 14005 14006 
f 14019 14014 14011 14018 
f 14021 14022 14010 14005 
f 14018 14023 14022 14021 
f 14018 14011 14017 14023 
f 13996 13997 14025 14024 
f 13997 13998 14026 14025 
f 14007 14008 14028 14027 
f 14009 14007 14027 14029 
f 14008 14010 14030 14028 
f 13998 14009 14029 14026 
f 14015 14016 14032 14031 
f 14017 14015 14031 14033 
f 14016 13996 14024 14032 
f 14010 14022 14034 14030 
f 14022 14023 14035 14034 
f 14023 14017 14033 14035 
f 14036 14029 14027 
f 14037 14036 14028 14030 
f 14035 14037 14034 
f 14029 14036 14038 14026 
f 14036 14037 14039 14038 
f 14037 14035 14033 14039 
f 14026 14038 14025 
f 14038 14039 14032 14024 
f 14039 14033 14031 
f 14039 14031 14032 
f 14036 14027 14028 
f 14034 14037 14030 
f 14025 14038 14024 
f 14040 14043 14042 14041 
f 14044 14047 14046 14045 
f 14045 14046 14049 14048 
f 14047 14044 14043 14040 
f 14049 14051 14050 14048 
f 14052 14055 14054 14053 
f 14053 14054 14057 14056 
f 14055 14052 14050 14051 
f 14058 14041 14042 14059 
f 14060 14063 14062 14061 
f 14063 14065 14064 14062 
f 14061 14058 14059 14060 
f 14064 14065 14067 14066 
f 14068 14071 14070 14069 
f 14071 14073 14072 14070 
f 14069 14066 14067 14068 
s off
f 14074 14077 14076 14075 
f 14077 14079 14078 14076 
f 14079 14081 14080 14078 
f 14082 14074 14075 14083 
f 14081 14085 14084 14080 
f 14085 14087 14086 14084 
f 14087 14089 14088 14086 
f 14089 14053 14056 
f 14090 14082 14083 14091 
f 14092 14095 14094 14093 
f 14096 14092 14093 14097 
f 14095 14090 14091 14094 
f 14098 14096 14097 14099 
f 14100 14103 14102 14101 
f 14071 14100 14073 
f 14104 14098 14099 14105 
f 14103 14104 14105 14102 
f 14106 14109 14108 14107 
f 14075 14076 14109 14106 
f 14077 14074 14043 14044 
f 14109 14111 14110 14108 
f 14076 14078 14111 14109 
f 14079 14077 14044 14045 
f 14111 14113 14112 14110 
f 14078 14080 14113 14111 
f 14081 14079 14045 14048 
f 14114 14106 14107 14115 
f 14083 14075 14106 14114 
f 14074 14082 14042 14043 
f 14113 14117 14116 14112 
f 14080 14084 14117 14113 
f 14085 14081 14048 14050 
f 14117 14119 14118 14116 
f 14084 14086 14119 14117 
f 14087 14085 14050 14052 
f 14119 14121 14120 14118 
f 14086 14088 14121 14119 
f 14089 14087 14052 14053 
f 14122 14114 14115 14123 
f 14091 14083 14114 14122 
f 14082 14090 14059 14042 
f 14124 14127 14126 14125 
f 14093 14094 14127 14124 
f 14095 14092 14063 14060 
f 14128 14124 14125 14129 
f 14097 14093 14124 14128 
f 14092 14096 14065 14063 
f 14127 14122 14123 14126 
f 14094 14091 14122 14127 
f 14090 14095 14060 14059 
f 14130 14128 14129 14131 
f 14099 14097 14128 14130 
f 14096 14098 14067 14065 
f 14132 14135 14134 14133 
f 14101 14102 14135 14132 
f 14103 14100 14071 14068 
f 14136 14130 14131 14137 
f 14105 14099 14130 14136 
f 14098 14104 14068 14067 
f 14135 14136 14137 14134 
f 14102 14105 14136 14135 
f 14104 14103 14068 
f 14073 14132 14133 
f 14073 14101 14132 
f 14073 14100 14101 
f 14089 14056 14088 
f 14088 14056 14138 14121 
f 14121 14138 14120 
f 14116 14139 14112 
f 14118 14139 14116 
f 14139 14140 14115 14107 
f 14140 14141 14123 14115 
f 14125 14141 14129 
f 14141 14126 14123 
f 14141 14125 14126 
f 14141 14142 14131 14129 
f 14142 14137 14131 
f 14108 14139 14107 
f 14110 14139 14108 
f 14112 14139 14110 
s 1
f 14143 14145 14144 
f 14146 14149 14148 14147 
f 14150 14147 14148 14151 
s 2
f 14145 14154 14153 14152 
f 14143 14155 14154 14145 
f 14156 14157 14155 14143 
f 14152 14153 14159 14158 
f 14158 14159 14161 14160 
f 14160 14161 14162 14149 
f 14163 14164 14157 14156 
f 14165 14166 14164 14163 
f 14167 14168 14166 14165 
f 14169 14170 14168 14167 
f 14171 14172 14170 14169 
f 14173 14174 14172 14171 
f 14175 14176 14174 14173 
f 14177 14178 14176 14175 
f 14179 14180 14178 14177 
f 14144 14181 14180 14179 
f 14182 14183 14181 14144 
f 14146 14184 14183 14182 
f 14149 14162 14185 14148 
f 14147 14186 14184 14146 
f 14150 14187 14186 14147 
f 14148 14185 14188 14151 
s 1
f 14182 14160 14149 14146 
f 14144 14158 14160 14182 
f 14156 14179 14177 14163 
f 14143 14144 14179 14156 
f 14144 14145 14152 
f 14144 14152 14158 
f 14163 14177 14175 14165 
f 14165 14175 14173 14167 
f 14167 14173 14171 14169 
f 14189 14191 14190 
f 14192 14195 14194 14193 
f 14196 14197 14194 14195 
f 14151 14197 14196 14150 
s 2
f 14190 14200 14199 14198 
f 14189 14190 14198 14201 
f 14202 14189 14201 14203 
f 14200 14205 14204 14199 
f 14205 14207 14206 14204 
f 14207 14193 14208 14206 
f 14209 14202 14203 14210 
f 14211 14209 14210 14212 
f 14213 14211 14212 14214 
f 14215 14213 14214 14216 
f 14217 14215 14216 14218 
f 14219 14217 14218 14220 
f 14221 14219 14220 14222 
f 14223 14221 14222 14224 
f 14225 14223 14224 14226 
f 14191 14225 14226 14227 
f 14228 14191 14227 14229 
f 14192 14228 14229 14230 
f 14193 14194 14231 14208 
f 14195 14192 14230 14232 
f 14196 14195 14232 14233 
f 14194 14197 14234 14231 
f 14150 14196 14233 14187 
f 14197 14151 14188 14234 
s 1
f 14228 14192 14193 14207 
f 14191 14228 14207 14205 
f 14202 14209 14223 14225 
f 14189 14202 14225 14191 
f 14191 14200 14190 
f 14191 14205 14200 
f 14209 14211 14221 14223 
f 14211 14213 14219 14221 
f 14213 14215 14217 14219 
f 14235 14238 14237 14236 
f 14237 14238 14240 14239 
f 14240 14242 14241 14239 
f 14238 14244 14243 14240 
f 14235 14245 14244 14238 
s 2
f 14246 14249 14248 14247 
f 14248 14251 14250 14247 
s 1
f 14236 14249 14246 14235 
f 14252 14250 14251 14253 
f 14247 14250 14255 14254 
f 14246 14247 14254 14256 
f 14250 14252 14257 14255 
f 14235 14246 14256 14245 
f 14258 14261 14260 14259 
f 14260 14241 14242 14259 
f 14259 14242 14263 14262 
f 14258 14259 14262 14264 
f 14242 14240 14243 14263 
f 14265 14268 14267 14266 
f 14267 14268 14252 14253 
f 14266 14261 14258 14265 
f 14268 14269 14257 14252 
f 14265 14270 14269 14268 
f 14265 14258 14264 14270 
f 14243 14244 14272 14271 
f 14244 14245 14273 14272 
f 14254 14255 14275 14274 
f 14256 14254 14274 14276 
f 14255 14257 14277 14275 
f 14245 14256 14276 14273 
f 14262 14263 14279 14278 
f 14264 14262 14278 14280 
f 14263 14243 14271 14279 
f 14257 14269 14281 14277 
f 14269 14270 14282 14281 
f 14270 14264 14280 14282 
f 14283 14276 14274 
f 14284 14283 14275 14277 
f 14282 14284 14281 
f 14276 14283 14285 14273 
f 14283 14284 14286 14285 
f 14284 14282 14280 14286 
f 14273 14285 14272 
f 14285 14286 14279 14271 
f 14286 14280 14278 
f 14286 14278 14279 
f 14283 14274 14275 
f 14281 14284 14277 
f 14272 14285 14271 
f 14287 14290 14289 14288 
f 14289 14290 14292 14291 
f 14292 14294 14293 14291 
f 14290 14296 14295 14292 
f 14287 14297 14296 14290 
s 2
f 14298 14301 14300 14299 
f 14300 14303 14302 14299 
s 1
f 14288 14301 14298 14287 
f 14304 14302 14303 14305 
f 14299 14302 14307 14306 
f 14298 14299 14306 14308 
f 14302 14304 14309 14307 
f 14287 14298 14308 14297 
f 14310 14313 14312 14311 
f 14312 14293 14294 14311 
f 14311 14294 14315 14314 
f 14310 14311 14314 14316 
f 14294 14292 14295 14315 
f 14317 14320 14319 14318 
f 14319 14320 14304 14305 
f 14318 14313 14310 14317 
f 14320 14321 14309 14304 
f 14317 14322 14321 14320 
f 14317 14310 14316 14322 
f 14295 14296 14324 14323 
f 14296 14297 14325 14324 
f 14306 14307 14327 14326 
f 14308 14306 14326 14328 
f 14307 14309 14329 14327 
f 14297 14308 14328 14325 
f 14314 14315 14331 14330 
f 14316 14314 14330 14332 
f 14315 14295 14323 14331 
f 14309 14321 14333 14329 
f 14321 14322 14334 14333 
f 14322 14316 14332 14334 
f 14335 14328 14326 
f 14336 14335 14327 14329 
f 14334 14336 14333 
f 14328 14335 14337 14325 
f 14335 14336 14338 14337 
f 14336 14334 14332 14338 
f 14325 14337 14324 
f 14337 14338 14331 14323 
f 14338 14332 14330 
f 14338 14330 14331 
f 14335 14326 14327 
f 14333 14336 14329 
f 14324 14337 14323 
f 14339 14355 14356 14340 
f 14345 14346 14343 14344 
f 14346 14342 14341 14343 
f 14344 14339 14340 14345 
f 14341 14342 14348 14347 
f 14352 14353 14350 14351 
f 14353 14395 14349 14350 
f 14351 14347 14348 14352 
f 14354 14357 14356 14355 
f 14358 14361 14360 14359 
f 14359 14360 14363 14362 
f 14361 14358 14357 14354 
f 14363 14365 14364 14362 
f 14366 14369 14368 14367 
f 14367 14368 14371 14370 
f 14369 14366 14364 14365 
s off
f 14380 14381 14387 14386 
f 14386 14387 14390 14389 
f 14389 14390 14384 14383 
f 14402 14403 14381 14380 
f 14383 14384 14393 14392 
f 14392 14393 14397 14396 
f 14396 14397 14400 14399 
f 14399 14395 14353 
f 14405 14406 14403 14402 
f 14411 14412 14409 14408 
f 14414 14415 14412 14411 
f 14408 14409 14406 14405 
f 14417 14418 14415 14414 
f 14423 14424 14421 14420 
f 14367 14370 14423 
f 14426 14427 14418 14417 
f 14420 14421 14427 14426 
f 14382 14429 14430 14388 
f 14381 14382 14388 14387 
f 14386 14345 14340 14380 
f 14388 14430 14431 14391 
f 14387 14388 14391 14390 
f 14389 14346 14345 14386 
f 14391 14431 14372 14385 
f 14390 14391 14385 14384 
f 14383 14342 14346 14389 
f 14404 14377 14429 14382 
f 14403 14404 14382 14381 
f 14380 14340 14356 14402 
f 14385 14372 14373 14394 
f 14384 14385 14394 14393 
f 14392 14348 14342 14383 
f 14394 14373 14375 14398 
f 14393 14394 14398 14397 
f 14396 14352 14348 14392 
f 14398 14375 14376 14401 
f 14397 14398 14401 14400 
f 14399 14353 14352 14396 
f 14407 14434 14377 14404 
f 14406 14407 14404 14403 
f 14402 14356 14357 14405 
f 14413 14438 14437 14410 
f 14412 14413 14410 14409 
f 14408 14358 14359 14411 
f 14416 14435 14438 14413 
f 14415 14416 14413 14412 
f 14411 14359 14362 14414 
f 14410 14437 14434 14407 
f 14409 14410 14407 14406 
f 14405 14357 14358 14408 
f 14419 14439 14435 14416 
f 14418 14419 14416 14415 
f 14414 14362 14364 14417 
f 14425 14379 14378 14422 
f 14424 14425 14422 14421 
f 14420 14366 14367 14423 
f 14428 14441 14439 14419 
f 14427 14428 14419 14418 
f 14417 14364 14366 14426 
f 14422 14378 14441 14428 
f 14421 14422 14428 14427 
f 14426 14366 14420 
f 14370 14379 14425 
f 14370 14425 14424 
f 14370 14424 14423 
f 14399 14400 14395 
f 14400 14401 14374 14395 
f 14401 14376 14374 
f 14373 14372 14432 
f 14375 14373 14432 
f 14432 14429 14377 14433 
f 14433 14377 14434 14436 
f 14438 14435 14436 
f 14436 14434 14437 
f 14436 14437 14438 
f 14436 14435 14439 14440 
f 14440 14439 14441 
f 14430 14429 14432 
f 14431 14430 14432 
f 14372 14431 14432 
s 1
f 14443 14458 14442 
f 14461 14462 14460 14447 
f 14464 14463 14460 14462 
s 2
f 14442 14444 14467 14465 
f 14443 14442 14465 14466 
f 14448 14443 14466 14471 
f 14444 14445 14468 14467 
f 14445 14446 14469 14468 
f 14446 14447 14470 14469 
f 14449 14448 14471 14472 
f 14450 14449 14472 14473 
f 14451 14450 14473 14474 
f 14452 14451 14474 14475 
f 14453 14452 14475 14476 
f 14454 14453 14476 14477 
f 14455 14454 14477 14478 
f 14456 14455 14478 14479 
f 14457 14456 14479 14480 
f 14458 14457 14480 14481 
f 14459 14458 14481 14482 
f 14461 14459 14482 14484 
f 14447 14460 14483 14470 
f 14462 14461 14484 14485 
f 14464 14462 14485 14487 
f 14460 14463 14486 14483 
s 1
f 14459 14461 14447 14446 
f 14458 14459 14446 14445 
f 14448 14449 14456 14457 
f 14443 14448 14457 14458 
f 14458 14444 14442 
f 14458 14445 14444 
f 14449 14450 14455 14456 
f 14450 14451 14454 14455 
f 14451 14452 14453 14454 
f 14488 14490 14489 
f 14491 14494 14493 14492 
f 14495 14492 14493 14496 
f 14463 14464 14495 14496 
s 2
f 14490 14499 14498 14497 
f 14488 14500 14499 14490 
f 14501 14502 14500 14488 
f 14497 14498 14504 14503 
f 14503 14504 14506 14505 
f 14505 14506 14507 14494 
f 14508 14509 14502 14501 
f 14510 14511 14509 14508 
f 14512 14513 14511 14510 
f 14514 14515 14513 14512 
f 14516 14517 14515 14514 
f 14518 14519 14517 14516 
f 14520 14521 14519 14518 
f 14522 14523 14521 14520 
f 14524 14525 14523 14522 
f 14489 14526 14525 14524 
f 14527 14528 14526 14489 
f 14491 14529 14528 14527 
f 14494 14507 14530 14493 
f 14492 14531 14529 14491 
f 14495 14532 14531 14492 
f 14493 14530 14533 14496 
f 14464 14487 14532 14495 
f 14496 14533 14486 14463 
s 1
f 14527 14505 14494 14491 
f 14489 14503 14505 14527 
f 14501 14524 14522 14508 
f 14488 14489 14524 14501 
f 14489 14490 14497 
f 14489 14497 14503 
f 14508 14522 14520 14510 
f 14510 14520 14518 14512 
f 14512 14518 14516 14514 
f 14534 14535 14539 14538 
f 14539 14537 14536 14538 
f 14536 14537 14556 14557 
f 14538 14536 14571 14572 
f 14534 14538 14572 14570 
s 2
f 14543 14546 14545 14544 
f 14545 14546 14548 14547 
s 1
f 14535 14534 14543 14544 
f 14565 14566 14547 14548 
f 14546 14574 14573 14548 
f 14543 14575 14574 14546 
f 14548 14573 14580 14565 
f 14534 14570 14575 14543 
f 14552 14555 14554 14553 
f 14554 14555 14557 14556 
f 14555 14577 14576 14557 
f 14552 14578 14577 14555 
f 14557 14576 14571 14536 
f 14561 14564 14563 14562 
f 14563 14566 14565 14562 
f 14564 14561 14552 14553 
f 14562 14565 14580 14579 
f 14561 14562 14579 14581 
f 14561 14581 14578 14552 
f 14571 14541 14542 14572 
f 14572 14542 14540 14570 
f 14574 14550 14549 14573 
f 14575 14551 14550 14574 
f 14573 14549 14568 14580 
f 14570 14540 14551 14575 
f 14577 14559 14558 14576 
f 14578 14560 14559 14577 
f 14576 14558 14541 14571 
f 14580 14568 14567 14579 
f 14579 14567 14569 14581 
f 14581 14569 14560 14578 
f 14582 14550 14551 
f 14583 14568 14549 14582 
f 14569 14567 14583 
f 14551 14540 14584 14582 
f 14582 14584 14585 14583 
f 14583 14585 14560 14569 
f 14540 14542 14584 
f 14584 14541 14558 14585 
f 14585 14559 14560 
f 14585 14558 14559 
f 14582 14549 14550 
f 14567 14568 14583 
f 14542 14541 14584 
f 14586 14587 14591 14590 
f 14591 14589 14588 14590 
f 14588 14589 14608 14609 
f 14590 14588 14623 14624 
f 14586 14590 14624 14622 
s 2
f 14595 14598 14597 14596 
f 14597 14598 14600 14599 
s 1
f 14587 14586 14595 14596 
f 14617 14618 14599 14600 
f 14598 14626 14625 14600 
f 14595 14627 14626 14598 
f 14600 14625 14632 14617 
f 14586 14622 14627 14595 
f 14604 14607 14606 14605 
f 14606 14607 14609 14608 
f 14607 14629 14628 14609 
f 14604 14630 14629 14607 
f 14609 14628 14623 14588 
f 14613 14616 14615 14614 
f 14615 14618 14617 14614 
f 14616 14613 14604 14605 
f 14614 14617 14632 14631 
f 14613 14614 14631 14633 
f 14613 14633 14630 14604 
f 14623 14593 14594 14624 
f 14624 14594 14592 14622 
f 14626 14602 14601 14625 
f 14627 14603 14602 14626 
f 14625 14601 14620 14632 
f 14622 14592 14603 14627 
f 14629 14611 14610 14628 
f 14630 14612 14611 14629 
f 14628 14610 14593 14623 
f 14632 14620 14619 14631 
f 14631 14619 14621 14633 
f 14633 14621 14612 14630 
f 14634 14602 14603 
f 14635 14620 14601 14634 
f 14621 14619 14635 
f 14603 14592 14636 14634 
f 14634 14636 14637 14635 
f 14635 14637 14612 14621 
f 14592 14594 14636 
f 14636 14593 14610 14637 
f 14637 14611 14612 
f 14637 14610 14611 
f 14634 14601 14602 
f 14619 14620 14635 
f 14594 14593 14636 
f 14638 14639 14640 14641 
f 14642 14643 14644 14645 
f 14643 14646 14647 14644 
f 14645 14638 14641 14642 
f 14647 14646 14648 14649 
f 14650 14651 14652 14653 
f 14651 14654 14655 14652 
f 14653 14649 14648 14650 
f 14656 14657 14640 14639 
f 14658 14659 14660 14661 
f 14661 14660 14662 14663 
f 14659 14658 14657 14656 
f 14662 14664 14665 14663 
f 14666 14667 14668 14669 
f 14669 14668 14670 14671 
f 14667 14666 14665 14664 
s off
f 14672 14673 14674 14675 
f 14675 14674 14676 14677 
f 14677 14676 14678 14679 
f 14680 14681 14673 14672 
f 14679 14678 14682 14683 
f 14683 14682 14684 14685 
f 14685 14684 14686 14687 
f 14687 14654 14651 
f 14688 14689 14681 14680 
f 14690 14691 14692 14693 
f 14694 14695 14691 14690 
f 14693 14692 14689 14688 
f 14696 14697 14695 14694 
f 14698 14699 14700 14701 
f 14669 14671 14698 
f 14702 14703 14697 14696 
f 14701 14700 14703 14702 
f 14704 14705 14706 14707 
f 14673 14704 14707 14674 
f 14675 14642 14641 14672 
f 14707 14706 14708 14709 
f 14674 14707 14709 14676 
f 14677 14643 14642 14675 
f 14709 14708 14710 14711 
f 14676 14709 14711 14678 
f 14679 14646 14643 14677 
f 14712 14713 14705 14704 
f 14681 14712 14704 14673 
f 14672 14641 14640 14680 
f 14711 14710 14714 14715 
f 14678 14711 14715 14682 
f 14683 14648 14646 14679 
f 14715 14714 14716 14717 
f 14682 14715 14717 14684 
f 14685 14650 14648 14683 
f 14717 14716 14718 14719 
f 14684 14717 14719 14686 
f 14687 14651 14650 14685 
f 14720 14721 14713 14712 
f 14689 14720 14712 14681 
f 14680 14640 14657 14688 
f 14722 14723 14724 14725 
f 14691 14722 14725 14692 
f 14693 14658 14661 14690 
f 14726 14727 14723 14722 
f 14695 14726 14722 14691 
f 14690 14661 14663 14694 
f 14725 14724 14721 14720 
f 14692 14725 14720 14689 
f 14688 14657 14658 14693 
f 14728 14729 14727 14726 
f 14697 14728 14726 14695 
f 14694 14663 14665 14696 
f 14730 14731 14732 14733 
f 14699 14730 14733 14700 
f 14701 14666 14669 14698 
f 14734 14735 14729 14728 
f 14703 14734 14728 14697 
f 14696 14665 14666 14702 
f 14733 14732 14735 14734 
f 14700 14733 14734 14703 
f 14702 14666 14701 
f 14671 14731 14730 
f 14671 14730 14699 
f 14671 14699 14698 
f 14687 14686 14654 
f 14686 14719 14736 14654 
f 14719 14718 14736 
f 14714 14710 14737 
f 14716 14714 14737 
f 14737 14705 14713 14738 
f 14738 14713 14721 14739 
f 14723 14727 14739 
f 14739 14721 14724 
f 14739 14724 14723 
f 14739 14727 14729 14740 
f 14740 14729 14735 
f 14706 14705 14737 
f 14708 14706 14737 
f 14710 14708 14737 
s 1
f 14741 14742 14743 
f 14744 14745 14746 14747 
f 14748 14749 14746 14745 
s 2
f 14743 14750 14751 14752 
f 14741 14743 14752 14753 
f 14754 14741 14753 14755 
f 14750 14756 14757 14751 
f 14756 14758 14759 14757 
f 14758 14747 14760 14759 
f 14761 14754 14755 14762 
f 14763 14761 14762 14764 
f 14765 14763 14764 14766 
f 14767 14765 14766 14768 
f 14769 14767 14768 14770 
f 14771 14769 14770 14772 
f 14773 14771 14772 14774 
f 14775 14773 14774 14776 
f 14777 14775 14776 14778 
f 14742 14777 14778 14779 
f 14780 14742 14779 14781 
f 14744 14780 14781 14782 
f 14747 14746 14783 14760 
f 14745 14744 14782 14784 
f 14748 14745 14784 14785 
f 14746 14749 14786 14783 
s 1
f 14780 14744 14747 14758 
f 14742 14780 14758 14756 
f 14754 14761 14775 14777 
f 14741 14754 14777 14742 
f 14742 14750 14743 
f 14742 14756 14750 
f 14761 14763 14773 14775 
f 14763 14765 14771 14773 
f 14765 14767 14769 14771 
f 14787 14788 14789 
f 14790 14791 14792 14793 
f 14794 14793 14792 14795 
f 14749 14748 14794 14795 
s 2
f 14788 14796 14797 14798 
f 14787 14799 14796 14788 
f 14800 14801 14799 14787 
f 14798 14797 14802 14803 
f 14803 14802 14804 14805 
f 14805 14804 14806 14791 
f 14807 14808 14801 14800 
f 14809 14810 14808 14807 
f 14811 14812 14810 14809 
f 14813 14814 14812 14811 
f 14815 14816 14814 14813 
f 14817 14818 14816 14815 
f 14819 14820 14818 14817 
f 14821 14822 14820 14819 
f 14823 14824 14822 14821 
f 14789 14825 14824 14823 
f 14826 14827 14825 14789 
f 14790 14828 14827 14826 
f 14791 14806 14829 14792 
f 14793 14830 14828 14790 
f 14794 14831 14830 14793 
f 14792 14829 14832 14795 
f 14748 14785 14831 14794 
f 14795 14832 14786 14749 
s 1
f 14826 14805 14791 14790 
f 14789 14803 14805 14826 
f 14800 14823 14821 14807 
f 14787 14789 14823 14800 
f 14789 14788 14798 
f 14789 14798 14803 
f 14807 14821 14819 14809 
f 14809 14819 14817 14811 
f 14811 14817 14815 14813 
f 14833 14834 14835 14836 
f 14835 14837 14838 14836 
f 14838 14837 14839 14840 
f 14836 14838 14841 14842 
f 14833 14836 14842 14843 
s 2
f 14844 14845 14846 14847 
f 14846 14845 14848 14849 
s 1
f 14834 14833 14844 14847 
f 14850 14851 14849 14848 
f 14845 14852 14853 14848 
f 14844 14854 14852 14845 
f 14848 14853 14855 14850 
f 14833 14843 14854 14844 
f 14856 14857 14858 14859 
f 14858 14857 14840 14839 
f 14857 14860 14861 14840 
f 14856 14862 14860 14857 
f 14840 14861 14841 14838 
f 14863 14864 14865 14866 
f 14865 14851 14850 14866 
f 14864 14863 14856 14859 
f 14866 14850 14855 14867 
f 14863 14866 14867 14868 
f 14863 14868 14862 14856 
f 14841 14869 14870 14842 
f 14842 14870 14871 14843 
f 14852 14872 14873 14853 
f 14854 14874 14872 14852 
f 14853 14873 14875 14855 
f 14843 14871 14874 14854 
f 14860 14876 14877 14861 
f 14862 14878 14876 14860 
f 14861 14877 14869 14841 
f 14855 14875 14879 14867 
f 14867 14879 14880 14868 
f 14868 14880 14878 14862 
f 14881 14872 14874 
f 14882 14875 14873 14881 
f 14880 14879 14882 
f 14874 14871 14883 14881 
f 14881 14883 14884 14882 
f 14882 14884 14878 14880 
f 14871 14870 14883 
f 14883 14869 14877 14884 
f 14884 14876 14878 
f 14884 14877 14876 
f 14881 14873 14872 
f 14879 14875 14882 
f 14870 14869 14883 
f 14885 14886 14887 14888 
f 14887 14889 14890 14888 
f 14890 14889 14891 14892 
f 14888 14890 14893 14894 
f 14885 14888 14894 14895 
s 2
f 14896 14897 14898 14899 
f 14898 14897 14900 14901 
s 1
f 14886 14885 14896 14899 
f 14902 14903 14901 14900 
f 14897 14904 14905 14900 
f 14896 14906 14904 14897 
f 14900 14905 14907 14902 
f 14885 14895 14906 14896 
f 14908 14909 14910 14911 
f 14910 14909 14892 14891 
f 14909 14912 14913 14892 
f 14908 14914 14912 14909 
f 14892 14913 14893 14890 
f 14915 14916 14917 14918 
f 14917 14903 14902 14918 
f 14916 14915 14908 14911 
f 14918 14902 14907 14919 
f 14915 14918 14919 14920 
f 14915 14920 14914 14908 
f 14893 14921 14922 14894 
f 14894 14922 14923 14895 
f 14904 14924 14925 14905 
f 14906 14926 14924 14904 
f 14905 14925 14927 14907 
f 14895 14923 14926 14906 
f 14912 14928 14929 14913 
f 14914 14930 14928 14912 
f 14913 14929 14921 14893 
f 14907 14927 14931 14919 
f 14919 14931 14932 14920 
f 14920 14932 14930 14914 
f 14933 14924 14926 
f 14934 14927 14925 14933 
f 14932 14931 14934 
f 14926 14923 14935 14933 
f 14933 14935 14936 14934 
f 14934 14936 14930 14932 
f 14923 14922 14935 
f 14935 14921 14929 14936 
f 14936 14928 14930 
f 14936 14929 14928 
f 14933 14925 14924 
f 14931 14927 14934 
f 14922 14921 14935 
f 15022 15037 15038 15026 
f 15027 14939 14941 15028 
f 14994 15005 15006 15004 
f 14942 14946 14967 14965 
f 15025 14937 14942 15024 
f 15029 14969 14940 15028 
f 14971 14961 14944 14945 
f 15006 15007 15003 15004 
f 14942 14937 14946 
f 14942 14965 15023 15024 
f 14944 14938 14940 14945 
f 14940 14969 14945 
f 14946 14943 14963 14967 
f 14937 14943 14946 
f 15015 15016 14960 15014 
f 15014 14960 14947 15018 
f 15018 14947 15069 15017 
f 14972 14970 14948 14949 
f 14962 14972 14949 14953 
f 14949 14948 14950 14951 
f 14953 14949 14951 14954 
f 14951 14950 14977 14980 
f 14954 14951 14980 14983 
f 15002 15008 15009 15001 
f 15001 15009 15010 15000 
f 15000 15010 15011 14999 
f 14968 14964 14952 14956 
f 14966 14968 14956 14955 
f 14956 14952 14958 14959 
f 14955 14956 14959 14957 
f 14959 14958 14986 14989 
f 14957 14959 14989 14992 
f 15021 15019 15105 15106 
f 15019 15020 15108 15105 
f 15020 15032 15110 15108 
s 2
f 14978 15031 15113 
f 14981 14978 15113 
f 14984 14981 15113 
f 14997 15013 15113 
f 14996 14997 15113 
f 14995 14996 15113 
f 15120 15035 15113 
s 1
f 14970 14972 14971 14969 
f 14972 14962 14961 14971 
f 14980 14977 14976 14979 
f 14983 14980 14979 14982 
f 15008 15002 15003 15007 
f 14999 15011 15012 14998 
f 14964 14968 14967 14963 
f 14968 14966 14965 14967 
f 14989 14986 14985 14988 
f 14992 14989 14988 14991 
s 2
f 15031 14978 14976 15030 
f 14978 14981 14979 14976 
f 14981 14984 14982 14979 
f 15013 14997 14998 15012 
f 14987 14990 14988 14985 
f 14990 14993 14991 14988 
f 15034 15135 15136 15033 
f 15135 15034 15035 15120 
f 14993 14990 14996 14995 
f 14990 14987 14997 14996 
f 14987 14985 14998 14997 
s 1
f 14985 14986 14999 14998 
f 14986 14958 15000 14999 
f 14958 14952 15001 15000 
f 14952 14964 15002 15001 
f 14964 14963 15003 15002 
f 14963 14943 15004 15003 
f 14943 14937 14994 15004 
f 14938 14944 15006 15005 
f 14944 14961 15007 15006 
f 14961 14962 15008 15007 
f 14962 14953 15009 15008 
f 14953 14954 15010 15009 
f 14954 14983 15011 15010 
f 14983 14982 15012 15011 
s 2
f 14982 14984 15013 15012 
f 14984 15113 15013 
s 1
f 14948 14970 15015 15014 
f 14970 14969 15029 15015 
f 15030 14976 14977 15017 
f 14977 14950 15018 15017 
f 14950 14948 15014 15018 
f 14966 14955 15019 15021 
f 14955 14957 15020 15019 
f 14957 14992 15032 15020 
f 14992 14991 15033 15032 
f 15033 15136 15110 15032 
f 15023 14965 14966 15021 
f 15027 14938 15005 15026 
f 15005 14994 15022 15026 
f 14994 14937 15025 15022 
f 15021 15106 15138 15023 
f 15023 15138 15139 15024 
f 15024 15139 15140 15025 
f 15025 15140 15037 15022 
f 15026 15038 14939 15027 
f 15028 14940 14938 15027 
f 15028 14941 14973 15029 
f 15029 14973 15016 15015 
f 15017 15069 14974 15030 
s 2
f 15030 14974 14975 15031 
f 15031 14975 15113 
f 15033 14991 14993 15034 
f 15034 14993 14995 15035 
f 15035 14995 15113 
s 1
f 14969 14971 14945 
f 15036 15039 15038 15037 
f 15040 15041 14941 14939 
f 15042 15045 15044 15043 
f 15046 15049 15048 15047 
f 15050 15052 15046 15051 
f 15053 15041 15055 15054 
f 15056 15059 15058 15057 
f 15044 15045 15061 15060 
f 15046 15047 15051 
f 15046 15052 15062 15049 
f 15058 15059 15055 15063 
f 15055 15059 15054 
f 15047 15048 15065 15064 
f 15051 15047 15064 
f 15066 15067 14960 15016 
f 15067 15068 14947 14960 
f 15068 15070 15069 14947 
f 15071 15074 15073 15072 
f 15075 15076 15074 15071 
f 15074 15078 15077 15073 
f 15076 15079 15078 15074 
f 15078 15081 15080 15077 
f 15079 15082 15081 15078 
f 15083 15086 15085 15084 
f 15086 15088 15087 15085 
f 15088 15090 15089 15087 
f 15091 15094 15093 15092 
f 15095 15096 15094 15091 
f 15094 15098 15097 15093 
f 15096 15099 15098 15094 
f 15098 15101 15100 15097 
f 15099 15102 15101 15098 
f 15103 15106 15105 15104 
f 15104 15105 15108 15107 
f 15107 15108 15110 15109 
s 2
f 15111 15113 15112 
f 15114 15113 15111 
f 15115 15113 15114 
f 15116 15113 15117 
f 15118 15113 15116 
f 15119 15113 15118 
f 15120 15113 15121 
s 1
f 15072 15054 15056 15071 
f 15071 15056 15057 15075 
f 15081 15123 15122 15080 
f 15082 15124 15123 15081 
f 15084 15060 15061 15083 
f 15090 15126 15125 15089 
f 15092 15065 15048 15091 
f 15091 15048 15049 15095 
f 15101 15128 15127 15100 
f 15102 15129 15128 15101 
s 2
f 15112 15130 15122 15111 
f 15111 15122 15123 15114 
f 15114 15123 15124 15115 
f 15117 15125 15126 15116 
f 15131 15127 15128 15132 
f 15132 15128 15129 15133 
f 15134 15137 15136 15135 
f 15135 15120 15121 15134 
f 15133 15119 15118 15132 
f 15132 15118 15116 15131 
f 15131 15116 15126 15127 
s 1
f 15127 15126 15090 15100 
f 15100 15090 15088 15097 
f 15097 15088 15086 15093 
f 15093 15086 15083 15092 
f 15092 15083 15061 15065 
f 15065 15061 15045 15064 
f 15064 15045 15042 15051 
f 15063 15043 15044 15058 
f 15058 15044 15060 15057 
f 15057 15060 15084 15075 
f 15075 15084 15085 15076 
f 15076 15085 15087 15079 
f 15079 15087 15089 15082 
f 15082 15089 15125 15124 
s 2
f 15124 15125 15117 15115 
f 15115 15117 15113 
s 1
f 15073 15067 15066 15072 
f 15072 15066 15053 15054 
f 15130 15070 15080 15122 
f 15080 15070 15068 15077 
f 15077 15068 15067 15073 
f 15095 15103 15104 15096 
f 15096 15104 15107 15099 
f 15099 15107 15109 15102 
f 15102 15109 15137 15129 
f 15137 15109 15110 15136 
f 15062 15103 15095 15049 
f 15040 15039 15043 15063 
f 15043 15039 15036 15042 
f 15042 15036 15050 15051 
f 15103 15062 15138 15106 
f 15052 15139 15138 15062 
f 15052 15050 15140 15139 
f 15050 15036 15037 15140 
f 15039 15040 14939 15038 
f 15041 15040 15063 15055 
f 15041 15053 14973 14941 
f 15053 15066 15016 14973 
f 15070 15130 14974 15069 
s 2
f 15130 15112 14975 14974 
f 15112 15113 14975 
f 15137 15134 15133 15129 
f 15134 15121 15119 15133 
f 15121 15113 15119 
s 1
f 15054 15059 15056 
f 15226 15241 15242 15230 
f 15231 15143 15145 15232 
f 15198 15209 15210 15208 
f 15146 15150 15171 15169 
f 15229 15141 15146 15228 
f 15233 15173 15144 15232 
f 15175 15165 15148 15149 
f 15210 15211 15207 15208 
f 15146 15141 15150 
f 15146 15169 15227 15228 
f 15148 15142 15144 15149 
f 15144 15173 15149 
f 15150 15147 15167 15171 
f 15141 15147 15150 
f 15219 15220 15164 15218 
f 15218 15164 15151 15222 
f 15222 15151 15273 15221 
f 15176 15174 15152 15153 
f 15166 15176 15153 15157 
f 15153 15152 15154 15155 
f 15157 15153 15155 15158 
f 15155 15154 15181 15184 
f 15158 15155 15184 15187 
f 15206 15212 15213 15205 
f 15205 15213 15214 15204 
f 15204 15214 15215 15203 
f 15172 15168 15156 15160 
f 15170 15172 15160 15159 
f 15160 15156 15162 15163 
f 15159 15160 15163 15161 
f 15163 15162 15190 15193 
f 15161 15163 15193 15196 
f 15225 15223 15309 15310 
f 15223 15224 15312 15309 
f 15224 15236 15314 15312 
s 2
f 15182 15235 15317 
f 15185 15182 15317 
f 15188 15185 15317 
f 15201 15217 15317 
f 15200 15201 15317 
f 15199 15200 15317 
f 15324 15239 15317 
s 1
f 15174 15176 15175 15173 
f 15176 15166 15165 15175 
f 15184 15181 15180 15183 
f 15187 15184 15183 15186 
f 15212 15206 15207 15211 
f 15203 15215 15216 15202 
f 15168 15172 15171 15167 
f 15172 15170 15169 15171 
f 15193 15190 15189 15192 
f 15196 15193 15192 15195 
s 2
f 15235 15182 15180 15234 
f 15182 15185 15183 15180 
f 15185 15188 15186 15183 
f 15217 15201 15202 15216 
f 15191 15194 15192 15189 
f 15194 15197 15195 15192 
f 15238 15339 15340 15237 
f 15339 15238 15239 15324 
f 15197 15194 15200 15199 
f 15194 15191 15201 15200 
f 15191 15189 15202 15201 
s 1
f 15189 15190 15203 15202 
f 15190 15162 15204 15203 
f 15162 15156 15205 15204 
f 15156 15168 15206 15205 
f 15168 15167 15207 15206 
f 15167 15147 15208 15207 
f 15147 15141 15198 15208 
f 15142 15148 15210 15209 
f 15148 15165 15211 15210 
f 15165 15166 15212 15211 
f 15166 15157 15213 15212 
f 15157 15158 15214 15213 
f 15158 15187 15215 15214 
f 15187 15186 15216 15215 
s 2
f 15186 15188 15217 15216 
f 15188 15317 15217 
s 1
f 15152 15174 15219 15218 
f 15174 15173 15233 15219 
f 15234 15180 15181 15221 
f 15181 15154 15222 15221 
f 15154 15152 15218 15222 
f 15170 15159 15223 15225 
f 15159 15161 15224 15223 
f 15161 15196 15236 15224 
f 15196 15195 15237 15236 
f 15237 15340 15314 15236 
f 15227 15169 15170 15225 
f 15231 15142 15209 15230 
f 15209 15198 15226 15230 
f 15198 15141 15229 15226 
f 15225 15310 15342 15227 
f 15227 15342 15343 15228 
f 15228 15343 15344 15229 
f 15229 15344 15241 15226 
f 15230 15242 15143 15231 
f 15232 15144 15142 15231 
f 15232 15145 15177 15233 
f 15233 15177 15220 15219 
f 15221 15273 15178 15234 
s 2
f 15234 15178 15179 15235 
f 15235 15179 15317 
f 15237 15195 15197 15238 
f 15238 15197 15199 15239 
f 15239 15199 15317 
s 1
f 15173 15175 15149 
f 15240 15243 15242 15241 
f 15244 15245 15145 15143 
f 15246 15249 15248 15247 
f 15250 15253 15252 15251 
f 15254 15256 15250 15255 
f 15257 15245 15259 15258 
f 15260 15263 15262 15261 
f 15248 15249 15265 15264 
f 15250 15251 15255 
f 15250 15256 15266 15253 
f 15262 15263 15259 15267 
f 15259 15263 15258 
f 15251 15252 15269 15268 
f 15255 15251 15268 
f 15270 15271 15164 15220 
f 15271 15272 15151 15164 
f 15272 15274 15273 15151 
f 15275 15278 15277 15276 
f 15279 15280 15278 15275 
f 15278 15282 15281 15277 
f 15280 15283 15282 15278 
f 15282 15285 15284 15281 
f 15283 15286 15285 15282 
f 15287 15290 15289 15288 
f 15290 15292 15291 15289 
f 15292 15294 15293 15291 
f 15295 15298 15297 15296 
f 15299 15300 15298 15295 
f 15298 15302 15301 15297 
f 15300 15303 15302 15298 
f 15302 15305 15304 15301 
f 15303 15306 15305 15302 
f 15307 15310 15309 15308 
f 15308 15309 15312 15311 
f 15311 15312 15314 15313 
s 2
f 15315 15317 15316 
f 15318 15317 15315 
f 15319 15317 15318 
f 15320 15317 15321 
f 15322 15317 15320 
f 15323 15317 15322 
f 15324 15317 15325 
s 1
f 15276 15258 15260 15275 
f 15275 15260 15261 15279 
f 15285 15327 15326 15284 
f 15286 15328 15327 15285 
f 15288 15264 15265 15287 
f 15294 15330 15329 15293 
f 15296 15269 15252 15295 
f 15295 15252 15253 15299 
f 15305 15332 15331 15304 
f 15306 15333 15332 15305 
s 2
f 15316 15334 15326 15315 
f 15315 15326 15327 15318 
f 15318 15327 15328 15319 
f 15321 15329 15330 15320 
f 15335 15331 15332 15336 
f 15336 15332 15333 15337 
f 15338 15341 15340 15339 
f 15339 15324 15325 15338 
f 15337 15323 15322 15336 
f 15336 15322 15320 15335 
f 15335 15320 15330 15331 
s 1
f 15331 15330 15294 15304 
f 15304 15294 15292 15301 
f 15301 15292 15290 15297 
f 15297 15290 15287 15296 
f 15296 15287 15265 15269 
f 15269 15265 15249 15268 
f 15268 15249 15246 15255 
f 15267 15247 15248 15262 
f 15262 15248 15264 15261 
f 15261 15264 15288 15279 
f 15279 15288 15289 15280 
f 15280 15289 15291 15283 
f 15283 15291 15293 15286 
f 15286 15293 15329 15328 
s 2
f 15328 15329 15321 15319 
f 15319 15321 15317 
s 1
f 15277 15271 15270 15276 
f 15276 15270 15257 15258 
f 15334 15274 15284 15326 
f 15284 15274 15272 15281 
f 15281 15272 15271 15277 
f 15299 15307 15308 15300 
f 15300 15308 15311 15303 
f 15303 15311 15313 15306 
f 15306 15313 15341 15333 
f 15341 15313 15314 15340 
f 15266 15307 15299 15253 
f 15244 15243 15247 15267 
f 15247 15243 15240 15246 
f 15246 15240 15254 15255 
f 15307 15266 15342 15310 
f 15256 15343 15342 15266 
f 15256 15254 15344 15343 
f 15254 15240 15241 15344 
f 15243 15244 15143 15242 
f 15245 15244 15267 15259 
f 15245 15257 15177 15145 
f 15257 15270 15220 15177 
f 15274 15334 15178 15273 
s 2
f 15334 15316 15179 15178 
f 15316 15317 15179 
f 15341 15338 15337 15333 
f 15338 15325 15323 15337 
f 15325 15317 15323 
s 1
f 15258 15263 15260 
s 2
f 15345 15346 15348 15347 
s 4
f 15349 15351 15352 15350 
s 8
f 15345 15349 15350 15346 
s 32
f 15348 15352 15351 15347 
s 1
f 15438 15453 15454 15442 
f 15443 15355 15357 15444 
f 15410 15421 15422 15420 
f 15358 15362 15383 15381 
f 15441 15353 15358 15440 
f 15445 15385 15356 15444 
f 15387 15377 15360 15361 
f 15422 15423 15419 15420 
f 15358 15353 15362 
f 15358 15381 15439 15440 
f 15360 15354 15356 15361 
f 15356 15385 15361 
f 15362 15359 15379 15383 
f 15353 15359 15362 
f 15431 15432 15376 15430 
f 15430 15376 15363 15434 
f 15434 15363 15485 15433 
f 15388 15386 15364 15365 
f 15378 15388 15365 15369 
f 15365 15364 15366 15367 
f 15369 15365 15367 15370 
f 15367 15366 15393 15396 
f 15370 15367 15396 15399 
f 15418 15424 15425 15417 
f 15417 15425 15426 15416 
f 15416 15426 15427 15415 
f 15384 15380 15368 15372 
f 15382 15384 15372 15371 
f 15372 15368 15374 15375 
f 15371 15372 15375 15373 
f 15375 15374 15402 15405 
f 15373 15375 15405 15408 
f 15437 15435 15521 15522 
f 15435 15436 15524 15521 
f 15436 15448 15526 15524 
s 2
f 15394 15447 15529 
f 15397 15394 15529 
f 15400 15397 15529 
f 15413 15429 15529 
f 15412 15413 15529 
f 15411 15412 15529 
f 15536 15451 15529 
s 1
f 15386 15388 15387 15385 
f 15388 15378 15377 15387 
f 15396 15393 15392 15395 
f 15399 15396 15395 15398 
f 15424 15418 15419 15423 
f 15415 15427 15428 15414 
f 15380 15384 15383 15379 
f 15384 15382 15381 15383 
f 15405 15402 15401 15404 
f 15408 15405 15404 15407 
s 2
f 15447 15394 15392 15446 
f 15394 15397 15395 15392 
f 15397 15400 15398 15395 
f 15429 15413 15414 15428 
f 15403 15406 15404 15401 
f 15406 15409 15407 15404 
f 15450 15551 15552 15449 
f 15551 15450 15451 15536 
f 15409 15406 15412 15411 
f 15406 15403 15413 15412 
f 15403 15401 15414 15413 
s 1
f 15401 15402 15415 15414 
f 15402 15374 15416 15415 
f 15374 15368 15417 15416 
f 15368 15380 15418 15417 
f 15380 15379 15419 15418 
f 15379 15359 15420 15419 
f 15359 15353 15410 15420 
f 15354 15360 15422 15421 
f 15360 15377 15423 15422 
f 15377 15378 15424 15423 
f 15378 15369 15425 15424 
f 15369 15370 15426 15425 
f 15370 15399 15427 15426 
f 15399 15398 15428 15427 
s 2
f 15398 15400 15429 15428 
f 15400 15529 15429 
s 1
f 15364 15386 15431 15430 
f 15386 15385 15445 15431 
f 15446 15392 15393 15433 
f 15393 15366 15434 15433 
f 15366 15364 15430 15434 
f 15382 15371 15435 15437 
f 15371 15373 15436 15435 
f 15373 15408 15448 15436 
f 15408 15407 15449 15448 
f 15449 15552 15526 15448 
f 15439 15381 15382 15437 
f 15443 15354 15421 15442 
f 15421 15410 15438 15442 
f 15410 15353 15441 15438 
f 15437 15522 15554 15439 
f 15439 15554 15555 15440 
f 15440 15555 15556 15441 
f 15441 15556 15453 15438 
f 15442 15454 15355 15443 
f 15444 15356 15354 15443 
f 15444 15357 15389 15445 
f 15445 15389 15432 15431 
f 15433 15485 15390 15446 
s 2
f 15446 15390 15391 15447 
f 15447 15391 15529 
f 15449 15407 15409 15450 
f 15450 15409 15411 15451 
f 15451 15411 15529 
s 1
f 15385 15387 15361 
f 15452 15455 15454 15453 
f 15456 15457 15357 15355 
f 15458 15461 15460 15459 
f 15462 15465 15464 15463 
f 15466 15468 15462 15467 
f 15469 15457 15471 15470 
f 15472 15475 15474 15473 
f 15460 15461 15477 15476 
f 15462 15463 15467 
f 15462 15468 15478 15465 
f 15474 15475 15471 15479 
f 15471 15475 15470 
f 15463 15464 15481 15480 
f 15467 15463 15480 
f 15482 15483 15376 15432 
f 15483 15484 15363 15376 
f 15484 15486 15485 15363 
f 15487 15490 15489 15488 
f 15491 15492 15490 15487 
f 15490 15494 15493 15489 
f 15492 15495 15494 15490 
f 15494 15497 15496 15493 
f 15495 15498 15497 15494 
f 15499 15502 15501 15500 
f 15502 15504 15503 15501 
f 15504 15506 15505 15503 
f 15507 15510 15509 15508 
f 15511 15512 15510 15507 
f 15510 15514 15513 15509 
f 15512 15515 15514 15510 
f 15514 15517 15516 15513 
f 15515 15518 15517 15514 
f 15519 15522 15521 15520 
f 15520 15521 15524 15523 
f 15523 15524 15526 15525 
s 2
f 15527 15529 15528 
f 15530 15529 15527 
f 15531 15529 15530 
f 15532 15529 15533 
f 15534 15529 15532 
f 15535 15529 15534 
f 15536 15529 15537 
s 1
f 15488 15470 15472 15487 
f 15487 15472 15473 15491 
f 15497 15539 15538 15496 
f 15498 15540 15539 15497 
f 15500 15476 15477 15499 
f 15506 15542 15541 15505 
f 15508 15481 15464 15507 
f 15507 15464 15465 15511 
f 15517 15544 15543 15516 
f 15518 15545 15544 15517 
s 2
f 15528 15546 15538 15527 
f 15527 15538 15539 15530 
f 15530 15539 15540 15531 
f 15533 15541 15542 15532 
f 15547 15543 15544 15548 
f 15548 15544 15545 15549 
f 15550 15553 15552 15551 
f 15551 15536 15537 15550 
f 15549 15535 15534 15548 
f 15548 15534 15532 15547 
f 15547 15532 15542 15543 
s 1
f 15543 15542 15506 15516 
f 15516 15506 15504 15513 
f 15513 15504 15502 15509 
f 15509 15502 15499 15508 
f 15508 15499 15477 15481 
f 15481 15477 15461 15480 
f 15480 15461 15458 15467 
f 15479 15459 15460 15474 
f 15474 15460 15476 15473 
f 15473 15476 15500 15491 
f 15491 15500 15501 15492 
f 15492 15501 15503 15495 
f 15495 15503 15505 15498 
f 15498 15505 15541 15540 
s 2
f 15540 15541 15533 15531 
f 15531 15533 15529 
s 1
f 15489 15483 15482 15488 
f 15488 15482 15469 15470 
f 15546 15486 15496 15538 
f 15496 15486 15484 15493 
f 15493 15484 15483 15489 
f 15511 15519 15520 15512 
f 15512 15520 15523 15515 
f 15515 15523 15525 15518 
f 15518 15525 15553 15545 
f 15553 15525 15526 15552 
f 15478 15519 15511 15465 
f 15456 15455 15459 15479 
f 15459 15455 15452 15458 
f 15458 15452 15466 15467 
f 15519 15478 15554 15522 
f 15468 15555 15554 15478 
f 15468 15466 15556 15555 
f 15466 15452 15453 15556 
f 15455 15456 15355 15454 
f 15457 15456 15479 15471 
f 15457 15469 15389 15357 
f 15469 15482 15432 15389 
f 15486 15546 15390 15485 
s 2
f 15546 15528 15391 15390 
f 15528 15529 15391 
f 15553 15550 15549 15545 
f 15550 15537 15535 15549 
f 15537 15529 15535 
s 1
f 15470 15475 15472 
f 15642 15657 15658 15646 
f 15647 15559 15561 15648 
f 15614 15625 15626 15624 
f 15562 15566 15587 15585 
f 15645 15557 15562 15644 
f 15649 15589 15560 15648 
f 15591 15581 15564 15565 
f 15626 15627 15623 15624 
f 15562 15557 15566 
f 15562 15585 15643 15644 
f 15564 15558 15560 15565 
f 15560 15589 15565 
f 15566 15563 15583 15587 
f 15557 15563 15566 
f 15635 15636 15580 15634 
f 15634 15580 15567 15638 
f 15638 15567 15689 15637 
f 15592 15590 15568 15569 
f 15582 15592 15569 15573 
f 15569 15568 15570 15571 
f 15573 15569 15571 15574 
f 15571 15570 15597 15600 
f 15574 15571 15600 15603 
f 15622 15628 15629 15621 
f 15621 15629 15630 15620 
f 15620 15630 15631 15619 
f 15588 15584 15572 15576 
f 15586 15588 15576 15575 
f 15576 15572 15578 15579 
f 15575 15576 15579 15577 
f 15579 15578 15606 15609 
f 15577 15579 15609 15612 
f 15641 15639 15725 15726 
f 15639 15640 15728 15725 
f 15640 15652 15730 15728 
s 2
f 15598 15651 15733 
f 15601 15598 15733 
f 15604 15601 15733 
f 15617 15633 15733 
f 15616 15617 15733 
f 15615 15616 15733 
f 15740 15655 15733 
s 1
f 15590 15592 15591 15589 
f 15592 15582 15581 15591 
f 15600 15597 15596 15599 
f 15603 15600 15599 15602 
f 15628 15622 15623 15627 
f 15619 15631 15632 15618 
f 15584 15588 15587 15583 
f 15588 15586 15585 15587 
f 15609 15606 15605 15608 
f 15612 15609 15608 15611 
s 2
f 15651 15598 15596 15650 
f 15598 15601 15599 15596 
f 15601 15604 15602 15599 
f 15633 15617 15618 15632 
f 15607 15610 15608 15605 
f 15610 15613 15611 15608 
f 15654 15755 15756 15653 
f 15755 15654 15655 15740 
f 15613 15610 15616 15615 
f 15610 15607 15617 15616 
f 15607 15605 15618 15617 
s 1
f 15605 15606 15619 15618 
f 15606 15578 15620 15619 
f 15578 15572 15621 15620 
f 15572 15584 15622 15621 
f 15584 15583 15623 15622 
f 15583 15563 15624 15623 
f 15563 15557 15614 15624 
f 15558 15564 15626 15625 
f 15564 15581 15627 15626 
f 15581 15582 15628 15627 
f 15582 15573 15629 15628 
f 15573 15574 15630 15629 
f 15574 15603 15631 15630 
f 15603 15602 15632 15631 
s 2
f 15602 15604 15633 15632 
f 15604 15733 15633 
s 1
f 15568 15590 15635 15634 
f 15590 15589 15649 15635 
f 15650 15596 15597 15637 
f 15597 15570 15638 15637 
f 15570 15568 15634 15638 
f 15586 15575 15639 15641 
f 15575 15577 15640 15639 
f 15577 15612 15652 15640 
f 15612 15611 15653 15652 
f 15653 15756 15730 15652 
f 15643 15585 15586 15641 
f 15647 15558 15625 15646 
f 15625 15614 15642 15646 
f 15614 15557 15645 15642 
f 15641 15726 15758 15643 
f 15643 15758 15759 15644 
f 15644 15759 15760 15645 
f 15645 15760 15657 15642 
f 15646 15658 15559 15647 
f 15648 15560 15558 15647 
f 15648 15561 15593 15649 
f 15649 15593 15636 15635 
f 15637 15689 15594 15650 
s 2
f 15650 15594 15595 15651 
f 15651 15595 15733 
f 15653 15611 15613 15654 
f 15654 15613 15615 15655 
f 15655 15615 15733 
s 1
f 15589 15591 15565 
f 15656 15659 15658 15657 
f 15660 15661 15561 15559 
f 15662 15665 15664 15663 
f 15666 15669 15668 15667 
f 15670 15672 15666 15671 
f 15673 15661 15675 15674 
f 15676 15679 15678 15677 
f 15664 15665 15681 15680 
f 15666 15667 15671 
f 15666 15672 15682 15669 
f 15678 15679 15675 15683 
f 15675 15679 15674 
f 15667 15668 15685 15684 
f 15671 15667 15684 
f 15686 15687 15580 15636 
f 15687 15688 15567 15580 
f 15688 15690 15689 15567 
f 15691 15694 15693 15692 
f 15695 15696 15694 15691 
f 15694 15698 15697 15693 
f 15696 15699 15698 15694 
f 15698 15701 15700 15697 
f 15699 15702 15701 15698 
f 15703 15706 15705 15704 
f 15706 15708 15707 15705 
f 15708 15710 15709 15707 
f 15711 15714 15713 15712 
f 15715 15716 15714 15711 
f 15714 15718 15717 15713 
f 15716 15719 15718 15714 
f 15718 15721 15720 15717 
f 15719 15722 15721 15718 
f 15723 15726 15725 15724 
f 15724 15725 15728 15727 
f 15727 15728 15730 15729 
s 2
f 15731 15733 15732 
f 15734 15733 15731 
f 15735 15733 15734 
f 15736 15733 15737 
f 15738 15733 15736 
f 15739 15733 15738 
f 15740 15733 15741 
s 1
f 15692 15674 15676 15691 
f 15691 15676 15677 15695 
f 15701 15743 15742 15700 
f 15702 15744 15743 15701 
f 15704 15680 15681 15703 
f 15710 15746 15745 15709 
f 15712 15685 15668 15711 
f 15711 15668 15669 15715 
f 15721 15748 15747 15720 
f 15722 15749 15748 15721 
s 2
f 15732 15750 15742 15731 
f 15731 15742 15743 15734 
f 15734 15743 15744 15735 
f 15737 15745 15746 15736 
f 15751 15747 15748 15752 
f 15752 15748 15749 15753 
f 15754 15757 15756 15755 
f 15755 15740 15741 15754 
f 15753 15739 15738 15752 
f 15752 15738 15736 15751 
f 15751 15736 15746 15747 
s 1
f 15747 15746 15710 15720 
f 15720 15710 15708 15717 
f 15717 15708 15706 15713 
f 15713 15706 15703 15712 
f 15712 15703 15681 15685 
f 15685 15681 15665 15684 
f 15684 15665 15662 15671 
f 15683 15663 15664 15678 
f 15678 15664 15680 15677 
f 15677 15680 15704 15695 
f 15695 15704 15705 15696 
f 15696 15705 15707 15699 
f 15699 15707 15709 15702 
f 15702 15709 15745 15744 
s 2
f 15744 15745 15737 15735 
f 15735 15737 15733 
s 1
f 15693 15687 15686 15692 
f 15692 15686 15673 15674 
f 15750 15690 15700 15742 
f 15700 15690 15688 15697 
f 15697 15688 15687 15693 
f 15715 15723 15724 15716 
f 15716 15724 15727 15719 
f 15719 15727 15729 15722 
f 15722 15729 15757 15749 
f 15757 15729 15730 15756 
f 15682 15723 15715 15669 
f 15660 15659 15663 15683 
f 15663 15659 15656 15662 
f 15662 15656 15670 15671 
f 15723 15682 15758 15726 
f 15672 15759 15758 15682 
f 15672 15670 15760 15759 
f 15670 15656 15657 15760 
f 15659 15660 15559 15658 
f 15661 15660 15683 15675 
f 15661 15673 15593 15561 
f 15673 15686 15636 15593 
f 15690 15750 15594 15689 
s 2
f 15750 15732 15595 15594 
f 15732 15733 15595 
f 15757 15754 15753 15749 
f 15754 15741 15739 15753 
f 15741 15733 15739 
s 1
f 15674 15679 15676 
f 15879 15881 15773 15774 
f 15827 15828 15829 15830 
f 15995 15883 15885 
f 15835 15836 15837 15838 
f 15761 15937 15763 
f 15887 15889 15891 15893 
f 15801 15802 15803 15804 
f 15984 15986 15895 15897 
f 15807 15808 15809 15810 
f 15899 16079 16080 15901 
f 15847 16081 16082 15846 
f 15990 16083 16084 15903 
f 15849 16085 16086 15848 
f 15995 15885 15993 
f 15839 15765 15766 15819 
f 15778 15779 15780 15781 
f 15777 15779 15778 
f 15782 15783 15781 15780 
f 15784 15785 15783 15782 
f 15786 15787 15785 15784 
f 15776 15775 16073 16074 
f 15814 15813 16070 16071 
f 15815 15816 15818 15817 
f 15817 15818 15820 15819 
f 15930 15764 15840 
f 15764 15765 15839 15840 
f 15906 15908 16122 16123 
f 15993 15917 15969 16001 
f 15921 16028 16124 16125 
f 15926 15921 16125 16126 
f 15929 15926 16126 16127 
f 15929 16127 16128 16033 
f 16037 16104 16105 15867 
f 15862 16039 16041 15795 
f 15864 15862 15795 15796 
f 15866 15864 15796 15797 
f 16045 15866 15797 16043 
f 15876 15860 15833 15834 
f 16047 16049 15789 15770 
f 15770 15789 15790 15771 
f 15771 15790 15791 15772 
f 15772 15791 16051 16053 
f 15831 15832 15826 15825 
f 15931 16106 16107 16023 
f 15932 15933 16005 16007 
f 15935 16011 16013 15934 
f 15881 15937 15761 15773 
f 15774 15938 15941 15879 
f 15823 15824 15828 15827 
f 15943 15945 15830 15829 
f 15889 15948 15950 15891 
f 15893 15942 15952 15887 
f 15799 15800 15802 15801 
f 15986 16016 15955 15895 
f 15897 15953 16025 15984 
f 15805 15806 15810 15809 
f 15779 15884 15882 15780 
f 15781 15765 15764 15778 
f 15777 15916 15884 15779 
f 15778 15764 15930 15777 
f 15783 15766 15765 15781 
f 15780 15882 15956 15782 
f 15785 15767 15766 15783 
f 15782 15956 15958 15784 
f 15787 15768 15767 15785 
f 15784 15958 15960 15786 
f 15775 15762 16072 16073 
f 16075 15962 15776 16074 
f 15777 15930 16034 16035 
f 16067 15916 15777 16035 
f 15871 16054 16120 16108 
f 15870 16056 16057 15798 
f 15788 16046 16040 15798 
f 15788 16058 16059 15793 
f 15868 16060 16048 15793 
f 16049 16061 15858 15789 
f 15789 15858 15856 15790 
f 15790 15856 15854 15791 
f 15791 15854 16063 16051 
f 15874 15852 15832 15831 
f 15935 15932 16007 16011 
f 16059 16064 15868 15793 
f 16048 16046 15788 15793 
f 16041 16047 15770 15795 
f 15795 15770 15771 15796 
f 15796 15771 15772 15797 
f 15797 15772 16053 16043 
f 15825 15826 15834 15833 
f 15933 15964 16020 16005 
f 16057 16058 15788 15798 
f 16040 16038 15870 15798 
f 15812 15811 15822 15821 
f 15966 16087 16088 15845 
f 15802 15880 15878 15803 
f 15804 15892 15890 15801 
f 15900 16089 16081 15847 
f 15800 15936 15880 15802 
f 15801 15890 15949 15799 
f 15803 15940 15804 
f 15808 15896 15894 15809 
f 15810 15888 15886 15807 
f 15902 16090 16085 15849 
f 15806 15947 15888 15810 
f 15809 15894 15954 15805 
f 15807 15951 15808 
f 15845 16088 16091 15844 
f 15909 15905 15836 15835 
f 15824 15823 15838 15837 
f 15813 15923 16069 16070 
f 16072 15762 15814 16071 
f 15816 15920 15925 15818 
f 15817 15767 15768 15815 
f 15818 15925 15928 15820 
f 15819 15766 15767 15817 
f 15811 15761 15763 15822 
f 15828 15775 15776 15829 
f 15830 15774 15773 15827 
f 15836 15813 15814 15837 
f 15838 15811 15812 15835 
f 15908 15912 16129 16122 
f 15906 16027 15922 15904 
f 15877 15873 16109 16110 
f 15860 16044 16042 15833 
f 15834 15794 15872 15876 
f 15832 15792 15769 15826 
f 15825 16052 16050 15831 
f 15824 15762 15775 15828 
f 15827 15773 15761 15823 
f 15945 15938 15774 15830 
f 15829 15776 15962 15943 
f 15852 15850 15792 15832 
f 15831 16050 16062 15874 
f 15826 15769 15794 15834 
f 15833 16042 16052 15825 
f 15905 15923 15813 15836 
f 15835 15812 15909 
f 15823 15761 15811 15838 
f 15837 15814 15762 15824 
f 15812 15821 15911 15909 
f 15819 15820 15841 15839 
f 15839 15841 15842 15840 
f 15840 15842 15930 
f 15820 15928 15841 
f 15841 15928 15842 
f 15842 16077 15930 
f 15995 15944 15963 
f 15995 15946 15944 
f 15995 15939 15946 
f 15995 15967 15968 15939 
f 15995 15963 16076 
f 15995 15961 15959 
f 15995 15959 15957 
f 15995 15957 15883 
f 15885 15917 15993 
f 15915 15911 15821 15843 
f 15843 15821 15822 15844 
f 15844 15822 15763 15845 
f 15845 15763 15937 15966 
f 15965 15936 15800 15846 
f 15846 15800 15799 15847 
f 15847 15799 15949 15900 
f 15901 15950 15948 15899 
f 15898 15947 15806 15848 
f 15848 15806 15805 15849 
f 15849 15805 15954 15902 
f 15903 15955 16016 15990 
f 15875 15853 15852 15874 
f 15999 15918 15934 16013 
f 15855 16030 16063 15854 
f 15857 15855 15854 15856 
f 15859 15857 15856 15858 
f 15859 15858 16061 16032 
f 15877 15861 15860 15876 
f 16037 15867 15866 16045 
f 15867 15865 15864 15866 
f 15865 15863 15862 15864 
f 15863 16055 16039 15862 
f 15931 16023 16020 15964 
f 15869 16031 16060 15868 
f 15869 15868 16064 16065 
f 15871 16066 16056 15870 
f 15871 15870 16038 16054 
f 15853 15851 15850 15852 
f 15875 15874 16062 16029 
f 15861 16036 16044 15860 
f 15873 15877 15876 15872 
f 15941 15940 15878 15879 
f 15893 15892 15940 15942 
f 15952 15951 15886 15887 
f 15897 15896 15951 15953 
f 15967 15953 15951 15952 
f 15968 15942 15940 15941 
f 15881 15879 15878 15880 
f 15885 15883 15882 15884 
f 15889 15887 15886 15888 
f 15893 15891 15890 15892 
f 15897 15895 15894 15896 
f 15899 15898 16092 16079 
f 15901 16080 16089 15900 
f 15903 16084 16090 15902 
f 15908 15906 15904 15907 
f 15914 15912 15910 15913 
f 15969 15917 15916 16067 
f 16027 16028 16068 15922 
f 15921 15926 15924 15919 
f 15926 15929 15927 15924 
f 16033 16034 15930 16077 
f 15931 16066 16121 16106 
f 15933 15932 16058 16057 
f 15935 15934 16064 16059 
f 15937 15881 15880 15936 
f 15948 15889 15888 15947 
f 15891 15950 15949 15890 
f 15895 15955 15954 15894 
f 15932 15935 16059 16058 
f 15964 15933 16057 16056 
f 15966 15965 16093 16087 
f 15915 16094 16095 15913 
f 15905 15909 15907 15904 
f 16069 15923 15922 16068 
f 15925 15920 15919 15924 
f 15928 15925 15924 15927 
f 15912 15908 15907 15910 
f 15923 15905 15904 15922 
f 15909 15911 15910 15907 
f 15963 15944 15943 15962 
f 15944 15946 15945 15943 
f 15946 15939 15938 15945 
f 15967 15995 16025 15953 
f 15968 15967 15952 15942 
f 15939 15968 15941 15938 
f 16076 15963 15962 16075 
f 15959 15961 15960 15958 
f 15957 15959 15958 15956 
f 15883 15957 15956 15882 
f 15917 15885 15884 15916 
f 15914 15913 16095 16096 
f 15911 15915 15913 15910 
f 15966 15937 15936 15965 
f 15950 15901 15900 15949 
f 15899 15948 15947 15898 
f 15955 15903 15902 15954 
f 15934 15918 16065 16064 
f 15931 15964 16056 16066 
f 15940 15892 15804 
f 15803 15878 15940 
f 15951 15896 15808 
f 15807 15886 15951 
f 16035 16034 16138 16130 
f 16035 16130 16139 16067 
f 16067 16139 16131 15969 
f 15969 16131 16132 16001 
f 16111 16110 16515 16584 
f 16114 16113 16586 16587 
f 16093 16082 16308 16574 
f 16092 16086 16316 16564 
f 16119 16111 16584 16588 
f 16161 16133 16185 
f 15873 15872 15975 15976 
f 15872 15794 15974 15975 
f 15971 15850 15851 15970 
f 15792 15850 15971 15972 
f 15769 15792 15972 15973 
f 15794 15769 15973 15974 
f 15970 15851 16129 16133 
f 15970 16232 16163 15971 
s 2
f 15983 15980 15987 
f 16026 15996 15979 15980 
f 15996 15992 15978 15979 
f 15992 16002 15977 15978 
f 16002 16134 16135 15977 
f 15983 16026 15980 
f 15980 16017 15987 
f 15980 15989 16017 
f 15998 16014 15981 
f 16098 16099 16621 16620 
f 16100 16101 16623 16622 
f 16116 16117 16627 16626 
f 16019 16022 15981 
f 16004 16019 15981 
f 16008 16004 15981 
f 16010 16008 15981 
f 16014 16010 15981 
s 1
f 15986 15984 15982 15985 
f 15995 15993 15991 15994 
f 15993 16001 16000 15991 
f 16023 16107 16118 16021 
f 16007 16005 16003 16006 
f 16013 16011 16009 16012 
f 16016 15986 15985 16015 
f 15984 16025 16024 15982 
f 16011 16007 16006 16009 
f 16005 16020 16018 16003 
f 15990 16016 16015 15988 
f 15999 16013 16012 15997 
f 16020 16023 16021 16018 
f 16025 15995 15994 16024 
f 16001 16132 16136 16000 
s 2
f 15983 15987 15985 15982 
f 15996 16026 16024 15994 
f 15992 15996 15994 15991 
f 16002 15992 15991 16000 
f 15998 16134 16136 15997 
f 16026 15983 15982 16024 
f 15987 16017 16015 15985 
f 16017 15989 15988 16015 
f 16014 15998 15997 16012 
f 15989 16098 16103 15988 
f 16022 16019 16018 16021 
f 16019 16004 16003 16018 
f 16004 16008 16006 16003 
f 16008 16010 16009 16006 
f 16010 16014 16012 16009 
s 1
f 16030 16124 16137 16029 
f 16033 16128 16138 16034 
f 16104 16119 16588 16368 
f 16041 16039 16038 16040 
f 16045 16043 16042 16044 
f 16049 16047 16046 16048 
f 16053 16051 16050 16052 
f 16061 16049 16048 16060 
f 16051 16063 16062 16050 
f 16047 16041 16040 16046 
f 16043 16053 16052 16042 
f 16063 16030 16029 16062 
f 16032 16061 16060 16031 
f 16037 16045 16044 16036 
f 16039 16055 16054 16038 
f 16055 16114 16120 16054 
f 16028 15921 15919 16068 
f 16068 15919 15920 16069 
f 16069 15920 15816 16070 
f 16070 15816 15815 16071 
f 16071 15815 15768 16072 
f 16072 15768 15787 16073 
f 16073 15787 15786 16074 
f 16074 15786 15960 16075 
f 16075 15960 15961 16076 
f 16076 15961 15995 
f 15906 16123 16137 16027 
f 15842 15928 15927 16077 
f 16077 15927 15929 16033 
f 16252 16167 16078 
f 16175 16141 16191 
f 16133 16140 16181 16185 
f 16079 16303 16304 16080 
f 16085 16315 16316 16086 
f 16092 16564 16303 16079 
f 16080 16304 16485 16089 
f 16084 16312 16494 16090 
f 16093 16574 16477 16087 
f 16094 16575 16576 16095 
f 16095 16576 16577 16096 
f 16097 15843 15844 16091 
f 16093 15965 15846 16082 
f 16092 15898 15848 16086 
f 16094 15915 15843 16097 
s 2
f 16098 15989 15980 16099 
f 16099 15980 15979 16100 
f 16100 15979 15978 16101 
f 16101 15978 15977 16102 
s 1
f 16083 15990 15988 16103 
f 16078 16167 16179 
f 16104 16368 16369 16105 
f 16111 15861 15877 16110 
f 16112 15865 15867 16105 
f 16113 15863 15865 16112 
f 16114 16055 15863 16113 
f 16121 16066 15871 16108 
f 16119 16036 15861 16111 
f 16109 15873 15976 16115 
s 2
f 16116 15981 16022 16117 
f 16117 16022 16021 16118 
s 1
f 16104 16037 16036 16119 
f 16114 16587 16446 16120 
s 2
f 16102 15977 16135 16142 
s 1
f 16122 15853 15875 16123 
f 16124 16030 15855 16125 
f 16125 15855 15857 16126 
f 16126 15857 15859 16127 
f 16127 15859 16032 16128 
f 16129 15851 15853 16122 
f 16138 16031 15869 16130 
f 16130 15869 16065 16139 
f 16139 16065 15918 16131 
f 16131 15918 15999 16132 
f 16129 15912 15914 16133 
f 16133 15914 16140 
s 2
f 16134 15998 15981 16135 
s 1
f 16132 15999 15997 16136 
s 2
f 16134 16002 16000 16136 
s 1
f 16124 16028 16027 16137 
f 16128 16032 16031 16138 
f 16123 15875 16029 16137 
f 16140 15914 16096 16141 
s 2
f 16135 15981 16116 16142 
s 1
f 16115 16171 16173 16143 
f 16143 16189 16165 
f 16143 16173 16189 
f 16242 16177 16140 
f 16162 16233 16234 16145 
f 16146 16166 16253 16267 
f 16264 16228 16229 16263 
f 16172 16170 16148 16156 
f 16176 16243 16244 16150 
f 16178 16166 16146 16159 
f 16180 16176 16150 16152 
f 16182 16162 16145 16154 
f 16184 16180 16152 16153 
f 16160 16184 16153 16144 
f 16186 16182 16154 16155 
f 16168 16186 16155 16151 
f 16188 16172 16156 16157 
f 16164 16188 16157 16147 
f 16174 16190 16158 16149 
f 16190 16178 16159 16158 
f 16235 16197 16145 16234 
f 16263 16229 16230 16262 
f 16156 16148 16205 16207 
f 16150 16244 16245 16211 
f 16159 16146 16201 16213 
f 16152 16150 16211 16215 
f 16154 16145 16197 16217 
f 16153 16152 16215 16219 
f 16144 16153 16219 16195 
f 16155 16154 16217 16221 
f 16151 16155 16221 16203 
f 16157 16156 16207 16223 
f 16147 16157 16223 16199 
f 16149 16158 16225 16209 
f 16158 16159 16213 16225 
s 2
f 16212 16192 16216 
s 1
f 16140 16177 16181 
f 16183 15973 15972 
f 16187 16169 15975 15974 
f 16183 16187 15974 15973 
f 16183 15972 15971 16163 
f 16078 16654 16600 16143 
f 16161 16185 16184 16160 
f 16163 16232 16233 16162 
f 16167 16252 16253 16166 
f 16175 16191 16190 16174 
f 16185 16181 16180 16184 
f 16191 16179 16178 16190 
f 16179 16167 16166 16178 
f 16265 16227 16228 16264 
f 16165 16189 16188 16164 
f 16189 16173 16172 16188 
f 16173 16171 16170 16172 
f 16177 16242 16243 16176 
f 16181 16177 16176 16180 
f 16169 16187 16186 16168 
f 16187 16183 16182 16186 
f 16183 16163 16162 16182 
f 16141 16078 16179 16191 
s 2
f 16256 16261 16231 16194 
f 16200 16224 16256 
f 16192 16212 16246 
f 16193 16214 16202 
f 16194 16192 16193 16256 
f 16193 16202 16255 
f 16194 16218 16198 
f 16194 16198 16236 
f 16192 16196 16220 
f 16192 16220 16216 
f 16194 16222 16218 
f 16194 16204 16222 
f 16208 16206 16256 
f 16224 16208 16256 
f 16193 16210 16226 
f 16193 16226 16214 
f 16212 16216 16215 16211 
f 16231 16261 16262 16230 
f 16224 16200 16199 16223 
f 16246 16212 16211 16245 
f 16202 16214 16213 16201 
f 16255 16202 16201 16254 
f 16198 16218 16217 16197 
f 16236 16198 16197 16235 
f 16220 16196 16195 16219 
f 16216 16220 16219 16215 
f 16218 16222 16221 16217 
f 16222 16204 16203 16221 
f 16206 16208 16207 16205 
f 16208 16224 16223 16207 
f 16226 16210 16209 16225 
f 16214 16226 16225 16213 
s 1
f 15976 15975 16169 16227 
f 16227 16169 16168 16228 
f 16228 16168 16151 16229 
f 16229 16151 16203 16230 
s 2
f 16230 16203 16204 16231 
f 16231 16204 16194 
s 1
f 16133 16161 16237 
f 16232 16237 16238 16233 
f 16233 16238 16239 16234 
f 16234 16239 16240 16235 
s 2
f 16235 16240 16241 16236 
f 16236 16241 16192 16194 
s 1
f 16237 16161 16160 16238 
f 16238 16160 16144 16239 
f 16239 16144 16195 16240 
s 2
f 16240 16195 16196 16241 
f 16241 16196 16192 
s 1
f 16237 16232 15970 16133 
f 16140 16141 16247 16242 
f 16242 16247 16248 16243 
f 16243 16248 16249 16244 
f 16244 16249 16250 16245 
s 2
f 16245 16250 16251 16246 
f 16246 16251 16193 16192 
s 1
f 16141 16175 16247 
f 16247 16175 16174 16248 
f 16248 16174 16149 16249 
f 16249 16149 16209 16250 
s 2
f 16250 16209 16210 16251 
f 16251 16210 16193 
s 1
f 16143 16165 16260 
f 16260 16165 16164 16259 
f 16259 16164 16147 16266 
s 2
f 16258 16199 16200 16257 
f 16257 16200 16256 
f 16256 16193 16255 16257 
f 16257 16255 16254 16258 
s 1
f 16267 16253 16259 16266 
f 16259 16253 16252 16260 
f 16260 16252 16078 16143 
s 2
f 16256 16206 16261 
f 16261 16206 16205 16262 
s 1
f 16262 16205 16148 16263 
f 16263 16148 16170 16264 
f 16264 16170 16171 16265 
f 16115 15976 16227 16265 
f 16115 16265 16171 
f 16147 16199 16258 16266 
f 16266 16258 16254 16267 
f 16267 16254 16201 16146 
f 16268 16271 16270 16269 
f 16272 16275 16274 16273 
f 16276 16278 16277 
f 16279 16282 16281 16280 
f 16283 16285 16284 
f 16286 16289 16288 16287 
f 16290 16293 16292 16291 
f 16294 16297 16296 16295 
f 16298 16301 16300 16299 
f 16302 16305 16304 16303 
f 16306 16309 16308 16307 
f 16310 16313 16312 16311 
f 16314 16317 16316 16315 
f 16276 16318 16278 
f 16319 16322 16321 16320 
f 16323 16326 16325 16324 
f 16327 16323 16324 
f 16328 16325 16326 16329 
f 16330 16328 16329 16331 
f 16332 16330 16331 16333 
f 16334 16337 16336 16335 
f 16338 16341 16340 16339 
f 16342 16345 16344 16343 
f 16345 16322 16346 16344 
f 16347 16349 16348 
f 16348 16349 16319 16320 
f 16350 16353 16352 16351 
f 16318 16356 16355 16354 
f 16357 16360 16359 16358 
f 16361 16362 16360 16357 
f 16363 16364 16362 16361 
f 16363 16366 16365 16364 
f 16367 16370 16369 16368 
f 16371 16374 16373 16372 
f 16375 16376 16374 16371 
f 16377 16378 16376 16375 
f 16379 16380 16378 16377 
f 16381 16384 16383 16382 
f 16385 16388 16387 16386 
f 16388 16390 16389 16387 
f 16390 16392 16391 16389 
f 16392 16394 16393 16391 
f 16395 16398 16397 16396 
f 16399 16402 16401 16400 
f 16403 16406 16405 16404 
f 16407 16410 16409 16408 
f 16269 16270 16283 16284 
f 16271 16268 16412 16411 
f 16413 16272 16273 16414 
f 16415 16274 16275 16416 
f 16287 16288 16418 16417 
f 16289 16286 16420 16419 
f 16421 16290 16291 16422 
f 16295 16296 16424 16423 
f 16297 16294 16426 16425 
f 16427 16300 16301 16428 
f 16324 16325 16430 16429 
f 16326 16323 16348 16320 
f 16327 16324 16429 16431 
f 16323 16327 16347 16348 
f 16329 16326 16320 16321 
f 16325 16328 16432 16430 
f 16331 16329 16321 16433 
f 16328 16330 16434 16432 
f 16333 16331 16433 16435 
f 16330 16332 16436 16434 
f 16335 16336 16438 16437 
f 16439 16337 16334 16440 
f 16327 16442 16441 16347 
f 16443 16442 16327 16431 
f 16444 16447 16446 16445 
f 16448 16451 16450 16449 
f 16452 16451 16454 16453 
f 16452 16457 16456 16455 
f 16458 16457 16460 16459 
f 16386 16387 16462 16461 
f 16387 16389 16463 16462 
f 16389 16391 16464 16463 
f 16391 16393 16465 16464 
f 16466 16395 16396 16467 
f 16407 16408 16406 16403 
f 16456 16457 16458 16468 
f 16460 16457 16452 16453 
f 16373 16374 16388 16385 
f 16374 16376 16390 16388 
f 16376 16378 16392 16390 
f 16378 16380 16394 16392 
f 16398 16383 16384 16397 
f 16404 16405 16470 16469 
f 16450 16451 16452 16455 
f 16454 16451 16448 16471 
f 16472 16475 16474 16473 
f 16476 16479 16478 16477 
f 16291 16292 16481 16480 
f 16293 16290 16483 16482 
f 16484 16306 16307 16485 
f 16422 16291 16480 16486 
f 16290 16421 16487 16483 
f 16292 16293 16488 
f 16299 16300 16490 16489 
f 16301 16298 16492 16491 
f 16493 16314 16315 16494 
f 16428 16301 16491 16495 
f 16300 16427 16496 16490 
f 16298 16299 16497 
f 16479 16499 16498 16478 
f 16500 16279 16280 16501 
f 16414 16281 16282 16413 
f 16339 16340 16503 16502 
f 16438 16341 16338 16437 
f 16343 16344 16505 16504 
f 16345 16342 16435 16433 
f 16344 16346 16506 16505 
f 16322 16345 16433 16321 
f 16473 16474 16285 16283 
f 16273 16274 16334 16335 
f 16275 16272 16270 16271 
f 16280 16281 16338 16339 
f 16282 16279 16472 16473 
f 16351 16352 16508 16507 
f 16350 16511 16510 16509 
f 16512 16515 16514 16513 
f 16382 16383 16517 16516 
f 16384 16381 16519 16518 
f 16396 16397 16521 16520 
f 16398 16395 16523 16522 
f 16414 16273 16335 16437 
f 16272 16413 16283 16270 
f 16416 16275 16271 16411 
f 16274 16415 16440 16334 
f 16467 16396 16520 16524 
f 16395 16466 16525 16523 
f 16397 16384 16518 16521 
f 16383 16398 16522 16517 
f 16501 16280 16339 16502 
f 16279 16500 16472 
f 16413 16282 16473 16283 
f 16281 16414 16437 16338 
f 16472 16500 16526 16475 
f 16322 16319 16527 16346 
f 16319 16349 16528 16527 
f 16349 16347 16528 
f 16346 16527 16506 
f 16527 16528 16506 
f 16528 16347 16529 
f 16276 16531 16530 
f 16276 16530 16532 
f 16276 16532 16533 
f 16276 16533 16535 16534 
f 16276 16536 16531 
f 16276 16538 16537 
f 16276 16539 16538 
f 16276 16277 16539 
f 16278 16318 16354 
f 16540 16541 16475 16526 
f 16541 16499 16474 16475 
f 16499 16479 16285 16474 
f 16479 16476 16284 16285 
f 16542 16309 16422 16486 
f 16309 16306 16421 16422 
f 16306 16484 16487 16421 
f 16305 16302 16417 16418 
f 16543 16317 16428 16495 
f 16317 16314 16427 16428 
f 16314 16493 16496 16427 
f 16313 16310 16423 16424 
f 16544 16466 16467 16545 
f 16546 16409 16410 16547 
f 16548 16464 16465 16549 
f 16550 16463 16464 16548 
f 16551 16462 16463 16550 
f 16551 16552 16461 16462 
f 16512 16381 16382 16553 
f 16367 16379 16377 16370 
f 16370 16377 16375 16554 
f 16554 16375 16371 16555 
f 16555 16371 16372 16556 
f 16399 16469 16470 16402 
f 16557 16458 16459 16558 
f 16557 16559 16468 16458 
f 16444 16448 16449 16560 
f 16444 16445 16471 16448 
f 16545 16467 16524 16561 
f 16544 16562 16525 16466 
f 16553 16382 16516 16563 
f 16513 16519 16381 16512 
f 16412 16268 16481 16488 
f 16289 16419 16488 16482 
f 16420 16286 16492 16497 
f 16297 16425 16497 16489 
f 16534 16420 16497 16425 
f 16535 16412 16488 16419 
f 16269 16480 16481 16268 
f 16278 16429 16430 16277 
f 16287 16491 16492 16286 
f 16289 16482 16483 16288 
f 16297 16489 16490 16296 
f 16302 16303 16564 16543 
f 16305 16484 16485 16304 
f 16313 16493 16494 16312 
f 16351 16565 16511 16350 
f 16566 16568 16567 16507 
f 16355 16443 16431 16354 
f 16509 16510 16569 16358 
f 16357 16571 16570 16361 
f 16361 16570 16572 16363 
f 16366 16529 16347 16441 
f 16399 16400 16573 16560 
f 16404 16450 16455 16403 
f 16407 16456 16468 16410 
f 16284 16486 16480 16269 
f 16417 16495 16491 16287 
f 16288 16483 16487 16418 
f 16296 16490 16496 16424 
f 16403 16455 16456 16407 
f 16469 16449 16450 16404 
f 16476 16477 16574 16542 
f 16540 16568 16576 16575 
f 16501 16511 16565 16500 
f 16503 16569 16510 16502 
f 16505 16570 16571 16504 
f 16506 16572 16570 16505 
f 16507 16567 16565 16351 
f 16502 16510 16511 16501 
f 16500 16565 16567 16526 
f 16531 16440 16415 16530 
f 16530 16415 16416 16532 
f 16532 16416 16411 16533 
f 16534 16425 16426 16276 
f 16535 16419 16420 16534 
f 16533 16411 16412 16535 
f 16536 16439 16440 16531 
f 16538 16434 16436 16537 
f 16539 16432 16434 16538 
f 16277 16430 16432 16539 
f 16354 16431 16429 16278 
f 16566 16577 16576 16568 
f 16526 16567 16568 16540 
f 16476 16542 16486 16284 
f 16418 16487 16484 16305 
f 16302 16543 16495 16417 
f 16424 16496 16493 16313 
f 16410 16468 16559 16547 
f 16399 16560 16449 16469 
f 16488 16293 16482 
f 16292 16488 16481 
f 16497 16299 16489 
f 16298 16497 16492 
f 16442 16579 16578 16441 
f 16442 16443 16580 16579 
f 16443 16355 16581 16580 
f 16355 16356 16582 16581 
f 16097 16091 16498 16583 
f 16112 16105 16369 16585 
f 16113 16112 16585 16586 
f 16121 16108 16447 16573 
f 16094 16097 16583 16575 
f 16109 16115 16589 16514 
f 16590 16592 16591 
f 16513 16594 16593 16519 
f 16519 16593 16595 16518 
f 16596 16597 16561 16524 
f 16520 16598 16596 16524 
f 16521 16599 16598 16520 
f 16518 16595 16599 16521 
f 16600 16589 16115 16143 
f 16597 16591 16508 16561 
f 16597 16596 16602 16601 
s 2
f 16603 16605 16604 
f 16606 16604 16608 16607 
f 16607 16608 16610 16609 
f 16609 16610 16612 16611 
f 16611 16612 16614 16613 
f 16603 16604 16606 
f 16604 16605 16615 
f 16604 16615 16616 
f 16617 16619 16618 
f 16099 16100 16622 16621 
f 16101 16102 16624 16623 
f 16102 16142 16625 16624 
f 16628 16619 16629 
f 16630 16619 16628 
f 16631 16619 16630 
f 16632 16619 16631 
f 16618 16619 16632 
s 1
f 16295 16634 16633 16294 
f 16083 16103 16635 16311 
f 16276 16637 16636 16318 
f 16318 16636 16638 16356 
f 16402 16640 16639 16401 
f 16406 16642 16641 16405 
f 16409 16644 16643 16408 
f 16423 16645 16634 16295 
f 16294 16633 16646 16426 
f 16408 16643 16642 16406 
f 16405 16641 16647 16470 
f 16310 16648 16645 16423 
f 16546 16649 16644 16409 
f 16470 16647 16640 16402 
f 16426 16646 16637 16276 
f 16356 16638 16650 16582 
s 2
f 16603 16633 16634 16605 
f 16607 16637 16646 16606 
f 16609 16636 16637 16607 
f 16611 16638 16636 16609 
f 16617 16649 16650 16613 
f 16606 16646 16633 16603 
f 16605 16634 16645 16615 
f 16615 16645 16648 16616 
f 16618 16644 16649 16617 
f 16616 16648 16635 16620 
f 16117 16118 16639 16627 
f 16629 16640 16647 16628 
f 16628 16647 16641 16630 
f 16630 16641 16642 16631 
f 16631 16642 16643 16632 
f 16632 16643 16644 16618 
s 1
f 16549 16562 16651 16359 
f 16366 16441 16578 16365 
f 16373 16454 16471 16372 
f 16379 16516 16517 16380 
f 16386 16460 16453 16385 
f 16394 16522 16523 16393 
f 16461 16459 16460 16386 
f 16393 16523 16525 16465 
f 16385 16453 16454 16373 
f 16380 16517 16522 16394 
f 16465 16525 16562 16549 
f 16552 16558 16459 16461 
f 16367 16563 16516 16379 
f 16372 16471 16445 16556 
f 16556 16445 16446 16587 
f 16358 16569 16571 16357 
f 16569 16503 16504 16571 
f 16503 16340 16343 16504 
f 16340 16341 16342 16343 
f 16341 16438 16435 16342 
f 16438 16336 16333 16435 
f 16336 16337 16332 16333 
f 16337 16439 16436 16332 
f 16439 16536 16537 16436 
f 16536 16276 16537 
f 16350 16509 16651 16353 
f 16528 16529 16572 16506 
f 16529 16366 16363 16572 
f 16652 16654 16653 
f 16655 16657 16656 
f 16591 16592 16659 16658 
f 16307 16308 16082 16081 
f 16311 16312 16084 16083 
f 16477 16478 16088 16087 
f 16485 16307 16081 16089 
f 16494 16315 16085 16090 
f 16478 16498 16091 16088 
f 16583 16498 16499 16541 
f 16574 16308 16309 16542 
f 16564 16316 16317 16543 
f 16575 16583 16541 16540 
s 2
f 16620 16621 16604 16616 
f 16621 16622 16608 16604 
f 16622 16623 16610 16608 
f 16623 16624 16612 16610 
s 1
f 16311 16635 16648 16310 
s 2
f 16620 16635 16103 16098 
s 1
f 16654 16660 16653 
f 16400 16401 16107 16106 
f 16446 16447 16108 16120 
f 16514 16515 16110 16109 
f 16573 16400 16106 16121 
f 16584 16515 16512 16553 
f 16585 16369 16370 16554 
f 16586 16585 16554 16555 
f 16587 16586 16555 16556 
f 16573 16447 16444 16560 
f 16588 16584 16553 16563 
f 16514 16589 16594 16513 
s 2
f 16626 16627 16629 16619 
s 1
f 16401 16639 16118 16107 
s 2
f 16627 16639 16640 16629 
s 1
f 16368 16588 16563 16367 
s 2
f 16624 16625 16614 16612 
s 1
f 16352 16353 16544 16545 
f 16359 16360 16548 16549 
f 16360 16362 16550 16548 
f 16362 16364 16551 16550 
f 16364 16365 16552 16551 
f 16508 16352 16545 16561 
f 16578 16579 16557 16558 
f 16579 16580 16559 16557 
f 16580 16581 16547 16559 
f 16581 16582 16546 16547 
f 16508 16591 16566 16507 
f 16591 16658 16566 
s 2
f 16613 16614 16619 16617 
f 16625 16142 16116 16626 
s 1
f 16582 16650 16649 16546 
s 2
f 16613 16650 16638 16611 
s 1
f 16359 16651 16509 16358 
f 16365 16578 16558 16552 
f 16353 16651 16562 16544 
f 16656 16141 16096 16577 
f 16658 16656 16577 16566 
s 2
f 16614 16625 16626 16619 
s 1
f 16654 16078 16141 16656 
f 16589 16600 16662 16661 
f 16600 16664 16663 
f 16600 16663 16662 
f 16665 16658 16666 
f 16667 16670 16669 16668 
f 16671 16674 16673 16672 
f 16675 16678 16677 16676 
f 16679 16682 16681 16680 
f 16683 16686 16685 16684 
f 16687 16688 16671 16672 
f 16689 16690 16686 16683 
f 16691 16692 16670 16667 
f 16693 16694 16690 16689 
f 16695 16696 16694 16693 
f 16697 16698 16692 16691 
f 16699 16700 16698 16697 
f 16701 16702 16682 16679 
f 16703 16704 16702 16701 
f 16705 16708 16707 16706 
f 16706 16707 16688 16687 
f 16709 16669 16670 16710 
f 16678 16712 16711 16677 
f 16682 16714 16713 16681 
f 16686 16716 16715 16685 
f 16688 16718 16717 16671 
f 16690 16719 16716 16686 
f 16692 16720 16710 16670 
f 16694 16721 16719 16690 
f 16696 16722 16721 16694 
f 16698 16723 16720 16692 
f 16700 16724 16723 16698 
f 16702 16725 16714 16682 
f 16704 16726 16725 16702 
f 16708 16728 16727 16707 
f 16707 16727 16718 16688 
s 2
f 16729 16731 16730 
s 1
f 16658 16659 16666 
f 16732 16598 16599 
f 16733 16595 16593 16734 
f 16732 16599 16595 16733 
f 16732 16602 16596 16598 
f 16590 16695 16693 16592 
f 16602 16667 16668 16601 
f 16653 16672 16673 16652 
f 16655 16705 16706 16657 
f 16592 16693 16689 16659 
f 16657 16706 16687 16660 
f 16660 16687 16672 16653 
f 16735 16675 16676 16736 
f 16664 16703 16701 16663 
f 16663 16701 16679 16662 
f 16662 16679 16680 16661 
f 16666 16683 16684 16665 
f 16659 16689 16683 16666 
f 16734 16699 16697 16733 
f 16733 16697 16691 16732 
f 16732 16691 16667 16602 
f 16656 16657 16660 16654 
s 2
f 16737 16740 16739 16738 
f 16741 16737 16742 
f 16730 16743 16729 
f 16744 16746 16745 
f 16740 16737 16744 16730 
f 16744 16747 16746 
f 16740 16749 16748 
f 16740 16750 16749 
f 16730 16752 16751 
f 16730 16731 16752 
f 16740 16748 16753 
f 16740 16753 16754 
f 16755 16737 16756 
f 16742 16737 16755 
f 16744 16758 16757 
f 16744 16745 16758 
f 16729 16716 16719 16731 
f 16739 16711 16712 16738 
f 16742 16725 16726 16741 
f 16743 16715 16716 16729 
f 16746 16717 16718 16745 
f 16747 16759 16717 16746 
f 16749 16710 16720 16748 
f 16750 16709 16710 16749 
f 16752 16721 16722 16751 
f 16731 16719 16721 16752 
f 16748 16720 16723 16753 
f 16753 16723 16724 16754 
f 16756 16713 16714 16755 
f 16755 16714 16725 16742 
f 16758 16727 16728 16757 
f 16745 16718 16727 16758 
s 1
f 16594 16736 16734 16593 
f 16736 16676 16699 16734 
f 16676 16677 16700 16699 
f 16677 16711 16724 16700 
s 2
f 16711 16739 16754 16724 
f 16739 16740 16754 
s 1
f 16591 16760 16590 
f 16601 16668 16761 16760 
f 16668 16669 16762 16761 
f 16669 16709 16763 16762 
s 2
f 16709 16750 16764 16763 
f 16750 16740 16730 16764 
s 1
f 16760 16761 16695 16590 
f 16761 16762 16696 16695 
f 16762 16763 16722 16696 
s 2
f 16763 16764 16751 16722 
f 16764 16730 16751 
s 1
f 16760 16591 16597 16601 
f 16658 16665 16765 16656 
f 16665 16684 16766 16765 
f 16684 16685 16767 16766 
f 16685 16715 16768 16767 
s 2
f 16715 16743 16769 16768 
f 16743 16730 16744 16769 
s 1
f 16656 16765 16655 
f 16765 16766 16705 16655 
f 16766 16767 16708 16705 
f 16767 16768 16728 16708 
s 2
f 16768 16769 16757 16728 
f 16769 16744 16757 
s 1
f 16600 16770 16664 
f 16770 16771 16703 16664 
f 16771 16772 16704 16703 
s 2
f 16773 16774 16741 16726 
f 16774 16737 16741 
f 16737 16774 16747 16744 
f 16774 16773 16759 16747 
s 1
f 16674 16772 16771 16673 
f 16771 16770 16652 16673 
f 16770 16600 16654 16652 
s 2
f 16737 16738 16756 
f 16738 16712 16713 16756 
s 1
f 16712 16678 16681 16713 
f 16678 16675 16680 16681 
f 16675 16735 16661 16680 
f 16589 16735 16736 16594 
f 16589 16661 16735 
f 16704 16772 16773 16726 
f 16772 16674 16759 16773 
f 16674 16671 16717 16759 
s 2
f 16775 16776 16778 16777 
s 4
f 16779 16781 16782 16780 
s 8
f 16775 16779 16780 16776 
s 32
f 16778 16782 16781 16777 
s 1
f 16852 16854 16788 16789 
s 17
f 16783 16887 17689 
s 1
f 16856 16858 16860 16862 
f 16803 16804 16805 16806 
f 16921 16923 16864 16866 
f 16809 16810 16811 16812 
f 16868 17383 17384 16870 
f 16820 17385 17386 16819 
f 16927 17387 17388 16872 
f 16822 17389 17390 16821 
f 16929 17696 17650 
f 16873 16874 17410 17411 
f 16878 16961 17413 17414 
f 16879 16878 17414 17415 
f 16880 16879 17415 17425 
f 16880 17425 17424 16966 
f 16970 17430 17431 16840 
f 16835 16988 16972 16797 
f 16837 16835 16797 16798 
f 16839 16837 16798 16799 
f 16978 16839 16799 16976 
f 16849 16833 16817 16818 
f 16980 16982 16791 16785 
f 16785 16791 16792 16786 
f 16786 16792 16793 16787 
f 16787 16793 16984 16986 
f 16815 16816 16814 16813 
f 16881 17438 17439 16956 
f 16882 16883 16938 16940 
f 16885 16944 16946 16884 
f 16854 16887 16783 16788 
f 16789 16888 16891 16852 
f 16858 16894 16896 16860 
f 16862 16892 16898 16856 
f 16801 16802 16804 16803 
f 16923 16949 16901 16864 
f 16866 16899 16958 16921 
f 16807 16808 16812 16811 
f 16844 16987 17435 17436 
f 16843 16989 16990 16800 
f 16790 16979 16973 16800 
f 16790 16991 16992 16795 
f 16841 16993 16981 16795 
f 16982 16994 16791 
f 16791 16831 16829 16792 
f 16792 16829 16827 16793 
f 16793 16827 16996 16984 
f 16847 16825 16816 16815 
f 16885 16882 16940 16944 
f 16992 16997 16841 16795 
f 16981 16979 16790 16795 
f 16974 16980 16785 16797 
f 16797 16785 16786 16798 
f 16798 16786 16787 16799 
f 16799 16787 16986 16976 
f 16813 16814 16818 16817 
f 16883 16902 16953 16938 
f 16990 16991 16790 16800 
f 16973 16971 16843 16800 
f 16904 17391 17392 17674 
f 16804 16853 16851 16805 
f 16806 16861 16859 16803 
f 16869 17393 17385 16820 
f 16802 16886 16853 16804 
f 16803 16859 16895 16801 
f 16805 16890 16806 
f 16810 16865 16863 16811 
f 16812 16857 16855 16809 
f 16871 17394 17389 16822 
f 16808 16893 16857 16812 
f 16811 16863 16900 16807 
f 16809 16897 16810 
f 17674 17392 17395 17672 
f 16874 16875 17409 17410 
f 16850 16846 17426 17427 
f 16833 16977 16975 16817 
f 16818 16796 16845 16849 
f 16816 16794 16784 16814 
f 16813 16985 16983 16815 
f 16825 16823 16794 16816 
f 16815 16983 16995 16847 
f 16814 16784 16796 16818 
f 16817 16975 16985 16813 
f 16929 16905 16906 16889 
f 16929 16889 17697 
f 17674 17689 16887 16904 
f 16903 16886 16802 16819 
f 16819 16802 16801 16820 
f 16820 16801 16895 16869 
f 16870 16896 16894 16868 
f 16867 16893 16808 16821 
f 16821 16808 16807 16822 
f 16822 16807 16900 16871 
f 16872 16901 16949 16927 
f 16848 16826 16825 16847 
f 16933 16877 16884 16946 
f 16828 16963 16996 16827 
f 16830 16828 16827 16829 
f 16832 16830 16829 16831 
f 16832 16831 16965 
f 16850 16834 16833 16849 
f 16970 16840 16839 16978 
f 16840 16838 16837 16839 
f 16838 16836 16835 16837 
f 16836 16988 16835 
f 16881 16956 16953 16902 
f 16842 16964 16993 16841 
f 16842 16841 16997 16998 
f 16844 16999 16989 16843 
f 16844 16843 16971 16987 
f 16826 16824 16823 16825 
f 16848 16847 16995 16962 
f 16834 16969 16977 16833 
f 16846 16850 16849 16845 
f 16891 16890 16851 16852 
f 16862 16861 16890 16892 
f 16898 16897 16855 16856 
f 16866 16865 16897 16899 
f 16905 16899 16897 16898 
f 16906 16892 16890 16891 
f 16854 16852 16851 16853 
f 16858 16856 16855 16857 
f 16862 16860 16859 16861 
f 16866 16864 16863 16865 
f 16868 16867 17396 17383 
f 16870 17384 17393 16869 
f 16872 17388 17394 16871 
f 16881 16999 17437 17438 
f 16883 16882 16991 16990 
f 16885 16884 16997 16992 
f 16887 16854 16853 16886 
f 16894 16858 16857 16893 
f 16860 16896 16895 16859 
f 16864 16901 16900 16863 
f 16882 16885 16992 16991 
f 16902 16883 16990 16989 
f 16904 16903 17397 17391 
f 17662 17398 17399 17656 
f 16905 16929 16958 16899 
f 16906 16905 16898 16892 
f 16889 16906 16891 16888 
f 16876 17656 17399 17400 
f 16904 16887 16886 16903 
f 16896 16870 16869 16895 
f 16868 16894 16893 16867 
f 16901 16872 16871 16900 
f 16884 16877 16998 16997 
f 16881 16902 16989 16999 
f 16890 16861 16806 
f 16805 16851 16890 
f 16897 16865 16810 
f 16809 16855 16897 
f 16968 16967 17423 17422 
f 16968 17422 17421 17000 
f 17000 17421 17420 17649 
f 17649 17420 17419 17650 
f 17401 17395 17583 17584 
f 17428 17427 17548 17549 
f 17432 17431 17552 17553 
f 17433 17432 17553 17554 
f 17434 17433 17554 17555 
f 17397 17386 17579 17580 
f 17396 17390 17573 17574 
f 17398 17401 17584 17585 
f 17429 17428 17549 17550 
f 17426 17443 17546 17547 
f 16846 16845 16913 16914 
f 16907 16909 17477 
f 16845 16796 16912 16913 
f 16909 16823 16824 16908 
f 16794 16823 16909 16910 
f 16784 16794 16910 16911 
f 16796 16784 16911 16912 
f 16909 16907 16910 
f 16910 16907 16911 
f 16911 16907 16912 
f 16912 16907 17481 16913 
f 16913 17481 17445 16914 
f 16914 17445 17447 17443 
f 16908 16824 17409 17408 
s 2
f 16920 16917 16924 
f 16959 16930 16916 16917 
f 16930 16935 16915 16916 
f 16935 17417 17416 16915 
f 16920 16959 16917 
f 16917 16950 16924 
f 16917 16926 16950 
f 16932 16947 16918 
f 17402 17403 17566 17567 
f 17403 17404 17565 17566 
f 17404 17405 17564 17565 
f 17405 17607 17588 17564 
f 17442 17441 17562 17563 
f 16952 16955 16918 
f 16937 16952 16918 
f 16941 16937 16918 
f 16943 16941 16918 
f 16947 16943 16918 
s 1
f 16923 16921 16919 16922 
f 17387 17406 17568 17569 
f 16929 17650 16934 16928 
f 16956 17439 17440 16954 
f 16940 16938 16936 16939 
f 16946 16944 16942 16945 
f 16949 16923 16922 16948 
f 16921 16958 16957 16919 
f 16944 16940 16939 16942 
f 16938 16953 16951 16936 
f 16927 16949 16948 16925 
f 16933 16946 16945 16931 
f 16953 16956 16954 16951 
f 16958 16929 16928 16957 
f 17650 17419 17418 16934 
s 2
f 16920 16924 16922 16919 
f 16930 16959 16957 16928 
f 16930 16928 16934 16935 
f 17321 17417 17418 17320 
f 16959 16920 16919 16957 
f 16924 16950 16948 16922 
f 16950 16926 16925 16948 
f 16947 16932 16931 16945 
f 16926 17402 17406 16925 
f 17441 17440 17561 17562 
f 16955 16952 16951 16954 
f 16952 16937 16936 16951 
f 16937 16941 16939 16936 
f 16941 16943 16942 16939 
f 16943 16947 16945 16942 
s 1
f 16963 17413 17412 16962 
f 16966 17424 17423 16967 
f 17430 17429 17550 17551 
f 16974 16972 16971 16973 
f 16978 16976 16975 16977 
f 16982 16980 16979 16981 
f 16986 16984 16983 16985 
f 16994 16982 16981 16993 
f 16984 16996 16995 16983 
f 16980 16974 16973 16979 
f 16976 16986 16985 16975 
f 16996 16963 16962 16995 
f 16965 16994 16993 16964 
f 16970 16978 16977 16969 
f 16972 16988 16987 16971 
f 16988 17434 17435 16987 
f 16873 17411 17412 16960 
f 17001 17004 17003 17002 
f 17005 17008 17007 17006 
f 17009 17011 17010 
f 17012 17015 17014 17013 
f 17016 17018 17017 
f 17019 17022 17021 17020 
f 17023 17026 17025 17024 
f 17027 17030 17029 17028 
f 17031 17034 17033 17032 
f 17576 17384 17383 17575 
f 17579 17386 17385 17578 
f 17570 17388 17387 17569 
f 17573 17390 17389 17572 
f 17009 17043 17011 
f 17044 17047 17046 17045 
f 17048 17051 17050 17049 
f 17052 17048 17049 
f 17053 17050 17051 17054 
f 17055 17053 17054 17056 
f 17057 17055 17056 17058 
f 17059 17062 17061 17060 
f 17063 17066 17065 17064 
f 17067 17070 17069 17068 
f 17070 17047 17071 17069 
f 17072 17074 17073 
f 17073 17074 17044 17045 
f 17075 17603 17604 17076 
f 17043 17081 17080 17079 
f 17082 17600 17601 17083 
f 17086 17599 17600 17082 
f 17088 17598 17599 17086 
f 17088 17091 17597 17598 
f 17552 17431 17430 17551 
f 17094 17097 17096 17095 
f 17098 17099 17097 17094 
f 17100 17101 17099 17098 
f 17102 17103 17101 17100 
f 17104 17107 17106 17105 
f 17108 17111 17110 17109 
f 17111 17113 17112 17110 
f 17113 17115 17114 17112 
f 17115 17117 17116 17114 
f 17118 17121 17120 17119 
f 17560 17439 17438 17559 
f 17124 17127 17126 17125 
f 17128 17131 17130 17129 
f 17002 17003 17016 17017 
f 17004 17001 17133 17132 
f 17134 17005 17006 17135 
f 17136 17007 17008 17137 
f 17020 17021 17139 17138 
f 17022 17019 17141 17140 
f 17142 17023 17024 17143 
f 17028 17029 17145 17144 
f 17030 17027 17147 17146 
f 17148 17033 17034 17149 
f 17049 17050 17151 17150 
f 17051 17048 17073 17045 
f 17052 17049 17150 17152 
f 17048 17052 17072 17073 
f 17054 17051 17045 17046 
f 17050 17053 17153 17151 
f 17056 17054 17046 17154 
f 17053 17055 17155 17153 
f 17058 17056 17154 17156 
f 17055 17057 17157 17155 
f 17060 17061 17159 17158 
f 17160 17062 17059 17161 
f 17052 17162 17274 17072 
f 17163 17162 17052 17152 
f 17557 17436 17435 17556 
f 17166 17169 17168 17167 
f 17170 17169 17172 17171 
f 17170 17175 17174 17173 
f 17176 17175 17178 17177 
f 17109 17110 17180 17179 
f 17110 17112 17181 17180 
f 17112 17114 17182 17181 
f 17114 17116 17183 17182 
f 17184 17118 17119 17185 
f 17128 17129 17127 17124 
f 17174 17175 17176 17186 
f 17178 17175 17170 17171 
f 17096 17097 17111 17108 
f 17097 17099 17113 17111 
f 17099 17101 17115 17113 
f 17101 17103 17117 17115 
f 17121 17106 17107 17120 
f 17125 17126 17188 17187 
f 17168 17169 17170 17173 
f 17172 17169 17166 17189 
f 17190 17193 17192 17191 
f 17582 17392 17391 17581 
f 17024 17025 17197 17196 
f 17026 17023 17199 17198 
f 17578 17385 17393 17577 
f 17143 17024 17196 17201 
f 17023 17142 17202 17199 
f 17025 17026 17203 
f 17032 17033 17205 17204 
f 17034 17031 17207 17206 
f 17572 17389 17394 17571 
f 17149 17034 17206 17209 
f 17033 17148 17210 17205 
f 17031 17032 17211 
f 17583 17395 17392 17582 
f 17213 17012 17013 17214 
f 17135 17014 17015 17134 
f 17064 17065 17216 17215 
f 17159 17066 17063 17158 
f 17068 17069 17218 17217 
f 17070 17067 17156 17154 
f 17069 17071 17219 17218 
f 17047 17070 17154 17046 
f 17191 17192 17018 17016 
f 17006 17007 17059 17060 
f 17008 17005 17003 17004 
f 17013 17014 17063 17064 
f 17015 17012 17190 17191 
f 17076 17604 17605 17220 
f 17075 17224 17223 17222 
f 17548 17427 17426 17547 
f 17105 17106 17228 17227 
f 17107 17104 17230 17229 
f 17119 17120 17232 17231 
f 17121 17118 17234 17233 
f 17135 17006 17060 17158 
f 17005 17134 17016 17003 
f 17137 17008 17004 17132 
f 17007 17136 17161 17059 
f 17185 17119 17231 17235 
f 17118 17184 17236 17234 
f 17120 17107 17229 17232 
f 17106 17121 17233 17228 
f 17214 17013 17064 17215 
f 17012 17213 17190 
f 17134 17015 17191 17016 
f 17014 17135 17158 17063 
f 17190 17213 17237 17193 
f 17047 17044 17238 17071 
f 17044 17074 17239 17238 
f 17074 17072 17239 
f 17071 17238 17219 
f 17238 17239 17219 
f 17239 17072 17240 17219 
f 17009 17242 17241 
f 17009 17241 17243 
f 17009 17243 17244 
f 17009 17244 17246 17245 
f 17009 17247 17242 
f 17009 17249 17248 
f 17009 17250 17249 
f 17009 17010 17250 
f 17011 17043 17079 
f 17251 17252 17193 17237 
f 17252 17212 17192 17193 
f 17212 17195 17018 17192 
f 17195 17194 17017 17018 
f 17253 17038 17143 17201 
f 17038 17037 17142 17143 
f 17037 17200 17202 17142 
f 17036 17035 17138 17139 
f 17254 17042 17149 17209 
f 17042 17041 17148 17149 
f 17041 17208 17210 17148 
f 17040 17039 17144 17145 
f 17078 17184 17185 17077 
f 17255 17130 17131 17256 
f 17085 17182 17183 17084 
f 17087 17181 17182 17085 
f 17089 17180 17181 17087 
f 17089 17090 17179 17180 
f 17225 17104 17105 17257 
f 17092 17102 17100 17093 
f 17093 17100 17098 17258 
f 17258 17098 17094 17259 
f 17259 17094 17095 17260 
f 17122 17187 17188 17123 
f 17261 17176 17177 17262 
f 17261 17263 17186 17176 
f 17164 17166 17167 17264 
f 17164 17165 17189 17166 
f 17077 17185 17235 17221 
f 17078 17265 17236 17184 
f 17257 17105 17227 17266 
f 17226 17230 17104 17225 
f 17133 17001 17197 17203 
f 17022 17140 17203 17198 
f 17141 17019 17207 17211 
f 17030 17146 17211 17204 
f 17245 17141 17211 17146 
f 17246 17133 17203 17140 
f 17002 17196 17197 17001 
f 17011 17150 17151 17010 
f 17020 17206 17207 17019 
f 17022 17198 17199 17021 
f 17030 17204 17205 17029 
f 17575 17383 17396 17574 
f 17577 17393 17384 17576 
f 17571 17394 17388 17570 
f 17076 17267 17224 17075 
f 17268 17270 17269 17220 
f 17080 17163 17152 17079 
f 17222 17223 17271 17083 
f 17082 17273 17272 17086 
f 17086 17272 17240 17088 
f 17088 17240 17072 17091 
f 17559 17438 17437 17558 
f 17125 17168 17173 17124 
f 17128 17174 17186 17131 
f 17017 17201 17196 17002 
f 17138 17209 17206 17020 
f 17021 17199 17202 17139 
f 17029 17205 17210 17145 
f 17124 17173 17174 17128 
f 17187 17167 17168 17125 
f 17581 17391 17397 17580 
f 17586 17399 17398 17585 
f 17214 17224 17267 17213 
f 17216 17271 17223 17215 
f 17218 17272 17273 17217 
f 17219 17240 17272 17218 
f 17220 17269 17267 17076 
f 17215 17223 17224 17214 
f 17213 17267 17269 17237 
f 17242 17161 17136 17241 
f 17241 17136 17137 17243 
f 17243 17137 17132 17244 
f 17245 17146 17147 17009 
f 17246 17140 17141 17245 
f 17244 17132 17133 17246 
f 17247 17160 17161 17242 
f 17249 17155 17157 17248 
f 17250 17153 17155 17249 
f 17010 17151 17153 17250 
f 17079 17152 17150 17011 
f 17587 17400 17399 17586 
f 17237 17269 17270 17251 
f 17194 17253 17201 17017 
f 17139 17202 17200 17036 
f 17035 17254 17209 17138 
f 17145 17210 17208 17040 
f 17131 17186 17263 17256 
f 17122 17264 17167 17187 
f 17203 17026 17198 
f 17025 17203 17197 
f 17211 17032 17204 
f 17031 17211 17207 
f 17162 17595 17596 17274 
f 17162 17163 17594 17595 
f 17163 17080 17593 17594 
f 17080 17081 17592 17593 
f 17437 17436 17557 17558 
f 17226 17275 17276 17230 
f 17637 17278 17277 17635 
f 17230 17276 17279 17229 
f 17277 17278 17221 17235 
f 17231 17280 17277 17235 
f 17232 17281 17280 17231 
f 17229 17279 17281 17232 
f 17278 17606 17605 17221 
s 2
f 17282 17284 17283 
f 17285 17283 17287 17286 
f 17286 17287 17289 17288 
f 17288 17289 17589 17590 
f 17282 17283 17285 
f 17283 17284 17292 
f 17283 17292 17293 
f 17290 17291 17294 
f 17296 17291 17295 
f 17297 17291 17296 
f 17298 17291 17297 
f 17299 17291 17298 
f 17294 17291 17299 
s 1
f 17028 17301 17300 17027 
f 17009 17304 17303 17043 
f 17043 17303 17081 
f 17561 17440 17439 17560 
f 17127 17307 17306 17126 
f 17130 17309 17308 17129 
f 17144 17310 17301 17028 
f 17027 17300 17311 17147 
f 17129 17308 17307 17127 
f 17126 17306 17312 17188 
f 17039 17302 17310 17144 
f 17255 17313 17309 17130 
f 17188 17312 17305 17123 
f 17147 17311 17304 17009 
f 17081 17303 17591 17592 
s 2
f 17282 17300 17301 17284 
f 17286 17304 17311 17285 
f 17288 17303 17304 17286 
f 17290 17313 17591 17590 
f 17285 17311 17300 17282 
f 17284 17301 17310 17292 
f 17292 17310 17302 17293 
f 17294 17309 17313 17290 
f 17568 17406 17402 17567 
f 17295 17305 17312 17296 
f 17296 17312 17306 17297 
f 17297 17306 17307 17298 
f 17298 17307 17308 17299 
f 17299 17308 17309 17294 
s 1
f 17084 17265 17602 17601 
f 17091 17274 17596 17597 
f 17096 17172 17189 17095 
f 17102 17227 17228 17103 
f 17109 17178 17171 17108 
f 17117 17233 17234 17116 
f 17179 17177 17178 17109 
f 17116 17234 17236 17183 
f 17108 17171 17172 17096 
f 17103 17228 17233 17117 
f 17183 17236 17265 17084 
f 17090 17262 17177 17179 
f 17092 17266 17227 17102 
f 17095 17189 17165 17260 
f 17556 17435 17434 17555 
f 17091 17072 17274 
f 17083 17271 17273 17082 
f 17271 17216 17217 17273 
f 17216 17065 17068 17217 
f 17065 17066 17067 17068 
f 17066 17159 17156 17067 
f 17159 17061 17058 17156 
f 17061 17062 17057 17058 
f 17062 17160 17157 17057 
f 17160 17247 17248 17157 
f 17247 17009 17248 
f 17075 17222 17602 17603 
f 16994 16965 16831 16791 
f 16972 16974 16797 
f 16832 16965 17314 
f 17314 16965 16964 17315 
f 17315 16964 16842 17316 
f 17316 16842 16998 17317 
f 17317 16998 16877 17318 
f 17318 16877 16933 17319 
f 17319 16933 16931 17320 
s 2
f 17320 16931 16932 17321 
f 17321 16932 16918 
s 1
f 17463 17408 17407 17475 
f 17477 17479 16907 
f 17479 17481 16907 
f 16908 17408 17471 17483 
f 16909 16908 17483 17477 
f 17464 17462 17322 17323 
f 17466 17464 17323 17324 
f 17468 17466 17324 17325 
f 17470 17468 17325 17326 
f 17482 17470 17326 17327 
f 17476 17482 17327 17328 
f 17478 17476 17328 17329 
f 17480 17478 17329 17330 
f 17444 17480 17330 17331 
f 17446 17444 17331 17332 
f 17448 17446 17332 17333 
f 17450 17448 17333 17334 
f 17452 17450 17334 17335 
f 17454 17452 17335 17336 
f 17456 17454 17336 17337 
f 17458 17456 17337 17338 
f 17460 17458 17338 17339 
f 17472 17460 17339 17340 
f 17474 17472 17340 17341 
f 17462 17474 17341 17322 
f 17323 17322 17343 17345 
f 17324 17323 17345 17347 
f 17325 17324 17347 17349 
f 17326 17325 17349 17351 
f 17327 17326 17351 17353 
f 17328 17327 17353 17355 
f 17329 17328 17355 17357 
f 17330 17329 17357 17359 
f 17331 17330 17359 17361 
f 17332 17331 17361 17363 
f 17333 17332 17363 17365 
f 17334 17333 17365 17367 
f 17335 17334 17367 17369 
f 17336 17335 17369 17371 
f 17337 17336 17371 17373 
f 17338 17337 17373 17375 
f 17339 17338 17375 17377 
f 17340 17339 17377 17379 
f 17341 17340 17379 17381 
f 17322 17341 17381 17343 
s 2
f 17346 17344 17342 
f 17348 17346 17342 
f 17350 17348 17342 
f 17352 17350 17342 
f 17354 17352 17342 
f 17356 17354 17342 
f 17358 17356 17342 
f 17360 17358 17342 
f 17362 17360 17342 
f 17364 17362 17342 
f 17366 17364 17342 
f 17368 17366 17342 
f 17370 17368 17342 
f 17372 17370 17342 
f 17374 17372 17342 
f 17376 17374 17342 
f 17378 17376 17342 
f 17380 17378 17342 
f 17382 17380 17342 
f 17344 17382 17342 
f 17344 17346 17345 17343 
f 17346 17348 17347 17345 
f 17348 17350 17349 17347 
f 17350 17352 17351 17349 
f 17352 17354 17353 17351 
f 17354 17356 17355 17353 
f 17356 17358 17357 17355 
f 17358 17360 17359 17357 
f 17360 17362 17361 17359 
f 17362 17364 17363 17361 
f 17364 17366 17365 17363 
f 17366 17368 17367 17365 
f 17368 17370 17369 17367 
f 17370 17372 17371 17369 
f 17372 17374 17373 17371 
f 17374 17376 17375 17373 
f 17376 17378 17377 17375 
f 17378 17380 17379 17377 
f 17380 17382 17381 17379 
f 17382 17344 17343 17381 
s 1
f 17401 17667 17672 17395 
f 17397 16903 16819 17386 
f 17396 16867 16821 17390 
f 17398 17662 17667 17401 
s 2
f 17402 16926 16917 17403 
f 17403 16917 16916 17404 
f 17404 16916 16915 17405 
s 1
f 17387 16927 16925 17406 
f 17408 16876 17400 17407 
f 17463 17465 17408 
f 17407 17461 17473 
f 17459 17461 17407 
f 17457 17407 17443 17455 
f 17407 17473 17475 
f 17465 17467 17408 
f 17467 17469 17408 
f 17469 17471 17408 
f 17410 16826 16848 17411 
f 17413 16963 16828 17414 
f 17414 16828 16830 17415 
f 17409 16824 16826 17410 
f 17409 16875 16876 17408 
f 17413 16961 16960 17412 
f 17411 16848 16962 17412 
f 17425 16832 17314 17424 
f 17423 17315 17316 17422 
f 17422 17316 17317 17421 
f 17421 17317 17318 17420 
f 17420 17318 17319 17419 
s 2
f 17417 17321 16918 17416 
s 1
f 17419 17319 17320 17418 
s 2
f 17417 16935 16934 17418 
s 1
f 17424 17314 17315 17423 
f 17415 16830 16832 17425 
f 17428 16834 16850 17427 
f 17432 16838 16840 17431 
f 17433 16836 16838 17432 
f 17434 16988 16836 17433 
f 17437 16999 16844 17436 
f 17429 16969 16834 17428 
f 17426 16846 16914 17443 
s 2
f 17442 16918 16955 17441 
f 17441 16955 16954 17440 
s 1
f 17430 16970 16969 17429 
f 17443 17407 17545 17546 
f 17453 17455 17443 
f 17451 17453 17443 
f 17449 17451 17443 
f 17447 17449 17443 
f 17447 17445 17444 17446 
f 17463 17475 17474 17462 
f 17479 17477 17476 17478 
f 17481 17479 17478 17480 
f 17445 17481 17480 17444 
f 17483 17471 17470 17482 
f 17477 17483 17482 17476 
f 17465 17463 17462 17464 
f 17473 17461 17460 17472 
f 17461 17459 17458 17460 
f 17459 17457 17456 17458 
f 17475 17473 17472 17474 
f 17467 17465 17464 17466 
f 17469 17467 17466 17468 
f 17471 17469 17468 17470 
f 17457 17455 17454 17456 
f 17455 17453 17452 17454 
f 17453 17451 17450 17452 
f 17451 17449 17448 17450 
f 17449 17447 17446 17448 
f 17616 17614 17484 17485 
f 17638 17616 17485 17486 
f 17618 17638 17486 17487 
f 17620 17618 17487 17488 
f 17622 17620 17488 17489 
f 17624 17622 17489 17490 
f 17640 17624 17490 17491 
f 17642 17640 17491 17492 
f 17626 17642 17492 17493 
f 17628 17626 17493 17494 
f 17630 17628 17494 17495 
f 17632 17630 17495 17496 
f 17634 17632 17496 17497 
f 17636 17634 17497 17498 
f 17608 17636 17498 17499 
f 17610 17608 17499 17500 
f 17644 17610 17500 17501 
f 17646 17644 17501 17502 
f 17612 17646 17502 17503 
f 17614 17612 17503 17484 
f 17485 17484 17504 17505 
f 17486 17485 17505 17506 
f 17487 17486 17506 17507 
f 17488 17487 17507 17508 
f 17489 17488 17508 17509 
f 17490 17489 17509 17510 
f 17491 17490 17510 17511 
f 17492 17491 17511 17512 
f 17493 17492 17512 17513 
f 17494 17493 17513 17514 
f 17495 17494 17514 17515 
f 17496 17495 17515 17516 
f 17497 17496 17516 17517 
f 17498 17497 17517 17518 
f 17499 17498 17518 17519 
f 17500 17499 17519 17520 
f 17501 17500 17520 17521 
f 17502 17501 17521 17522 
f 17503 17502 17522 17523 
f 17484 17503 17523 17504 
s 2
f 17524 17525 17526 
f 17527 17524 17526 
f 17528 17527 17526 
f 17529 17528 17526 
f 17530 17529 17526 
f 17531 17530 17526 
f 17532 17531 17526 
f 17533 17532 17526 
f 17534 17533 17526 
f 17535 17534 17526 
f 17536 17535 17526 
f 17537 17536 17526 
f 17538 17537 17526 
f 17539 17538 17526 
f 17540 17539 17526 
f 17541 17540 17526 
f 17542 17541 17526 
f 17543 17542 17526 
f 17544 17543 17526 
f 17525 17544 17526 
f 17525 17524 17505 17504 
f 17524 17527 17506 17505 
f 17527 17528 17507 17506 
f 17528 17529 17508 17507 
f 17529 17530 17509 17508 
f 17530 17531 17510 17509 
f 17531 17532 17511 17510 
f 17532 17533 17512 17511 
f 17533 17534 17513 17512 
f 17534 17535 17514 17513 
f 17535 17536 17515 17514 
f 17536 17537 17516 17515 
f 17537 17538 17517 17516 
f 17538 17539 17518 17517 
f 17539 17540 17519 17518 
f 17540 17541 17520 17519 
f 17541 17542 17521 17520 
f 17542 17543 17522 17521 
f 17543 17544 17523 17522 
f 17544 17525 17504 17523 
s 1
f 17407 17400 17587 17545 
f 17545 17621 17623 17546 
f 17546 17275 17226 17547 
f 17547 17226 17225 17548 
f 17548 17225 17257 17549 
f 17549 17257 17266 17550 
f 17550 17266 17092 17551 
f 17551 17092 17093 17552 
f 17552 17093 17258 17553 
f 17553 17258 17259 17554 
f 17554 17259 17260 17555 
f 17555 17260 17165 17556 
f 17556 17165 17164 17557 
f 17557 17164 17264 17558 
f 17558 17264 17122 17559 
f 17559 17122 17123 17560 
f 17560 17123 17305 17561 
s 2
f 17561 17305 17295 17562 
f 17562 17295 17291 17563 
f 17563 17291 17589 17588 
f 17564 17289 17287 17565 
f 17565 17287 17283 17566 
f 17566 17283 17293 17567 
f 17567 17293 17302 17568 
s 1
f 17568 17302 17039 17569 
f 17569 17039 17040 17570 
f 17570 17040 17208 17571 
f 17571 17208 17041 17572 
f 17572 17041 17042 17573 
f 17573 17042 17254 17574 
f 17574 17254 17035 17575 
f 17575 17035 17036 17576 
f 17576 17036 17200 17577 
f 17577 17200 17037 17578 
f 17578 17037 17038 17579 
f 17579 17038 17253 17580 
f 17580 17253 17194 17581 
f 17581 17194 17195 17582 
f 17582 17195 17212 17583 
f 17583 17212 17252 17584 
f 17584 17252 17251 17585 
f 17585 17251 17270 17586 
f 17586 17270 17268 17587 
f 17587 17268 17606 17545 
f 17603 17078 17077 17604 
f 17600 17085 17084 17601 
f 17599 17087 17085 17600 
f 17598 17089 17087 17599 
f 17597 17090 17089 17598 
f 17604 17077 17221 17605 
f 17595 17261 17262 17596 
f 17594 17263 17261 17595 
f 17593 17256 17263 17594 
f 17592 17255 17256 17593 
f 17606 17268 17220 17605 
s 2
f 17589 17291 17290 17590 
f 17607 17442 17563 17588 
s 1
f 17591 17313 17255 17592 
s 2
f 17591 17303 17288 17590 
s 1
f 17602 17222 17083 17601 
f 17596 17262 17090 17597 
f 17602 17265 17078 17603 
s 2
f 17589 17289 17564 17588 
f 17416 17442 17607 
s 1
f 17606 17613 17615 17545 
f 17606 17609 17611 
f 17606 17611 17645 
f 17606 17645 17647 
f 17606 17647 17613 
f 17545 17615 17617 
f 17545 17617 17639 
f 17545 17639 17619 
f 17545 17619 17621 
f 17623 17625 17546 
f 17625 17641 17546 
f 17641 17643 17546 
f 17643 17627 17546 
f 17457 17459 17407 
f 17637 17609 17606 17278 
f 17277 17280 17633 17635 
f 17280 17281 17631 17633 
f 17281 17279 17629 17631 
f 17279 17276 17629 
f 17276 17275 17629 
f 17275 17546 17627 17629 
s 2
f 17416 16918 17442 
f 17405 16915 17416 17607 
s 1
f 17637 17635 17634 17636 
f 17623 17621 17620 17622 
f 17615 17613 17612 17614 
f 17611 17609 17608 17610 
f 17645 17611 17610 17644 
f 17647 17645 17644 17646 
f 17613 17647 17646 17612 
f 17617 17615 17614 17616 
f 17639 17617 17616 17638 
f 17619 17639 17638 17618 
f 17621 17619 17618 17620 
f 17625 17623 17622 17624 
f 17641 17625 17624 17640 
f 17643 17641 17640 17642 
f 17627 17643 17642 17626 
f 17609 17637 17636 17608 
f 17635 17633 17632 17634 
f 17633 17631 17630 17632 
f 17631 17629 17628 17630 
f 17629 17627 17626 17628 
s 3
f 16789 16788 17676 17683 
s 5
f 16789 17698 17700 
s 9
f 16889 16888 17695 17697 
s 145
f 16788 17692 17680 17676 
s 65
f 17000 17649 17696 17652 
s 2160
f 17696 17651 17652 
s 1
f 16874 16873 17653 17654 
f 16961 16878 17658 
s 3
f 16878 16879 17679 17685 
s 1025
f 16879 16880 17677 17679 
s 17
f 16880 16966 17682 17677 
s 1
f 16875 16874 17654 17655 
f 16873 16960 17657 17653 
f 16876 16875 17655 17656 
f 16960 16961 17658 17657 
f 17654 17653 17659 17660 
f 17655 17654 17660 17661 
f 17653 17657 17663 17659 
f 17656 17655 17661 17662 
f 17657 17658 17663 
f 17660 17659 17664 17665 
f 17661 17660 17665 17666 
f 17659 17663 17668 17664 
f 17662 17661 17666 17667 
f 17663 17658 17668 
s 257
f 17665 17664 17669 17670 
s 3
f 17666 17665 17670 17671 
f 17664 17668 17673 17669 
s 1
f 17667 17666 17671 17672 
s 33
f 17668 17658 17673 
s 3840
f 17670 17669 17691 17690 
s 1038
f 17671 17670 17690 17689 
s 18450
f 17669 17673 17688 17691 
s 9
f 17672 17671 17689 17674 
s 17504
f 17673 17658 17686 17688 
s 129
f 16878 17685 17658 
s 164608
f 17687 16783 17688 17686 
s 112
f 16783 17689 17690 
s 4288
f 16783 17690 17691 
s 524814
f 17683 17676 17675 17681 
s 17280
f 17676 17680 17678 17675 
s 73734
f 17685 17679 17678 17684 
s 15360
f 17679 17677 17675 17678 
s 133232
f 17677 17682 17681 17675 
s 66688
f 17658 17685 17684 17686 
s 395264
f 17692 17687 17686 17684 
s 278552
f 17680 17692 17684 17678 
s 1025
f 17682 16966 16967 17693 
s 65
f 17693 16967 16968 17694 
s 1025
f 17694 16968 17000 17652 
s 2305
f 16788 16783 17687 17692 
s 17
f 16929 17648 17696 
s 142
f 17695 17651 17648 17697 
s 5
f 17697 17648 16929 
s 45056
f 16783 17691 17688 
s 8193
f 16789 17683 17698 
s 15360
f 17694 17652 17651 17699 
s 17280
f 17699 17651 17695 17700 
s 257
f 17700 17695 16888 16789 
s 40962
f 17694 17699 17701 
s 295104
f 17702 17693 17694 17701 
s 394240
f 17681 17682 17693 17702 
s 81940
f 17699 17700 17698 17701 
s 69888
f 17701 17698 17702 
s 536576
f 17702 17698 17683 17681 
s 4
f 17703 17704 17705 
s 8
f 17706 17707 17708 
s 16
f 17709 17710 17711 
s 1
f 17712 17713 17714 17715 
s 4
f 17703 17716 17717 17718 
f 17705 17719 17714 17713 
f 17704 17720 17721 17722 
s 1
f 17723 17724 17717 17716 
s 8
f 17706 17715 17714 17719 
f 17708 17725 17726 17727 
f 17707 17722 17721 17728 
s 16
f 17709 17729 17726 17725 
f 17711 17718 17717 17724 
f 17710 17728 17721 17720 
s 1
f 17730 17727 17726 17729 
f 17712 17715 17731 17732 
s 4
f 17704 17722 17719 17705 
f 17703 17718 17720 17704 
s 1
f 17723 17716 17733 17734 
s 8
f 17707 17728 17725 17708 
f 17706 17719 17722 17707 
s 16
f 17710 17720 17718 17711 
f 17709 17725 17728 17710 
s 1
f 17730 17729 17735 17736 
s 16
f 17709 17711 17737 17738 
s 8
f 17706 17708 17739 17740 
s 1
f 17723 17741 17742 17724 
s 4
f 17743 17744 17745 
s 8
f 17746 17747 17748 
s 16
f 17738 17737 17749 
s 1
f 17750 17751 17752 17753 
s 4
f 17743 17754 17755 17756 
f 17744 17753 17752 17757 
f 17745 17758 17759 17760 
s 1
f 17741 17756 17755 17742 
s 8
f 17746 17757 17752 17751 
f 17747 17761 17762 17763 
f 17748 17764 17759 17758 
s 16
f 17738 17763 17762 17735 
f 17737 17742 17755 17754 
f 17749 17760 17759 17764 
s 1
f 17736 17735 17762 17761 
f 17750 17765 17766 17751 
s 4
f 17744 17767 17768 17753 
f 17745 17744 17757 17758 
f 17743 17745 17760 17754 
s 1
f 17741 17769 17770 17756 
s 8
f 17748 17747 17763 17764 
f 17746 17748 17758 17757 
s 16
f 17737 17711 17724 17742 
f 17749 17737 17754 17760 
f 17738 17749 17764 17763 
s 4
f 17743 17771 17767 17744 
s 16
f 17709 17738 17735 17729 
s 1
f 17712 17772 17773 17713 
f 17750 17774 17775 17765 
f 17753 17768 17774 17750 
s 4
f 17756 17770 17771 17743 
f 17776 17777 17778 
s 8
f 17779 17780 17781 
s 16
f 17782 17783 17784 
s 1
f 17772 17785 17786 17773 
s 4
f 17776 17787 17788 17733 
f 17777 17773 17786 17789 
f 17778 17790 17791 17792 
s 1
f 17734 17733 17788 17793 
s 8
f 17779 17789 17786 17785 
f 17780 17794 17795 17796 
f 17781 17797 17791 17790 
s 16
f 17782 17796 17795 17798 
f 17783 17793 17788 17787 
f 17784 17792 17791 17797 
s 1
f 17799 17798 17795 17794 
f 17772 17800 17801 17785 
s 4
f 17777 17705 17713 17773 
f 17778 17777 17789 17790 
f 17776 17778 17792 17787 
s 8
f 17781 17780 17796 17797 
f 17779 17781 17790 17789 
s 16
f 17784 17783 17787 17792 
f 17782 17784 17797 17796 
s 1
f 17799 17802 17803 17798 
s 16
f 17782 17804 17805 17783 
s 4
f 17776 17703 17705 17777 
s 1
f 17769 17734 17793 17806 
s 4
f 17771 17807 17767 
s 8
f 17808 17809 17810 
s 16
f 17804 17811 17805 
s 1
f 17774 17768 17812 17813 
s 4
f 17771 17770 17814 17815 
f 17767 17816 17812 17768 
f 17807 17817 17818 17819 
s 1
f 17769 17806 17814 17770 
s 8
f 17808 17813 17812 17816 
f 17810 17820 17821 17822 
f 17809 17819 17818 17823 
s 16
f 17804 17803 17821 17820 
f 17805 17815 17814 17806 
f 17811 17823 17818 17817 
s 1
f 17802 17822 17821 17803 
f 17774 17813 17824 17775 
s 4
f 17807 17819 17816 17767 
f 17771 17815 17817 17807 
s 8
f 17809 17823 17820 17810 
f 17808 17816 17819 17809 
s 16
f 17805 17806 17793 17783 
f 17811 17817 17815 17805 
f 17804 17820 17823 17811 
f 17804 17782 17798 17803 
s 4
f 17703 17776 17733 17716 
s 1
f 17769 17741 17723 17734 
s 8
f 17706 17740 17731 17715 
s 1
f 17730 17825 17826 17727 
s 8
f 17751 17766 17827 17746 
s 1
f 17712 17732 17800 17772 
s 8
f 17785 17801 17828 17779 
f 17808 17829 17824 17813 
s 1
f 17802 17830 17831 17822 
s 4
f 17832 17833 17834 
s 8
f 17740 17739 17835 
s 16
f 17836 17837 17838 
s 1
f 17732 17731 17839 17840 
s 4
f 17832 17841 17842 17843 
f 17833 17840 17839 17844 
f 17834 17845 17846 17847 
s 1
f 17848 17843 17842 17849 
s 8
f 17740 17844 17839 17731 
f 17739 17826 17850 17851 
f 17835 17852 17846 17845 
s 16
f 17836 17851 17850 17853 
f 17837 17849 17842 17841 
f 17838 17847 17846 17852 
s 1
f 17825 17853 17850 17826 
s 4
f 17834 17833 17844 17845 
f 17832 17834 17847 17841 
s 1
f 17848 17854 17855 17843 
s 8
f 17739 17708 17727 17826 
f 17835 17739 17851 17852 
f 17740 17835 17845 17844 
s 16
f 17838 17837 17841 17847 
f 17836 17838 17852 17851 
s 1
f 17825 17856 17857 17853 
s 16
f 17836 17858 17859 17837 
s 1
f 17860 17848 17849 17861 
s 4
f 17862 17863 17864 
s 8
f 17827 17865 17866 
s 16
f 17858 17867 17859 
s 1
f 17765 17868 17869 17766 
s 4
f 17862 17870 17871 17872 
f 17864 17873 17869 17868 
f 17863 17874 17875 17876 
s 1
f 17860 17861 17871 17870 
s 8
f 17827 17766 17869 17873 
f 17866 17877 17878 17879 
f 17865 17876 17875 17880 
s 16
f 17858 17857 17878 17877 
f 17859 17872 17871 17861 
f 17867 17880 17875 17874 
s 1
f 17856 17879 17878 17857 
s 4
f 17864 17868 17881 17882 
f 17863 17876 17873 17864 
f 17862 17872 17874 17863 
s 1
f 17860 17870 17883 17884 
s 8
f 17866 17879 17761 17747 
f 17865 17880 17877 17866 
f 17827 17873 17876 17865 
s 16
f 17859 17861 17849 17837 
f 17867 17874 17872 17859 
f 17858 17877 17880 17867 
s 8
f 17827 17866 17747 17746 
s 4
f 17862 17864 17882 17885 
s 16
f 17858 17836 17853 17857 
s 1
f 17800 17732 17840 17886 
f 17881 17868 17765 17775 
s 4
f 17883 17870 17862 17885 
f 17887 17888 17889 
s 8
f 17828 17890 17891 
s 16
f 17892 17893 17894 
s 1
f 17800 17886 17895 17801 
s 4
f 17887 17855 17896 17897 
f 17889 17898 17895 17886 
f 17888 17899 17900 17901 
s 1
f 17854 17902 17896 17855 
s 8
f 17828 17801 17895 17898 
f 17891 17903 17904 17905 
f 17890 17901 17900 17906 
s 16
f 17892 17907 17904 17903 
f 17894 17897 17896 17902 
f 17893 17906 17900 17899 
s 1
f 17908 17905 17904 17907 
s 4
f 17889 17886 17840 17833 
f 17888 17901 17898 17889 
f 17887 17897 17899 17888 
s 8
f 17891 17905 17794 17780 
f 17890 17906 17903 17891 
f 17828 17898 17901 17890 
s 16
f 17893 17899 17897 17894 
f 17892 17903 17906 17893 
s 1
f 17908 17907 17909 17830 
s 16
f 17892 17894 17910 17911 
s 8
f 17828 17891 17780 17779 
s 4
f 17887 17889 17833 17832 
s 1
f 17854 17884 17912 17902 
s 4
f 17885 17882 17913 
s 8
f 17829 17914 17915 
s 16
f 17911 17910 17916 
s 1
f 17775 17824 17917 17881 
s 4
f 17885 17918 17919 17883 
f 17882 17881 17917 17920 
f 17913 17921 17922 17923 
s 1
f 17884 17883 17919 17912 
s 8
f 17829 17920 17917 17824 
f 17914 17831 17924 17925 
f 17915 17926 17922 17921 
s 16
f 17911 17925 17924 17909 
f 17910 17912 17919 17918 
f 17916 17923 17922 17926 
s 1
f 17830 17909 17924 17831 
s 4
f 17913 17882 17920 17921 
f 17885 17913 17923 17918 
s 8
f 17914 17810 17822 17831 
f 17915 17914 17925 17926 
f 17829 17915 17921 17920 
s 16
f 17910 17894 17902 17912 
f 17916 17910 17918 17923 
f 17911 17916 17926 17925 
s 8
f 17829 17808 17810 17914 
s 16
f 17892 17911 17909 17907 
s 4
f 17887 17832 17843 17855 
s 1
f 17884 17854 17848 17860 
f 17825 17730 17736 17856 
f 17761 17879 17856 17736 
f 17799 17908 17830 17802 
f 17794 17905 17908 17799 
s 4
f 17927 17928 17929 
s 8
f 17930 17931 17932 
s 16
f 17933 17934 17935 
s 1
f 17936 17937 17938 17939 
s 4
f 17927 17940 17941 17942 
f 17929 17943 17938 17937 
f 17928 17944 17945 17946 
s 1
f 17947 17948 17941 17940 
s 8
f 17930 17939 17938 17943 
f 17932 17949 17950 17951 
f 17931 17946 17945 17952 
s 16
f 17933 17953 17950 17949 
f 17935 17942 17941 17948 
f 17934 17952 17945 17944 
s 1
f 17954 17951 17950 17953 
f 17936 17939 17955 17956 
s 4
f 17928 17946 17943 17929 
f 17927 17942 17944 17928 
s 1
f 17947 17940 17957 17958 
s 8
f 17931 17952 17949 17932 
f 17930 17943 17946 17931 
s 16
f 17934 17944 17942 17935 
f 17933 17949 17952 17934 
s 1
f 17954 17953 17959 17960 
s 16
f 17933 17935 17961 17962 
s 8
f 17930 17932 17963 17964 
s 1
f 17947 17965 17966 17948 
s 4
f 17967 17968 17969 
s 8
f 17970 17971 17972 
s 16
f 17962 17961 17973 
s 1
f 17974 17975 17976 17977 
s 4
f 17967 17978 17979 17980 
f 17968 17977 17976 17981 
f 17969 17982 17983 17984 
s 1
f 17965 17980 17979 17966 
s 8
f 17970 17981 17976 17975 
f 17971 17985 17986 17987 
f 17972 17988 17983 17982 
s 16
f 17962 17987 17986 17959 
f 17961 17966 17979 17978 
f 17973 17984 17983 17988 
s 1
f 17960 17959 17986 17985 
f 17974 17989 17990 17975 
s 4
f 17968 17991 17992 17977 
f 17969 17968 17981 17982 
f 17967 17969 17984 17978 
s 1
f 17965 17993 17994 17980 
s 8
f 17972 17971 17987 17988 
f 17970 17972 17982 17981 
s 16
f 17961 17935 17948 17966 
f 17973 17961 17978 17984 
f 17962 17973 17988 17987 
s 4
f 17967 17995 17991 17968 
s 16
f 17933 17962 17959 17953 
s 1
f 17936 17996 17997 17937 
f 17974 17998 17999 17989 
f 17977 17992 17998 17974 
s 4
f 17980 17994 17995 17967 
f 18000 18001 18002 
s 8
f 18003 18004 18005 
s 16
f 18006 18007 18008 
s 1
f 17996 18009 18010 17997 
s 4
f 18000 18011 18012 17957 
f 18001 17997 18010 18013 
f 18002 18014 18015 18016 
s 1
f 17958 17957 18012 18017 
s 8
f 18003 18013 18010 18009 
f 18004 18018 18019 18020 
f 18005 18021 18015 18014 
s 16
f 18006 18020 18019 18022 
f 18007 18017 18012 18011 
f 18008 18016 18015 18021 
s 1
f 18023 18022 18019 18018 
f 17996 18024 18025 18009 
s 4
f 18001 17929 17937 17997 
f 18002 18001 18013 18014 
f 18000 18002 18016 18011 
s 8
f 18005 18004 18020 18021 
f 18003 18005 18014 18013 
s 16
f 18008 18007 18011 18016 
f 18006 18008 18021 18020 
s 1
f 18023 18026 18027 18022 
s 16
f 18006 18028 18029 18007 
s 4
f 18000 17927 17929 18001 
s 1
f 17993 17958 18017 18030 
s 4
f 17995 18031 17991 
s 8
f 18032 18033 18034 
s 16
f 18028 18035 18029 
s 1
f 17998 17992 18036 18037 
s 4
f 17995 17994 18038 18039 
f 17991 18040 18036 17992 
f 18031 18041 18042 18043 
s 1
f 17993 18030 18038 17994 
s 8
f 18032 18037 18036 18040 
f 18034 18044 18045 18046 
f 18033 18043 18042 18047 
s 16
f 18028 18027 18045 18044 
f 18029 18039 18038 18030 
f 18035 18047 18042 18041 
s 1
f 18026 18046 18045 18027 
f 17998 18037 18048 17999 
s 4
f 18031 18043 18040 17991 
f 17995 18039 18041 18031 
s 8
f 18033 18047 18044 18034 
f 18032 18040 18043 18033 
s 16
f 18029 18030 18017 18007 
f 18035 18041 18039 18029 
f 18028 18044 18047 18035 
f 18028 18006 18022 18027 
s 4
f 17927 18000 17957 17940 
s 1
f 17993 17965 17947 17958 
s 8
f 17930 17964 17955 17939 
s 1
f 17954 18049 18050 17951 
s 8
f 17975 17990 18051 17970 
s 1
f 17936 17956 18024 17996 
s 8
f 18009 18025 18052 18003 
f 18032 18053 18048 18037 
s 1
f 18026 18054 18055 18046 
s 4
f 18056 18057 18058 
s 8
f 17964 17963 18059 
s 16
f 18060 18061 18062 
s 1
f 17956 17955 18063 18064 
s 4
f 18056 18065 18066 18067 
f 18057 18064 18063 18068 
f 18058 18069 18070 18071 
s 1
f 18072 18067 18066 18073 
s 8
f 17964 18068 18063 17955 
f 17963 18050 18074 18075 
f 18059 18076 18070 18069 
s 16
f 18060 18075 18074 18077 
f 18061 18073 18066 18065 
f 18062 18071 18070 18076 
s 1
f 18049 18077 18074 18050 
s 4
f 18058 18057 18068 18069 
f 18056 18058 18071 18065 
s 1
f 18072 18078 18079 18067 
s 8
f 17963 17932 17951 18050 
f 18059 17963 18075 18076 
f 17964 18059 18069 18068 
s 16
f 18062 18061 18065 18071 
f 18060 18062 18076 18075 
s 1
f 18049 18080 18081 18077 
s 16
f 18060 18082 18083 18061 
s 1
f 18084 18072 18073 18085 
s 4
f 18086 18087 18088 
s 8
f 18051 18089 18090 
s 16
f 18082 18091 18083 
s 1
f 17989 18092 18093 17990 
s 4
f 18086 18094 18095 18096 
f 18088 18097 18093 18092 
f 18087 18098 18099 18100 
s 1
f 18084 18085 18095 18094 
s 8
f 18051 17990 18093 18097 
f 18090 18101 18102 18103 
f 18089 18100 18099 18104 
s 16
f 18082 18081 18102 18101 
f 18083 18096 18095 18085 
f 18091 18104 18099 18098 
s 1
f 18080 18103 18102 18081 
s 4
f 18088 18092 18105 18106 
f 18087 18100 18097 18088 
f 18086 18096 18098 18087 
s 1
f 18084 18094 18107 18108 
s 8
f 18090 18103 17985 17971 
f 18089 18104 18101 18090 
f 18051 18097 18100 18089 
s 16
f 18083 18085 18073 18061 
f 18091 18098 18096 18083 
f 18082 18101 18104 18091 
s 8
f 18051 18090 17971 17970 
s 4
f 18086 18088 18106 18109 
s 16
f 18082 18060 18077 18081 
s 1
f 18024 17956 18064 18110 
f 18105 18092 17989 17999 
s 4
f 18107 18094 18086 18109 
f 18111 18112 18113 
s 8
f 18052 18114 18115 
s 16
f 18116 18117 18118 
s 1
f 18024 18110 18119 18025 
s 4
f 18111 18079 18120 18121 
f 18113 18122 18119 18110 
f 18112 18123 18124 18125 
s 1
f 18078 18126 18120 18079 
s 8
f 18052 18025 18119 18122 
f 18115 18127 18128 18129 
f 18114 18125 18124 18130 
s 16
f 18116 18131 18128 18127 
f 18118 18121 18120 18126 
f 18117 18130 18124 18123 
s 1
f 18132 18129 18128 18131 
s 4
f 18113 18110 18064 18057 
f 18112 18125 18122 18113 
f 18111 18121 18123 18112 
s 8
f 18115 18129 18018 18004 
f 18114 18130 18127 18115 
f 18052 18122 18125 18114 
s 16
f 18117 18123 18121 18118 
f 18116 18127 18130 18117 
s 1
f 18132 18131 18133 18054 
s 16
f 18116 18118 18134 18135 
s 8
f 18052 18115 18004 18003 
s 4
f 18111 18113 18057 18056 
s 1
f 18078 18108 18136 18126 
s 4
f 18109 18106 18137 
s 8
f 18053 18138 18139 
s 16
f 18135 18134 18140 
s 1
f 17999 18048 18141 18105 
s 4
f 18109 18142 18143 18107 
f 18106 18105 18141 18144 
f 18137 18145 18146 18147 
s 1
f 18108 18107 18143 18136 
s 8
f 18053 18144 18141 18048 
f 18138 18055 18148 18149 
f 18139 18150 18146 18145 
s 16
f 18135 18149 18148 18133 
f 18134 18136 18143 18142 
f 18140 18147 18146 18150 
s 1
f 18054 18133 18148 18055 
s 4
f 18137 18106 18144 18145 
f 18109 18137 18147 18142 
s 8
f 18138 18034 18046 18055 
f 18139 18138 18149 18150 
f 18053 18139 18145 18144 
s 16
f 18134 18118 18126 18136 
f 18140 18134 18142 18147 
f 18135 18140 18150 18149 
s 8
f 18053 18032 18034 18138 
s 16
f 18116 18135 18133 18131 
s 4
f 18111 18056 18067 18079 
s 1
f 18108 18078 18072 18084 
f 18049 17954 17960 18080 
f 17985 18103 18080 17960 
f 18023 18132 18054 18026 
f 18018 18129 18132 18023 
f 18151 18152 18153 18154 
s 2
f 18151 18154 18155 18156 
s 1
f 18157 18158 18159 18160 
s 4
f 18161 18162 18163 18164 
s 1
f 18165 18166 18167 18168 
s 2
f 18169 18170 18171 18172 
s 4
f 18166 18165 18173 18174 
s 1
f 18175 18176 18177 18178 
s 2
f 18179 18180 18181 18182 
s 1
f 18183 18184 18185 18186 
s 4
f 18187 18188 18189 18190 
s 8
f 18191 18192 18193 18156 
s 16
f 18194 18195 18196 18197 
s 8
f 18198 18199 18200 18201 
f 18202 18203 18204 18205 
s 16
f 18206 18205 18207 18208 
s 1
f 18209 18210 18211 18212 
s 16
f 18209 18212 18213 18172 
s 8
f 18214 18215 18216 18217 
s 16
f 18214 18218 18219 18220 
s 2
f 18201 18221 18222 18223 
s 8
f 18197 18224 18225 18226 
s 4
f 18158 18157 18190 18189 
s 2
f 18184 18183 18182 18181 
s 8
f 18227 18228 18229 18230 
s 16
f 18205 18231 18232 18207 
s 4
f 18176 18175 18174 18173 
f 18233 18234 18164 18163 
s 2
f 18235 18236 18237 18238 
s 16
f 18227 18239 18240 18241 
s 1
f 18158 18242 18243 18159 
f 18161 18244 18245 18246 
s 4
f 18162 18221 18201 18163 
f 18164 18172 18244 18161 
s 1
f 18166 18247 18248 18167 
f 18233 18249 18250 18251 
s 4
f 18165 18215 18214 18173 
f 18174 18235 18247 18166 
s 1
f 18176 18252 18253 18177 
f 18179 18206 18208 18254 
s 2
f 18180 18194 18197 18181 
f 18182 18205 18206 18179 
s 1
f 18184 18255 18256 18185 
f 18187 18257 18258 18259 
s 4
f 18188 18191 18156 18189 
f 18190 18227 18257 18187 
f 18157 18239 18227 18190 
f 18189 18156 18242 18158 
s 2
f 18183 18202 18205 18182 
f 18181 18197 18255 18184 
s 4
f 18175 18260 18235 18174 
f 18173 18214 18252 18176 
f 18234 18169 18172 18164 
f 18163 18201 18249 18233 
s 1
f 18219 18218 18261 18262 
s 2
f 18263 18198 18201 18223 
s 1
f 18264 18162 18161 18246 
f 18177 18265 18254 18178 
s 16
f 18253 18252 18214 18220 
f 18266 18235 18260 18267 
s 1
f 18268 18232 18269 18270 
s 16
f 18212 18271 18241 18213 
f 18219 18272 18196 18220 
s 2
f 18222 18243 18155 18223 
s 16
f 18268 18236 18235 18266 
f 18245 18244 18172 18213 
s 1
f 18222 18221 18162 18264 
f 18245 18240 18160 18246 
f 18253 18195 18265 18177 
f 18267 18260 18175 18178 
f 18272 18219 18262 18273 
s 2
f 18154 18263 18223 18155 
s 1
f 18159 18264 18246 18160 
s 16
f 18195 18253 18220 18196 
f 18207 18266 18267 18208 
f 18232 18268 18266 18207 
f 18240 18245 18213 18241 
s 1
f 18243 18222 18264 18159 
f 18208 18267 18178 18254 
f 18265 18180 18179 18254 
f 18232 18231 18274 18269 
s 16
f 18271 18228 18227 18241 
f 18272 18224 18197 18196 
s 2
f 18243 18242 18156 18155 
s 1
f 18240 18239 18157 18160 
f 18195 18194 18180 18265 
f 18152 18225 18273 18153 
f 18275 18234 18233 18251 
s 2
f 18170 18248 18238 18171 
s 1
f 18276 18188 18187 18259 
s 8
f 18192 18256 18226 18193 
f 18199 18261 18217 18200 
f 18258 18257 18227 18230 
s 1
f 18210 18237 18270 18211 
s 8
f 18250 18249 18201 18200 
f 18152 18151 18156 18193 
f 18229 18274 18204 18230 
s 2
f 18210 18209 18172 18171 
s 1
f 18170 18169 18234 18275 
f 18250 18216 18168 18251 
f 18192 18191 18188 18276 
f 18258 18203 18186 18259 
f 18199 18198 18263 18277 
f 18278 18271 18212 18211 
f 18277 18263 18154 18153 
f 18229 18228 18271 18278 
f 18167 18275 18251 18168 
f 18185 18276 18259 18186 
s 8
f 18203 18258 18230 18204 
f 18216 18250 18200 18217 
f 18225 18152 18193 18226 
s 2
f 18237 18210 18171 18238 
s 1
f 18248 18170 18275 18167 
f 18256 18192 18276 18185 
f 18261 18199 18277 18262 
f 18269 18278 18211 18270 
f 18262 18277 18153 18273 
f 18274 18229 18278 18269 
f 18225 18224 18272 18273 
s 2
f 18248 18247 18235 18238 
s 8
f 18256 18255 18197 18226 
f 18261 18218 18214 18217 
s 1
f 18237 18236 18268 18270 
s 8
f 18274 18231 18205 18204 
s 1
f 18216 18215 18165 18168 
f 18203 18202 18183 18186 
f 18279 18280 18281 18282 
s 2
f 18279 18282 18283 18284 
s 1
f 18285 18286 18287 18288 
s 4
f 18289 18290 18291 18292 
s 1
f 18293 18294 18295 18296 
s 2
f 18297 18298 18299 18300 
s 4
f 18294 18293 18301 18302 
s 1
f 18303 18304 18305 18306 
s 2
f 18307 18308 18309 18310 
s 1
f 18311 18312 18313 18314 
s 4
f 18315 18316 18317 18318 
s 8
f 18319 18320 18321 18284 
s 16
f 18322 18323 18324 18325 
s 8
f 18326 18327 18328 18329 
f 18330 18331 18332 18333 
s 16
f 18334 18333 18335 18336 
s 1
f 18337 18338 18339 18340 
s 16
f 18337 18340 18341 18300 
s 8
f 18342 18343 18344 18345 
s 16
f 18342 18346 18347 18348 
s 2
f 18329 18349 18350 18351 
s 8
f 18325 18352 18353 18354 
s 4
f 18286 18285 18318 18317 
s 2
f 18312 18311 18310 18309 
s 8
f 18355 18356 18357 18358 
s 16
f 18333 18359 18360 18335 
s 4
f 18304 18303 18302 18301 
f 18361 18362 18292 18291 
s 2
f 18363 18364 18365 18366 
s 16
f 18355 18367 18368 18369 
s 1
f 18286 18370 18371 18287 
f 18289 18372 18373 18374 
s 4
f 18290 18349 18329 18291 
f 18292 18300 18372 18289 
s 1
f 18294 18375 18376 18295 
f 18361 18377 18378 18379 
s 4
f 18293 18343 18342 18301 
f 18302 18363 18375 18294 
s 1
f 18304 18380 18381 18305 
f 18307 18334 18336 18382 
s 2
f 18308 18322 18325 18309 
f 18310 18333 18334 18307 
s 1
f 18312 18383 18384 18313 
f 18315 18385 18386 18387 
s 4
f 18316 18319 18284 18317 
f 18318 18355 18385 18315 
f 18285 18367 18355 18318 
f 18317 18284 18370 18286 
s 2
f 18311 18330 18333 18310 
f 18309 18325 18383 18312 
s 4
f 18303 18388 18363 18302 
f 18301 18342 18380 18304 
f 18362 18297 18300 18292 
f 18291 18329 18377 18361 
s 1
f 18347 18346 18389 18390 
s 2
f 18391 18326 18329 18351 
s 1
f 18392 18290 18289 18374 
f 18305 18393 18382 18306 
s 16
f 18381 18380 18342 18348 
f 18394 18363 18388 18395 
s 1
f 18396 18360 18397 18398 
s 16
f 18340 18399 18369 18341 
f 18347 18400 18324 18348 
s 2
f 18350 18371 18283 18351 
s 16
f 18396 18364 18363 18394 
f 18373 18372 18300 18341 
s 1
f 18350 18349 18290 18392 
f 18373 18368 18288 18374 
f 18381 18323 18393 18305 
f 18395 18388 18303 18306 
f 18400 18347 18390 18401 
s 2
f 18282 18391 18351 18283 
s 1
f 18287 18392 18374 18288 
s 16
f 18323 18381 18348 18324 
f 18335 18394 18395 18336 
f 18360 18396 18394 18335 
f 18368 18373 18341 18369 
s 1
f 18371 18350 18392 18287 
f 18336 18395 18306 18382 
f 18393 18308 18307 18382 
f 18360 18359 18402 18397 
s 16
f 18399 18356 18355 18369 
f 18400 18352 18325 18324 
s 2
f 18371 18370 18284 18283 
s 1
f 18368 18367 18285 18288 
f 18323 18322 18308 18393 
f 18280 18353 18401 18281 
f 18403 18362 18361 18379 
s 2
f 18298 18376 18366 18299 
s 1
f 18404 18316 18315 18387 
s 8
f 18320 18384 18354 18321 
f 18327 18389 18345 18328 
f 18386 18385 18355 18358 
s 1
f 18338 18365 18398 18339 
s 8
f 18378 18377 18329 18328 
f 18280 18279 18284 18321 
f 18357 18402 18332 18358 
s 2
f 18338 18337 18300 18299 
s 1
f 18298 18297 18362 18403 
f 18378 18344 18296 18379 
f 18320 18319 18316 18404 
f 18386 18331 18314 18387 
f 18327 18326 18391 18405 
f 18406 18399 18340 18339 
f 18405 18391 18282 18281 
f 18357 18356 18399 18406 
f 18295 18403 18379 18296 
f 18313 18404 18387 18314 
s 8
f 18331 18386 18358 18332 
f 18344 18378 18328 18345 
f 18353 18280 18321 18354 
s 2
f 18365 18338 18299 18366 
s 1
f 18376 18298 18403 18295 
f 18384 18320 18404 18313 
f 18389 18327 18405 18390 
f 18397 18406 18339 18398 
f 18390 18405 18281 18401 
f 18402 18357 18406 18397 
f 18353 18352 18400 18401 
s 2
f 18376 18375 18363 18366 
s 8
f 18384 18383 18325 18354 
f 18389 18346 18342 18345 
s 1
f 18365 18364 18396 18398 
s 8
f 18402 18359 18333 18332 
s 1
f 18344 18343 18293 18296 
f 18331 18330 18311 18314 
s 65
f 17649 17650 17696 
s 2160
f 17696 17648 17651 
# 16578 polygons - 2512 triangles

