# 3ds Max Wavefront OBJ Exporter v0.99 - (c)2007 guruware
# File Created: 11.11.2022 19:04:36

#
# object 23475_4
#

v  0.1437 -0.9682 9.5678
v  0.1369 -0.9682 9.5236
v  0.1168 -0.9682 9.4835
v  0.0853 -0.9682 9.4515
v  0.0454 -0.9682 9.4308
v  0.0009 -0.9682 9.4235
v  -0.0438 -0.9682 9.4304
v  -0.0842 -0.9682 9.4508
v  -0.1162 -0.9682 9.4827
v  -0.1367 -0.9682 9.5231
v  -0.1436 -0.9682 9.5678
v  -0.1363 -0.9682 9.6124
v  -0.1156 -0.9682 9.6524
v  -0.0836 -0.9682 9.6840
v  -0.0434 -0.9682 9.7041
v  0.0009 -0.9682 9.7109
v  0.0450 -0.9682 9.7036
v  0.0847 -0.9682 9.6833
v  0.1163 -0.9682 9.6517
v  0.1366 -0.9682 9.6119
v  0.1437 -0.8619 9.5678
v  0.1369 -0.8619 9.5236
v  0.1168 -0.8619 9.4835
v  0.0853 -0.8619 9.4515
v  0.0453 -0.8619 9.4308
v  0.0009 -0.8619 9.4235
v  -0.0438 -0.8619 9.4304
v  -0.0842 -0.8619 9.4508
v  -0.1162 -0.8619 9.4827
v  -0.1367 -0.8619 9.5231
v  -0.1436 -0.8619 9.5678
v  -0.1363 -0.8619 9.6124
v  -0.1156 -0.8619 9.6524
v  -0.0836 -0.8619 9.6840
v  -0.0434 -0.8619 9.7041
v  0.0009 -0.8619 9.7109
v  0.0450 -0.8619 9.7037
v  0.0848 -0.8619 9.6833
v  0.1163 -0.8619 9.6517
v  0.1366 -0.8619 9.6119
v  0.1403 -0.9765 9.5678
v  0.1337 -0.9765 9.5246
v  0.1140 -0.9765 9.4855
v  0.0833 -0.9765 9.4543
v  0.0443 -0.9765 9.4341
v  0.0008 -0.9765 9.4270
v  -0.0427 -0.9765 9.4337
v  -0.0821 -0.9765 9.4536
v  -0.1134 -0.9765 9.4848
v  -0.1334 -0.9765 9.5242
v  -0.1402 -0.9765 9.5678
v  -0.1331 -0.9765 9.6113
v  -0.1129 -0.9765 9.6504
v  -0.0816 -0.9765 9.6812
v  -0.0424 -0.9765 9.7008
v  0.0008 -0.9765 9.7074
v  0.0439 -0.9765 9.7004
v  0.0827 -0.9765 9.6805
v  0.1135 -0.9765 9.6496
v  0.1333 -0.9765 9.6108
v  -0.1062 -0.9800 9.6455
v  -0.0768 -0.9800 9.6745
v  -0.0399 -0.9800 9.6929
v  0.0008 -0.9800 9.6991
v  0.0413 -0.9800 9.6925
v  0.0778 -0.9800 9.6738
v  0.1068 -0.9800 9.6448
v  0.1254 -0.9800 9.6082
v  0.1320 -0.9800 9.5677
v  0.1257 -0.9800 9.5271
v  0.1073 -0.9800 9.4904
v  0.0783 -0.9800 9.4610
v  0.0417 -0.9800 9.4420
v  0.0008 -0.9800 9.4353
v  -0.0402 -0.9800 9.4416
v  -0.0773 -0.9800 9.4603
v  -0.1067 -0.9800 9.4896
v  -0.1255 -0.9800 9.5267
v  -0.1319 -0.9800 9.5677
v  -0.1252 -0.9800 9.6087
v  0.0003 -0.9800 9.5674
v  -0.1029 -0.9800 9.6430
v  -0.0744 -0.9800 9.6711
v  -0.0386 -0.9800 9.6890
v  0.0008 -0.9800 9.6950
v  0.0400 -0.9800 9.6886
v  0.0754 -0.9800 9.6704
v  0.1035 -0.9800 9.6423
v  0.1215 -0.9800 9.6070
v  0.1279 -0.9800 9.5677
v  0.1218 -0.9800 9.5284
v  0.1039 -0.9800 9.4928
v  0.0759 -0.9800 9.4643
v  0.0403 -0.9800 9.4459
v  0.0008 -0.9800 9.4394
v  -0.0389 -0.9800 9.4455
v  -0.0749 -0.9800 9.4636
v  -0.1034 -0.9800 9.4921
v  -0.1216 -0.9800 9.5280
v  -0.1278 -0.9800 9.5677
v  -0.1213 -0.9800 9.6074
v  0.1437 -0.9592 9.5678
v  0.1369 -0.9592 9.5236
v  0.1168 -0.9592 9.4835
v  0.0853 -0.9592 9.4515
v  0.0454 -0.9592 9.4308
v  0.0009 -0.9592 9.4235
v  -0.0438 -0.9592 9.4304
v  -0.0842 -0.9592 9.4508
v  -0.1162 -0.9592 9.4827
v  -0.1367 -0.9592 9.5231
v  -0.1436 -0.9592 9.5678
v  -0.1363 -0.9592 9.6124
v  -0.1156 -0.9592 9.6524
v  -0.0836 -0.9592 9.6840
v  -0.0434 -0.9592 9.7041
v  0.0009 -0.9592 9.7109
v  0.0450 -0.9592 9.7036
v  0.0847 -0.9592 9.6833
v  0.1163 -0.9592 9.6517
v  0.1366 -0.9592 9.6119
v  0.0000 -0.5958 8.9564
v  0.0000 -0.5916 9.4292
v  0.1405 -0.5766 9.4292
v  0.1413 -0.5807 8.9564
v  0.2643 -0.5372 9.4292
v  0.2660 -0.5410 8.9564
v  0.3792 -0.4740 9.4292
v  0.3815 -0.4774 8.9564
v  0.4807 -0.3886 9.4292
v  0.4836 -0.3914 8.9564
v  0.5643 -0.2835 9.4292
v  0.5677 -0.2857 8.9564
v  0.6257 -0.1626 9.4292
v  0.6294 -0.1640 8.9564
v  0.6615 -0.0309 9.4292
v  0.6655 -0.0316 8.9564
v  0.6707 0.0794 9.4292
v  0.6749 0.0794 8.9564
v  0.6614 0.1897 9.4292
v  0.6654 0.1904 8.9564
v  0.6253 0.3212 9.4292
v  0.6292 0.3227 8.9564
v  0.5639 0.4420 9.4292
v  0.5674 0.4442 8.9564
v  0.4803 0.5469 9.4292
v  0.4833 0.5498 8.9564
v  0.3789 0.6323 9.4292
v  0.3812 0.6357 8.9564
v  0.2641 0.6954 9.4292
v  0.2657 0.6992 8.9564
v  0.1404 0.7348 9.4292
v  0.1412 0.7388 8.9564
v  0.0000 0.7497 9.4292
v  0.0000 0.7539 8.9564
v  -0.1413 -0.5807 8.9564
v  -0.1405 -0.5766 9.4292
v  -0.2659 -0.5410 8.9564
v  -0.2643 -0.5372 9.4292
v  -0.3815 -0.4774 8.9564
v  -0.3792 -0.4740 9.4292
v  -0.4836 -0.3914 8.9564
v  -0.4806 -0.3885 9.4292
v  -0.5677 -0.2857 8.9564
v  -0.5641 -0.2834 9.4292
v  -0.6294 -0.1640 8.9564
v  -0.6255 -0.1625 9.4292
v  -0.6655 -0.0316 8.9564
v  -0.6615 -0.0309 9.4292
v  -0.6749 0.0794 8.9564
v  -0.6707 0.0794 9.4292
v  -0.6654 0.1904 8.9564
v  -0.6614 0.1897 9.4292
v  -0.6292 0.3227 8.9564
v  -0.6254 0.3213 9.4292
v  -0.5674 0.4443 8.9564
v  -0.5640 0.4421 9.4292
v  -0.4833 0.5499 8.9564
v  -0.4804 0.5470 9.4292
v  -0.3812 0.6357 8.9564
v  -0.3789 0.6323 9.4292
v  -0.2657 0.6992 8.9564
v  -0.2641 0.6954 9.4292
v  -0.1412 0.7388 8.9564
v  -0.1404 0.7347 9.4292
v  0.0000 -0.5892 9.4348
v  0.1400 -0.5743 9.4348
v  0.2634 -0.5350 9.4348
v  0.3779 -0.4720 9.4348
v  0.4790 -0.3869 9.4348
v  0.5623 -0.2822 9.4348
v  0.6235 -0.1617 9.4348
v  0.6592 -0.0305 9.4348
v  0.6683 0.0794 9.4348
v  0.6590 0.1892 9.4348
v  0.6231 0.3204 9.4348
v  0.5619 0.4407 9.4348
v  0.4786 0.5453 9.4348
v  0.3775 0.6303 9.4348
v  0.2632 0.6932 9.4348
v  0.1399 0.7324 9.4348
v  0.0000 0.7473 9.4348
v  -0.1400 -0.5743 9.4348
v  -0.2634 -0.5350 9.4348
v  -0.3778 -0.4720 9.4348
v  -0.4789 -0.3868 9.4348
v  -0.5622 -0.2821 9.4348
v  -0.6233 -0.1617 9.4348
v  -0.6591 -0.0305 9.4348
v  -0.6683 0.0794 9.4347
v  -0.6591 0.1892 9.4348
v  -0.6232 0.3204 9.4348
v  -0.5620 0.4408 9.4348
v  -0.4787 0.5454 9.4348
v  -0.3775 0.6303 9.4348
v  -0.2631 0.6932 9.4348
v  -0.1399 0.7324 9.4348
v  0.1388 -0.5688 9.4370
v  0.0000 -0.5836 9.4370
v  -0.1388 -0.5688 9.4370
v  -0.2612 -0.5298 9.4370
v  -0.3746 -0.4673 9.4370
v  -0.4749 -0.3829 9.4370
v  -0.5574 -0.2791 9.4370
v  -0.6180 -0.1596 9.4370
v  -0.6536 -0.0295 9.4370
v  -0.6627 0.0794 9.4370
v  -0.6535 0.1883 9.4370
v  -0.6180 0.3184 9.4370
v  -0.5572 0.4377 9.4370
v  -0.4746 0.5414 9.4370
v  -0.3743 0.6257 9.4370
v  -0.2609 0.6880 9.4370
v  -0.1387 0.7269 9.4370
v  0.0000 0.7417 9.4370
v  0.1387 0.7269 9.4370
v  0.2609 0.6880 9.4370
v  0.3743 0.6256 9.4370
v  0.4745 0.5413 9.4370
v  0.5571 0.4376 9.4370
v  0.6178 0.3183 9.4370
v  0.6535 0.1882 9.4370
v  0.6626 0.0794 9.4370
v  0.6536 -0.0295 9.4370
v  0.6182 -0.1597 9.4370
v  0.5575 -0.2791 9.4370
v  0.4750 -0.3830 9.4370
v  0.3747 -0.4674 9.4370
v  0.2612 -0.5298 9.4370
v  0.1312 -0.5332 9.4370
v  0.0000 -0.5472 9.4370
v  -0.1312 -0.5332 9.4370
v  -0.2468 -0.4964 9.4370
v  -0.3541 -0.4373 9.4370
v  -0.4488 -0.3575 9.4370
v  -0.5268 -0.2594 9.4370
v  -0.5841 -0.1465 9.4370
v  -0.6177 -0.0235 9.4370
v  -0.6263 0.0794 9.4370
v  -0.6177 0.1823 9.4370
v  -0.5840 0.3052 9.4370
v  -0.5267 0.4181 9.4370
v  -0.4486 0.5161 9.4370
v  -0.3538 0.5957 9.4370
v  -0.2466 0.6546 9.4370
v  -0.1311 0.6913 9.4370
v  0.0000 0.7053 9.4370
v  0.1311 0.6914 9.4370
v  0.2466 0.6546 9.4370
v  0.3538 0.5957 9.4370
v  0.4485 0.5160 9.4370
v  0.5265 0.4180 9.4370
v  0.5839 0.3052 9.4370
v  0.6176 0.1823 9.4370
v  0.6263 0.0794 9.4370
v  0.6178 -0.0236 9.4370
v  0.5843 -0.1466 9.4370
v  0.5269 -0.2595 9.4370
v  0.4489 -0.3576 9.4370
v  0.3541 -0.4374 9.4370
v  0.2468 -0.4964 9.4370
v  0.0000 0.0792 9.4370
v  0.0000 -0.6346 8.9174
v  0.1495 -0.6186 8.9174
v  0.2813 -0.5766 8.9174
v  0.4035 -0.5094 8.9174
v  0.5114 -0.4185 8.9174
v  0.6003 -0.3067 8.9174
v  0.6657 -0.1780 8.9174
v  0.7038 -0.0380 8.9174
v  0.7137 0.0794 8.9174
v  0.7037 0.1968 8.9174
v  0.6654 0.3367 8.9174
v  0.6000 0.4652 8.9174
v  0.5111 0.5769 8.9174
v  0.4031 0.6677 8.9174
v  0.2810 0.7348 8.9174
v  0.1493 0.7767 8.9174
v  0.0000 0.7927 8.9174
v  -0.1495 -0.6186 8.9174
v  -0.2813 -0.5767 8.9174
v  -0.4035 -0.5094 8.9174
v  -0.5114 -0.4185 8.9174
v  -0.6003 -0.3066 8.9174
v  -0.6656 -0.1780 8.9174
v  -0.7038 -0.0380 8.9174
v  -0.7137 0.0794 8.9174
v  -0.7037 0.1968 8.9174
v  -0.6654 0.3367 8.9174
v  -0.6000 0.4653 8.9174
v  -0.5111 0.5769 8.9174
v  -0.4031 0.6677 8.9174
v  -0.2810 0.7348 8.9174
v  -0.1493 0.7767 8.9174
v  0.0000 -0.6063 8.9300
v  0.1436 -0.5909 8.9300
v  0.2701 -0.5506 8.9300
v  0.3875 -0.4860 8.9300
v  0.4911 -0.3987 8.9300
v  0.5765 -0.2913 8.9300
v  0.6392 -0.1678 8.9300
v  0.6759 -0.0333 8.9300
v  0.6853 0.0794 8.9300
v  0.6758 0.1921 8.9300
v  0.6391 0.3265 8.9301
v  0.5763 0.4500 8.9301
v  0.4908 0.5572 8.9301
v  0.3871 0.6443 8.9300
v  0.2698 0.7088 8.9300
v  0.1434 0.7490 8.9300
v  0.0000 0.7644 8.9300
v  -0.1436 -0.5909 8.9300
v  -0.2701 -0.5506 8.9300
v  -0.3875 -0.4860 8.9300
v  -0.4912 -0.3987 8.9300
v  -0.5766 -0.2914 8.9301
v  -0.6393 -0.1678 8.9301
v  -0.6759 -0.0333 8.9300
v  -0.6853 0.0794 8.9300
v  -0.6758 0.1921 8.9300
v  -0.6390 0.3265 8.9300
v  -0.5762 0.4499 8.9300
v  -0.4908 0.5572 8.9300
v  -0.3871 0.6443 8.9300
v  -0.2698 0.7088 8.9300
v  -0.1434 0.7491 8.9300
v  0.4403 0.7219 8.9173
v  0.5582 0.6228 8.9173
v  0.6553 0.5008 8.9173
v  0.7267 0.3604 8.9173
v  0.7686 0.2076 8.9173
v  0.7795 0.0794 8.9173
v  0.7687 -0.0488 8.9173
v  0.7270 -0.2017 8.9173
v  0.6557 -0.3422 8.9173
v  0.5586 -0.4644 8.9173
v  0.4407 -0.5636 8.9173
v  0.3072 -0.6371 8.9173
v  0.1633 -0.6829 8.9173
v  0.0000 -0.7005 8.9173
v  -0.1632 -0.6829 8.9173
v  -0.3072 -0.6371 8.9173
v  -0.4406 -0.5636 8.9173
v  -0.5586 -0.4643 8.9173
v  -0.6557 -0.3422 8.9173
v  -0.7270 -0.2017 8.9173
v  -0.7687 -0.0488 8.9173
v  -0.7795 0.0794 8.9173
v  -0.7686 0.2076 8.9173
v  -0.7268 0.3605 8.9173
v  -0.6553 0.5008 8.9173
v  -0.5582 0.6228 8.9173
v  -0.4403 0.7219 8.9173
v  -0.3069 0.7953 8.9173
v  -0.1631 0.8410 8.9173
v  0.0000 0.8585 8.9173
v  0.1631 0.8410 8.9173
v  0.3069 0.7953 8.9173
v  0.4448 0.7285 8.9095
v  0.5638 0.6283 8.9095
v  0.6620 0.5051 8.9095
v  0.7341 0.3633 8.9095
v  0.7764 0.2090 8.9095
v  0.7874 0.0794 8.9095
v  0.7766 -0.0502 8.9095
v  0.7345 -0.2046 8.9095
v  0.6624 -0.3466 8.9095
v  0.5643 -0.4699 8.9095
v  0.4452 -0.5702 8.9095
v  0.3103 -0.6444 8.9095
v  0.1649 -0.6907 8.9095
v  0.0000 -0.7083 8.9095
v  -0.1649 -0.6907 8.9095
v  -0.3103 -0.6444 8.9095
v  -0.4451 -0.5702 8.9095
v  -0.5642 -0.4698 8.9095
v  -0.6623 -0.3465 8.9095
v  -0.7343 -0.2046 8.9095
v  -0.7765 -0.0502 8.9095
v  -0.7874 0.0794 8.9095
v  -0.7764 0.2090 8.9095
v  -0.7342 0.3634 8.9095
v  -0.6621 0.5052 8.9095
v  -0.5639 0.6284 8.9095
v  -0.4448 0.7285 8.9095
v  -0.3100 0.8026 8.9095
v  -0.1647 0.8488 8.9095
v  0.0000 0.8664 8.9095
v  0.1647 0.8488 8.9095
v  0.3100 0.8026 8.9095
v  0.4448 0.7285 8.8858
v  0.5639 0.6283 8.8858
v  0.6620 0.5051 8.8858
v  0.7342 0.3633 8.8858
v  0.7764 0.2090 8.8858
v  0.7874 0.0794 8.8858
v  0.7765 -0.0502 8.8858
v  0.7344 -0.2046 8.8858
v  0.6623 -0.3465 8.8858
v  0.5642 -0.4699 8.8858
v  0.4451 -0.5702 8.8858
v  0.3103 -0.6444 8.8858
v  0.1649 -0.6907 8.8858
v  0.0000 -0.7084 8.8858
v  -0.1649 -0.6907 8.8858
v  -0.3103 -0.6444 8.8858
v  -0.4451 -0.5702 8.8858
v  -0.5642 -0.4699 8.8858
v  -0.6623 -0.3465 8.8858
v  -0.7344 -0.2046 8.8858
v  -0.7765 -0.0502 8.8858
v  -0.7874 0.0794 8.8858
v  -0.7764 0.2090 8.8858
v  -0.7342 0.3633 8.8858
v  -0.6620 0.5051 8.8858
v  -0.5639 0.6283 8.8858
v  -0.4448 0.7285 8.8858
v  -0.3100 0.8026 8.8858
v  -0.1647 0.8488 8.8858
v  0.0000 0.8664 8.8858
v  0.1647 0.8488 8.8858
v  0.3100 0.8026 8.8858
v  0.4407 0.7226 8.8780
v  0.5587 0.6233 8.8780
v  0.6559 0.5012 8.8780
v  0.7274 0.3607 8.8780
v  0.7693 0.2077 8.8780
v  0.7801 0.0794 8.8780
v  0.7695 -0.0490 8.8780
v  0.7279 -0.2021 8.8780
v  0.6564 -0.3427 8.8780
v  0.5592 -0.4650 8.8780
v  0.4411 -0.5643 8.8780
v  0.3075 -0.6378 8.8780
v  0.1634 -0.6837 8.8780
v  0.0000 -0.7011 8.8780
v  -0.1634 -0.6837 8.8780
v  -0.3075 -0.6378 8.8780
v  -0.4411 -0.5642 8.8780
v  -0.5591 -0.4648 8.8780
v  -0.6562 -0.3426 8.8780
v  -0.7276 -0.2020 8.8780
v  -0.7694 -0.0489 8.8780
v  -0.7801 0.0794 8.8780
v  -0.7694 0.2078 8.8780
v  -0.7276 0.3608 8.8780
v  -0.6561 0.5013 8.8780
v  -0.5588 0.6234 8.8780
v  -0.4408 0.7226 8.8780
v  -0.3072 0.7960 8.8780
v  -0.1633 0.8418 8.8780
v  0.0000 0.8592 8.8780
v  0.1633 0.8419 8.8780
v  0.3072 0.7961 8.8780
v  0.0000 -0.6930 8.8780
v  0.1618 -0.6758 8.8780
v  0.3043 -0.6304 8.8780
v  0.4366 -0.5577 8.8780
v  0.5534 -0.4593 8.8780
v  0.6497 -0.3384 8.8780
v  0.7204 -0.1992 8.8780
v  0.7616 -0.0476 8.8780
v  0.7721 0.0794 8.8780
v  0.7614 0.2063 8.8780
v  0.7199 0.3578 8.8780
v  0.6492 0.4969 8.8780
v  0.5530 0.6177 8.8780
v  0.4362 0.7160 8.8780
v  0.3041 0.7887 8.8780
v  0.1616 0.8340 8.8780
v  0.0000 0.8511 8.8780
v  -0.1616 0.8339 8.8780
v  -0.3040 0.7886 8.8780
v  -0.4362 0.7160 8.8780
v  -0.5531 0.6178 8.8780
v  -0.6493 0.4970 8.8780
v  -0.7201 0.3579 8.8780
v  -0.7615 0.2064 8.8780
v  -0.7721 0.0794 8.8780
v  -0.7615 -0.0475 8.8780
v  -0.7201 -0.1991 8.8780
v  -0.6495 -0.3382 8.8780
v  -0.5533 -0.4592 8.8780
v  -0.4365 -0.5576 8.8780
v  -0.3043 -0.6305 8.8780
v  -0.1618 -0.6759 8.8780
v  0.4436 0.7268 8.8805
v  0.5623 0.6268 8.8805
v  0.6602 0.5040 8.8805
v  0.7321 0.3626 8.8805
v  0.7743 0.2086 8.8805
v  0.7852 0.0794 8.8805
v  0.7745 -0.0498 8.8805
v  0.7325 -0.2039 8.8805
v  0.6607 -0.3454 8.8805
v  0.5628 -0.4685 8.8805
v  0.4440 -0.5685 8.8805
v  0.3095 -0.6424 8.8805
v  0.1645 -0.6886 8.8805
v  0.0000 -0.7062 8.8805
v  -0.1645 -0.6887 8.8805
v  -0.3095 -0.6425 8.8805
v  -0.4439 -0.5684 8.8805
v  -0.5627 -0.4684 8.8805
v  -0.6605 -0.3453 8.8805
v  -0.7324 -0.2038 8.8805
v  -0.7744 -0.0498 8.8805
v  -0.7852 0.0794 8.8805
v  -0.7744 0.2086 8.8805
v  -0.7323 0.3626 8.8805
v  -0.6603 0.5040 8.8805
v  -0.5624 0.6269 8.8805
v  -0.4436 0.7268 8.8805
v  -0.3092 0.8007 8.8805
v  -0.1643 0.8467 8.8805
v  0.0000 0.8642 8.8805
v  0.1643 0.8468 8.8805
v  0.3092 0.8007 8.8805
v  0.4435 0.7266 8.9151
v  0.5622 0.6267 8.9151
v  0.6600 0.5038 8.9150
v  0.7319 0.3625 8.9150
v  0.7741 0.2086 8.9151
v  0.7850 0.0794 8.9150
v  0.7743 -0.0498 8.9151
v  0.7323 -0.2038 8.9151
v  0.6605 -0.3453 8.9151
v  0.5626 -0.4683 8.9151
v  0.4438 -0.5683 8.9150
v  0.3094 -0.6422 8.9150
v  0.1644 -0.6884 8.9150
v  0.0000 -0.7060 8.9150
v  -0.1644 -0.6884 8.9150
v  -0.3094 -0.6423 8.9150
v  -0.4438 -0.5682 8.9150
v  -0.5626 -0.4682 8.9150
v  -0.6603 -0.3452 8.9150
v  -0.7322 -0.2037 8.9150
v  -0.7742 -0.0498 8.9150
v  -0.7850 0.0794 8.9150
v  -0.7741 0.2086 8.9151
v  -0.7320 0.3625 8.9151
v  -0.6601 0.5039 8.9151
v  -0.5622 0.6268 8.9151
v  -0.4435 0.7266 8.9151
v  -0.3091 0.8004 8.9151
v  -0.1643 0.8465 8.9151
v  0.0000 0.8640 8.9150
v  0.1643 0.8465 8.9151
v  0.3091 0.8005 8.9151
v  0.0000 -0.5987 8.9417
v  0.1420 -0.5836 8.9417
v  0.2671 -0.5437 8.9417
v  0.3832 -0.4798 8.9417
v  0.4857 -0.3935 8.9417
v  0.5702 -0.2873 8.9417
v  0.6322 -0.1651 8.9417
v  0.6685 -0.0321 8.9417
v  0.6778 0.0794 8.9417
v  0.6684 0.1908 8.9417
v  0.6321 0.3238 8.9418
v  0.5700 0.4459 8.9418
v  0.4855 0.5520 8.9418
v  0.3829 0.6382 8.9417
v  0.2669 0.7019 8.9417
v  0.1418 0.7417 8.9417
v  0.0000 0.7568 8.9417
v  -0.1420 -0.5836 8.9417
v  -0.2671 -0.5437 8.9417
v  -0.3832 -0.4798 8.9417
v  -0.4858 -0.3935 8.9418
v  -0.5703 -0.2873 8.9418
v  -0.6323 -0.1651 8.9418
v  -0.6685 -0.0321 8.9417
v  -0.6778 0.0794 8.9417
v  -0.6684 0.1908 8.9417
v  -0.6320 0.3238 8.9417
v  -0.5698 0.4458 8.9417
v  -0.4854 0.5519 8.9417
v  -0.3829 0.6381 8.9417
v  -0.2669 0.7019 8.9417
v  -0.1418 0.7417 8.9417
v  0.0000 -0.6187 8.9210
v  0.1462 -0.6030 8.9210
v  0.2750 -0.5620 8.9210
v  0.3945 -0.4962 8.9210
v  0.5000 -0.4074 8.9210
v  0.5869 -0.2980 8.9210
v  0.6508 -0.1723 8.9210
v  0.6881 -0.0354 8.9210
v  0.6977 0.0794 8.9210
v  0.6880 0.1941 8.9210
v  0.6506 0.3310 8.9211
v  0.5866 0.4566 8.9211
v  0.4997 0.5658 8.9210
v  0.3941 0.6545 8.9210
v  0.2747 0.7202 8.9210
v  0.1460 0.7611 8.9210
v  0.0000 0.7767 8.9210
v  -0.1461 -0.6030 8.9210
v  -0.2750 -0.5620 8.9210
v  -0.3945 -0.4962 8.9210
v  -0.5000 -0.4074 8.9210
v  -0.5869 -0.2981 8.9210
v  -0.6508 -0.1723 8.9210
v  -0.6881 -0.0354 8.9210
v  -0.6977 0.0794 8.9210
v  -0.6880 0.1941 8.9210
v  -0.6505 0.3310 8.9210
v  -0.5866 0.4566 8.9210
v  -0.4996 0.5658 8.9210
v  -0.3941 0.6545 8.9210
v  -0.2747 0.7202 8.9210
v  -0.1460 0.7611 8.9210
v  0.0000 -0.5917 9.4212
v  0.1405 -0.5767 9.4212
v  0.2644 -0.5372 9.4212
v  0.3792 -0.4740 9.4212
v  0.4808 -0.3886 9.4212
v  0.5643 -0.2835 9.4212
v  0.6257 -0.1626 9.4212
v  0.6616 -0.0309 9.4212
v  0.6707 0.0794 9.4212
v  0.6614 0.1897 9.4212
v  0.6254 0.3212 9.4212
v  0.5639 0.4420 9.4212
v  0.4803 0.5470 9.4212
v  0.3789 0.6323 9.4212
v  0.2641 0.6955 9.4212
v  0.1404 0.7348 9.4212
v  0.0000 0.7498 9.4212
v  -0.1404 0.7348 9.4212
v  -0.2641 0.6954 9.4212
v  -0.3789 0.6324 9.4212
v  -0.4804 0.5471 9.4212
v  -0.5640 0.4421 9.4212
v  -0.6255 0.3213 9.4212
v  -0.6615 0.1897 9.4212
v  -0.6708 0.0794 9.4212
v  -0.6615 -0.0309 9.4212
v  -0.6256 -0.1626 9.4212
v  -0.5642 -0.2834 9.4212
v  -0.4807 -0.3885 9.4212
v  -0.3792 -0.4740 9.4212
v  -0.2644 -0.5373 9.4212
v  -0.1405 -0.5767 9.4212
v  0.1413 -0.5806 8.9644
v  0.0000 -0.5957 8.9644
v  -0.1413 -0.5806 8.9644
v  -0.2659 -0.5409 8.9644
v  -0.3815 -0.4773 8.9644
v  -0.4835 -0.3913 8.9644
v  -0.5676 -0.2856 8.9644
v  -0.6294 -0.1640 8.9644
v  -0.6655 -0.0316 8.9644
v  -0.6748 0.0794 8.9644
v  -0.6654 0.1904 8.9644
v  -0.6292 0.3227 8.9644
v  -0.5673 0.4442 8.9644
v  -0.4832 0.5498 8.9644
v  -0.3812 0.6356 8.9644
v  -0.2657 0.6991 8.9644
v  -0.1412 0.7387 8.9644
v  0.0000 0.7538 8.9644
v  0.1412 0.7387 8.9644
v  0.2657 0.6991 8.9644
v  0.3812 0.6356 8.9644
v  0.4832 0.5498 8.9644
v  0.5673 0.4442 8.9644
v  0.6291 0.3227 8.9644
v  0.6654 0.1904 8.9644
v  0.6748 0.0794 8.9644
v  0.6655 -0.0316 8.9644
v  0.6294 -0.1640 8.9644
v  0.5676 -0.2856 8.9644
v  0.4836 -0.3914 8.9644
v  0.3815 -0.4773 8.9644
v  0.2659 -0.5409 8.9644
v  0.0000 -0.6427 8.9174
v  0.1511 -0.6265 8.9174
v  0.2844 -0.5840 8.9174
v  0.4080 -0.5160 8.9174
v  0.5172 -0.4241 8.9174
v  0.6071 -0.3110 8.9174
v  0.6732 -0.1809 8.9174
v  0.7117 -0.0394 8.9174
v  0.7217 0.0794 8.9174
v  0.7116 0.1982 8.9174
v  0.6729 0.3396 8.9174
v  0.6068 0.4696 8.9174
v  0.5168 0.5825 8.9174
v  0.4077 0.6743 8.9174
v  0.2842 0.7422 8.9174
v  0.1510 0.7846 8.9174
v  0.0000 0.8007 8.9174
v  -0.1510 0.7846 8.9174
v  -0.2841 0.7422 8.9174
v  -0.4077 0.6743 8.9174
v  -0.5168 0.5825 8.9174
v  -0.6068 0.4696 8.9174
v  -0.6729 0.3396 8.9174
v  -0.7116 0.1982 8.9174
v  -0.7217 0.0794 8.9174
v  -0.7117 -0.0394 8.9174
v  -0.6731 -0.1809 8.9174
v  -0.6071 -0.3110 8.9174
v  -0.5172 -0.4241 8.9174
v  -0.4080 -0.5160 8.9174
v  -0.2844 -0.5840 8.9174
v  -0.1511 -0.6265 8.9174
v  0.1616 -0.6751 8.9173
v  0.0000 -0.6924 8.9173
v  -0.1616 -0.6751 8.9173
v  -0.3040 -0.6297 8.9173
v  -0.4361 -0.5570 8.9173
v  -0.5528 -0.4587 8.9173
v  -0.6489 -0.3379 8.9173
v  -0.7195 -0.1988 8.9173
v  -0.7608 -0.0474 8.9173
v  -0.7715 0.0794 8.9173
v  -0.7607 0.2062 8.9173
v  -0.7193 0.3576 8.9173
v  -0.6486 0.4965 8.9173
v  -0.5524 0.6172 8.9173
v  -0.4357 0.7153 8.9173
v  -0.3037 0.7879 8.9173
v  -0.1614 0.8331 8.9173
v  0.0000 0.8504 8.9173
v  0.1614 0.8331 8.9173
v  0.3037 0.7879 8.9173
v  0.4357 0.7153 8.9173
v  0.5524 0.6172 8.9173
v  0.6485 0.4965 8.9173
v  0.7192 0.3575 8.9173
v  0.7607 0.2062 8.9173
v  0.7714 0.0794 8.9173
v  0.7608 -0.0474 8.9173
v  0.7195 -0.1988 8.9173
v  0.6489 -0.3379 8.9173
v  0.5528 -0.4587 8.9173
v  0.4361 -0.5570 8.9173
v  0.3040 -0.6297 8.9173
v  0.0000 -0.7083 8.9021
v  0.1649 -0.6907 8.9021
v  0.3103 -0.6444 8.9021
v  0.4451 -0.5702 8.9021
v  0.5643 -0.4699 8.9021
v  0.6624 -0.3465 8.9021
v  0.7345 -0.2046 8.9021
v  0.7765 -0.0502 8.9021
v  0.7874 0.0794 8.9021
v  0.7764 0.2090 8.9021
v  0.7341 0.3633 8.9021
v  0.6620 0.5051 8.9021
v  0.5639 0.6283 8.9021
v  0.4448 0.7285 8.9021
v  0.3100 0.8026 8.9021
v  0.1647 0.8488 8.9021
v  0.0000 0.8664 8.9021
v  -0.1647 0.8488 8.9021
v  -0.3100 0.8026 8.9021
v  -0.4448 0.7285 8.9021
v  -0.5639 0.6284 8.9021
v  -0.6621 0.5052 8.9021
v  -0.7342 0.3633 8.9021
v  -0.7764 0.2090 8.9021
v  -0.7874 0.0794 8.9021
v  -0.7765 -0.0502 8.9021
v  -0.7343 -0.2046 8.9021
v  -0.6623 -0.3465 8.9021
v  -0.5642 -0.4698 8.9021
v  -0.4451 -0.5702 8.9021
v  -0.3103 -0.6444 8.9021
v  -0.1649 -0.6907 8.9021
v  0.1649 -0.6907 8.8932
v  0.0000 -0.7083 8.8932
v  -0.1649 -0.6907 8.8932
v  -0.3103 -0.6444 8.8932
v  -0.4451 -0.5702 8.8932
v  -0.5642 -0.4699 8.8932
v  -0.6623 -0.3465 8.8932
v  -0.7344 -0.2046 8.8932
v  -0.7765 -0.0502 8.8932
v  -0.7874 0.0794 8.8932
v  -0.7764 0.2090 8.8932
v  -0.7342 0.3633 8.8932
v  -0.6620 0.5051 8.8932
v  -0.5639 0.6284 8.8932
v  -0.4448 0.7285 8.8932
v  -0.3100 0.8026 8.8932
v  -0.1647 0.8488 8.8932
v  0.0000 0.8664 8.8932
v  0.1647 0.8488 8.8932
v  0.3100 0.8026 8.8932
v  0.4448 0.7285 8.8932
v  0.5639 0.6283 8.8932
v  0.6620 0.5051 8.8932
v  0.7341 0.3633 8.8932
v  0.7764 0.2090 8.8932
v  0.7874 0.0794 8.8932
v  0.7765 -0.0502 8.8932
v  0.7344 -0.2046 8.8932
v  0.6624 -0.3465 8.8932
v  0.5643 -0.4699 8.8932
v  0.4451 -0.5702 8.8932
v  0.3103 -0.6444 8.8932
v  -0.3702 -0.4609 9.4370
v  -0.2581 -0.5227 9.4370
v  -0.1372 -0.5612 9.4370
v  0.0000 -0.5758 9.4370
v  0.1372 -0.5611 9.4370
v  0.2581 -0.5226 9.4370
v  0.3703 -0.4609 9.4370
v  0.4694 -0.3775 9.4370
v  0.5510 -0.2749 9.4370
v  0.6109 -0.1569 9.4370
v  0.6459 -0.0282 9.4370
v  0.6548 0.0794 9.4370
v  0.6458 0.1870 9.4370
v  0.6106 0.3155 9.4370
v  0.5505 0.4334 9.4370
v  0.4690 0.5359 9.4370
v  0.3699 0.6192 9.4370
v  0.2579 0.6809 9.4370
v  0.1371 0.7193 9.4370
v  0.0000 0.7339 9.4370
v  -0.1371 0.7193 9.4370
v  -0.2578 0.6808 9.4370
v  -0.3699 0.6192 9.4370
v  -0.4690 0.5360 9.4370
v  -0.5507 0.4335 9.4370
v  -0.6107 0.3156 9.4370
v  -0.6458 0.1870 9.4370
v  -0.6549 0.0794 9.4370
v  -0.6459 -0.0282 9.4370
v  -0.6108 -0.1568 9.4370
v  -0.5508 -0.2748 9.4370
v  -0.4693 -0.3775 9.4370
v  -0.0102 -5.2883 8.1253
v  0.0254 -5.3748 8.1488
v  0.0115 -5.3727 8.1483
v  0.0974 -5.4070 8.1575
v  0.0743 -5.4179 8.1604
v  0.0487 -5.3600 8.1448
v  0.0348 -5.3636 8.1458
v  0.0577 -5.3494 8.1419
v  0.0445 -5.3560 8.1437
v  0.0487 -5.2660 8.1192
v  0.0527 -5.2797 8.1229
v  0.0378 -5.2574 8.1169
v  0.0445 -5.2700 8.1203
v  0.0772 -5.2032 8.1020
v  0.0933 -5.2230 8.1074
v  -0.0254 -5.2512 8.1152
v  -0.0115 -5.2532 8.1157
v  -0.0974 -5.2190 8.1063
v  -0.0737 -5.2077 8.1032
v  -0.0487 -5.2660 8.1192
v  -0.0348 -5.2623 8.1182
v  0.0125 -5.3783 8.1498
v  0.0000 -5.3738 8.1486
v  0.0641 -5.3375 8.1387
v  0.0527 -5.3462 8.1411
v  0.0577 -5.2766 8.1221
v  0.0586 -5.2906 8.1259
v  -0.0125 -5.2476 8.1142
v  0.0000 -5.2522 8.1155
v  -0.0577 -5.2766 8.1221
v  -0.0445 -5.2700 8.1203
v  -0.0487 -5.3600 8.1448
v  -0.0527 -5.3462 8.1411
v  -0.0378 -5.3686 8.1471
v  -0.0445 -5.3560 8.1437
v  -0.0771 -5.4230 8.1618
v  -0.0933 -5.4030 8.1564
v  -0.0974 -5.4070 8.1575
v  -0.1089 -5.3844 8.1513
v  -0.1281 -5.3620 8.1452
v  -0.1297 -5.3362 8.1382
v  0.0000 -5.3795 8.1501
v  -0.0115 -5.3727 8.1483
v  0.0677 -5.3251 8.1353
v  0.0586 -5.3354 8.1381
v  0.0641 -5.2885 8.1253
v  0.0619 -5.3019 8.1290
v  0.0000 -5.2465 8.1139
v  0.0115 -5.2532 8.1157
v  -0.0641 -5.2885 8.1253
v  -0.0527 -5.2797 8.1229
v  -0.0577 -5.3494 8.1419
v  -0.0586 -5.3354 8.1381
v  -0.1355 -5.2888 8.1253
v  -0.1226 -5.2662 8.1191
v  -0.1140 -5.2387 8.1116
v  -0.0933 -5.2230 8.1074
v  -0.0507 -5.1894 8.0982
v  -0.0240 -5.1879 8.0978
v  0.0251 -5.1823 8.0963
v  0.0485 -5.1947 8.0997
v  -0.0125 -5.3783 8.1498
v  -0.0232 -5.3695 8.1474
v  0.0125 -5.2476 8.1142
v  0.0232 -5.2565 8.1166
v  -0.0677 -5.3009 8.1287
v  -0.0586 -5.2906 8.1259
v  -0.0641 -5.3375 8.1387
v  -0.0619 -5.3240 8.1350
v  0.0974 -5.2190 8.1063
v  0.1089 -5.2416 8.1124
v  0.1281 -5.2641 8.1185
v  0.1297 -5.2899 8.1256
v  0.1355 -5.3372 8.1385
v  0.1226 -5.3599 8.1446
v  0.1139 -5.3875 8.1521
v  0.0933 -5.4030 8.1564
v  0.0507 -5.4366 8.1655
v  0.0240 -5.4381 8.1659
v  -0.0251 -5.4438 8.1675
v  -0.0485 -5.4313 8.1641
v  -0.1036 -5.5656 8.2007
v  -0.1255 -5.5303 8.1911
v  0.1377 -5.3168 8.1329
v  0.1297 -5.3362 8.1382
v  0.1355 -5.2888 8.1253
v  0.1318 -5.3092 8.1308
v  -0.1377 -5.3092 8.1308
v  -0.1297 -5.2899 8.1256
v  -0.2007 -5.3092 8.1310
v  -0.1916 -5.2788 8.1227
v  -0.1974 -5.3482 8.1416
v  -0.1948 -5.3168 8.1330
v  -0.1355 -5.3372 8.1385
v  -0.1318 -5.3168 8.1329
v  -0.1099 -5.4751 8.1762
v  -0.1378 -5.4459 8.1682
v  -0.1474 -5.4445 8.1678
v  -0.1631 -5.4159 8.1600
v  -0.1681 -5.2070 8.1031
v  -0.1378 -5.1800 8.0958
v  -0.1363 -5.1707 8.0933
v  -0.1066 -5.1556 8.0892
v  -0.0365 -5.1225 8.0801
v  -0.0039 -5.1250 8.0808
v  -0.0251 -5.1823 8.0963
v  0.0000 -5.1858 8.0972
v  0.0039 -5.1801 8.0957
v  0.0240 -5.1879 8.0978
v  0.0039 -5.1193 8.0793
v  0.0355 -5.1281 8.0817
v  0.1099 -5.1508 8.0879
v  0.1378 -5.1800 8.0958
v  0.1474 -5.1815 8.0962
v  0.1631 -5.2101 8.1040
v  0.1974 -5.2777 8.1224
v  0.1948 -5.3092 8.1310
v  0.2008 -5.3168 8.1330
v  0.1916 -5.3472 8.1413
v  0.1681 -5.4190 8.1609
v  0.1378 -5.4459 8.1682
v  0.1363 -5.4552 8.1707
v  0.1066 -5.4704 8.1749
v  0.0365 -5.5035 8.1839
v  0.0039 -5.5010 8.1832
v  0.0251 -5.4438 8.1675
v  0.0000 -5.4403 8.1665
v  -0.0039 -5.4459 8.1681
v  -0.0240 -5.4382 8.1659
v  -0.0039 -5.5067 8.1847
v  -0.0355 -5.4979 8.1823
v  -0.0739 -5.4931 8.1810
v  -0.0940 -5.4777 8.1768
v  -0.0507 -5.4366 8.1655
v  -0.0625 -5.4251 8.1624
v  0.0655 -5.4300 8.1637
v  0.0485 -5.4313 8.1641
v  0.0970 -5.4826 8.1782
v  0.0717 -5.4878 8.1796
v  0.0688 -5.3168 8.1330
v  0.0619 -5.3240 8.1350
v  0.0677 -5.3009 8.1287
v  0.0629 -5.3092 8.1310
v  0.0739 -5.1328 8.0830
v  0.0940 -5.1483 8.0872
v  0.0507 -5.1894 8.0982
v  0.0625 -5.2010 8.1014
v  -0.0655 -5.1960 8.1000
v  -0.0485 -5.1947 8.0997
v  -0.0970 -5.1433 8.0858
v  -0.0717 -5.1381 8.0844
v  -0.0688 -5.3092 8.1310
v  -0.0619 -5.3019 8.1290
v  -0.0677 -5.3251 8.1353
v  -0.0629 -5.3168 8.1330
v  -0.1213 -5.3762 8.1491
v  -0.1226 -5.3599 8.1446
v  -0.1138 -5.3876 8.1522
v  -0.1758 -5.4065 8.1575
v  -0.1812 -5.3822 8.1508
v  -0.1867 -5.2417 8.1126
v  -0.1707 -5.2223 8.1073
v  -0.1281 -5.2641 8.1185
v  -0.1091 -5.2418 8.1125
v  -0.1173 -5.2433 8.1129
v  0.1213 -5.2499 8.1147
v  0.1226 -5.2662 8.1191
v  0.1139 -5.2385 8.1116
v  0.1758 -5.2194 8.1065
v  0.1812 -5.2438 8.1132
v  0.1867 -5.3843 8.1514
v  0.1707 -5.4037 8.1567
v  0.1281 -5.3620 8.1452
v  0.1089 -5.3844 8.1513
v  0.1173 -5.3828 8.1509
v  -0.0254 -5.3748 8.1488
v  -0.0280 -5.3674 8.1468
v  0.0310 -5.3724 8.1482
v  0.0232 -5.3695 8.1474
v  0.0254 -5.2512 8.1152
v  0.0280 -5.2585 8.1172
v  -0.0310 -5.2536 8.1158
v  -0.0232 -5.2565 8.1166
v  -0.1867 -5.3843 8.1514
v  -0.1916 -5.3472 8.1413
v  -0.1958 -5.3557 8.1436
v  -0.1918 -5.2555 8.1164
v  -0.1812 -5.2438 8.1132
v  -0.1974 -5.2777 8.1224
v  -0.0739 -5.1328 8.0830
v  -0.0355 -5.1281 8.0817
v  -0.0443 -5.1240 8.0806
v  0.0595 -5.1280 8.0816
v  0.0717 -5.1381 8.0844
v  0.0365 -5.1225 8.0801
v  0.1867 -5.2417 8.1126
v  0.1916 -5.2788 8.1227
v  0.1958 -5.2702 8.1204
v  0.1918 -5.3704 8.1476
v  0.1812 -5.3822 8.1508
v  0.1974 -5.3482 8.1416
v  0.0739 -5.4931 8.1810
v  0.0355 -5.4979 8.1823
v  0.0443 -5.5019 8.1834
v  -0.0595 -5.4980 8.1824
v  -0.0717 -5.4878 8.1796
v  -0.0365 -5.5035 8.1839
v  0.1099 -5.4751 8.1762
v  0.1008 -5.4739 8.1758
v  0.1038 -5.1471 8.0868
v  0.1066 -5.1556 8.0892
v  -0.1099 -5.1508 8.0879
v  -0.1008 -5.1521 8.0882
v  -0.1038 -5.4788 8.1772
v  -0.1066 -5.4704 8.1749
v  -0.1681 -5.4190 8.1609
v  -0.1668 -5.4103 8.1585
v  -0.1719 -5.2128 8.1047
v  -0.1631 -5.2101 8.1040
v  0.1681 -5.2070 8.1031
v  0.1668 -5.2157 8.1055
v  0.1719 -5.4131 8.1593
v  0.1631 -5.4159 8.1600
v  0.1255 -5.5303 8.1911
v  0.1038 -5.4788 8.1772
v  0.0775 -5.4226 8.1617
v  0.0693 -5.4213 8.1613
v  0.0723 -5.1998 8.1010
v  0.0740 -5.2079 8.1033
v  0.0970 -5.1433 8.0858
v  0.1323 -5.0994 8.0738
v  -0.1255 -5.0956 8.0728
v  -0.1038 -5.1471 8.0868
v  -0.0770 -5.2030 8.1019
v  -0.0693 -5.2048 8.1024
v  -0.0723 -5.4262 8.1627
v  -0.0739 -5.4182 8.1605
v  -0.1707 -5.4037 8.1567
v  -0.1173 -5.3828 8.1509
v  -0.1918 -5.3704 8.1476
v  -0.2510 -5.3700 8.1475
v  -0.2469 -5.2413 8.1124
v  -0.1958 -5.2702 8.1204
v  -0.1213 -5.2499 8.1147
v  -0.1668 -5.2157 8.1055
v  0.0723 -5.4262 8.1627
v  0.0940 -5.4777 8.1768
v  0.0655 -5.1960 8.1000
v  0.1008 -5.1521 8.0882
v  -0.0595 -5.1280 8.0816
v  -0.0591 -5.0708 8.0660
v  0.0039 -5.1250 8.0808
v  -0.0039 -5.1801 8.0957
v  0.0743 -5.0747 8.0671
v  0.0443 -5.1240 8.0806
v  0.1707 -5.2223 8.1073
v  0.1173 -5.2433 8.1129
v  0.1918 -5.2555 8.1164
v  0.2510 -5.2560 8.1164
v  -0.0723 -5.1998 8.1010
v  -0.0940 -5.1483 8.0872
v  -0.1719 -5.4131 8.1593
v  -0.2253 -5.4341 8.1649
v  0.2578 -5.3168 8.1330
v  0.2008 -5.3092 8.1310
v  0.2469 -5.3847 8.1515
v  0.1958 -5.3557 8.1436
v  0.1213 -5.3762 8.1491
v  0.1668 -5.4103 8.1585
v  0.0378 -5.3686 8.1471
v  0.0625 -5.4251 8.1624
v  0.0280 -5.3674 8.1468
v  0.0170 -5.3339 8.1377
v  0.0693 -5.2048 8.1024
v  0.0310 -5.2536 8.1158
v  0.0348 -5.2623 8.1182
v  0.0102 -5.2883 8.1253
v  -0.0378 -5.2574 8.1169
v  -0.0625 -5.2010 8.1014
v  -0.0280 -5.2585 8.1172
v  -0.0170 -5.2921 8.1263
v  0.0039 -5.0642 8.0642
v  -0.0039 -5.1193 8.0793
v  0.2253 -5.1919 8.0990
v  0.1719 -5.2128 8.1047
v  0.0595 -5.4980 8.1824
v  0.0591 -5.5552 8.1979
v  -0.0039 -5.5010 8.1832
v  0.0039 -5.4459 8.1681
v  -0.0039 -5.5618 8.1997
v  0.0039 -5.5067 8.1847
v  -0.0743 -5.5513 8.1968
v  -0.0443 -5.5019 8.1834
v  -0.0591 -5.5552 8.1979
v  0.0512 -5.5801 8.2047
v  0.0039 -5.5618 8.1997
v  0.0743 -5.5513 8.1968
v  0.1541 -5.5404 8.1939
v  0.1323 -5.5265 8.1901
v  0.1948 -5.3168 8.1330
v  0.1377 -5.3092 8.1308
v  0.0688 -5.3092 8.1310
v  0.1318 -5.3168 8.1329
v  0.0273 -5.3092 8.1310
v  0.0629 -5.3168 8.1330
v  -0.2578 -5.3092 8.1309
v  -0.2007 -5.3168 8.1330
v  -0.1948 -5.3092 8.1310
v  -0.1377 -5.3168 8.1329
v  -0.0688 -5.3168 8.1330
v  -0.1318 -5.3092 8.1308
v  -0.0273 -5.3168 8.1330
v  -0.0629 -5.3092 8.1310
v  -0.1758 -5.2194 8.1065
v  -0.2213 -5.1853 8.0972
v  0.1758 -5.4065 8.1575
v  0.2213 -5.4407 8.1667
v  -0.1363 -5.4552 8.1707
v  -0.1878 -5.4835 8.1784
v  -0.1474 -5.1815 8.0962
v  -0.1767 -5.1318 8.0826
v  0.1363 -5.1707 8.0933
v  0.1878 -5.1425 8.0855
v  0.1474 -5.4445 8.1678
v  0.1767 -5.4942 8.1813
v  0.1878 -5.4835 8.1784
v  0.2618 -5.4130 8.1592
v  0.2253 -5.4341 8.1649
v  0.2510 -5.3700 8.1475
v  0.2578 -5.3092 8.1309
v  0.2617 -5.2130 8.1047
v  0.2469 -5.2413 8.1124
v  0.2213 -5.1853 8.0972
v  0.1540 -5.0857 8.0701
v  0.1767 -5.1318 8.0826
v  0.1036 -5.0605 8.0632
v  0.1255 -5.0956 8.0728
v  0.0512 -5.0459 8.0592
v  0.0949 -5.0816 8.0690
v  0.0591 -5.0708 8.0660
v  -0.0039 -5.0642 8.0642
v  -0.0743 -5.0747 8.0671
v  -0.1323 -5.0994 8.0738
v  -0.1878 -5.1425 8.0855
v  -0.2617 -5.2130 8.1047
v  -0.2253 -5.1919 8.0990
v  -0.2510 -5.2560 8.1164
v  -0.2578 -5.3168 8.1330
v  -0.2469 -5.3847 8.1515
v  -0.2213 -5.4407 8.1667
v  -0.1767 -5.4942 8.1813
v  -0.0970 -5.4826 8.1782
v  -0.1323 -5.5265 8.1901
v  -0.0655 -5.4300 8.1637
v  -0.1008 -5.4739 8.1758
v  -0.0693 -5.4213 8.1613
v  -0.0310 -5.3724 8.1482
v  -0.0348 -5.3636 8.1458
v  -0.0102 -5.3377 8.1387
v  0.0231 -5.3275 8.1360
v  0.0256 -5.3228 8.1347
v  0.0273 -5.3168 8.1330
v  0.0256 -5.3032 8.1293
v  0.0231 -5.2984 8.1280
v  0.0170 -5.2921 8.1263
v  0.0102 -5.3377 8.1387
v  0.0050 -5.3391 8.1391
v  0.0000 -5.3396 8.1392
v  -0.0050 -5.3391 8.1391
v  0.0050 -5.2868 8.1249
v  0.0000 -5.2864 8.1248
v  -0.0050 -5.2868 8.1249
v  -0.0170 -5.3339 8.1377
v  -0.0231 -5.3275 8.1360
v  -0.0256 -5.3228 8.1347
v  -0.0273 -5.3092 8.1310
v  -0.0256 -5.3032 8.1293
v  -0.0231 -5.2984 8.1280
v  0.0000 -5.3130 8.1320
v  -0.0102 -5.2666 8.2050
v  0.0254 -5.3531 8.2286
v  0.0115 -5.3510 8.2280
v  0.0974 -5.3853 8.2373
v  0.0743 -5.3961 8.2403
v  0.0487 -5.3383 8.2245
v  0.0348 -5.3419 8.2255
v  0.0577 -5.3276 8.2217
v  0.0445 -5.3342 8.2234
v  0.0487 -5.2443 8.1989
v  0.0527 -5.2580 8.2027
v  0.0378 -5.2357 8.1966
v  0.0445 -5.2483 8.2000
v  0.0772 -5.1814 8.1818
v  0.0933 -5.2013 8.1872
v  -0.0254 -5.2295 8.1949
v  -0.0115 -5.2315 8.1955
v  -0.0974 -5.1973 8.1861
v  -0.0737 -5.1860 8.1831
v  -0.0487 -5.2443 8.1989
v  -0.0348 -5.2406 8.1980
v  0.0125 -5.3566 8.2295
v  0.0000 -5.3520 8.2283
v  0.0641 -5.3157 8.2184
v  0.0527 -5.3245 8.2208
v  0.0577 -5.2549 8.2018
v  0.0586 -5.2689 8.2057
v  -0.0125 -5.2259 8.1939
v  0.0000 -5.2305 8.1952
v  -0.0577 -5.2549 8.2018
v  -0.0445 -5.2483 8.2000
v  -0.0487 -5.3383 8.2245
v  -0.0527 -5.3245 8.2208
v  -0.0378 -5.3468 8.2269
v  -0.0445 -5.3342 8.2234
v  -0.0771 -5.4012 8.2417
v  -0.0933 -5.3813 8.2362
v  -0.0974 -5.3853 8.2373
v  -0.1089 -5.3627 8.2312
v  -0.1281 -5.3402 8.2251
v  -0.1297 -5.3144 8.2181
v  0.0000 -5.3577 8.2298
v  -0.0115 -5.3510 8.2280
v  0.0682 -5.3034 8.2150
v  0.0586 -5.3136 8.2178
v  0.0641 -5.2668 8.2051
v  0.0619 -5.2802 8.2087
v  0.0000 -5.2248 8.1936
v  0.0115 -5.2315 8.1955
v  -0.0641 -5.2668 8.2051
v  -0.0527 -5.2580 8.2027
v  -0.0577 -5.3276 8.2217
v  -0.0586 -5.3136 8.2178
v  -0.1355 -5.2671 8.2052
v  -0.1226 -5.2444 8.1990
v  -0.1140 -5.2170 8.1915
v  -0.0933 -5.2013 8.1872
v  -0.0507 -5.1676 8.1781
v  -0.0240 -5.1661 8.1777
v  0.0251 -5.1605 8.1762
v  0.0485 -5.1729 8.1795
v  -0.0125 -5.3566 8.2295
v  -0.0232 -5.3478 8.2271
v  0.0125 -5.2259 8.1939
v  0.0232 -5.2348 8.1964
v  -0.0677 -5.2792 8.2085
v  -0.0586 -5.2689 8.2057
v  -0.0641 -5.3157 8.2184
v  -0.0619 -5.3023 8.2148
v  0.0974 -5.1973 8.1861
v  0.1089 -5.2199 8.1923
v  0.1281 -5.2423 8.1984
v  0.1297 -5.2681 8.2054
v  0.1355 -5.3155 8.2183
v  0.1226 -5.3381 8.2245
v  0.1139 -5.3658 8.2320
v  0.0933 -5.3813 8.2362
v  0.0507 -5.4149 8.2454
v  0.0240 -5.4164 8.2458
v  -0.0251 -5.4220 8.2473
v  -0.0485 -5.4096 8.2440
v  -0.1255 -5.5086 8.2709
v  0.1377 -5.2951 8.2128
v  0.1301 -5.3144 8.2181
v  0.1355 -5.2671 8.2052
v  0.1318 -5.2875 8.2107
v  -0.1377 -5.2875 8.2107
v  -0.1297 -5.2681 8.2054
v  -0.2007 -5.2875 8.2107
v  -0.1916 -5.2571 8.2024
v  -0.1974 -5.3265 8.2213
v  -0.1948 -5.2951 8.2128
v  -0.1355 -5.3155 8.2183
v  -0.1318 -5.2951 8.2128
v  -0.1099 -5.4534 8.2559
v  -0.1378 -5.4242 8.2479
v  -0.1474 -5.4228 8.2476
v  -0.1631 -5.3942 8.2398
v  -0.1681 -5.1853 8.1829
v  -0.1378 -5.1583 8.1755
v  -0.1363 -5.1490 8.1730
v  -0.1066 -5.1339 8.1689
v  -0.0365 -5.1008 8.1599
v  -0.0039 -5.1033 8.1606
v  -0.0251 -5.1605 8.1762
v  0.0000 -5.1640 8.1771
v  0.0039 -5.1584 8.1756
v  0.0240 -5.1661 8.1777
v  0.0039 -5.0976 8.1590
v  0.0355 -5.1064 8.1614
v  0.1099 -5.1291 8.1676
v  0.1378 -5.1583 8.1755
v  0.1474 -5.1598 8.1759
v  0.1631 -5.1884 8.1837
v  0.1974 -5.2560 8.2021
v  0.1948 -5.2875 8.2107
v  0.2008 -5.2951 8.2128
v  0.1916 -5.3255 8.2211
v  0.1681 -5.3973 8.2406
v  0.1378 -5.4242 8.2479
v  0.1363 -5.4335 8.2505
v  0.1066 -5.4487 8.2546
v  0.0365 -5.4818 8.2636
v  0.0039 -5.4793 8.2629
v  0.0251 -5.4220 8.2473
v  0.0000 -5.4185 8.2464
v  -0.0039 -5.4242 8.2479
v  -0.0240 -5.4164 8.2458
v  -0.0039 -5.4850 8.2645
v  -0.0355 -5.4762 8.2621
v  -0.0739 -5.4714 8.2608
v  -0.0940 -5.4560 8.2566
v  -0.0507 -5.4149 8.2454
v  -0.0625 -5.4033 8.2423
v  0.0655 -5.4083 8.2436
v  0.0485 -5.4096 8.2440
v  0.0970 -5.4609 8.2579
v  0.0717 -5.4661 8.2593
v  0.0688 -5.2951 8.2128
v  0.0619 -5.3023 8.2148
v  0.0677 -5.2792 8.2085
v  0.0629 -5.2875 8.2107
v  0.0739 -5.1111 8.1627
v  0.0940 -5.1266 8.1669
v  0.0507 -5.1676 8.1781
v  0.0625 -5.1792 8.1812
v  -0.0655 -5.1743 8.1799
v  -0.0485 -5.1729 8.1795
v  -0.0970 -5.1216 8.1656
v  -0.0717 -5.1164 8.1641
v  -0.0688 -5.2875 8.2107
v  -0.0619 -5.2802 8.2087
v  -0.0677 -5.3034 8.2150
v  -0.0629 -5.2951 8.2128
v  -0.1213 -5.3544 8.2289
v  -0.1226 -5.3381 8.2245
v  -0.1138 -5.3658 8.2320
v  -0.1758 -5.3848 8.2372
v  -0.1812 -5.3605 8.2306
v  -0.1867 -5.2200 8.1923
v  -0.1707 -5.2006 8.1870
v  -0.1281 -5.2423 8.1984
v  -0.1091 -5.2201 8.1924
v  -0.1173 -5.2215 8.1928
v  0.1213 -5.2281 8.1946
v  0.1226 -5.2444 8.1990
v  0.1139 -5.2168 8.1915
v  0.1758 -5.1977 8.1863
v  0.1812 -5.2221 8.1929
v  0.1867 -5.3626 8.2312
v  0.1707 -5.3820 8.2364
v  0.1281 -5.3402 8.2251
v  0.1089 -5.3626 8.2312
v  0.1173 -5.3610 8.2307
v  -0.0254 -5.3531 8.2286
v  -0.0280 -5.3457 8.2266
v  0.0310 -5.3506 8.2279
v  0.0232 -5.3478 8.2271
v  0.0254 -5.2295 8.1949
v  0.0280 -5.2368 8.1969
v  -0.0310 -5.2319 8.1956
v  -0.0232 -5.2348 8.1964
v  -0.1867 -5.3626 8.2312
v  -0.1916 -5.3255 8.2211
v  -0.1958 -5.3340 8.2234
v  -0.1918 -5.2338 8.1961
v  -0.1812 -5.2221 8.1929
v  -0.1974 -5.2560 8.2021
v  -0.0739 -5.1111 8.1627
v  -0.0355 -5.1064 8.1614
v  -0.0443 -5.1023 8.1603
v  0.0595 -5.1062 8.1614
v  0.0717 -5.1164 8.1641
v  0.0365 -5.1008 8.1599
v  0.1867 -5.2200 8.1923
v  0.1916 -5.2571 8.2024
v  0.1958 -5.2485 8.2001
v  0.1918 -5.3487 8.2274
v  0.1812 -5.3605 8.2306
v  0.1974 -5.3265 8.2213
v  0.0739 -5.4714 8.2608
v  0.0355 -5.4762 8.2621
v  0.0443 -5.4802 8.2632
v  -0.0595 -5.4763 8.2621
v  -0.0717 -5.4661 8.2593
v  -0.0365 -5.4818 8.2636
v  0.1099 -5.4534 8.2559
v  0.1008 -5.4522 8.2556
v  0.1038 -5.1254 8.1666
v  0.1066 -5.1339 8.1689
v  -0.1099 -5.1291 8.1676
v  -0.1008 -5.1304 8.1679
v  -0.1038 -5.4571 8.2569
v  -0.1066 -5.4487 8.2546
v  -0.1681 -5.3973 8.2406
v  -0.1668 -5.3886 8.2382
v  -0.1719 -5.1911 8.1845
v  -0.1631 -5.1884 8.1837
v  0.1681 -5.1853 8.1829
v  0.1668 -5.1940 8.1853
v  0.1719 -5.3914 8.2390
v  0.1631 -5.3942 8.2398
v  0.1255 -5.5086 8.2709
v  0.1038 -5.4571 8.2569
v  0.0775 -5.4009 8.2416
v  0.0693 -5.3995 8.2412
v  0.0723 -5.1781 8.1809
v  0.0740 -5.1862 8.1831
v  0.0970 -5.1216 8.1656
v  0.1323 -5.0777 8.1536
v  -0.1255 -5.0739 8.1526
v  -0.1038 -5.1254 8.1666
v  -0.0770 -5.1812 8.1818
v  -0.0693 -5.1830 8.1823
v  -0.0723 -5.4045 8.2426
v  -0.0739 -5.3964 8.2404
v  -0.1707 -5.3820 8.2364
v  -0.1173 -5.3610 8.2307
v  -0.1918 -5.3487 8.2274
v  -0.2510 -5.3483 8.2273
v  -0.2469 -5.2196 8.1922
v  -0.1958 -5.2485 8.2001
v  -0.1213 -5.2281 8.1945
v  -0.1668 -5.1940 8.1853
v  0.0723 -5.4045 8.2426
v  0.0940 -5.4560 8.2566
v  0.0655 -5.1743 8.1799
v  0.1008 -5.1304 8.1679
v  -0.0595 -5.1062 8.1614
v  -0.0591 -5.0491 8.1458
v  0.0039 -5.1033 8.1606
v  -0.0039 -5.1584 8.1756
v  0.0743 -5.0530 8.1469
v  0.0443 -5.1023 8.1603
v  0.1707 -5.2006 8.1870
v  0.1173 -5.2215 8.1928
v  0.1918 -5.2338 8.1961
v  0.2510 -5.2342 8.1962
v  -0.0723 -5.1781 8.1809
v  -0.0940 -5.1266 8.1669
v  -0.1719 -5.3914 8.2390
v  -0.2253 -5.4124 8.2447
v  0.2578 -5.2951 8.2128
v  0.2008 -5.2875 8.2107
v  0.2469 -5.3630 8.2313
v  0.1958 -5.3340 8.2234
v  0.1213 -5.3544 8.2289
v  0.1668 -5.3886 8.2382
v  0.0378 -5.3468 8.2269
v  0.0625 -5.4033 8.2423
v  0.0280 -5.3457 8.2266
v  0.0693 -5.1830 8.1823
v  0.0310 -5.2319 8.1956
v  0.0348 -5.2406 8.1980
v  0.0102 -5.2666 8.2050
v  -0.0378 -5.2357 8.1966
v  -0.0625 -5.1792 8.1812
v  -0.0280 -5.2368 8.1969
v  0.0039 -5.0425 8.1440
v  -0.0039 -5.0976 8.1590
v  0.2253 -5.1702 8.1788
v  0.1719 -5.1911 8.1845
v  0.0595 -5.4763 8.2621
v  0.0591 -5.5335 8.2777
v  -0.0039 -5.4793 8.2629
v  0.0039 -5.4242 8.2479
v  -0.0039 -5.5401 8.2795
v  0.0039 -5.4850 8.2645
v  -0.0743 -5.5295 8.2766
v  -0.0443 -5.4802 8.2632
v  -0.0591 -5.5335 8.2777
v  0.0039 -5.5401 8.2795
v  0.0743 -5.5295 8.2766
v  0.1323 -5.5048 8.2699
v  0.1948 -5.2951 8.2128
v  0.1377 -5.2875 8.2107
v  0.0688 -5.2875 8.2107
v  0.1318 -5.2951 8.2128
v  0.0273 -5.2875 8.2107
v  0.0629 -5.2951 8.2128
v  -0.2578 -5.2875 8.2107
v  -0.2007 -5.2951 8.2128
v  -0.1948 -5.2875 8.2107
v  -0.1377 -5.2951 8.2128
v  -0.0688 -5.2951 8.2128
v  -0.1318 -5.2875 8.2107
v  -0.0273 -5.2951 8.2128
v  -0.0629 -5.2875 8.2107
v  -0.1758 -5.1977 8.1863
v  -0.2213 -5.1636 8.1770
v  0.1758 -5.3848 8.2372
v  0.2213 -5.4190 8.2465
v  -0.1363 -5.4335 8.2505
v  -0.1878 -5.4618 8.2582
v  -0.1474 -5.1598 8.1759
v  -0.1767 -5.1100 8.1624
v  0.1363 -5.1490 8.1730
v  0.1878 -5.1208 8.1653
v  0.1474 -5.4228 8.2476
v  0.1767 -5.4725 8.2611
v  0.1878 -5.4618 8.2582
v  0.2253 -5.4124 8.2447
v  0.2510 -5.3483 8.2273
v  0.2578 -5.2875 8.2107
v  0.2469 -5.2196 8.1922
v  0.2213 -5.1636 8.1770
v  0.1767 -5.1100 8.1624
v  0.1255 -5.0739 8.1526
v  0.0949 -5.0599 8.1488
v  0.0591 -5.0491 8.1458
v  -0.0039 -5.0425 8.1440
v  -0.0743 -5.0530 8.1469
v  -0.1323 -5.0777 8.1536
v  -0.1878 -5.1208 8.1653
v  -0.2253 -5.1702 8.1788
v  -0.2510 -5.2342 8.1962
v  -0.2578 -5.2951 8.2128
v  -0.2469 -5.3630 8.2313
v  -0.2213 -5.4190 8.2465
v  -0.1767 -5.4725 8.2611
v  -0.0970 -5.4609 8.2579
v  -0.1323 -5.5048 8.2699
v  -0.0655 -5.4083 8.2436
v  -0.1008 -5.4522 8.2556
v  -0.0693 -5.3995 8.2412
v  -0.0310 -5.3506 8.2279
v  -0.0348 -5.3419 8.2255
v  -0.0102 -5.3160 8.2185
v  0.0170 -5.3122 8.2174
v  0.0231 -5.3058 8.2157
v  0.0256 -5.3011 8.2144
v  0.0273 -5.2951 8.2128
v  0.0263 -5.2815 8.2091
v  0.0231 -5.2767 8.2078
v  0.0170 -5.2704 8.2061
v  0.0102 -5.3160 8.2185
v  0.0050 -5.3174 8.2189
v  0.0000 -5.3179 8.2190
v  -0.0050 -5.3174 8.2189
v  0.0050 -5.2651 8.2046
v  0.0000 -5.2647 8.2045
v  -0.0050 -5.2651 8.2046
v  -0.0170 -5.3122 8.2174
v  -0.0231 -5.3058 8.2157
v  -0.0256 -5.3011 8.2144
v  -0.0273 -5.2875 8.2107
v  -0.0256 -5.2815 8.2091
v  -0.0231 -5.2767 8.2078
v  -0.0170 -5.2704 8.2061
v  0.0000 -5.6022 8.2625
v  -0.0512 -5.5801 8.2047
v  -0.1541 -5.5404 8.1939
v  -0.1991 -5.5051 8.1843
v  -0.2356 -5.4616 8.1724
v  -0.2618 -5.4130 8.1592
v  -0.2768 -5.3624 8.1454
v  -0.2815 -5.3130 8.1320
v  -0.2768 -5.2636 8.1185
v  -0.2356 -5.1644 8.0915
v  -0.1990 -5.1209 8.0797
v  -0.1540 -5.0857 8.0701
v  -0.1036 -5.0605 8.0632
v  -0.0512 -5.0459 8.0593
v  0.0000 -5.0414 8.0580
v  0.1990 -5.1209 8.0797
v  0.2356 -5.1644 8.0915
v  0.2768 -5.2636 8.1185
v  0.2815 -5.3130 8.1320
v  0.2768 -5.3624 8.1454
v  0.2357 -5.4616 8.1724
v  0.1991 -5.5051 8.1843
v  0.1036 -5.5656 8.2007
v  0.0000 -5.5847 8.2059
v  0.0000 -5.5955 8.2314
v  -0.0570 -5.5971 8.2611
v  -0.0544 -5.5907 8.2301
v  -0.1100 -5.5753 8.2259
v  -0.1635 -5.5485 8.2186
v  -0.2112 -5.5111 8.2084
v  -0.2500 -5.4650 8.1959
v  -0.2777 -5.4134 8.1818
v  -0.2937 -5.3597 8.1672
v  -0.2986 -5.3073 8.1530
v  -0.2936 -5.2548 8.1387
v  -0.2777 -5.2012 8.1241
v  -0.2499 -5.1496 8.1101
v  -0.2111 -5.1035 8.0975
v  -0.1634 -5.0661 8.0873
v  -0.1099 -5.0394 8.0801
v  -0.0543 -5.0240 8.0759
v  0.0000 -5.0192 8.0746
v  0.0543 -5.0240 8.0759
v  0.1099 -5.0394 8.0801
v  0.1634 -5.0661 8.0873
v  0.2111 -5.1035 8.0975
v  0.2499 -5.1496 8.1101
v  0.2777 -5.2012 8.1241
v  0.2936 -5.2548 8.1387
v  0.2986 -5.3073 8.1530
v  0.2937 -5.3597 8.1672
v  0.2777 -5.4134 8.1818
v  0.2500 -5.4650 8.1959
v  0.2112 -5.5111 8.2084
v  0.1635 -5.5485 8.2186
v  0.1100 -5.5753 8.2259
v  0.0544 -5.5907 8.2301
v  0.0570 -5.5971 8.2611
v  0.1153 -5.5810 8.2567
v  0.1714 -5.5529 8.2491
v  0.2215 -5.5136 8.2384
v  0.2622 -5.4653 8.2252
v  0.2913 -5.4111 8.2105
v  0.3080 -5.3549 8.1952
v  0.3132 -5.2999 8.1802
v  0.3080 -5.2449 8.1652
v  0.2912 -5.1886 8.1499
v  0.2622 -5.1345 8.1352
v  0.2215 -5.0862 8.1220
v  0.1714 -5.0469 8.1113
v  0.1153 -5.0189 8.1037
v  0.0570 -5.0027 8.0993
v  0.0000 -4.9977 8.0979
v  -0.0570 -5.0027 8.0993
v  -0.1153 -5.0189 8.1037
v  -0.1714 -5.0469 8.1113
v  -0.2215 -5.0862 8.1220
v  -0.2622 -5.1345 8.1352
v  -0.2912 -5.1886 8.1499
v  -0.3080 -5.2449 8.1652
v  -0.3132 -5.2999 8.1802
v  -0.3080 -5.3549 8.1952
v  -0.2913 -5.4111 8.2105
v  -0.2622 -5.4653 8.2252
v  -0.2215 -5.5136 8.2384
v  -0.1714 -5.5529 8.2491
v  -0.1153 -5.5810 8.2567
v  -0.2988 -5.4059 8.2410
v  -0.3159 -5.3482 8.2253
v  -0.2272 -5.5110 8.2697
v  -0.2689 -5.4614 8.2562
v  -0.1758 -5.5512 8.2806
v  0.1183 -5.5800 8.2885
v  0.0585 -5.5966 8.2930
v  0.1758 -5.5512 8.2806
v  0.2272 -5.5110 8.2697
v  0.2689 -5.4614 8.2562
v  0.2988 -5.4059 8.2410
v  0.3160 -5.3482 8.2253
v  0.3160 -5.2353 8.1946
v  0.3213 -5.2917 8.2100
v  0.2276 -5.0722 8.1501
v  0.2689 -5.1221 8.1638
v  0.1758 -5.0323 8.1393
v  0.1185 -5.0031 8.1312
v  0.0586 -4.9865 8.1267
v  0.0000 -4.9813 8.1253
v  -0.0586 -4.9865 8.1267
v  -0.2993 -5.1775 8.1787
v  -0.2694 -5.1219 8.1636
v  -0.3165 -5.2353 8.1944
v  -0.3219 -5.2918 8.2098
v  -0.1185 -5.0031 8.1312
v  -0.1761 -5.0319 8.1391
v  -0.2276 -5.0722 8.1501
v  -0.1185 -5.5806 8.2885
v  -0.0586 -5.5973 8.2930
v  0.0000 -5.6024 8.2944
v  0.2988 -5.1776 8.1789
v  -0.1014 -5.5601 8.1992
v  -0.1507 -5.5355 8.1925
v  -0.1948 -5.5009 8.1831
v  -0.2306 -5.4584 8.1716
v  -0.2561 -5.4108 8.1586
v  -0.2709 -5.3613 8.1451
v  -0.2755 -5.3130 8.1320
v  -0.2709 -5.2646 8.1188
v  -0.2561 -5.2152 8.1053
v  -0.2306 -5.1676 8.0924
v  -0.1948 -5.1251 8.0808
v  -0.1507 -5.0905 8.0714
v  -0.1014 -5.0659 8.0647
v  -0.0501 -5.0516 8.0608
v  0.0000 -5.0472 8.0596
v  0.0501 -5.0516 8.0608
v  0.1014 -5.0659 8.0647
v  0.1507 -5.0905 8.0714
v  0.1948 -5.1251 8.0808
v  0.2306 -5.1676 8.0924
v  0.2561 -5.2152 8.1053
v  0.2709 -5.2646 8.1188
v  0.2755 -5.3130 8.1320
v  0.2709 -5.3613 8.1451
v  0.2561 -5.4108 8.1586
v  0.2306 -5.4584 8.1716
v  0.1948 -5.5009 8.1831
v  0.1507 -5.5355 8.1925
v  0.1014 -5.5601 8.1992
v  0.0501 -5.5744 8.2031
v  0.0000 -5.5788 8.2043
v  -0.0501 -5.5744 8.2031
v  -0.1282 -5.5355 8.1926
v  -0.0763 -5.5567 8.1983
v  -0.0603 -5.5609 8.1995
v  -0.0043 -5.5676 8.2013
v  0.0043 -5.5676 8.2013
v  0.0603 -5.5609 8.1995
v  0.0763 -5.5567 8.1983
v  0.1282 -5.5355 8.1926
v  0.1357 -5.5314 8.1914
v  0.1806 -5.4986 8.1825
v  0.1924 -5.4873 8.1794
v  0.2263 -5.4439 8.1676
v  0.2307 -5.4367 8.1656
v  0.2526 -5.3866 8.1520
v  0.2569 -5.3711 8.1478
v  0.2638 -5.3171 8.1331
v  0.2638 -5.3088 8.1308
v  0.2569 -5.2549 8.1161
v  0.2526 -5.2394 8.1119
v  0.2307 -5.1893 8.0983
v  0.2263 -5.1821 8.0963
v  0.1924 -5.1387 8.0845
v  0.1806 -5.1274 8.0814
v  0.1357 -5.0946 8.0725
v  0.1283 -5.0905 8.0714
v  0.0972 -5.0763 8.0675
v  0.0761 -5.0692 8.0656
v  0.0603 -5.0651 8.0645
v  0.0043 -5.0584 8.0626
v  -0.0043 -5.0584 8.0626
v  -0.0603 -5.0651 8.0645
v  -0.0763 -5.0692 8.0656
v  -0.1282 -5.0904 8.0714
v  -0.1357 -5.0946 8.0725
v  -0.1806 -5.1274 8.0814
v  -0.1924 -5.1387 8.0845
v  -0.2263 -5.1821 8.0963
v  -0.2306 -5.1893 8.0983
v  -0.2526 -5.2394 8.1119
v  -0.2569 -5.2549 8.1161
v  -0.2638 -5.3088 8.1308
v  -0.2638 -5.3171 8.1331
v  -0.2569 -5.3711 8.1478
v  -0.2526 -5.3866 8.1520
v  -0.2306 -5.4367 8.1656
v  -0.2263 -5.4439 8.1676
v  -0.1924 -5.4873 8.1794
v  -0.1806 -5.4986 8.1825
v  -0.1357 -5.5314 8.1914
v  -0.0519 -5.5826 8.2096
v  0.0000 -5.5872 8.2109
v  -0.1050 -5.5679 8.2056
v  -0.1561 -5.5423 8.1986
v  -0.2017 -5.5066 8.1889
v  -0.2388 -5.4625 8.1769
v  -0.2652 -5.4132 8.1635
v  -0.2805 -5.3620 8.1496
v  -0.2852 -5.3119 8.1360
v  -0.2805 -5.2618 8.1223
v  -0.2652 -5.2106 8.1084
v  -0.2387 -5.1613 8.0950
v  -0.2015 -5.1174 8.0833
v  -0.1560 -5.0816 8.0733
v  -0.1050 -5.0561 8.0664
v  -0.0519 -5.0413 8.0624
v  0.0000 -5.0367 8.0611
v  0.0518 -5.0415 8.0626
v  0.1049 -5.0562 8.0666
v  0.1559 -5.0817 8.0735
v  0.2015 -5.1174 8.0833
v  0.2387 -5.1613 8.0950
v  0.2652 -5.2106 8.1084
v  0.2805 -5.2618 8.1223
v  0.2852 -5.3119 8.1360
v  0.2805 -5.3620 8.1496
v  0.2652 -5.4132 8.1635
v  0.2388 -5.4625 8.1769
v  0.2017 -5.5066 8.1889
v  0.1561 -5.5423 8.1986
v  0.1050 -5.5679 8.2056
v  0.0519 -5.5826 8.2096
v  -0.0102 -5.2861 8.1333
v  -0.0050 -5.2847 8.1329
v  0.0254 -5.3726 8.1568
v  0.0125 -5.3762 8.1578
v  0.0115 -5.3706 8.1563
v  0.0232 -5.3673 8.1554
v  0.0974 -5.4048 8.1656
v  0.0775 -5.4204 8.1698
v  0.0743 -5.4157 8.1685
v  0.0933 -5.4008 8.1645
v  0.0487 -5.3578 8.1528
v  0.0378 -5.3664 8.1551
v  0.0348 -5.3614 8.1538
v  0.0445 -5.3538 8.1517
v  0.0577 -5.3472 8.1499
v  0.0527 -5.3441 8.1490
v  0.0487 -5.2638 8.1272
v  0.0577 -5.2744 8.1301
v  0.0527 -5.2775 8.1309
v  0.0445 -5.2678 8.1283
v  0.0378 -5.2552 8.1248
v  0.0348 -5.2602 8.1262
v  0.0772 -5.2009 8.1101
v  0.0974 -5.2168 8.1144
v  0.0933 -5.2208 8.1155
v  0.0740 -5.2057 8.1114
v  -0.0254 -5.2490 8.1231
v  -0.0125 -5.2454 8.1222
v  -0.0115 -5.2510 8.1237
v  -0.0232 -5.2543 8.1246
v  -0.0974 -5.2168 8.1144
v  -0.0770 -5.2007 8.1100
v  -0.0737 -5.2055 8.1113
v  -0.0933 -5.2208 8.1155
v  -0.0487 -5.2638 8.1272
v  -0.0378 -5.2552 8.1248
v  -0.0348 -5.2602 8.1262
v  -0.0445 -5.2678 8.1283
v  0.0000 -5.3773 8.1581
v  0.0000 -5.3716 8.1565
v  0.0641 -5.3353 8.1466
v  0.0586 -5.3332 8.1461
v  0.0641 -5.2863 8.1333
v  0.0586 -5.2884 8.1339
v  0.0000 -5.2443 8.1219
v  0.0000 -5.2500 8.1234
v  -0.0577 -5.2744 8.1301
v  -0.0527 -5.2775 8.1309
v  -0.0487 -5.3578 8.1528
v  -0.0577 -5.3472 8.1499
v  -0.0527 -5.3441 8.1490
v  -0.0445 -5.3538 8.1517
v  -0.0378 -5.3664 8.1551
v  -0.0348 -5.3614 8.1538
v  -0.0771 -5.4208 8.1699
v  -0.0974 -5.4048 8.1656
v  -0.0933 -5.4008 8.1645
v  -0.0739 -5.4160 8.1686
v  -0.1138 -5.3853 8.1603
v  -0.1089 -5.3822 8.1594
v  -0.1281 -5.3597 8.1533
v  -0.1355 -5.3350 8.1466
v  -0.1297 -5.3340 8.1463
v  -0.1226 -5.3577 8.1527
v  -0.0125 -5.3762 8.1578
v  -0.0115 -5.3706 8.1562
v  0.0677 -5.3229 8.1433
v  0.0619 -5.3219 8.1430
v  0.0677 -5.2987 8.1367
v  0.0619 -5.2997 8.1370
v  0.0125 -5.2454 8.1222
v  0.0115 -5.2510 8.1237
v  -0.0641 -5.2863 8.1333
v  -0.0586 -5.2884 8.1339
v  -0.0641 -5.3353 8.1466
v  -0.0586 -5.3332 8.1461
v  -0.1355 -5.2866 8.1334
v  -0.1281 -5.2619 8.1267
v  -0.1226 -5.2640 8.1272
v  -0.1297 -5.2877 8.1337
v  -0.1140 -5.2365 8.1198
v  -0.1091 -5.2396 8.1206
v  -0.0507 -5.1872 8.1063
v  -0.0251 -5.1801 8.1044
v  -0.0240 -5.1857 8.1059
v  -0.0485 -5.1925 8.1078
v  0.0251 -5.1801 8.1044
v  0.0507 -5.1872 8.1063
v  0.0485 -5.1925 8.1078
v  0.0240 -5.1857 8.1059
v  -0.0254 -5.3726 8.1568
v  -0.0232 -5.3673 8.1554
v  0.0254 -5.2490 8.1231
v  0.0232 -5.2543 8.1246
v  -0.0677 -5.2987 8.1367
v  -0.0619 -5.2997 8.1370
v  -0.0677 -5.3229 8.1433
v  -0.0619 -5.3219 8.1430
v  0.1139 -5.2363 8.1197
v  0.1089 -5.2394 8.1205
v  0.1281 -5.2619 8.1267
v  0.1355 -5.2866 8.1334
v  0.1297 -5.2877 8.1337
v  0.1226 -5.2640 8.1272
v  0.1355 -5.3350 8.1466
v  0.1281 -5.3597 8.1533
v  0.1226 -5.3577 8.1527
v  0.1297 -5.3340 8.1463
v  0.1139 -5.3853 8.1603
v  0.1089 -5.3822 8.1594
v  0.0507 -5.4344 8.1736
v  0.0251 -5.4415 8.1756
v  0.0240 -5.4359 8.1740
v  0.0485 -5.4291 8.1722
v  -0.0251 -5.4415 8.1756
v  -0.0507 -5.4344 8.1736
v  -0.0485 -5.4291 8.1722
v  -0.0240 -5.4359 8.1740
v  -0.1255 -5.5282 8.1992
v  -0.0743 -5.5491 8.2048
v  0.1377 -5.3146 8.1410
v  0.1318 -5.3146 8.1410
v  0.1377 -5.3070 8.1389
v  0.1318 -5.3070 8.1389
v  -0.1377 -5.3070 8.1389
v  -0.1318 -5.3070 8.1389
v  -0.2007 -5.3070 8.1389
v  -0.1974 -5.2756 8.1304
v  -0.1916 -5.2766 8.1307
v  -0.1948 -5.3070 8.1389
v  -0.1974 -5.3461 8.1496
v  -0.2007 -5.3146 8.1410
v  -0.1948 -5.3146 8.1410
v  -0.1916 -5.3450 8.1493
v  -0.1377 -5.3146 8.1410
v  -0.1318 -5.3146 8.1410
v  -0.1099 -5.4730 8.1841
v  -0.1363 -5.4531 8.1787
v  -0.1378 -5.4438 8.1762
v  -0.1066 -5.4682 8.1828
v  -0.1474 -5.4423 8.1758
v  -0.1681 -5.4168 8.1688
v  -0.1631 -5.4137 8.1680
v  -0.1681 -5.2048 8.1111
v  -0.1474 -5.1793 8.1042
v  -0.1378 -5.1778 8.1038
v  -0.1631 -5.2079 8.1120
v  -0.1363 -5.1686 8.1012
v  -0.1099 -5.1487 8.0958
v  -0.1066 -5.1534 8.0971
v  -0.0365 -5.1203 8.0881
v  -0.0039 -5.1171 8.0872
v  -0.0039 -5.1228 8.0888
v  -0.0355 -5.1259 8.0896
v  -0.0039 -5.1779 8.1038
v  0.0000 -5.1836 8.1053
v  0.0039 -5.1779 8.1038
v  0.0039 -5.1171 8.0872
v  0.0365 -5.1203 8.0881
v  0.0355 -5.1259 8.0896
v  0.0039 -5.1228 8.0888
v  0.1099 -5.1487 8.0958
v  0.1363 -5.1686 8.1012
v  0.1378 -5.1778 8.1038
v  0.1066 -5.1534 8.0971
v  0.1474 -5.1793 8.1042
v  0.1681 -5.2048 8.1111
v  0.1631 -5.2079 8.1120
v  0.1974 -5.2756 8.1304
v  0.2008 -5.3070 8.1389
v  0.1948 -5.3070 8.1389
v  0.1916 -5.2766 8.1307
v  0.2008 -5.3146 8.1410
v  0.1974 -5.3461 8.1496
v  0.1916 -5.3450 8.1493
v  0.1948 -5.3146 8.1410
v  0.1681 -5.4168 8.1688
v  0.1474 -5.4423 8.1758
v  0.1378 -5.4438 8.1762
v  0.1631 -5.4137 8.1680
v  0.1363 -5.4531 8.1787
v  0.1099 -5.4730 8.1841
v  0.1066 -5.4682 8.1828
v  0.0365 -5.5013 8.1918
v  0.0039 -5.5045 8.1927
v  0.0039 -5.4988 8.1912
v  0.0355 -5.4957 8.1903
v  0.0039 -5.4437 8.1762
v  0.0000 -5.4381 8.1746
v  -0.0039 -5.4437 8.1762
v  -0.0039 -5.5045 8.1927
v  -0.0365 -5.5013 8.1918
v  -0.0355 -5.4957 8.1903
v  -0.0039 -5.4988 8.1912
v  -0.0739 -5.4909 8.1890
v  -0.0970 -5.4805 8.1862
v  -0.0940 -5.4755 8.1848
v  -0.0717 -5.4856 8.1876
v  -0.0655 -5.4278 8.1718
v  -0.0625 -5.4229 8.1705
v  0.0655 -5.4278 8.1718
v  0.0625 -5.4229 8.1705
v  0.0970 -5.4805 8.1862
v  0.0739 -5.4909 8.1890
v  0.0717 -5.4856 8.1876
v  0.0940 -5.4755 8.1848
v  0.0688 -5.3146 8.1410
v  0.0629 -5.3146 8.1410
v  0.0688 -5.3070 8.1389
v  0.0629 -5.3070 8.1389
v  0.0739 -5.1307 8.0909
v  0.0970 -5.1412 8.0938
v  0.0940 -5.1461 8.0951
v  0.0717 -5.1360 8.0924
v  0.0655 -5.1938 8.1081
v  0.0625 -5.1987 8.1095
v  -0.0655 -5.1938 8.1081
v  -0.0625 -5.1988 8.1095
v  -0.0970 -5.1412 8.0938
v  -0.0739 -5.1307 8.0909
v  -0.0717 -5.1360 8.0924
v  -0.0940 -5.1461 8.0951
v  -0.0688 -5.3070 8.1389
v  -0.0629 -5.3070 8.1389
v  -0.0688 -5.3146 8.1410
v  -0.0629 -5.3146 8.1410
v  -0.1213 -5.3740 8.1572
v  -0.1173 -5.3805 8.1590
v  -0.1758 -5.4044 8.1655
v  -0.1867 -5.3821 8.1594
v  -0.1812 -5.3800 8.1588
v  -0.1707 -5.4015 8.1647
v  -0.1867 -5.2395 8.1206
v  -0.1758 -5.2172 8.1145
v  -0.1707 -5.2201 8.1153
v  -0.1812 -5.2416 8.1211
v  -0.1213 -5.2476 8.1228
v  -0.1173 -5.2411 8.1210
v  0.1213 -5.2476 8.1228
v  0.1173 -5.2411 8.1210
v  0.1758 -5.2172 8.1145
v  0.1867 -5.2395 8.1206
v  0.1812 -5.2416 8.1211
v  0.1707 -5.2201 8.1153
v  0.1867 -5.3821 8.1594
v  0.1758 -5.4044 8.1655
v  0.1707 -5.4015 8.1647
v  0.1812 -5.3800 8.1588
v  0.1213 -5.3740 8.1572
v  0.1173 -5.3805 8.1590
v  -0.0310 -5.3702 8.1561
v  -0.0280 -5.3652 8.1548
v  0.0310 -5.3702 8.1561
v  0.0280 -5.3652 8.1548
v  0.0310 -5.2514 8.1238
v  0.0280 -5.2564 8.1252
v  -0.0310 -5.2514 8.1238
v  -0.0280 -5.2564 8.1252
v  -0.1918 -5.3683 8.1556
v  -0.1958 -5.3536 8.1516
v  -0.1918 -5.2534 8.1243
v  -0.1958 -5.2680 8.1283
v  -0.0595 -5.1258 8.0896
v  -0.0443 -5.1219 8.0885
v  0.0595 -5.1258 8.0896
v  0.0443 -5.1219 8.0885
v  0.1918 -5.2534 8.1243
v  0.1958 -5.2680 8.1283
v  0.1918 -5.3683 8.1556
v  0.1958 -5.3536 8.1516
v  0.0595 -5.4958 8.1904
v  0.0443 -5.4998 8.1914
v  -0.0595 -5.4958 8.1904
v  -0.0443 -5.4998 8.1914
v  0.1038 -5.4767 8.1851
v  0.1008 -5.4717 8.1838
v  0.1038 -5.1450 8.0948
v  0.1008 -5.1499 8.0962
v  -0.1038 -5.1450 8.0948
v  -0.1008 -5.1499 8.0962
v  -0.1038 -5.4767 8.1851
v  -0.1008 -5.4717 8.1838
v  -0.1719 -5.4109 8.1672
v  -0.1668 -5.4081 8.1665
v  -0.1719 -5.2107 8.1127
v  -0.1668 -5.2135 8.1135
v  0.1719 -5.2107 8.1127
v  0.1668 -5.2135 8.1135
v  0.1719 -5.4109 8.1672
v  0.1668 -5.4081 8.1665
v  0.1255 -5.5282 8.1992
v  0.1323 -5.5244 8.1981
v  0.0723 -5.4240 8.1708
v  0.0693 -5.4191 8.1695
v  0.0723 -5.1976 8.1092
v  0.0693 -5.2025 8.1105
v  0.1255 -5.0935 8.0808
v  0.1323 -5.0973 8.0818
v  -0.1255 -5.0935 8.0808
v  -0.1323 -5.0973 8.0818
v  -0.0723 -5.1976 8.1092
v  -0.0693 -5.2025 8.1105
v  -0.0723 -5.4240 8.1708
v  -0.0693 -5.4191 8.1695
v  -0.2469 -5.3825 8.1595
v  -0.2510 -5.3678 8.1555
v  -0.2469 -5.2391 8.1205
v  -0.2510 -5.2538 8.1244
v  -0.0743 -5.0725 8.0751
v  -0.0591 -5.0686 8.0740
v  0.0743 -5.0725 8.0751
v  0.0591 -5.0686 8.0740
v  0.2469 -5.2391 8.1205
v  0.2510 -5.2538 8.1244
v  -0.2213 -5.4385 8.1747
v  -0.2253 -5.4319 8.1729
v  0.2578 -5.3146 8.1410
v  0.2578 -5.3070 8.1389
v  0.2469 -5.3825 8.1595
v  0.2510 -5.3678 8.1555
v  0.0102 -5.3355 8.1467
v  0.0170 -5.3317 8.1457
v  0.0170 -5.2899 8.1343
v  0.0102 -5.2861 8.1333
v  -0.0170 -5.2899 8.1343
v  0.0039 -5.0620 8.0722
v  -0.0039 -5.0620 8.0722
v  0.2253 -5.1897 8.1070
v  0.2213 -5.1831 8.1052
v  0.0743 -5.5491 8.2048
v  0.0591 -5.5530 8.2059
v  -0.0039 -5.5596 8.2077
v  0.0039 -5.5596 8.2077
v  -0.0591 -5.5530 8.2059
v  0.1767 -5.4920 8.1893
v  0.0273 -5.3070 8.1389
v  0.0273 -5.3146 8.1410
v  -0.2578 -5.3070 8.1389
v  -0.2578 -5.3146 8.1410
v  -0.0273 -5.3146 8.1410
v  -0.0273 -5.3070 8.1389
v  -0.2253 -5.1897 8.1070
v  -0.2213 -5.1831 8.1052
v  0.2253 -5.4319 8.1729
v  0.2213 -5.4385 8.1747
v  -0.1767 -5.4920 8.1893
v  -0.1878 -5.4813 8.1864
v  -0.1878 -5.1403 8.0936
v  -0.1767 -5.1296 8.0906
v  0.1767 -5.1296 8.0906
v  0.1878 -5.1403 8.0936
v  0.1878 -5.4813 8.1864
v  0.0949 -5.0795 8.0770
v  -0.1323 -5.5244 8.1981
v  -0.0170 -5.3317 8.1457
v  -0.0102 -5.3355 8.1467
v  0.0231 -5.3254 8.1439
v  0.0256 -5.3206 8.1426
v  0.0256 -5.3010 8.1373
v  0.0231 -5.2963 8.1360
v  0.0050 -5.3370 8.1471
v  0.0000 -5.3374 8.1472
v  -0.0050 -5.3370 8.1471
v  0.0050 -5.2847 8.1329
v  0.0000 -5.2842 8.1327
v  -0.0231 -5.3254 8.1439
v  -0.0256 -5.3206 8.1426
v  -0.0256 -5.3010 8.1373
v  -0.0231 -5.2963 8.1360
v  -0.3401 -5.3922 8.3535
v  -0.3597 -5.3266 8.3357
v  -0.2586 -5.5119 8.3861
v  -0.3061 -5.4555 8.3708
v  -0.2001 -5.5577 8.3986
v  0.1347 -5.5905 8.4075
v  0.0666 -5.6094 8.4127
v  0.2002 -5.5577 8.3986
v  0.2587 -5.5119 8.3861
v  0.3062 -5.4555 8.3708
v  0.3401 -5.3922 8.3535
v  0.3597 -5.3266 8.3357
v  0.3597 -5.1981 8.3007
v  0.3658 -5.2623 8.3182
v  0.2586 -5.0128 8.2502
v  0.3062 -5.0692 8.2656
v  0.2002 -4.9669 8.2377
v  0.1346 -4.9342 8.2289
v  0.0666 -4.9153 8.2237
v  0.0000 -4.9094 8.2221
v  -0.0665 -4.9153 8.2237
v  -0.3391 -5.1328 8.2829
v  -0.3061 -5.0692 8.2656
v  -0.3596 -5.1982 8.3006
v  -0.3658 -5.2624 8.3181
v  -0.1346 -4.9342 8.2289
v  -0.2001 -4.9670 8.2378
v  -0.2586 -5.0128 8.2502
v  -0.1346 -5.5906 8.4073
v  -0.0665 -5.6095 8.4124
v  0.0000 -5.6153 8.4143
v  0.3401 -5.1324 8.2828
v  -0.3320 -5.4066 8.2887
v  -0.3511 -5.3424 8.2712
v  -0.2525 -5.5234 8.3205
v  -0.2989 -5.4683 8.3055
v  -0.1954 -5.5681 8.3326
v  0.1315 -5.6001 8.3414
v  0.0650 -5.6186 8.3464
v  0.1954 -5.5681 8.3326
v  0.2525 -5.5234 8.3205
v  0.2989 -5.4683 8.3055
v  0.3320 -5.4066 8.2887
v  0.3512 -5.3424 8.2712
v  0.3512 -5.2170 8.2371
v  0.3571 -5.2797 8.2541
v  0.2525 -5.0361 8.1878
v  0.2989 -5.0912 8.2028
v  0.1954 -4.9913 8.1756
v  0.1314 -4.9594 8.1669
v  0.0650 -4.9410 8.1619
v  0.0000 -4.9352 8.1603
v  -0.0650 -4.9410 8.1619
v  -0.3311 -5.1533 8.2197
v  -0.2989 -5.0912 8.2028
v  -0.3511 -5.2171 8.2370
v  -0.3571 -5.2798 8.2541
v  -0.1314 -4.9594 8.1669
v  -0.1954 -4.9914 8.1756
v  -0.2525 -5.0361 8.1878
v  -0.1314 -5.6002 8.3411
v  -0.0650 -5.6187 8.3461
v  0.0000 -5.6243 8.3479
v  0.3320 -5.1529 8.2196
v  -0.3253 -5.4121 8.2583
v  -0.3266 -5.4110 8.2641
v  -0.3197 -5.4099 8.2577
v  -0.3440 -5.3492 8.2412
v  -0.3381 -5.3482 8.2409
v  -0.3454 -5.3479 8.2469
v  -0.2928 -5.4725 8.2748
v  -0.2940 -5.4717 8.2806
v  -0.2878 -5.4694 8.2739
v  -0.2474 -5.5265 8.2895
v  -0.2484 -5.5259 8.2953
v  -0.2431 -5.5224 8.2883
v  -0.1914 -5.5703 8.3014
v  -0.1922 -5.5699 8.3073
v  -0.1882 -5.5655 8.3001
v  -0.1288 -5.6018 8.3097
v  -0.1293 -5.6015 8.3157
v  -0.1266 -5.5964 8.3082
v  -0.0637 -5.6199 8.3146
v  -0.0639 -5.6196 8.3206
v  -0.0626 -5.6142 8.3130
v  -0.0000 -5.6254 8.3164
v  -0.0000 -5.6252 8.3224
v  -0.0000 -5.6196 8.3148
v  0.0637 -5.6197 8.3148
v  0.0639 -5.6195 8.3208
v  0.0626 -5.6140 8.3133
v  0.1288 -5.6017 8.3099
v  0.1293 -5.6014 8.3159
v  0.1266 -5.5963 8.3085
v  0.1914 -5.5703 8.3014
v  0.1922 -5.5699 8.3073
v  0.1882 -5.5655 8.3001
v  0.2474 -5.5265 8.2895
v  0.2484 -5.5259 8.2953
v  0.2431 -5.5224 8.2883
v  0.2928 -5.4725 8.2748
v  0.2940 -5.4717 8.2806
v  0.2878 -5.4694 8.2739
v  0.3253 -5.4121 8.2583
v  0.3266 -5.4110 8.2641
v  0.3197 -5.4099 8.2577
v  0.3440 -5.3492 8.2412
v  0.3454 -5.3479 8.2469
v  0.3381 -5.3482 8.2409
v  0.3499 -5.2878 8.2245
v  0.3512 -5.2863 8.2301
v  0.3439 -5.2878 8.2245
v  0.3440 -5.2264 8.2077
v  0.3454 -5.2246 8.2133
v  0.3381 -5.2274 8.2080
v  0.3253 -5.1635 8.1906
v  0.3266 -5.1615 8.1961
v  0.3197 -5.1657 8.1912
v  0.2928 -5.1031 8.1742
v  0.2940 -5.1008 8.1796
v  0.2878 -5.1063 8.1750
v  0.2474 -5.0491 8.1595
v  0.2483 -5.0467 8.1649
v  0.2431 -5.0532 8.1606
v  0.1914 -5.0053 8.1475
v  0.1922 -5.0026 8.1529
v  0.1882 -5.0101 8.1489
v  0.1288 -4.9740 8.1390
v  0.1293 -4.9712 8.1443
v  0.1266 -4.9794 8.1405
v  0.0637 -4.9559 8.1341
v  0.0639 -4.9531 8.1394
v  0.0626 -4.9616 8.1357
v  -0.0000 -4.9503 8.1326
v  -0.0000 -4.9474 8.1379
v  -0.0000 -4.9561 8.1342
v  -0.0637 -4.9559 8.1341
v  -0.0639 -4.9531 8.1394
v  -0.0626 -4.9616 8.1357
v  -0.1288 -4.9740 8.1390
v  -0.1293 -4.9712 8.1443
v  -0.1266 -4.9794 8.1405
v  -0.1914 -5.0053 8.1476
v  -0.1922 -5.0027 8.1529
v  -0.1881 -5.0101 8.1489
v  -0.2474 -5.0491 8.1595
v  -0.2483 -5.0467 8.1649
v  -0.2431 -5.0532 8.1606
v  -0.2928 -5.1031 8.1742
v  -0.2940 -5.1008 8.1796
v  -0.2878 -5.1063 8.1750
v  -0.3243 -5.1639 8.1907
v  -0.3256 -5.1619 8.1962
v  -0.3187 -5.1660 8.1913
v  -0.3440 -5.2265 8.2077
v  -0.3453 -5.2247 8.2133
v  -0.3381 -5.2275 8.2080
v  -0.3499 -5.2879 8.2244
v  -0.3512 -5.2863 8.2300
v  -0.3439 -5.2879 8.2244
v  -0.3002 -5.4025 8.2557
v  -0.3057 -5.4046 8.2563
v  -0.2996 -5.4038 8.2499
v  -0.3174 -5.3445 8.2399
v  -0.3168 -5.3459 8.2341
v  -0.3233 -5.3455 8.2402
v  -0.2702 -5.4583 8.2709
v  -0.2752 -5.4614 8.2717
v  -0.2697 -5.4595 8.2650
v  -0.2283 -5.5081 8.2844
v  -0.2325 -5.5122 8.2856
v  -0.2278 -5.5092 8.2786
v  -0.1767 -5.5485 8.2955
v  -0.1799 -5.5534 8.2968
v  -0.1763 -5.5496 8.2896
v  -0.1188 -5.5775 8.3031
v  -0.1210 -5.5829 8.3046
v  -0.1187 -5.5788 8.2972
v  -0.0587 -5.5942 8.3076
v  -0.0598 -5.5999 8.3092
v  -0.0587 -5.5954 8.3018
v  0.0000 -5.5993 8.3093
v  0.0000 -5.6051 8.3109
v  0.0000 -5.6005 8.3034
v  0.0587 -5.5941 8.3079
v  0.0598 -5.5998 8.3094
v  0.0586 -5.5951 8.3019
v  0.1188 -5.5774 8.3033
v  0.1210 -5.5828 8.3048
v  0.1186 -5.5785 8.2974
v  0.1767 -5.5485 8.2955
v  0.1799 -5.5534 8.2968
v  0.1763 -5.5496 8.2896
v  0.2283 -5.5081 8.2844
v  0.2325 -5.5122 8.2856
v  0.2279 -5.5092 8.2786
v  0.2702 -5.4583 8.2709
v  0.2752 -5.4614 8.2717
v  0.2697 -5.4595 8.2650
v  0.3002 -5.4025 8.2557
v  0.3057 -5.4046 8.2563
v  0.2996 -5.4038 8.2499
v  0.3174 -5.3445 8.2399
v  0.3233 -5.3455 8.2402
v  0.3169 -5.3459 8.2341
v  0.3228 -5.2878 8.2245
v  0.3288 -5.2878 8.2245
v  0.3222 -5.2894 8.2187
v  0.3174 -5.2311 8.2090
v  0.3233 -5.2301 8.2087
v  0.3169 -5.2328 8.2033
v  0.3002 -5.1731 8.1932
v  0.3057 -5.1710 8.1927
v  0.2996 -5.1749 8.1875
v  0.2702 -5.1174 8.1781
v  0.2752 -5.1142 8.1772
v  0.2697 -5.1192 8.1724
v  0.2283 -5.0676 8.1645
v  0.2325 -5.0635 8.1634
v  0.2280 -5.0694 8.1588
v  0.1767 -5.0271 8.1535
v  0.1799 -5.0222 8.1522
v  0.1763 -5.0291 8.1479
v  0.1188 -4.9982 8.1456
v  0.1210 -4.9928 8.1442
v  0.1187 -5.0001 8.1400
v  0.0587 -4.9816 8.1411
v  0.0598 -4.9759 8.1396
v  0.0587 -4.9835 8.1354
v  0.0000 -4.9764 8.1397
v  0.0000 -4.9706 8.1381
v  0.0000 -4.9783 8.1340
v  -0.0587 -4.9816 8.1411
v  -0.0598 -4.9759 8.1396
v  -0.0587 -4.9835 8.1354
v  -0.1188 -4.9982 8.1456
v  -0.1210 -4.9928 8.1442
v  -0.1187 -5.0001 8.1400
v  -0.1766 -5.0271 8.1535
v  -0.1799 -5.0223 8.1522
v  -0.1764 -5.0290 8.1478
v  -0.2283 -5.0676 8.1645
v  -0.2325 -5.0635 8.1634
v  -0.2280 -5.0694 8.1588
v  -0.2702 -5.1174 8.1781
v  -0.2752 -5.1142 8.1772
v  -0.2699 -5.1191 8.1723
v  -0.2993 -5.1735 8.1934
v  -0.3048 -5.1714 8.1928
v  -0.2993 -5.1751 8.1876
v  -0.3174 -5.2312 8.2090
v  -0.3233 -5.2301 8.2087
v  -0.3170 -5.2328 8.2032
v  -0.3228 -5.2879 8.2244
v  -0.3288 -5.2879 8.2244
v  -0.3225 -5.2894 8.2186
v  -0.0161 0.8018 1.1317
v  0.0000 0.8004 1.1323
v  0.0161 0.8018 1.1317
v  0.0326 0.8061 1.1298
v  0.0485 0.8136 1.1263
v  0.0626 0.8240 1.1216
v  0.0741 0.8369 1.1157
v  0.0824 0.8514 1.1091
v  0.0871 0.8664 1.1023
v  0.0886 0.8810 1.0956
v  0.0871 0.8957 1.0889
v  0.0824 0.9107 1.0821
v  0.0741 0.9251 1.0755
v  0.0626 0.9380 1.0696
v  0.0485 0.9485 1.0649
v  0.0326 0.9560 1.0614
v  0.0161 0.9603 1.0595
v  0.0000 0.9616 1.0589
v  -0.0161 0.9603 1.0595
v  -0.0326 0.9560 1.0614
v  -0.0485 0.9485 1.0649
v  -0.0626 0.9380 1.0696
v  -0.0741 0.9251 1.0755
v  -0.0824 0.9107 1.0821
v  -0.0871 0.8957 1.0889
v  -0.0886 0.8810 1.0956
v  -0.0871 0.8664 1.1023
v  -0.0824 0.8514 1.1091
v  -0.0741 0.8369 1.1157
v  -0.0626 0.8240 1.1216
v  -0.0485 0.8136 1.1263
v  -0.0326 0.8061 1.1298
v  0.0000 1.1835 1.9729
v  0.0161 1.1848 1.9723
v  0.0326 1.1892 1.9703
v  0.0485 1.1966 1.9669
v  0.0626 1.2071 1.9622
v  0.0741 1.2200 1.9563
v  0.0824 1.2344 1.9497
v  0.0871 1.2494 1.9429
v  0.0886 1.2641 1.9362
v  0.0871 1.2788 1.9295
v  0.0824 1.2938 1.9227
v  0.0741 1.3082 1.9161
v  0.0626 1.3211 1.9102
v  0.0485 1.3316 1.9054
v  0.0326 1.3390 1.9020
v  0.0161 1.3434 1.9001
v  0.0000 1.3447 1.8994
v  -0.0161 1.3434 1.9001
v  -0.0326 1.3390 1.9020
v  -0.0485 1.3316 1.9054
v  -0.0626 1.3211 1.9102
v  -0.0741 1.3082 1.9161
v  -0.0824 1.2938 1.9227
v  -0.0871 1.2788 1.9295
v  -0.0886 1.2641 1.9362
v  -0.0871 1.2494 1.9429
v  -0.0824 1.2344 1.9497
v  -0.0741 1.2200 1.9563
v  -0.0626 1.2071 1.9622
v  -0.0485 1.1966 1.9669
v  -0.0326 1.1892 1.9703
v  -0.0161 1.1848 1.9723
v  0.1916 1.5012 2.4465
v  0.2137 1.4925 2.4261
v  0.2050 1.4979 2.4384
v  0.2094 1.5278 2.4100
v  0.2008 1.5317 2.4229
v  0.1877 1.5329 2.4320
v  0.2110 1.4570 2.4423
v  0.2023 1.4639 2.4539
v  0.1891 1.4695 2.4609
v  0.2003 1.4206 2.4589
v  0.1921 1.4289 2.4698
v  0.1796 1.4368 2.4758
v  0.1813 1.3854 2.4749
v  0.1739 1.3952 2.4852
v  0.1542 1.3538 2.4893
v  0.1479 1.3649 2.4990
v  0.1625 1.4052 2.4902
v  0.1383 1.3769 2.5031
v  0.1206 1.3279 2.5011
v  0.1157 1.3400 2.5103
v  0.0827 1.3091 2.5097
v  0.0794 1.3220 2.5185
v  0.1081 1.3537 2.5137
v  0.0742 1.3369 2.5214
v  0.0432 1.2980 2.5148
v  0.0414 1.3113 2.5234
v  0.0044 1.2940 2.5166
v  0.0042 1.3075 2.5251
v  0.0387 1.3269 2.5259
v  0.0039 1.3233 2.5275
v  -0.0346 1.2965 2.5154
v  -0.0332 1.3099 2.5240
v  -0.0746 1.3062 2.5110
v  -0.0715 1.3192 2.5198
v  -0.0310 1.3256 2.5265
v  -0.0669 1.3342 2.5226
v  -0.1133 1.3235 2.5031
v  -0.1086 1.3358 2.5122
v  -0.1480 1.3482 2.4919
v  -0.1420 1.3595 2.5014
v  -0.1016 1.3498 2.5155
v  -0.1327 1.3719 2.5054
v  -0.1765 1.3787 2.4780
v  -0.1693 1.3888 2.4881
v  -0.1971 1.4132 2.4623
v  -0.1890 1.4218 2.4730
v  -0.1582 1.3993 2.4929
v  -0.1767 1.4302 2.4788
v  -0.2094 1.4492 2.4459
v  -0.2008 1.4563 2.4573
v  -0.2137 1.4845 2.4298
v  -0.2050 1.4902 2.4418
v  -0.1877 1.4624 2.4641
v  -0.1916 1.4941 2.4497
v  -0.2110 1.5200 2.4136
v  -0.2023 1.5242 2.4264
v  -0.2003 1.5564 2.3970
v  -0.1921 1.5591 2.4104
v  -0.1891 1.5259 2.4352
v  -0.1796 1.5585 2.4203
v  -0.1813 1.5916 2.3810
v  -0.1738 1.5929 2.3951
v  -0.1542 1.6232 2.3666
v  -0.1479 1.6232 2.3812
v  -0.1625 1.5901 2.4060
v  -0.1383 1.6184 2.3930
v  -0.1206 1.6491 2.3548
v  -0.1157 1.6480 2.3699
v  -0.0827 1.6679 2.3462
v  -0.0793 1.6660 2.3617
v  -0.1081 1.6417 2.3825
v  -0.0742 1.6585 2.3748
v  -0.0432 1.6790 2.3411
v  -0.0414 1.6767 2.3568
v  -0.0044 1.6830 2.3393
v  -0.0042 1.6805 2.3551
v  -0.0387 1.6685 2.3702
v  -0.0039 1.6720 2.3686
v  0.0346 1.6805 2.3405
v  0.0332 1.6781 2.3562
v  0.0746 1.6708 2.3449
v  0.0715 1.6689 2.3604
v  0.0310 1.6698 2.3696
v  0.0669 1.6611 2.3736
v  0.1133 1.6535 2.3528
v  0.1086 1.6522 2.3680
v  0.1480 1.6288 2.3640
v  0.1420 1.6286 2.3788
v  0.1016 1.6456 2.3807
v  0.1327 1.6235 2.3907
v  0.1765 1.5983 2.3779
v  0.1693 1.5993 2.3921
v  0.1971 1.5638 2.3936
v  0.1890 1.5662 2.4072
v  0.1582 1.5961 2.4032
v  0.1767 1.5652 2.4173
v  -0.1949 1.1366 1.7533
v  -0.2038 1.1390 1.7588
v  -0.2100 1.1430 1.7666
v  -0.2138 1.1736 1.7526
v  -0.2078 1.1702 1.7445
v  -0.1990 1.1679 1.7390
v  -0.1968 1.2010 1.7239
v  -0.2055 1.2047 1.7288
v  -0.2114 1.2091 1.7364
v  -0.2012 1.2456 1.7198
v  -0.1955 1.2402 1.7127
v  -0.1873 1.2350 1.7084
v  -0.1825 1.2810 1.7037
v  -0.1774 1.2746 1.6970
v  -0.1699 1.2679 1.6934
v  -0.1557 1.3129 1.6891
v  -0.1514 1.3055 1.6829
v  -0.1450 1.2976 1.6799
v  -0.1224 1.3391 1.6772
v  -0.1190 1.3310 1.6713
v  -0.1140 1.3220 1.6688
v  -0.0847 1.3582 1.6685
v  -0.0823 1.3496 1.6628
v  -0.0789 1.3398 1.6607
v  -0.0453 1.3697 1.6632
v  -0.0440 1.3608 1.6577
v  -0.0422 1.3505 1.6558
v  -0.0065 1.3740 1.6613
v  -0.0063 1.3650 1.6558
v  -0.0060 1.3545 1.6540
v  0.0326 1.3719 1.6623
v  0.0316 1.3628 1.6568
v  0.0303 1.3525 1.6549
v  0.0727 1.3626 1.6665
v  0.0707 1.3538 1.6609
v  0.0677 1.3438 1.6588
v  0.1116 1.3456 1.6743
v  0.1084 1.3373 1.6684
v  0.1039 1.3280 1.6660
v  0.1466 1.3212 1.6853
v  0.1425 1.3136 1.6792
v  0.1365 1.3053 1.6764
v  0.1754 1.2909 1.6992
v  0.1705 1.2841 1.6926
v  0.1633 1.2771 1.6892
v  0.1964 1.2566 1.7148
v  0.1909 1.2508 1.7078
v  0.1828 1.2452 1.7038
v  0.2090 1.2207 1.7312
v  0.2032 1.2159 1.7237
v  0.1946 1.2117 1.7190
v  0.2138 1.1854 1.7473
v  0.2078 1.1816 1.7394
v  0.1991 1.1789 1.7340
v  0.2105 1.1451 1.7656
v  0.2049 1.1439 1.7566
v  0.1965 1.1442 1.7498
v  0.1991 1.1086 1.7823
v  0.1942 1.1084 1.7727
v  0.1866 1.1102 1.7653
v  0.1793 1.0735 1.7982
v  0.1753 1.0742 1.7883
v  0.1689 1.0774 1.7803
v  0.1516 1.0423 1.8125
v  0.1486 1.0437 1.8022
v  0.1436 1.0479 1.7937
v  0.1176 1.0170 1.8240
v  0.1158 1.0188 1.8136
v  0.1124 1.0238 1.8047
v  0.0795 0.9989 1.8323
v  0.0789 1.0009 1.8217
v  0.0772 1.0064 1.8126
v  0.0401 0.9884 1.8371
v  0.0405 0.9904 1.8265
v  0.0404 0.9960 1.8174
v  0.0014 0.9849 1.8386
v  0.0029 0.9868 1.8282
v  0.0043 0.9922 1.8191
v  -0.0378 0.9880 1.8372
v  -0.0352 0.9895 1.8269
v  -0.0321 0.9946 1.8180
v  -0.0779 0.9983 1.8325
v  -0.0742 0.9992 1.8225
v  -0.0694 1.0036 1.8139
v  -0.1164 1.0163 1.8243
v  -0.1117 1.0164 1.8147
v  -0.1055 1.0197 1.8065
v  -0.1508 1.0415 1.8128
v  -0.1453 1.0406 1.8036
v  -0.1379 1.0427 1.7961
v  -0.1786 1.0725 1.7987
v  -0.1726 1.0706 1.7900
v  -0.1644 1.0711 1.7831
v  -0.1985 1.1071 1.7829
v  -0.1923 1.1041 1.7747
v  -0.1835 1.1032 1.7685
v  -0.0000 1.4988 2.4506
v  0.0000 1.1723 1.7341
v  0.1788 1.5937 2.3641
v  0.1788 1.5904 2.3568
v  0.1499 1.6246 2.3500
v  0.1499 1.6213 2.3427
v  0.1997 1.5588 2.3800
v  0.1997 1.5555 2.3727
v  0.2121 1.5223 2.3966
v  0.2121 1.5190 2.3893
v  0.1148 1.6496 2.3386
v  0.1147 1.6463 2.3313
v  0.0756 1.6671 2.3306
v  0.0755 1.6638 2.3233
v  -0.0438 1.6755 2.3268
v  -0.0438 1.6721 2.3196
v  -0.0838 1.6642 2.3320
v  -0.0838 1.6608 2.3247
v  -0.1562 1.6189 2.3526
v  -0.1562 1.6156 2.3453
v  -0.1836 1.5869 2.3672
v  -0.1836 1.5836 2.3599
v  -0.2029 1.5513 2.3834
v  -0.2029 1.5479 2.3762
v  -0.2137 1.5144 2.4002
v  -0.2137 1.5110 2.3930
v  -0.2165 1.4785 2.4166
v  -0.2165 1.4751 2.4093
v  -0.2121 1.4427 2.4329
v  -0.2121 1.4394 2.4256
v  -0.1788 1.3713 2.4654
v  -0.1788 1.3680 2.4581
v  -0.1499 1.3403 2.4796
v  -0.1500 1.3371 2.4723
v  -0.1147 1.3154 2.4909
v  -0.1148 1.3121 2.4836
v  -0.0756 1.2978 2.4989
v  -0.0756 1.2945 2.4916
v  -0.0350 1.2880 2.5034
v  -0.0351 1.2847 2.4961
v  0.0044 1.2855 2.5045
v  0.0044 1.2822 2.4973
v  0.0438 1.2895 2.5027
v  0.0437 1.2862 2.4954
v  0.0838 1.3008 2.4976
v  0.0838 1.2975 2.4903
v  0.1222 1.3198 2.4889
v  0.1221 1.3165 2.4816
v  0.1562 1.3460 2.4770
v  0.1562 1.3427 2.4697
v  0.1836 1.3781 2.4624
v  0.1836 1.3747 2.4551
v  0.2029 1.4137 2.4461
v  0.2029 1.4104 2.4389
v  0.2137 1.4506 2.4293
v  0.2137 1.4472 2.4220
v  0.2165 1.4865 2.4129
v  0.2165 1.4832 2.4056
v  -0.1997 1.4062 2.4495
v  -0.1997 1.4030 2.4422
v  0.0350 1.6769 2.3262
v  0.0350 1.6736 2.3189
v  -0.0044 1.6795 2.3250
v  -0.0045 1.6762 2.3177
v  -0.1222 1.6452 2.3406
v  -0.1222 1.6418 2.3334
v  0.1735 1.5314 2.4357
v  0.1657 1.5299 2.4364
v  0.1771 1.5020 2.4491
v  0.1691 1.5019 2.4492
v  0.1634 1.5612 2.4222
v  0.1560 1.5584 2.4234
v  0.1463 1.5898 2.4091
v  0.1397 1.5857 2.4110
v  0.1227 1.6151 2.3976
v  0.1171 1.6099 2.4000
v  0.0939 1.6355 2.3883
v  0.0897 1.6294 2.3911
v  0.0618 1.6499 2.3817
v  0.0590 1.6431 2.3849
v  0.0287 1.6579 2.3781
v  0.0274 1.6507 2.3814
v  -0.0036 1.6600 2.3771
v  -0.0034 1.6527 2.3805
v  -0.0358 1.6567 2.3786
v  -0.0341 1.6496 2.3819
v  -0.0685 1.6475 2.3828
v  -0.0654 1.6408 2.3859
v  -0.0999 1.6319 2.3899
v  -0.0954 1.6259 2.3927
v  -0.1278 1.6105 2.3997
v  -0.1220 1.6054 2.4020
v  -0.1502 1.5843 2.4116
v  -0.1434 1.5804 2.4134
v  -0.1660 1.5551 2.4249
v  -0.1585 1.5526 2.4261
v  -0.1748 1.5250 2.4387
v  -0.1669 1.5238 2.4392
v  -0.1771 1.4956 2.4521
v  -0.1691 1.4957 2.4520
v  -0.1735 1.4663 2.4654
v  -0.1657 1.4678 2.4647
v  -0.1634 1.4365 2.4790
v  -0.1560 1.4393 2.4777
v  -0.1463 1.4079 2.4920
v  -0.1397 1.4120 2.4901
v  -0.1227 1.3826 2.5036
v  -0.1172 1.3878 2.5012
v  -0.0940 1.3622 2.5129
v  -0.0897 1.3683 2.5101
v  -0.0619 1.3478 2.5194
v  -0.0591 1.3546 2.5163
v  -0.0288 1.3397 2.5231
v  -0.0275 1.3469 2.5198
v  0.0035 1.3376 2.5241
v  0.0033 1.3449 2.5207
v  0.0357 1.3409 2.5226
v  0.0341 1.3480 2.5193
v  0.0685 1.3501 2.5184
v  0.0654 1.3568 2.5153
v  0.0999 1.3656 2.5113
v  0.0953 1.3717 2.5085
v  0.1277 1.3871 2.5015
v  0.1220 1.3921 2.4992
v  0.1502 1.4133 2.4896
v  0.1434 1.4171 2.4878
v  0.1660 1.4424 2.4763
v  0.1585 1.4450 2.4751
v  0.1748 1.4726 2.4626
v  0.1669 1.4738 2.4620
v  -0.2140 1.2145 1.7473
v  -0.2140 1.2178 1.7546
v  -0.2164 1.1786 1.7637
v  -0.2164 1.1819 1.7709
v  -0.2130 1.1490 1.7771
v  -0.2130 1.1523 1.7845
v  -0.2016 1.1126 1.7937
v  -0.2016 1.1159 1.8010
v  -0.1818 1.0775 1.8098
v  -0.1817 1.0807 1.8171
v  -0.1539 1.0459 1.8241
v  -0.1538 1.0492 1.8314
v  -0.1193 1.0201 1.8359
v  -0.1193 1.0234 1.8432
v  -0.0804 1.0016 1.8443
v  -0.0804 1.0049 1.8516
v  -0.0398 0.9909 1.8492
v  -0.0398 0.9942 1.8565
v  0.0000 0.9875 1.8508
v  0.0001 0.9908 1.8580
v  0.0390 0.9907 1.8493
v  0.0391 0.9940 1.8566
v  0.0790 1.0011 1.8446
v  0.0791 1.0044 1.8518
v  0.1177 1.0191 1.8363
v  0.1177 1.0225 1.8436
v  0.1524 1.0445 1.8248
v  0.1524 1.0479 1.8320
v  0.1807 1.0759 1.8104
v  0.1807 1.0793 1.8177
v  0.2010 1.1113 1.7943
v  0.2011 1.1147 1.8016
v  0.2128 1.1483 1.7775
v  0.2129 1.1517 1.7847
v  0.2164 1.1905 1.7582
v  0.2164 1.1938 1.7655
v  0.2116 1.2262 1.7420
v  0.2116 1.2295 1.7492
v  0.1988 1.2626 1.7254
v  0.1988 1.2659 1.7327
v  0.1776 1.2973 1.7096
v  0.1776 1.3006 1.7169
v  0.1484 1.3280 1.6956
v  0.1484 1.3313 1.7029
v  0.1130 1.3526 1.6843
v  0.1130 1.3559 1.6916
v  0.0736 1.3698 1.6765
v  0.0736 1.3732 1.6838
v  0.0329 1.3793 1.6722
v  0.0330 1.3826 1.6795
v  -0.0065 1.3815 1.6712
v  -0.0065 1.3848 1.6785
v  -0.0458 1.3771 1.6732
v  -0.0458 1.3804 1.6805
v  -0.0858 1.3655 1.6785
v  -0.0857 1.3688 1.6858
v  -0.1239 1.3461 1.6873
v  -0.1239 1.3494 1.6946
v  -0.1577 1.3196 1.6994
v  -0.1577 1.3229 1.7067
v  -0.1847 1.2873 1.7141
v  -0.1847 1.2906 1.7214
v  -0.2036 1.2515 1.7304
v  -0.2036 1.2548 1.7377
v  -0.1869 1.1671 1.7364
v  -0.1789 1.1674 1.7363
v  -0.1828 1.1363 1.7505
v  -0.1749 1.1378 1.7498
v  -0.1848 1.1982 1.7223
v  -0.1769 1.1971 1.7228
v  -0.1759 1.2301 1.7077
v  -0.1684 1.2276 1.7089
v  -0.1595 1.2611 1.6936
v  -0.1527 1.2573 1.6954
v  -0.1362 1.2889 1.6809
v  -0.1303 1.2839 1.6832
v  -0.1070 1.3118 1.6705
v  -0.1024 1.3059 1.6732
v  -0.0741 1.3285 1.6629
v  -0.0709 1.3219 1.6659
v  -0.0396 1.3386 1.6583
v  -0.0379 1.3315 1.6615
v  -0.0057 1.3424 1.6566
v  -0.0054 1.3351 1.6599
v  0.0285 1.3405 1.6574
v  0.0272 1.3333 1.6607
v  0.0635 1.3323 1.6612
v  0.0608 1.3255 1.6643
v  0.0976 1.3175 1.6679
v  0.0934 1.3113 1.6708
v  0.1282 1.2962 1.6776
v  0.1227 1.2909 1.6800
v  0.1534 1.2697 1.6897
v  0.1468 1.2655 1.6916
v  0.1717 1.2397 1.7034
v  0.1644 1.2368 1.7047
v  0.1828 1.2083 1.7177
v  0.1750 1.2068 1.7184
v  0.1869 1.1774 1.7317
v  0.1789 1.1772 1.7318
v  0.1848 1.1464 1.7459
v  0.1769 1.1475 1.7454
v  0.1759 1.1145 1.7604
v  0.1684 1.1169 1.7593
v  0.1596 1.0835 1.7745
v  0.1527 1.0873 1.7728
v  0.1362 1.0557 1.7872
v  0.1304 1.0606 1.7850
v  0.1070 1.0327 1.7977
v  0.1024 1.0387 1.7950
v  0.0741 1.0160 1.8053
v  0.0709 1.0227 1.8023
v  0.0396 1.0060 1.8099
v  0.0379 1.0131 1.8066
v  0.0057 1.0022 1.8116
v  0.0054 1.0095 1.8083
v  -0.0284 1.0041 1.8107
v  -0.0272 1.0113 1.8075
v  -0.0635 1.0122 1.8070
v  -0.0608 1.0191 1.8039
v  -0.0975 1.0271 1.8003
v  -0.0934 1.0333 1.7974
v  -0.1282 1.0484 1.7906
v  -0.1227 1.0537 1.7881
v  -0.1534 1.0749 1.7785
v  -0.1468 1.0791 1.7766
v  -0.1717 1.1049 1.7648
v  -0.1644 1.1078 1.7635
v  0.1406 0.9539 -0.0000
v  0.2726 0.9244 -0.0000
v  0.3987 0.8770 -0.0000
v  0.5261 0.8074 -0.0000
v  0.6488 0.7138 -0.0000
v  0.7498 0.6063 -0.0000
v  0.8479 0.4593 -0.0000
v  0.9120 0.3140 -0.0000
v  0.1406 -0.9539 -0.0000
v  0.2726 -0.9244 -0.0000
v  0.3987 -0.8770 -0.0000
v  0.5261 -0.8074 -0.0000
v  0.6488 -0.7138 -0.0000
v  0.7498 -0.6063 -0.0000
v  0.8479 -0.4593 -0.0000
v  0.9120 -0.3140 -0.0000
v  0.9154 -0.2941 -0.0000
v  0.9154 0.2948 -0.0000
v  0.1434 0.9730 0.0200
v  0.2785 0.9442 0.0196
v  0.4075 0.8962 0.0196
v  0.5375 0.8248 0.0196
v  0.6620 0.7285 0.0196
v  0.7655 0.6188 0.0196
v  0.8652 0.4689 0.0196
v  0.9310 0.3197 0.0196
v  0.1434 -0.9733 0.0196
v  0.2783 -0.9435 0.0197
v  0.4072 -0.8955 0.0197
v  0.5371 -0.8242 0.0196
v  0.6616 -0.7280 0.0197
v  0.7651 -0.6185 0.0197
v  0.8651 -0.4688 0.0196
v  0.9308 -0.3196 0.0196
v  0.9350 0.2948 0.0196
v  0.9350 -0.2940 0.0196
v  0.1433 -0.9727 8.2875
v  0.2779 -0.9423 8.2876
v  0.4069 -0.8948 8.2875
v  0.5365 -0.8234 8.2875
v  0.6614 -0.7278 8.2875
v  0.7643 -0.6179 8.2875
v  0.8647 -0.4686 8.2875
v  0.9307 -0.3196 8.2874
v  0.9350 -0.2941 8.2874
v  0.1403 -0.9789 8.3164
v  0.2748 -0.9492 8.3168
v  0.4018 -0.9032 8.3170
v  0.5341 -0.8318 8.3166
v  0.6568 -0.7393 8.3171
v  0.7625 -0.6293 8.3169
v  0.8647 -0.4789 8.3162
v  0.9279 -0.3363 8.3084
v  0.9230 -0.3685 8.3251
v  0.9350 -0.2984 8.3090
v  0.9299 -0.3242 8.2980
v  0.9350 -0.3120 8.3293
v  0.9350 -0.3501 8.3584
v  0.9178 -0.4075 8.3399
v  0.9350 -0.3916 8.3765
v  0.9350 -0.4456 8.3899
v  0.9124 -0.4644 8.3554
v  0.9349 -0.4988 8.3956
v  0.9098 -0.5024 8.3625
v  0.9350 -0.5565 8.3957
v  0.9055 -0.5565 8.3661
v  0.1369 -0.9964 8.3420
v  0.1339 -1.0225 8.3596
v  0.2722 -0.9676 8.3426
v  0.2711 -0.9947 8.3599
v  0.3973 -0.9232 8.3425
v  0.3949 -0.9519 8.3598
v  0.5348 -0.8512 8.3420
v  0.5388 -0.8785 8.3593
v  0.6550 -0.7628 8.3427
v  0.6571 -0.7944 8.3599
v  0.7658 -0.6516 8.3423
v  0.7744 -0.6809 8.3596
v  0.8720 -0.4987 8.3409
v  0.8859 -0.5246 8.3588
v  0.1312 -1.0557 8.3661
v  0.2711 -1.0285 8.3661
v  0.3940 -0.9870 8.3661
v  0.5453 -0.9117 8.3661
v  0.6620 -0.8314 8.3661
v  0.7863 -0.7150 8.3661
v  0.1312 -1.1600 8.3661
v  0.2711 -1.1600 8.3661
v  0.3940 -1.1600 8.3661
v  0.5453 -1.1600 8.3661
v  0.6620 -1.1600 8.3662
v  0.7909 -1.1600 8.3661
v  0.9055 -1.1600 8.3662
v  0.9350 -1.1600 8.3957
v  0.1434 0.9733 8.3121
v  0.2785 0.9442 8.3121
v  0.4071 0.8953 8.3121
v  0.5376 0.8250 8.3121
v  0.6614 0.7277 8.3121
v  0.7656 0.6189 8.3121
v  0.8649 0.4687 8.3121
v  0.9308 0.3205 8.3121
v  0.9350 0.2948 8.3121
v  0.1434 0.9733 8.8856
v  0.2785 0.9442 8.8858
v  0.4071 0.8953 8.8856
v  0.5376 0.8250 8.8858
v  0.6614 0.7277 8.8856
v  0.7656 0.6189 8.8858
v  0.8649 0.4687 8.8857
v  0.9308 0.3205 8.8858
v  0.9350 0.2948 8.8858
v  0.9350 0.0080 8.8858
v  0.9350 -0.3118 8.8858
v  0.9350 -0.4996 8.8858
v  0.9350 -0.5575 8.8858
v  0.9350 -1.1600 8.8858
v  0.9350 -4.2238 8.3957
v  0.9350 -4.2238 8.8858
v  0.9350 -4.9836 8.8858
v  0.9350 -4.9826 8.3957
v  0.9350 -5.7241 8.3957
v  0.9350 -5.7242 8.8858
v  0.9228 -5.8077 8.8857
v  0.9229 -5.8077 8.3957
v  0.7114 -6.0133 8.3958
v  0.7113 -6.0130 8.8857
v  0.6358 -6.0230 8.8857
v  0.6358 -6.0233 8.3957
v  0.1847 -6.0230 8.8857
v  0.1847 -6.0233 8.3957
v  0.8912 -5.8794 8.8858
v  0.8913 -5.8795 8.3956
v  0.8462 -5.9363 8.8857
v  0.8463 -5.9364 8.3957
v  0.7876 -5.9813 8.8857
v  0.7877 -5.9815 8.3957
v  0.1386 0.9432 8.9173
v  0.2709 0.9140 8.9172
v  0.3961 0.8665 8.9172
v  0.5231 0.7966 8.9172
v  0.6416 0.7050 8.9172
v  0.7403 0.5999 8.9172
v  0.8373 0.4548 8.9172
v  0.9017 0.3093 8.9172
v  0.9039 0.2966 8.9172
v  0.9034 0.0083 8.9173
v  0.9036 -0.3118 8.9173
v  0.9034 -0.4993 8.9173
v  0.9037 -0.5569 8.9172
v  0.9037 -1.1596 8.9172
v  0.9033 -4.2238 8.9173
v  0.9350 -5.2777 8.8858
v  0.9036 -5.2780 8.9173
v  0.9036 -5.7241 8.9173
v  0.8930 -5.7989 8.9172
v  0.7025 -5.9830 8.9172
v  0.6357 -5.9919 8.9172
v  0.1847 -5.9913 8.9173
v  0.8645 -5.8628 8.9173
v  0.7724 -5.9540 8.9172
v  0.8239 -5.9139 8.9173
v  0.7276 -1.1600 8.9173
v  0.7725 -4.2238 8.9173
v  0.7732 -5.2777 8.9173
v  0.1598 -4.8005 8.0826
v  0.1351 -4.8706 8.1016
v  0.3079 -4.8723 8.1021
v  0.2619 -4.9330 8.1186
v  0.4266 -4.9851 8.1328
v  0.3625 -5.0301 8.1449
v  0.5025 -5.1288 8.1718
v  0.4271 -5.1524 8.1782
v  0.5286 -5.2880 8.2150
v  0.4494 -5.2880 8.2150
v  0.5023 -5.4466 8.2581
v  0.4271 -5.4237 8.2519
v  0.4266 -5.5909 8.2973
v  0.3625 -5.5460 8.2851
v  0.3095 -5.7066 8.3287
v  0.2619 -5.6431 8.3115
v  0.1600 -5.7833 8.3496
v  0.1351 -5.7054 8.3284
v  0.1719 -4.7620 8.0951
v  0.3281 -4.8387 8.1147
v  0.4547 -4.9609 8.1472
v  0.5349 -5.1173 8.1872
v  0.5611 -5.2862 8.2313
v  0.5295 -5.4533 8.2733
v  0.4456 -5.6053 8.3107
v  0.3190 -5.7204 8.3370
v  0.1618 -5.7907 8.3524
v  0.1994 -4.6658 8.1981
v  0.3736 -4.7565 8.2124
v  0.5155 -4.8994 8.2244
v  0.5969 -5.0867 8.2507
v  0.6160 -5.2796 8.2810
v  0.5654 -5.4670 8.3093
v  0.4704 -5.6241 8.3315
v  0.3320 -5.7402 8.3514
v  0.1671 -5.8114 8.3601
v  0.2315 -4.5615 8.2878
v  0.2715 -4.4398 8.3479
v  0.4289 -4.6676 8.2956
v  0.4930 -4.5703 8.3493
v  0.5738 -4.8395 8.3024
v  0.6526 -4.7710 8.3505
v  0.6564 -5.0548 8.3137
v  0.7336 -5.0218 8.3524
v  0.6684 -5.2731 8.3304
v  0.7358 -5.2714 8.3581
v  0.5996 -5.4857 8.3424
v  0.6407 -5.5115 8.3609
v  0.4934 -5.6416 8.3536
v  0.5204 -5.6644 8.3632
v  0.3453 -5.7617 8.3610
v  0.3591 -5.7850 8.3652
v  0.1726 -5.8330 8.3643
v  0.1782 -5.8550 8.3659
v  0.3182 -4.3022 8.3662
v  0.5677 -4.4618 8.3662
v  0.7444 -4.6971 8.3662
v  0.8221 -4.9882 8.3660
v  0.8112 -5.2723 8.3662
v  0.6856 -5.5407 8.3662
v  0.5487 -5.6891 8.3661
v  0.3731 -5.8089 8.3662
v  0.1838 -5.8773 8.3662
v  0.3940 -4.2239 8.3662
v  0.6618 -4.2238 8.3662
v  0.9055 -4.2238 8.3662
v  0.9055 -4.9826 8.3662
v  0.9055 -5.2778 8.3662
v  0.9055 -5.7241 8.3662
v  0.8659 -5.8643 8.3662
v  0.8257 -5.9156 8.3662
v  0.7037 -5.9849 8.3662
v  0.6339 -5.9938 8.3662
v  0.1868 -5.9937 8.3662
v  0.2710 -4.2239 8.3662
v  0.8957 -5.7976 8.3662
v  0.7729 -5.9559 8.3662
v  0.9350 -5.2778 8.3957
v  0.9034 -4.9837 8.9173
v  0.7731 -4.9836 8.9173
v  0.1805 -0.7762 8.9173
v  0.1678 -0.7109 8.9173
v  0.3398 -0.7246 8.9173
v  0.3166 -0.6637 8.9173
v  0.4866 -0.6409 8.9173
v  0.4596 -0.5857 8.9173
v  0.6153 -0.5282 8.9173
v  0.5796 -0.4863 8.9173
v  0.7209 -0.3908 8.9173
v  0.6802 -0.3580 8.9173
v  0.7993 -0.2342 8.9173
v  0.7543 -0.2122 8.9173
v  0.8477 -0.0642 8.9173
v  0.7971 -0.0506 8.9173
v  0.8640 0.0794 8.9173
v  0.8087 0.0806 8.9173
v  0.8705 0.2930 8.9173
v  0.7968 0.2121 8.9173
v  0.7532 0.3712 8.9173
v  0.6785 0.5172 8.9173
v  0.5766 0.6458 8.9173
v  0.4573 0.7458 8.9173
v  0.3162 0.8217 8.9173
v  0.1686 0.8681 8.9173
v  0.1689 -0.7094 8.8780
v  0.3176 -0.6605 8.8792
v  0.4560 -0.5860 8.8780
v  0.5782 -0.4834 8.8780
v  0.6788 -0.3571 8.8780
v  0.7526 -0.2116 8.8780
v  0.7956 -0.0533 8.8780
v  0.8056 0.0794 8.8793
v  0.7955 0.2122 8.8780
v  0.7524 0.3704 8.8780
v  0.6784 0.5157 8.8780
v  0.5778 0.6419 8.8780
v  0.4556 0.7444 8.8780
v  0.3176 0.8202 8.8780
v  0.1688 0.8675 8.8780
v  0.1805 -1.1600 8.9173
v  0.3398 -1.1600 8.9173
v  0.4866 -1.1600 8.9173
v  0.6153 -1.1600 8.9173
v  0.1805 -4.2238 8.9173
v  0.3398 -4.2238 8.9173
v  0.4866 -4.2238 8.9173
v  0.6153 -4.2238 8.9173
v  0.1823 -4.9836 8.9173
v  0.1805 -5.7241 8.9173
v  0.1831 -5.2781 8.9173
v  0.6297 -5.2778 8.9173
v  0.6257 -4.9836 8.9173
v  0.6358 -5.8625 8.9173
v  0.7681 -5.8624 8.9173
v  0.7681 -5.7969 8.9173
v  0.6358 -5.7242 8.9173
v  0.1407 0.9647 8.9086
v  0.2741 0.9350 8.9082
v  0.4051 0.8863 8.9085
v  0.5340 0.8152 8.9082
v  0.6556 0.7209 8.9079
v  0.7573 0.6134 8.9082
v  0.8564 0.4642 8.9080
v  0.9219 0.3170 8.9084
v  0.9255 0.2954 8.9084
v  0.9255 0.0081 8.9084
v  0.9252 -0.3118 8.9086
v  0.9252 -0.4996 8.9086
v  0.9253 -0.5574 8.9085
v  0.9254 -1.1599 8.9084
v  0.9252 -4.2238 8.9086
v  0.9254 -5.2778 8.9084
v  0.9254 -5.7243 8.9084
v  0.9139 -5.8043 8.9083
v  0.7081 -6.0040 8.9083
v  0.6362 -6.0135 8.9083
v  0.1847 -6.0130 8.9079
v  0.8836 -5.8731 8.9084
v  0.7818 -5.9736 8.9084
v  0.8395 -5.9294 8.9083
v  0.9253 -4.9836 8.9085
v  0.9337 -0.3116 8.3037
v  0.9330 -0.3242 8.3170
v  0.9317 -0.3567 8.3382
v  0.9299 -0.3971 8.3537
v  0.9283 -0.4514 8.3669
v  0.9273 -0.4983 8.3741
v  0.9264 -0.5565 8.3760
v  0.9259 -1.1600 8.3753
v  0.9264 -4.9824 8.3748
v  0.9267 -4.2238 8.3751
v  0.9141 -5.8062 8.3747
v  0.9259 -5.7241 8.3745
v  0.6358 -6.0138 8.3741
v  0.7099 -6.0047 8.3748
v  0.1858 -6.0146 8.3748
v  0.7839 -5.9737 8.3748
v  0.8827 -5.8764 8.3745
v  0.8405 -5.9301 8.3749
v  0.9264 -5.2780 8.3748
v  0.1668 -4.7792 8.0835
v  0.3199 -4.8542 8.1032
v  0.4427 -4.9727 8.1351
v  0.5206 -5.1232 8.1752
v  0.5467 -5.2879 8.2193
v  0.5173 -5.4506 8.2627
v  0.4369 -5.5989 8.3019
v  0.3145 -5.7138 8.3319
v  0.1609 -5.7870 8.3508
v  0.1165 0.6416 -0.0000
v  0.2193 0.6177 -0.0000
v  0.3142 0.5788 -0.0000
v  0.3975 0.5264 -0.0000
v  0.4660 0.4624 -0.0000
v  0.5171 0.3892 -0.0000
v  0.5486 0.3096 -0.0000
v  0.5592 0.2348 -0.0000
v  0.5486 -0.3076 -0.0000
v  0.5171 -0.3872 -0.0000
v  0.4660 -0.4604 -0.0000
v  0.3975 -0.5244 -0.0000
v  0.3142 -0.5768 -0.0000
v  0.2193 -0.6157 -0.0000
v  0.1165 -0.6396 -0.0000
v  0.1394 -0.9460 -0.0000
v  0.2703 -0.9167 -0.0000
v  0.3954 -0.8697 -0.0000
v  0.5218 -0.8007 -0.0000
v  0.6434 -0.7079 -0.0000
v  0.7435 -0.6013 -0.0000
v  0.8409 -0.4555 -0.0000
v  0.9043 -0.3117 -0.0000
v  0.9074 -0.2935 -0.0000
v  0.9074 0.2941 -0.0000
v  0.9043 0.3116 -0.0000
v  0.8409 0.4555 -0.0000
v  0.7435 0.6013 -0.0000
v  0.6434 0.7079 -0.0000
v  0.5218 0.8007 -0.0000
v  0.3954 0.8697 -0.0000
v  0.2703 0.9167 -0.0000
v  0.1394 0.9460 -0.0000
v  0.1434 0.9730 0.0280
v  0.2785 0.9442 0.0276
v  0.4075 0.8962 0.0276
v  0.5375 0.8248 0.0276
v  0.6620 0.7285 0.0276
v  0.7655 0.6188 0.0276
v  0.8652 0.4689 0.0276
v  0.9310 0.3197 0.0276
v  0.9350 0.2948 0.0276
v  0.9350 -0.2940 0.0276
v  0.9308 -0.3196 0.0276
v  0.8651 -0.4688 0.0276
v  0.7651 -0.6185 0.0276
v  0.6616 -0.7280 0.0276
v  0.5371 -0.8242 0.0276
v  0.4072 -0.8955 0.0276
v  0.2783 -0.9435 0.0276
v  0.1434 -0.9733 0.0276
v  0.9350 -0.2909 8.3122
v  0.9350 -0.3061 8.3349
v  0.9350 -0.3460 8.3653
v  0.9350 -0.3890 8.3841
v  0.9350 -0.4442 8.3978
v  0.9350 -0.4984 8.4036
v  0.9350 -0.5565 8.4037
v  0.9350 -1.1600 8.4037
v  0.9350 -4.2238 8.4037
v  0.9350 -4.9826 8.4037
v  0.9350 -5.2778 8.4037
v  0.9350 -5.7241 8.4037
v  0.9229 -5.8077 8.4037
v  0.8913 -5.8795 8.4037
v  0.8463 -5.9364 8.4037
v  0.7877 -5.9815 8.4037
v  0.7114 -6.0133 8.4038
v  0.6358 -6.0233 8.4037
v  0.1847 -6.0233 8.4037
v  0.1847 -6.0230 8.8778
v  0.6358 -6.0230 8.8778
v  0.7113 -6.0130 8.8778
v  0.7876 -5.9813 8.8778
v  0.8462 -5.9363 8.8778
v  0.8912 -5.8794 8.8778
v  0.9228 -5.8077 8.8778
v  0.9350 -5.7242 8.8778
v  0.9350 -5.2777 8.8778
v  0.9350 -4.9836 8.8778
v  0.9350 -4.2238 8.8778
v  0.9350 -1.1600 8.8778
v  0.9350 -0.4996 8.8778
v  0.9350 -0.3118 8.8778
v  0.9350 0.0080 8.8778
v  0.9350 0.2948 8.8778
v  0.9308 0.3205 8.8778
v  0.8649 0.4687 8.8778
v  0.7656 0.6189 8.8778
v  0.6614 0.7277 8.8778
v  0.5376 0.8250 8.8778
v  0.4071 0.8953 8.8778
v  0.2785 0.9442 8.8778
v  0.1434 0.9733 8.8778
v  0.1868 -5.9857 8.3662
v  0.6334 -5.9858 8.3662
v  0.7016 -5.9771 8.3662
v  0.7689 -5.9490 8.3662
v  0.8200 -5.9098 8.3662
v  0.8590 -5.8601 8.3662
v  0.8879 -5.7954 8.3662
v  0.8975 -5.7236 8.3662
v  0.8975 -5.2778 8.3662
v  0.8975 -4.9826 8.3662
v  0.8975 -4.2238 8.3662
v  0.8975 -1.1600 8.3661
v  0.8975 -0.5804 8.3661
v  0.7923 -0.7204 8.3661
v  0.6670 -0.8377 8.3661
v  0.5493 -0.9186 8.3661
v  0.3970 -0.9944 8.3661
v  0.2731 -1.0362 8.3661
v  0.1322 -1.0636 8.3661
v  0.1375 0.9353 8.9173
v  0.2687 0.9064 8.9173
v  0.3928 0.8593 8.9173
v  0.5187 0.7899 8.9173
v  0.6363 0.6991 8.9173
v  0.7341 0.5949 8.9173
v  0.8303 0.4509 8.9173
v  0.8941 0.3070 8.9173
v  0.8959 0.2959 8.9173
v  0.8954 0.0083 8.9173
v  0.8956 -0.3118 8.9173
v  0.8954 -0.4993 8.9173
v  0.8958 -0.5569 8.9173
v  0.8958 -1.1596 8.9173
v  0.8954 -4.2238 8.9173
v  0.8955 -4.9837 8.9173
v  0.8957 -5.2780 8.9173
v  0.8956 -5.7241 8.9173
v  0.8852 -5.7967 8.9173
v  0.8577 -5.8586 8.9173
v  0.8182 -5.9082 8.9173
v  0.7684 -5.9470 8.9173
v  0.7004 -5.9752 8.9173
v  0.6352 -5.9839 8.9173
v  0.1847 -5.9833 8.9173
v  0.1695 -0.7188 8.9173
v  0.3198 -0.6711 8.9173
v  0.4641 -0.5923 8.9173
v  0.5853 -0.4919 8.9173
v  0.6870 -0.3623 8.9173
v  0.7618 -0.2151 8.9173
v  0.8050 -0.0520 8.9173
v  0.8168 0.0806 8.9173
v  0.8048 0.2135 8.9173
v  0.7607 0.3741 8.9173
v  0.6852 0.5216 8.9173
v  0.5824 0.6514 8.9173
v  0.4618 0.7525 8.9173
v  0.3193 0.8291 8.9173
v  0.1703 0.8760 8.9173
v  0.1847 -5.8625 8.9173
v  0.7681 -5.7242 8.9173
v  0.9350 -4.5989 8.8858
v  0.9350 -4.6034 8.3957
v  0.9350 -5.5014 8.8842
v  0.9037 -5.5017 8.9172
v  0.7712 -5.5012 8.9173
v  0.0687 -4.8526 8.0967
v  0.0807 -4.7827 8.0777
v  0.2020 -4.8953 8.1083
v  0.2370 -4.8305 8.0907
v  0.3177 -4.9763 8.1303
v  0.3720 -4.9233 8.1159
v  0.4017 -5.0879 8.1606
v  0.4706 -5.0540 8.1515
v  0.4459 -5.2191 8.1963
v  0.5220 -5.2074 8.1931
v  0.4459 -5.3570 8.2338
v  0.5219 -5.3680 8.2368
v  0.4017 -5.4882 8.2694
v  0.4724 -5.5226 8.2789
v  0.3177 -5.5998 8.2997
v  0.3744 -5.6547 8.3148
v  0.2020 -5.6808 8.3218
v  0.2390 -5.7527 8.3414
v  0.0687 -5.7232 8.3333
v  0.0873 -4.7427 8.0899
v  0.2532 -4.7946 8.1035
v  0.3971 -4.8949 8.1293
v  0.5013 -5.0362 8.1662
v  0.5543 -5.2008 8.2087
v  0.5515 -5.3710 8.2526
v  0.4952 -5.5330 8.2946
v  0.3887 -5.6692 8.3264
v  0.2443 -5.7633 8.3472
v  0.0820 -5.8015 8.3545
v  0.1012 -4.6371 8.1982
v  0.2910 -4.7031 8.2053
v  0.4525 -4.8197 8.2176
v  0.5649 -4.9891 8.2383
v  0.6165 -5.1822 8.2667
v  0.5998 -5.3753 8.2972
v  0.5253 -5.5498 8.3226
v  0.4063 -5.6877 8.3457
v  0.2533 -5.7838 8.3572
v  0.0846 -5.8306 8.3623
v  0.1176 -4.5261 8.2901
v  0.1386 -4.3971 8.3495
v  0.3362 -4.6042 8.2927
v  0.3902 -4.4920 8.3494
v  0.5109 -4.7451 8.3003
v  0.5849 -4.6610 8.3512
v  0.6260 -4.9428 8.3088
v  0.7069 -4.8915 8.3522
v  0.6741 -5.1636 8.3236
v  0.7491 -5.1471 8.3565
v  0.6454 -5.3824 8.3381
v  0.7023 -5.3962 8.3605
v  0.5538 -5.5686 8.3496
v  0.5878 -5.5935 8.3627
v  0.4253 -5.7090 8.3584
v  0.4453 -5.7321 8.3647
v  0.2625 -5.8055 8.3632
v  0.2719 -5.8281 8.3657
v  0.0873 -5.8521 8.3651
v  0.0900 -5.8736 8.3660
v  0.1309 -4.2239 8.3662
v  0.5452 -4.2238 8.3662
v  0.8133 -4.2238 8.3662
v  0.9055 -4.6034 8.3662
v  0.9055 -5.1302 8.3662
v  0.9106 -5.5013 8.3666
v  0.9350 -5.1301 8.8858
v  0.9350 -5.1302 8.3957
v  0.9035 -4.5983 8.9173
v  0.7741 -4.5989 8.9173
v  0.9036 -5.1301 8.9173
v  0.7734 -5.1301 8.9173
v  0.9350 -5.5013 8.3973
v  0.1805 -5.5013 8.9173
v  0.1831 -5.1304 8.9173
v  0.6277 -5.1302 8.9173
v  0.6334 -5.5013 8.9173
v  0.6195 -4.5988 8.9173
v  0.9267 -5.5014 8.9070
v  0.9253 -4.5988 8.9085
v  0.9254 -5.1301 8.9085
v  0.9265 -4.6033 8.3750
v  0.9264 -5.1302 8.3748
v  0.9288 -5.5026 8.3776
v  0.0847 -4.7584 8.0788
v  0.2472 -4.8090 8.0924
v  0.3876 -4.9071 8.1184
v  0.4895 -5.0438 8.1553
v  0.5423 -5.2040 8.1982
v  0.5406 -5.3703 8.2427
v  0.4850 -5.5285 8.2844
v  0.3820 -5.6624 8.3193
v  0.2418 -5.7581 8.3438
v  0.9350 -4.6034 8.4037
v  0.9350 -5.1302 8.4037
v  0.9350 -5.5014 8.4037
v  0.9350 -5.5014 8.8778
v  0.9350 -5.1301 8.8778
v  0.9350 -4.5989 8.8778
v  0.9027 -5.5010 8.3662
v  0.8975 -5.1302 8.3662
v  0.8975 -4.6134 8.3662
v  0.1549 -4.2602 8.3660
v  0.4430 -4.3820 8.3657
v  0.6560 -4.5794 8.3658
v  0.7920 -4.8456 8.3659
v  0.8336 -5.1317 8.3662
v  0.7600 -5.4054 8.3662
v  0.6171 -5.6149 8.3660
v  0.4607 -5.7548 8.3660
v  0.2814 -5.8510 8.3662
v  0.0928 -5.8952 8.3662
v  0.8956 -4.5983 8.9173
v  0.8956 -5.1301 8.9173
v  0.8958 -5.5017 8.9173
v  0.1426 0.9679 0.0055
v  0.2767 0.9380 0.0059
v  0.4048 0.8904 0.0055
v  0.5339 0.8194 0.0058
v  0.6581 0.7241 0.0058
v  0.7609 0.6151 0.0057
v  0.8602 0.4661 0.0057
v  0.9254 0.3180 0.0057
v  0.1426 -0.9676 0.0057
v  0.2766 -0.9379 0.0057
v  0.4047 -0.8901 0.0056
v  0.5339 -0.8193 0.0056
v  0.6579 -0.7238 0.0059
v  0.7606 -0.6149 0.0058
v  0.8599 -0.4659 0.0059
v  0.9253 -0.3179 0.0057
v  0.9293 0.2951 0.0057
v  0.9293 -0.2941 0.0057
v  0.0000 0.9559 -0.0000
v  -0.0000 -0.9559 -0.0000
v  -0.0000 -0.9639 -0.0000
v  -0.0000 -0.9780 0.0057
v  -0.0000 -0.9839 0.0276
v  0.0000 -0.9881 8.3164
v  0.0000 -1.0303 8.3596
v  0.0000 -1.1600 8.3661
v  0.0000 0.9848 8.8778
v  0.0000 0.9848 8.8858
v  0.0000 -6.0230 8.8857
v  0.0001 -6.0135 8.9083
v  0.0000 -5.7267 8.3342
v  0.0000 -4.7767 8.0761
v  0.0000 -5.8557 8.3652
v  0.0000 -5.8771 8.3660
v  0.0000 -5.8341 8.3627
v  0.0000 -4.2239 8.3662
v  0.0000 -6.0230 8.8778
v  0.0000 -6.0147 8.3748
v  0.0000 -6.0233 8.3957
v  0.0000 -0.7936 8.9173
v  0.0000 -0.7375 8.9173
v  0.0000 0.8952 8.9173
v  -0.0001 0.9450 8.9173
v  0.0000 -0.7280 8.8780
v  0.0000 0.8861 8.8780
v  0.0000 -1.1600 8.9173
v  0.0000 -4.9836 8.9173
v  0.0000 -5.1303 8.9173
v  0.0000 -5.8626 8.9173
v  0.0004 -5.9836 8.9173
v  0.0000 -4.8489 8.0957
v  -0.0001 0.9531 8.9173
v  0.0000 -5.9938 8.3662
v  -0.0000 -0.9839 0.0196
v  0.0000 -4.5160 8.2900
v  0.5592 -0.2323 -0.0000
v  0.9074 -0.2792 -0.0000
v  0.9154 -0.2798 -0.0000
v  0.9293 -0.2798 0.0057
v  0.9350 -0.2797 0.0196
v  0.9350 -0.2797 0.0276
v  0.9350 -0.2841 8.2874
v  0.0000 0.6496 -0.0000
v  -0.1165 0.6416 -0.0000
v  -0.1394 0.9460 -0.0000
v  -0.2193 0.6177 -0.0000
v  -0.2703 0.9167 -0.0000
v  -0.3142 0.5788 -0.0000
v  -0.3954 0.8697 -0.0000
v  -0.3975 0.5264 -0.0000
v  -0.5218 0.8007 -0.0000
v  -0.4660 0.4624 -0.0000
v  -0.6434 0.7079 -0.0000
v  -0.5171 0.3892 -0.0000
v  -0.7435 0.6013 -0.0000
v  -0.5486 0.3096 -0.0000
v  -0.8409 0.4555 -0.0000
v  -0.9043 0.3116 -0.0000
v  -0.0000 -0.6477 -0.0000
v  -0.1394 -0.9460 -0.0000
v  -0.1165 -0.6396 -0.0000
v  -0.2703 -0.9167 -0.0000
v  -0.2193 -0.6157 -0.0000
v  -0.3954 -0.8697 -0.0000
v  -0.3142 -0.5768 -0.0000
v  -0.5218 -0.8007 -0.0000
v  -0.3975 -0.5244 -0.0000
v  -0.6434 -0.7079 -0.0000
v  -0.4660 -0.4604 -0.0000
v  -0.7435 -0.6013 -0.0000
v  -0.5171 -0.3872 -0.0000
v  -0.8409 -0.4555 -0.0000
v  -0.5486 -0.3076 -0.0000
v  -0.5592 -0.2260 -0.0000
v  -0.9074 -0.2935 -0.0000
v  -0.5592 0.2348 -0.0000
v  -0.9074 0.2941 -0.0000
v  -0.9074 -0.2792 -0.0000
v  -0.1406 0.9539 -0.0000
v  -0.1426 0.9679 0.0055
v  0.0000 0.9784 0.0056
v  0.0000 0.9639 -0.0000
v  -0.2726 0.9244 -0.0000
v  -0.2767 0.9383 0.0055
v  -0.3987 0.8770 -0.0000
v  -0.4049 0.8905 0.0055
v  -0.5261 0.8074 -0.0000
v  -0.5341 0.8196 0.0055
v  -0.6488 0.7138 -0.0000
v  -0.6581 0.7241 0.0058
v  -0.7498 0.6063 -0.0000
v  -0.7608 0.6151 0.0057
v  -0.8479 0.4593 -0.0000
v  -0.8601 0.4660 0.0058
v  -0.9120 0.3140 -0.0000
v  -0.9253 0.3185 0.0057
v  -0.1426 -0.9676 0.0058
v  -0.1406 -0.9539 -0.0000
v  -0.2765 -0.9376 0.0060
v  -0.2726 -0.9244 -0.0000
v  -0.4047 -0.8900 0.0056
v  -0.3987 -0.8770 -0.0000
v  -0.5337 -0.8190 0.0059
v  -0.5261 -0.8074 -0.0000
v  -0.6579 -0.7239 0.0059
v  -0.6488 -0.7138 -0.0000
v  -0.7606 -0.6149 0.0057
v  -0.7498 -0.6063 -0.0000
v  -0.8600 -0.4660 0.0058
v  -0.8479 -0.4593 -0.0000
v  -0.9253 -0.3179 0.0057
v  -0.9121 -0.3133 -0.0000
v  -0.9154 0.2948 -0.0000
v  -0.9293 0.2948 0.0057
v  -0.9154 -0.2941 -0.0000
v  -0.9293 -0.2941 0.0057
v  -0.9293 -0.2798 0.0057
v  -0.9154 -0.2798 -0.0000
v  -0.1435 0.9739 0.0280
v  0.0000 0.9846 0.0276
v  -0.2785 0.9442 0.0276
v  -0.4075 0.8962 0.0276
v  -0.5375 0.8248 0.0276
v  -0.6620 0.7285 0.0276
v  -0.7655 0.6188 0.0276
v  -0.8652 0.4689 0.0276
v  -0.9308 0.3203 0.0281
v  -0.9307 0.3204 8.3121
v  0.0000 -0.9834 8.2875
v  -0.1433 -0.9723 8.2875
v  -0.1434 -0.9732 0.0276
v  -0.2781 -0.9428 8.2875
v  -0.2783 -0.9436 0.0276
v  -0.4068 -0.8946 8.2875
v  -0.4072 -0.8955 0.0276
v  -0.5366 -0.8235 8.2875
v  -0.5370 -0.8242 0.0276
v  -0.6615 -0.7278 8.2875
v  -0.6616 -0.7280 0.0276
v  -0.7643 -0.6179 8.2875
v  -0.7651 -0.6185 0.0276
v  -0.8640 -0.4682 8.2876
v  -0.8650 -0.4687 0.0276
v  -0.9307 -0.3196 8.2874
v  -0.9308 -0.3196 0.0276
v  -0.9350 0.2948 0.0276
v  -0.9350 0.2948 8.3121
v  -0.9350 -0.2940 0.0276
v  -0.9350 -0.2941 8.2874
v  -0.9350 -0.2841 8.2874
v  -0.9350 -0.2797 0.0276
v  -0.1403 -0.9783 8.3166
v  -0.2750 -0.9498 8.3165
v  -0.4018 -0.9032 8.3170
v  -0.5342 -0.8319 8.3166
v  -0.6571 -0.7397 8.3169
v  -0.7624 -0.6292 8.3170
v  -0.8645 -0.4788 8.3163
v  -0.9229 -0.3685 8.3252
v  -0.9278 -0.3363 8.3084
v  -0.9299 -0.3242 8.2980
v  -0.9337 -0.3116 8.3037
v  -0.9316 -0.3567 8.3383
v  -0.9330 -0.3242 8.3170
v  -0.9178 -0.4075 8.3399
v  -0.9124 -0.4644 8.3553
v  -0.9279 -0.4513 8.3671
v  -0.9296 -0.3970 8.3538
v  -0.9098 -0.5024 8.3624
v  -0.9273 -0.4983 8.3741
v  -0.9055 -0.5565 8.3661
v  -0.9264 -0.5568 8.3760
v  -0.9350 -0.3501 8.3584
v  -0.9350 -0.3916 8.3765
v  -0.9350 -0.2984 8.3090
v  -0.9350 -0.3120 8.3293
v  -0.1368 -0.9959 8.3426
v  0.0000 -1.0049 8.3422
v  -0.1338 -1.0223 8.3600
v  -0.2723 -0.9681 8.3421
v  -0.2712 -0.9949 8.3596
v  -0.3974 -0.9233 8.3425
v  -0.3949 -0.9520 8.3597
v  -0.5348 -0.8513 8.3419
v  -0.5388 -0.8785 8.3593
v  -0.6551 -0.7630 8.3425
v  -0.6572 -0.7944 8.3599
v  -0.7656 -0.6515 8.3425
v  -0.7743 -0.6809 8.3598
v  -0.8718 -0.4986 8.3411
v  -0.8859 -0.5246 8.3588
v  0.0000 -1.0627 8.3661
v  -0.1312 -1.0557 8.3661
v  -0.2711 -1.0285 8.3661
v  -0.3940 -0.9870 8.3661
v  -0.5453 -0.9117 8.3661
v  -0.6620 -0.8314 8.3661
v  -0.7863 -0.7150 8.3661
v  0.0000 -1.0707 8.3661
v  -0.1312 -1.1600 8.3661
v  -0.1322 -1.0636 8.3661
v  -0.2711 -1.1600 8.3661
v  -0.2731 -1.0362 8.3661
v  -0.3940 -1.1600 8.3662
v  -0.3970 -0.9944 8.3661
v  -0.5453 -1.1600 8.3662
v  -0.5493 -0.9186 8.3661
v  -0.6620 -1.1600 8.3662
v  -0.6670 -0.8377 8.3661
v  -0.7909 -1.1600 8.3661
v  -0.7923 -0.7204 8.3661
v  -0.8975 -1.1600 8.3661
v  -0.8975 -0.5804 8.3661
v  -0.9055 -1.1600 8.3662
v  -0.9259 -1.1600 8.3753
v  -0.1434 0.9733 8.3121
v  0.0000 0.9848 8.3121
v  -0.2785 0.9442 8.3121
v  -0.4071 0.8953 8.3121
v  -0.5376 0.8250 8.3121
v  -0.6614 0.7277 8.3121
v  -0.7656 0.6189 8.3121
v  -0.8652 0.4689 8.3121
v  -0.9350 -0.2909 8.3122
v  -0.9350 -0.3061 8.3349
v  -0.1434 0.9733 8.8778
v  -0.2785 0.9442 8.8778
v  -0.4071 0.8953 8.8778
v  -0.5376 0.8250 8.8778
v  -0.6614 0.7277 8.8778
v  -0.7656 0.6189 8.8778
v  -0.8649 0.4687 8.8778
v  -0.9308 0.3205 8.8778
v  -0.9350 0.2948 8.8778
v  -0.9350 -0.3128 8.8778
v  -0.9350 -0.0050 8.8778
v  -0.9350 -0.3460 8.3653
v  -0.9350 -0.4442 8.3978
v  -0.9350 -0.4996 8.8778
v  -0.9350 -0.3890 8.3841
v  -0.9350 -0.4984 8.4036
v  -0.9350 -0.5565 8.4037
v  -0.9350 -0.5575 8.8778
v  -0.9350 -1.1600 8.4037
v  -0.9350 -1.1600 8.8778
v  -0.9350 -4.2238 8.4037
v  -0.9350 -4.6034 8.4037
v  -0.9350 -4.5989 8.8778
v  -0.9350 -4.2238 8.8778
v  -0.9350 -5.7241 8.4037
v  -0.9230 -5.8078 8.4037
v  -0.9229 -5.8077 8.8778
v  -0.9350 -5.7242 8.8778
v  -0.7114 -6.0135 8.4038
v  -0.6358 -6.0233 8.4037
v  -0.6358 -6.0230 8.8778
v  -0.7114 -6.0132 8.8778
v  -0.1847 -6.0233 8.4037
v  -0.1847 -6.0230 8.8778
v  -0.8911 -5.8794 8.4037
v  -0.8910 -5.8794 8.8778
v  -0.8462 -5.9363 8.8778
v  -0.8464 -5.9365 8.4037
v  -0.7878 -5.9815 8.4037
v  -0.7876 -5.9813 8.8778
v  -0.1434 0.9733 8.8856
v  -0.1408 0.9645 8.9086
v  -0.0000 0.9745 8.9079
v  -0.2785 0.9442 8.8858
v  -0.2738 0.9350 8.9082
v  -0.4071 0.8953 8.8856
v  -0.4047 0.8862 8.9083
v  -0.5376 0.8250 8.8858
v  -0.5339 0.8154 8.9082
v  -0.6614 0.7277 8.8856
v  -0.6555 0.7210 8.9081
v  -0.7656 0.6189 8.8858
v  -0.7572 0.6134 8.9081
v  -0.8649 0.4687 8.8857
v  -0.8567 0.4644 8.9083
v  -0.9308 0.3205 8.8858
v  -0.9218 0.3172 8.9084
v  -0.9350 0.2948 8.8858
v  -0.9254 0.2951 8.9084
v  -0.9350 -0.3128 8.8858
v  -0.9252 -0.3127 8.9086
v  -0.9255 -0.0050 8.9083
v  -0.9350 -0.0050 8.8858
v  -0.9350 -0.4996 8.8858
v  -0.9252 -0.4996 8.9086
v  -0.9350 -0.5575 8.8858
v  -0.9252 -0.5575 8.9086
v  -0.9350 -4.2238 8.8858
v  -0.9253 -4.2239 8.9085
v  -0.9253 -1.1599 8.9085
v  -0.9350 -1.1600 8.8858
v  -0.9350 -5.7242 8.8858
v  -0.9253 -5.7242 8.9085
v  -0.9267 -5.5014 8.9071
v  -0.9350 -5.5014 8.8842
v  -0.9229 -5.8077 8.8858
v  -0.9139 -5.8045 8.9083
v  -0.6358 -6.0230 8.8857
v  -0.6362 -6.0134 8.9084
v  -0.7081 -6.0042 8.9083
v  -0.7114 -6.0132 8.8858
v  -0.1848 -6.0135 8.9083
v  -0.1847 -6.0230 8.8857
v  -0.8910 -5.8794 8.8857
v  -0.8834 -5.8732 8.9084
v  -0.7816 -5.9736 8.9084
v  -0.7876 -5.9813 8.8858
v  -0.8395 -5.9295 8.9084
v  -0.8462 -5.9363 8.8857
v  -0.8955 -4.2239 8.9173
v  -0.7725 -4.2238 8.9173
v  -0.7276 -1.1600 8.9173
v  -0.8953 -1.1595 8.9173
v  -0.8949 -5.7237 8.9173
v  -0.7681 -5.7242 8.9173
v  -0.7711 -5.5012 8.9173
v  -0.8957 -5.5016 8.9173
v  -0.1598 -4.8005 8.0826
v  -0.0801 -4.7824 8.0777
v  -0.0687 -4.8526 8.0967
v  -0.1351 -4.8706 8.1016
v  -0.3083 -4.8722 8.1020
v  -0.2375 -4.8309 8.0908
v  -0.2020 -4.8953 8.1083
v  -0.2619 -4.9330 8.1186
v  -0.4266 -4.9851 8.1328
v  -0.3723 -4.9236 8.1160
v  -0.3177 -4.9763 8.1303
v  -0.3625 -5.0301 8.1449
v  -0.5024 -5.1288 8.1718
v  -0.4702 -5.0541 8.1515
v  -0.4017 -5.0879 8.1606
v  -0.4271 -5.1524 8.1782
v  -0.5286 -5.2880 8.2150
v  -0.5221 -5.2076 8.1932
v  -0.4459 -5.2191 8.1963
v  -0.4494 -5.2880 8.2150
v  -0.5023 -5.4466 8.2581
v  -0.5212 -5.3683 8.2368
v  -0.4459 -5.3570 8.2338
v  -0.4271 -5.4237 8.2519
v  -0.4266 -5.5909 8.2973
v  -0.4700 -5.5219 8.2786
v  -0.4017 -5.4882 8.2694
v  -0.3625 -5.5460 8.2851
v  -0.3095 -5.7066 8.3287
v  -0.3737 -5.6534 8.3143
v  -0.3177 -5.5998 8.2997
v  -0.2619 -5.6431 8.3115
v  -0.1600 -5.7833 8.3496
v  -0.2374 -5.7510 8.3408
v  -0.2020 -5.6808 8.3218
v  -0.1351 -5.7054 8.3284
v  0.0004 -5.8106 8.3570
v  -0.0830 -5.8026 8.3548
v  -0.0687 -5.7232 8.3333
v  -0.0847 -4.7584 8.0788
v  0.0000 -4.7541 8.0760
v  -0.2472 -4.8090 8.0924
v  -0.1668 -4.7792 8.0835
v  -0.3876 -4.9071 8.1184
v  -0.3199 -4.8542 8.1032
v  -0.4895 -5.0438 8.1553
v  -0.4427 -4.9727 8.1351
v  -0.5423 -5.2040 8.1983
v  -0.5206 -5.1232 8.1752
v  -0.5406 -5.3703 8.2427
v  -0.5467 -5.2879 8.2193
v  -0.4850 -5.5285 8.2844
v  -0.5173 -5.4506 8.2627
v  -0.3820 -5.6624 8.3193
v  -0.4369 -5.5989 8.3019
v  -0.2407 -5.7566 8.3429
v  -0.3145 -5.7138 8.3319
v  -0.1609 -5.7870 8.3508
v  0.0000 -4.7350 8.0882
v  -0.0867 -4.7424 8.0901
v  -0.1011 -4.6371 8.1982
v  0.0000 -4.6284 8.1978
v  -0.1722 -4.7619 8.0953
v  -0.2520 -4.7938 8.1036
v  -0.2910 -4.7031 8.2053
v  -0.1994 -4.6658 8.1981
v  -0.3283 -4.8382 8.1152
v  -0.3973 -4.8948 8.1296
v  -0.4525 -4.8197 8.2176
v  -0.3739 -4.7561 8.2118
v  -0.4547 -4.9609 8.1472
v  -0.5012 -5.0362 8.1662
v  -0.5649 -4.9891 8.2383
v  -0.5155 -4.8994 8.2244
v  -0.5349 -5.1173 8.1872
v  -0.5542 -5.2006 8.2086
v  -0.6165 -5.1822 8.2667
v  -0.5969 -5.0867 8.2507
v  -0.5607 -5.2863 8.2308
v  -0.5513 -5.3706 8.2521
v  -0.5998 -5.3753 8.2972
v  -0.6160 -5.2796 8.2810
v  -0.5295 -5.4533 8.2733
v  -0.4936 -5.5320 8.2925
v  -0.5253 -5.5498 8.3226
v  -0.5654 -5.4670 8.3093
v  -0.4455 -5.6053 8.3107
v  -0.3875 -5.6679 8.3251
v  -0.4063 -5.6877 8.3457
v  -0.4704 -5.6241 8.3315
v  -0.3190 -5.7204 8.3370
v  -0.2434 -5.7614 8.3459
v  -0.2533 -5.7838 8.3572
v  -0.3320 -5.7402 8.3514
v  -0.1618 -5.7907 8.3524
v  -0.0846 -5.8306 8.3623
v  -0.1671 -5.8114 8.3601
v  -0.2315 -4.5615 8.2878
v  -0.2715 -4.4398 8.3479
v  -0.1386 -4.3971 8.3495
v  -0.1177 -4.5261 8.2901
v  -0.4289 -4.6676 8.2956
v  -0.4930 -4.5703 8.3493
v  -0.3901 -4.4920 8.3495
v  -0.3362 -4.6042 8.2927
v  -0.5738 -4.8395 8.3024
v  -0.6526 -4.7710 8.3505
v  -0.5849 -4.6610 8.3512
v  -0.5109 -4.7451 8.3003
v  -0.6564 -5.0548 8.3137
v  -0.7336 -5.0218 8.3524
v  -0.7069 -4.8915 8.3522
v  -0.6260 -4.9428 8.3088
v  -0.6684 -5.2731 8.3304
v  -0.7358 -5.2714 8.3581
v  -0.7491 -5.1471 8.3565
v  -0.6741 -5.1636 8.3236
v  -0.5996 -5.4857 8.3424
v  -0.6407 -5.5115 8.3609
v  -0.7023 -5.3962 8.3605
v  -0.6454 -5.3824 8.3381
v  -0.4934 -5.6416 8.3536
v  -0.5204 -5.6644 8.3632
v  -0.5878 -5.5935 8.3627
v  -0.5538 -5.5686 8.3496
v  -0.3453 -5.7617 8.3610
v  -0.3591 -5.7850 8.3652
v  -0.4453 -5.7321 8.3647
v  -0.4253 -5.7090 8.3584
v  -0.1726 -5.8330 8.3643
v  -0.1782 -5.8550 8.3659
v  -0.2719 -5.8281 8.3657
v  -0.2625 -5.8055 8.3632
v  -0.0900 -5.8737 8.3660
v  -0.0873 -5.8521 8.3651
v  -0.3182 -4.3022 8.3662
v  -0.1549 -4.2602 8.3660
v  -0.5677 -4.4618 8.3662
v  -0.4429 -4.3820 8.3658
v  -0.7444 -4.6971 8.3662
v  -0.6560 -4.5794 8.3658
v  -0.8221 -4.9882 8.3660
v  -0.7920 -4.8456 8.3659
v  -0.8112 -5.2722 8.3662
v  -0.8336 -5.1317 8.3662
v  -0.6856 -5.5408 8.3662
v  -0.7600 -5.4054 8.3662
v  -0.5487 -5.6891 8.3661
v  -0.6171 -5.6149 8.3660
v  -0.3731 -5.8089 8.3662
v  -0.4607 -5.7548 8.3660
v  -0.1838 -5.8773 8.3662
v  -0.2814 -5.8510 8.3662
v  0.0000 -5.8985 8.3662
v  -0.0928 -5.8953 8.3662
v  0.0000 -4.2412 8.3662
v  -0.1309 -4.2239 8.3662
v  -0.5452 -4.2238 8.3662
v  -0.3940 -4.2239 8.3662
v  -0.8133 -4.2238 8.3662
v  -0.6618 -4.2238 8.3662
v  -0.8975 -4.6134 8.3662
v  -0.8975 -4.2238 8.3662
v  -0.8975 -5.1302 8.3662
v  -0.8975 -4.9826 8.3662
v  -0.9027 -5.5010 8.3662
v  -0.8975 -5.2778 8.3662
v  -0.8590 -5.8601 8.3662
v  -0.6334 -5.9858 8.3662
v  -0.7016 -5.9771 8.3662
v  -0.1868 -5.9857 8.3662
v  0.0000 -5.9858 8.3662
v  -0.2710 -4.2239 8.3662
v  -0.9350 -4.2238 8.3957
v  -0.9267 -4.2238 8.3751
v  -0.9265 -4.6033 8.3750
v  -0.9350 -4.6034 8.3957
v  -0.9350 -5.7241 8.3957
v  -0.9260 -5.7241 8.3744
v  -0.9142 -5.8062 8.3746
v  -0.9230 -5.8078 8.3957
v  -0.7114 -6.0135 8.3957
v  -0.7099 -6.0048 8.3747
v  -0.6358 -6.0138 8.3741
v  -0.6358 -6.0233 8.3957
v  -0.1858 -6.0146 8.3748
v  -0.1847 -6.0233 8.3957
v  -0.7877 -5.9815 8.3957
v  -0.7839 -5.9737 8.3748
v  -0.8826 -5.8763 8.3746
v  -0.8911 -5.8794 8.3957
v  -0.8464 -5.9365 8.3957
v  -0.8405 -5.9301 8.3748
v  0.0000 -6.0233 8.4037
v  -0.7689 -5.9490 8.3662
v  -0.8879 -5.7954 8.3662
v  -0.8975 -5.7236 8.3662
v  -0.8200 -5.9098 8.3662
v  -0.9350 -4.9836 8.8778
v  -0.9350 -4.9826 8.4037
v  -0.9350 -5.1302 8.4037
v  -0.9350 -5.1301 8.8778
v  -0.9350 -4.9836 8.8858
v  -0.9253 -4.9835 8.9085
v  -0.9253 -4.5989 8.9085
v  -0.9350 -4.5989 8.8858
v  -0.8956 -4.9833 8.9173
v  -0.7730 -4.9836 8.9173
v  -0.7741 -4.5989 8.9173
v  -0.8954 -4.5990 8.9173
v  -0.9350 -4.9826 8.3957
v  -0.9264 -4.9824 8.3748
v  -0.9264 -5.1302 8.3748
v  -0.9350 -5.1302 8.3957
v  -0.9350 -5.2777 8.8858
v  -0.9254 -5.2779 8.9084
v  -0.9253 -5.1302 8.9085
v  -0.9350 -5.1302 8.8858
v  -0.8953 -5.2785 8.9173
v  -0.7732 -5.2777 8.9173
v  -0.7734 -5.1301 8.9173
v  -0.8953 -5.1302 8.9173
v  -0.9350 -5.2777 8.8778
v  -0.9350 -5.2778 8.4037
v  -0.9350 -5.5014 8.4037
v  -0.9350 -5.5014 8.8778
v  -0.9350 -5.2778 8.3957
v  -0.9264 -5.2780 8.3748
v  -0.9288 -5.5026 8.3776
v  -0.9350 -5.5013 8.3973
v  -0.1695 -0.7188 8.9173
v  -0.1805 -0.7762 8.9173
v  -0.3198 -0.6711 8.9173
v  -0.3398 -0.7246 8.9173
v  -0.4641 -0.5923 8.9173
v  -0.4866 -0.6409 8.9173
v  -0.5853 -0.4919 8.9173
v  -0.6153 -0.5281 8.9173
v  -0.6870 -0.3623 8.9173
v  -0.7209 -0.3908 8.9173
v  -0.7618 -0.2151 8.9173
v  -0.7993 -0.2342 8.9173
v  -0.8050 -0.0520 8.9173
v  -0.8477 -0.0642 8.9173
v  -0.8167 0.0806 8.9173
v  -0.8640 0.0794 8.9173
v  -0.8047 0.2135 8.9173
v  -0.8477 0.2231 8.9173
v  -0.7607 0.3741 8.9173
v  -0.8302 0.4506 8.9173
v  -0.6852 0.5216 8.9173
v  -0.7341 0.5952 8.9173
v  -0.5824 0.6514 8.9173
v  -0.6353 0.6998 8.9173
v  -0.4618 0.7525 8.9173
v  -0.5179 0.7909 8.9173
v  -0.3193 0.8291 8.9173
v  -0.3910 0.8600 8.9173
v  -0.2673 0.9067 8.9173
v  -0.1703 0.8760 8.9173
v  -0.1385 0.9348 8.9173
v  0.0000 -0.7294 8.9173
v  -0.1689 -0.7094 8.8780
v  -0.1678 -0.7109 8.9173
v  -0.3178 -0.6619 8.8780
v  -0.3166 -0.6637 8.9173
v  -0.4560 -0.5860 8.8780
v  -0.4596 -0.5857 8.9173
v  -0.5781 -0.4834 8.8780
v  -0.5795 -0.4863 8.9173
v  -0.6788 -0.3570 8.8780
v  -0.6802 -0.3580 8.9173
v  -0.7526 -0.2116 8.8780
v  -0.7542 -0.2123 8.9173
v  -0.7956 -0.0533 8.8780
v  -0.7971 -0.0506 8.9173
v  -0.8071 0.0794 8.8780
v  -0.8087 0.0805 8.9173
v  -0.7955 0.2122 8.8780
v  -0.7968 0.2121 8.9173
v  -0.7507 0.3696 8.8791
v  -0.7532 0.3712 8.9173
v  -0.6784 0.5157 8.8780
v  -0.6785 0.5172 8.9173
v  -0.5778 0.6419 8.8780
v  -0.5766 0.6458 8.9173
v  -0.4556 0.7444 8.8780
v  -0.4573 0.7458 8.9173
v  -0.3175 0.8202 8.8780
v  -0.3162 0.8217 8.9173
v  -0.1657 0.8670 8.8791
v  -0.1686 0.8681 8.9173
v  0.0000 0.8872 8.9173
v  -0.8935 0.3079 8.9173
v  -0.8956 0.2943 8.9173
v  -0.8956 -0.0051 8.9173
v  -0.1805 -1.1600 8.9173
v  -0.3398 -1.1600 8.9173
v  -0.4866 -1.1600 8.9173
v  -0.6153 -1.1600 8.9173
v  -0.1805 -4.2238 8.9173
v  0.0000 -4.2238 8.9173
v  -0.3398 -4.2238 8.9173
v  -0.4866 -4.2238 8.9173
v  -0.6153 -4.2238 8.9173
v  -0.9349 -1.1600 8.3957
v  -0.8955 -0.5576 8.9173
v  -0.8955 -0.3121 8.9173
v  -0.8955 -0.4995 8.9173
v  -0.1823 -4.9836 8.9173
v  -0.1831 -5.2781 8.9173
v  -0.1805 -5.5013 8.9173
v  0.0000 -5.5016 8.9173
v  0.0000 -5.2781 8.9173
v  -0.1831 -5.1304 8.9173
v  -0.6257 -4.9836 8.9173
v  -0.6277 -5.1302 8.9173
v  0.0000 -5.7242 8.9173
v  -0.1805 -5.7241 8.9173
v  -0.1847 -5.8625 8.9173
v  -0.6297 -5.2778 8.9173
v  -0.6333 -5.5013 8.9173
v  -0.6351 -5.9833 8.9173
v  -0.6358 -5.8625 8.9173
v  -0.7005 -5.9755 8.9173
v  -0.1853 -5.9836 8.9173
v  -0.7681 -5.8624 8.9173
v  -0.7674 -5.9474 8.9173
v  -0.8850 -5.7972 8.9173
v  -0.7681 -5.7969 8.9173
v  -0.8569 -5.8598 8.9173
v  -0.6358 -5.7242 8.9173
v  -0.8179 -5.9086 8.9173
v  -0.6195 -4.5988 8.9173
v  0.0000 0.0003 -0.0000
v  -0.1396 0.9427 8.9173
v  -0.2696 0.9144 8.9172
v  -0.3943 0.8673 8.9172
v  -0.5224 0.7976 8.9172
v  -0.6407 0.7057 8.9172
v  -0.7404 0.6002 8.9172
v  -0.8372 0.4545 8.9173
v  -0.9012 0.3102 8.9172
v  -0.9036 0.2949 8.9173
v  -0.9035 -0.3121 8.9173
v  -0.9036 -0.0051 8.9173
v  -0.9035 -0.4995 8.9173
v  -0.9035 -0.5576 8.9173
v  -0.9036 -4.2239 8.9173
v  -0.9034 -1.1595 8.9173
v  -0.9030 -5.7237 8.9173
v  -0.9036 -5.5016 8.9173
v  -0.8928 -5.7994 8.9172
v  -0.6356 -5.9913 8.9173
v  -0.7026 -5.9833 8.9172
v  0.0004 -5.9916 8.9173
v  -0.1853 -5.9916 8.9173
v  -0.8638 -5.8640 8.9172
v  -0.7715 -5.9544 8.9173
v  -0.8236 -5.9143 8.9173
v  -0.9036 -4.9833 8.9173
v  -0.9034 -4.5990 8.9173
v  -0.9034 -5.2785 8.9173
v  -0.9033 -5.1302 8.9173
v  -0.9350 -0.4456 8.3899
v  -0.9348 -0.4988 8.3956
v  -0.9349 -0.5565 8.3957
v  -0.9055 -4.2238 8.3662
v  -0.9055 -4.6034 8.3662
v  -0.9055 -5.7241 8.3662
v  -0.8957 -5.7976 8.3662
v  -0.7037 -5.9849 8.3662
v  -0.6358 -5.9935 8.3662
v  -0.1868 -5.9937 8.3662
v  -0.7729 -5.9559 8.3662
v  -0.8659 -5.8643 8.3662
v  -0.8257 -5.9156 8.3662
v  -0.9055 -4.9826 8.3662
v  -0.9055 -5.1302 8.3662
v  -0.9055 -5.2778 8.3662
v  -0.9106 -5.5013 8.3666
v  0.0000 0.9846 0.0196
v  -0.1435 0.9739 0.0198
v  -0.2785 0.9442 0.0196
v  -0.4075 0.8962 0.0196
v  -0.5375 0.8248 0.0196
v  -0.6620 0.7285 0.0196
v  -0.7655 0.6188 0.0196
v  -0.8652 0.4689 0.0196
v  -0.9308 0.3204 0.0196
v  -0.9350 0.2948 0.0196
v  -0.9350 -0.2797 0.0196
v  -0.9350 -0.2940 0.0196
v  -0.9308 -0.3196 0.0196
v  -0.8650 -0.4687 0.0196
v  -0.7651 -0.6185 0.0196
v  -0.6616 -0.7280 0.0196
v  -0.5370 -0.8242 0.0196
v  -0.4072 -0.8955 0.0197
v  -0.2783 -0.9436 0.0197
v  -0.1434 -0.9732 0.0196
v  0.0000 -4.3877 8.3499
v  0.1597 -0.6661 8.8780
v  0.3004 -0.6213 8.8780
v  0.4310 -0.5495 8.8780
v  0.5464 -0.4525 8.8780
v  0.6415 -0.3331 8.8780
v  0.7113 -0.1956 8.8780
v  0.7520 -0.0460 8.8780
v  0.7628 0.0794 8.8780
v  0.7519 0.2049 8.8780
v  0.7111 0.3544 8.8780
v  0.6412 0.4918 8.8780
v  0.5461 0.6110 8.8780
v  0.4306 0.7079 8.8780
v  0.3001 0.7795 8.8780
v  0.1595 0.8243 8.8780
v  0.0000 -0.6837 8.8780
v  0.0000 0.8419 8.8780
v  -0.1596 -0.6661 8.8780
v  -0.3004 -0.6213 8.8780
v  -0.4310 -0.5495 8.8780
v  -0.5464 -0.4525 8.8780
v  -0.6415 -0.3331 8.8780
v  -0.7113 -0.1956 8.8780
v  -0.7520 -0.0460 8.8780
v  -0.7628 0.0794 8.8780
v  -0.7519 0.2049 8.8780
v  -0.7111 0.3544 8.8780
v  -0.6412 0.4918 8.8780
v  -0.5461 0.6110 8.8780
v  -0.4306 0.7079 8.8780
v  -0.3001 0.7795 8.8780
v  -0.1595 0.8243 8.8780
v  0.0000 0.0793 8.8858
v  0.1676 -0.7097 8.9084
v  0.0000 -0.7280 8.9084
v  -0.1676 -0.7097 8.9084
v  -0.3162 -0.6627 8.9084
v  -0.4585 -0.5842 8.9084
v  -0.5774 -0.4842 8.9085
v  -0.6788 -0.3570 8.9084
v  -0.7526 -0.2116 8.9084
v  -0.7960 -0.0504 8.9084
v  -0.8070 0.0805 8.9084
v  -0.7955 0.2118 8.9084
v  -0.7522 0.3708 8.9084
v  -0.6778 0.5168 8.9084
v  -0.5754 0.6445 8.9084
v  -0.4561 0.7440 8.9084
v  -0.3158 0.8209 8.9084
v  -0.1685 0.8676 8.9084
v  0.0000 0.8861 8.9084
v  0.1685 0.8676 8.9084
v  0.3158 0.8209 8.9084
v  0.4561 0.7440 8.9084
v  0.5754 0.6445 8.9084
v  0.6778 0.5168 8.9084
v  0.7522 0.3708 8.9084
v  0.7955 0.2118 8.9084
v  0.8070 0.0805 8.9084
v  0.7960 -0.0504 8.9084
v  0.7526 -0.2116 8.9084
v  0.6788 -0.3570 8.9084
v  0.5774 -0.4842 8.9085
v  0.4585 -0.5842 8.9084
v  0.3162 -0.6627 8.9084
v  0.0000 -0.7280 8.8870
v  0.1689 -0.7094 8.8870
v  0.3178 -0.6619 8.8870
v  0.4560 -0.5860 8.8870
v  0.5782 -0.4834 8.8870
v  0.6788 -0.3571 8.8870
v  0.7526 -0.2116 8.8870
v  0.7956 -0.0533 8.8870
v  0.8071 0.0794 8.8870
v  0.7955 0.2121 8.8870
v  0.7524 0.3704 8.8870
v  0.6784 0.5157 8.8870
v  0.5778 0.6419 8.8870
v  0.4556 0.7444 8.8870
v  0.3176 0.8202 8.8870
v  0.1688 0.8675 8.8870
v  0.0000 0.8861 8.8870
v  -0.1688 0.8675 8.8870
v  -0.3175 0.8202 8.8870
v  -0.4556 0.7444 8.8870
v  -0.5778 0.6419 8.8870
v  -0.6784 0.5157 8.8870
v  -0.7524 0.3704 8.8870
v  -0.7955 0.2121 8.8870
v  -0.8071 0.0794 8.8870
v  -0.7956 -0.0533 8.8870
v  -0.7526 -0.2116 8.8870
v  -0.6788 -0.3570 8.8870
v  -0.5781 -0.4834 8.8870
v  -0.4560 -0.5860 8.8870
v  -0.3178 -0.6619 8.8870
v  -0.1689 -0.7094 8.8870
v  -0.7876 0.2108 8.8780
v  -0.7990 0.0794 8.8780
v  -0.7877 -0.0520 8.8780
v  -0.7451 -0.2087 8.8780
v  -0.6720 -0.3527 8.8780
v  -0.5724 -0.4778 8.8780
v  -0.4514 -0.5794 8.8780
v  -0.3147 -0.6545 8.8780
v  -0.1672 -0.7015 8.8780
v  0.0000 -0.7200 8.8780
v  0.1672 -0.7015 8.8780
v  0.3147 -0.6545 8.8780
v  0.4515 -0.5794 8.8780
v  0.5724 -0.4778 8.8780
v  0.6720 -0.3527 8.8780
v  0.7451 -0.2087 8.8780
v  0.7877 -0.0520 8.8780
v  0.7990 0.0794 8.8780
v  0.7876 0.2108 8.8780
v  0.7449 0.3675 8.8780
v  0.6717 0.5114 8.8780
v  0.5720 0.6363 8.8780
v  0.4511 0.7377 8.8780
v  0.3144 0.8128 8.8780
v  0.1671 0.8596 8.8780
v  0.0000 0.8781 8.8780
v  -0.1671 0.8596 8.8780
v  -0.3144 0.8128 8.8780
v  -0.4511 0.7377 8.8780
v  -0.5720 0.6363 8.8780
v  -0.6717 0.5114 8.8780
v  -0.7449 0.3675 8.8780
v  0.0000 -5.2880 8.2150
v  -0.3632 -4.9327 8.1185
v  -0.4144 -4.9937 8.1351
v  -0.4591 -5.0596 8.1530
v  -0.4881 -5.1333 8.1730
v  -0.5095 -5.2093 8.1937
v  -0.5135 -5.2880 8.2150
v  -0.5094 -5.3665 8.2363
v  -0.4880 -5.4423 8.2569
v  -0.4589 -5.5161 8.2770
v  -0.4144 -5.5824 8.2950
v  -0.3636 -5.6443 8.3118
v  -0.3005 -5.6945 8.3255
v  -0.2320 -5.7391 8.3376
v  -0.1553 -5.7685 8.3456
v  -0.0804 -5.7890 8.3511
v  0.0000 -5.7948 8.3527
v  0.0804 -5.7890 8.3511
v  0.1553 -5.7685 8.3456
v  0.2320 -5.7391 8.3376
v  0.3005 -5.6945 8.3255
v  0.3636 -5.6443 8.3118
v  0.4144 -5.5824 8.2950
v  0.4589 -5.5161 8.2770
v  0.4880 -5.4423 8.2569
v  0.5094 -5.3665 8.2363
v  0.5135 -5.2880 8.2150
v  0.5095 -5.2093 8.1937
v  0.4882 -5.1333 8.1730
v  0.4592 -5.0596 8.1530
v  0.4144 -4.9937 8.1351
v  0.3632 -4.9327 8.1185
v  0.2995 -4.8837 8.1052
v  0.2312 -4.8413 8.0936
v  0.1552 -4.8138 8.0862
v  0.0789 -4.7941 8.0808
v  0.0000 -4.7905 8.0798
v  -0.0789 -4.7941 8.0808
v  -0.1551 -4.8138 8.0862
v  -0.2312 -4.8413 8.0936
v  -0.2995 -4.8837 8.1052
v  -0.4065 -4.8809 8.1478
v  -0.3363 -4.8237 8.1330
v  -0.2602 -4.7768 8.1239
v  -0.1768 -4.7441 8.1148
v  -0.0896 -4.7223 8.1116
v  0.0000 -4.7161 8.1083
v  0.0896 -4.7223 8.1116
v  0.1768 -4.7441 8.1148
v  0.2602 -4.7768 8.1239
v  0.3363 -4.8237 8.1330
v  0.4065 -4.8809 8.1478
v  0.4643 -4.9505 8.1627
v  0.5123 -5.0272 8.1818
v  0.5446 -5.1119 8.2001
v  0.5655 -5.1969 8.2224
v  0.5695 -5.2847 8.2418
v  0.5607 -5.3711 8.2634
v  0.5354 -5.4554 8.2805
v  0.5000 -5.5355 8.3007
v  0.4496 -5.6081 8.3154
v  0.3918 -5.6724 8.3301
v  0.3214 -5.7239 8.3397
v  0.2458 -5.7668 8.3495
v  0.1628 -5.7943 8.3540
v  0.0835 -5.8112 8.3575
v  -0.0001 -5.8194 8.3593
v  -0.0838 -5.8114 8.3576
v  -0.1627 -5.7943 8.3540
v  -0.2458 -5.7668 8.3495
v  -0.3213 -5.7239 8.3397
v  -0.3914 -5.6719 8.3309
v  -0.4495 -5.6081 8.3154
v  -0.4999 -5.5355 8.3007
v  -0.5354 -5.4554 8.2805
v  -0.5607 -5.3711 8.2634
v  -0.5695 -5.2847 8.2418
v  -0.5655 -5.1969 8.2224
v  -0.5446 -5.1119 8.2001
v  -0.5122 -5.0272 8.1818
v  -0.4643 -4.9505 8.1627
v  -0.9065 0.3030 -0.0000
v  -0.9282 0.3068 0.0057
v  -0.9144 0.3045 -0.0000
v  -0.9339 0.3077 0.0279
v  -0.9339 0.3078 8.3121
v  -0.9339 0.3078 8.8778
v  -0.9239 0.3078 8.9086
v  -0.9339 0.3078 8.8858
v  -0.9029 0.3032 8.9173
v  -0.9339 0.3078 0.0196
v  0.0830 -5.8063 8.3560
v  -0.0835 -5.8072 8.3563
v  0.0001 -5.8149 8.3582
v  0.1397 0.9549 8.9150
v  0.2727 0.9254 8.9147
v  0.4011 0.8772 8.9150
v  0.5291 0.8063 8.9149
v  0.6491 0.7135 8.9146
v  0.7495 0.6073 8.9148
v  0.8476 0.4600 8.9146
v  0.9127 0.3134 8.9148
v  0.9156 0.2962 8.9148
v  0.9151 0.0082 8.9151
v  0.9153 -0.3118 8.9150
v  0.9152 -0.4994 8.9150
v  0.9154 -0.5572 8.9149
v  0.9155 -1.1597 8.9149
v  0.9152 -4.2238 8.9150
v  0.9155 -5.2779 8.9149
v  0.9155 -5.7242 8.9149
v  0.9043 -5.8018 8.9148
v  0.7055 -5.9944 8.9148
v  0.6361 -6.0037 8.9148
v  0.1847 -6.0030 8.9143
v  0.8749 -5.8683 8.9149
v  0.7775 -5.9646 8.9149
v  0.8323 -5.9223 8.9149
v  0.9153 -4.9836 8.9150
v  0.1422 0.9718 8.8983
v  0.2764 0.9416 8.8979
v  0.4074 0.8932 8.8982
v  0.5369 0.8217 8.8976
v  0.6601 0.7261 8.8974
v  0.7630 0.6175 8.8979
v  0.8625 0.4674 8.8976
v  0.9285 0.3196 8.8980
v  0.9325 0.2949 8.8980
v  0.9327 0.0080 8.8977
v  0.9324 -0.3118 8.8983
v  0.9324 -0.4996 8.8983
v  0.9324 -0.5575 8.8982
v  0.9325 -1.1600 8.8981
v  0.9325 -4.2238 8.8982
v  0.9325 -5.2777 8.8980
v  0.9325 -5.7243 8.8980
v  0.9206 -5.8065 8.8980
v  0.7102 -6.0107 8.8979
v  0.6360 -6.0206 8.8979
v  0.1847 -6.0200 8.8978
v  0.8895 -5.8772 8.8981
v  0.7856 -5.9795 8.8981
v  0.8445 -5.9345 8.8980
v  0.9325 -4.9836 8.8981
v  0.9332 -5.5014 8.8963
v  0.9325 -4.5989 8.8981
v  0.9325 -5.1301 8.8981
v  0.9163 -5.5016 8.9145
v  0.9153 -4.5985 8.9150
v  0.9154 -5.1301 8.9149
v  0.0000 -6.0206 8.8980
v  -0.1422 0.9716 8.8982
v  0.0000 0.9813 8.8975
v  -0.2763 0.9415 8.8979
v  -0.4072 0.8927 8.8979
v  -0.5369 0.8218 8.8978
v  -0.6601 0.7261 8.8978
v  -0.7629 0.6174 8.8977
v  -0.8629 0.4676 8.8980
v  -0.9284 0.3196 8.8981
v  -0.9325 0.2949 8.8981
v  -0.9324 -0.3128 8.8983
v  -0.9325 -0.0050 8.8980
v  -0.9324 -0.4996 8.8982
v  -0.9324 -0.5575 8.8982
v  -0.9325 -4.2238 8.8982
v  -0.9325 -1.1600 8.8981
v  -0.9325 -5.7243 8.8981
v  -0.9332 -5.5014 8.8963
v  -0.9206 -5.8066 8.8980
v  -0.6360 -6.0205 8.8980
v  -0.7103 -6.0109 8.8980
v  -0.1847 -6.0206 8.8980
v  -0.8893 -5.8772 8.8981
v  -0.7856 -5.9796 8.8981
v  -0.8445 -5.9345 8.8980
v  -0.9325 -4.9836 8.8981
v  -0.9325 -4.5989 8.8982
v  -0.9325 -5.2777 8.8981
v  -0.9325 -5.1301 8.8981
v  -0.1403 0.9546 8.9150
v  -0.0000 0.9648 8.9146
v  -0.2719 0.9256 8.9146
v  -0.4000 0.8775 8.9148
v  -0.5288 0.8072 8.9147
v  -0.6487 0.7141 8.9146
v  -0.7495 0.6074 8.9147
v  -0.8478 0.4599 8.9149
v  -0.9124 0.3139 8.9149
v  -0.9154 0.2952 8.9149
v  -0.9153 -0.3124 8.9150
v  -0.9155 -0.0051 8.9149
v  -0.9153 -0.4996 8.9150
v  -0.9153 -0.5576 8.9150
v  -0.9153 -4.2239 8.9150
v  -0.9153 -1.1597 8.9150
v  -0.9151 -5.7240 8.9150
v  -0.9163 -5.5015 8.9145
v  -0.9042 -5.8022 8.9148
v  -0.6361 -6.0033 8.9150
v  -0.7056 -5.9946 8.9148
v  0.0003 -6.0035 8.9149
v  -0.1851 -6.0035 8.9149
v  -0.8744 -5.8690 8.9149
v  -0.7769 -5.9649 8.9149
v  -0.8322 -5.9226 8.9149
v  -0.9154 -4.9834 8.9149
v  -0.9153 -4.5989 8.9150
v  -0.9153 -5.2782 8.9150
v  -0.9153 -5.1302 8.9150
v  -0.9313 0.3078 8.8982
v  -0.9136 0.3070 8.9151
v  0.1432 0.9722 0.0117
v  0.2778 0.9419 0.0121
v  0.4066 0.8943 0.0118
v  0.5362 0.8228 0.0121
v  0.6609 0.7272 0.0119
v  0.7641 0.6177 0.0118
v  0.8638 0.4681 0.0118
v  0.9294 0.3192 0.0118
v  0.1432 -0.9717 0.0118
v  0.2778 -0.9419 0.0118
v  0.4065 -0.8939 0.0117
v  0.5362 -0.8228 0.0118
v  0.6606 -0.7268 0.0120
v  0.7638 -0.6175 0.0119
v  0.8635 -0.4679 0.0120
v  0.9293 -0.3191 0.0119
v  0.9334 0.2950 0.0118
v  0.9334 -0.2940 0.0118
v  0.1417 0.9618 0.0014
v  0.2749 0.9320 0.0016
v  0.4021 0.8845 0.0013
v  0.5305 0.8141 0.0015
v  0.6540 0.7196 0.0016
v  0.7560 0.6112 0.0015
v  0.8548 0.4631 0.0016
v  0.9195 0.3162 0.0015
v  0.1417 -0.9616 0.0016
v  0.2749 -0.9319 0.0015
v  0.4021 -0.8843 0.0014
v  0.5305 -0.8141 0.0015
v  0.6539 -0.7194 0.0017
v  0.7557 -0.6111 0.0018
v  0.8546 -0.4630 0.0017
v  0.9187 -0.3160 0.0013
v  0.9231 0.2951 0.0016
v  0.9231 -0.2942 0.0016
v  0.0000 -0.9716 0.0019
v  -0.0000 -0.9822 0.0118
v  0.9231 -0.2799 0.0016
v  0.9334 -0.2797 0.0118
v  -0.1417 0.9617 0.0014
v  0.0000 0.9719 0.0018
v  -0.2749 0.9322 0.0014
v  -0.4022 0.8845 0.0013
v  -0.5306 0.8142 0.0014
v  -0.6540 0.7196 0.0016
v  -0.7559 0.6112 0.0017
v  -0.8547 0.4631 0.0016
v  -0.9195 0.3165 0.0016
v  -0.1417 -0.9615 0.0016
v  -0.2748 -0.9317 0.0017
v  -0.4020 -0.8843 0.0015
v  -0.5304 -0.8139 0.0017
v  -0.6539 -0.7194 0.0017
v  -0.7558 -0.6111 0.0016
v  -0.8547 -0.4631 0.0016
v  -0.9194 -0.3162 0.0016
v  -0.9231 0.2949 0.0016
v  -0.9231 -0.2942 0.0016
v  -0.9231 -0.2799 0.0016
v  -0.1433 0.9722 0.0117
v  0.0000 0.9828 0.0117
v  -0.2780 0.9424 0.0117
v  -0.4067 0.8944 0.0117
v  -0.5364 0.8232 0.0117
v  -0.6608 0.7272 0.0119
v  -0.7641 0.6177 0.0119
v  -0.8637 0.4680 0.0119
v  -0.9292 0.3198 0.0118
v  -0.1432 -0.9716 0.0119
v  -0.2777 -0.9414 0.0122
v  -0.4064 -0.8938 0.0119
v  -0.5359 -0.8224 0.0121
v  -0.6606 -0.7269 0.0120
v  -0.7638 -0.6175 0.0119
v  -0.8636 -0.4680 0.0119
v  -0.9293 -0.3191 0.0119
v  -0.9334 0.2948 0.0118
v  -0.9334 -0.2940 0.0118
v  -0.9334 -0.2797 0.0118
v  -0.9221 0.3058 0.0016
v  -0.9323 0.3075 0.0118
v  -0.9043 -0.3117 -0.0000
v  -0.9286 -0.3032 0.0057
v  -0.9146 -0.3012 -0.0000
v  -0.9343 -0.3042 8.2874
v  -0.9344 -0.3038 0.0276
v  -0.9344 -0.3038 0.0196
v  -0.9225 -0.3026 0.0016
v  -0.9328 -0.3036 0.0118
v  0.9144 -0.3042 -0.0000
v  0.9339 -0.3070 0.0196
v  0.9339 -0.3074 8.2874
v  0.9321 -0.3179 8.3005
v  0.9308 -0.3299 8.3119
v  0.9280 -0.3616 8.3302
v  0.9247 -0.4012 8.3447
v  0.9211 -0.4566 8.3586
v  0.9194 -0.4991 8.3667
v  0.9177 -0.5565 8.3693
v  0.9170 -1.1600 8.3691
v  0.9172 -4.9825 8.3686
v  0.9327 -4.2238 8.3842
v  0.9060 -5.8023 8.3687
v  0.9169 -5.7241 8.3685
v  0.6363 -6.0050 8.3684
v  0.7072 -5.9960 8.3686
v  0.1864 -6.0054 8.3686
v  0.7791 -5.9658 8.3686
v  0.8753 -5.8711 8.3685
v  0.8340 -5.9237 8.3686
v  0.9172 -5.2779 8.3686
v  0.9346 -0.3050 8.3064
v  0.9345 -0.3180 8.3230
v  0.9342 -0.3532 8.3480
v  0.9337 -0.3940 8.3645
v  0.9329 -0.4477 8.3773
v  0.9327 -0.4983 8.3838
v  0.9322 -0.5565 8.3846
v  0.9320 -1.1600 8.3842
v  0.9326 -4.9825 8.3840
v  0.9174 -4.2238 8.3687
v  0.9203 -5.8078 8.3839
v  0.9324 -5.7241 8.3838
v  0.6358 -6.0206 8.3835
v  0.7112 -6.0108 8.3840
v  0.1852 -6.0209 8.3840
v  0.7868 -5.9792 8.3840
v  0.8886 -5.8791 8.3838
v  0.8448 -5.9346 8.3840
v  0.9326 -5.2779 8.3840
v  0.9065 -0.3027 -0.0000
v  0.9339 -0.3070 0.0276
v  0.9326 -4.6034 8.3841
v  0.9326 -5.1302 8.3840
v  0.9336 -5.5021 8.3865
v  0.9167 -4.6018 8.3684
v  0.9172 -5.1302 8.3686
v  0.9209 -5.5021 8.3705
v  0.9282 -0.3062 0.0057
v  0.0000 -6.0209 8.3840
v  0.0000 -6.0055 8.3686
v  -0.9326 -0.3134 0.0276
v  -0.9321 -0.3180 8.3004
v  -0.9278 -0.3616 8.3302
v  -0.9308 -0.3299 8.3119
v  -0.9206 -0.4565 8.3591
v  -0.9245 -0.4012 8.3448
v  -0.9194 -0.4991 8.3667
v  -0.9177 -0.5567 8.3693
v  -0.9338 -0.3532 8.3480
v  -0.9332 -0.3939 8.3646
v  -0.9346 -0.3048 8.3064
v  -0.9345 -0.3180 8.3230
v  -0.9170 -1.1600 8.3691
v  -0.9326 -4.2238 8.3842
v  -0.9326 -4.6034 8.3841
v  -0.9325 -5.7241 8.3837
v  -0.9204 -5.8078 8.3839
v  -0.7112 -6.0110 8.3839
v  -0.6358 -6.0206 8.3835
v  -0.1852 -6.0209 8.3840
v  -0.7868 -5.9792 8.3840
v  -0.8884 -5.8790 8.3839
v  -0.8448 -5.9346 8.3840
v  -0.9326 -4.9825 8.3840
v  -0.9326 -5.1302 8.3840
v  -0.9326 -5.2779 8.3840
v  -0.9335 -5.5021 8.3865
v  -0.9320 -1.1600 8.3842
v  -0.9328 -0.4476 8.3774
v  -0.9327 -0.4983 8.3839
v  -0.9322 -0.5566 8.3846
v  -0.9173 -4.2238 8.3688
v  -0.9167 -4.6018 8.3684
v  -0.9169 -5.7241 8.3685
v  -0.9060 -5.8023 8.3686
v  -0.7072 -5.9960 8.3685
v  -0.6358 -6.0049 8.3684
v  -0.1864 -6.0054 8.3686
v  -0.7791 -5.9659 8.3686
v  -0.8752 -5.8710 8.3685
v  -0.8340 -5.9237 8.3686
v  -0.9172 -4.9825 8.3686
v  -0.9172 -5.1302 8.3686
v  -0.9172 -5.2779 8.3686
v  -0.9209 -5.5021 8.3705
v  -0.9326 -0.3134 0.0196
v  0.9217 -0.3053 0.0014
v  0.9323 -0.3068 0.0118
v  -0.9270 -0.3121 0.0058
v  -0.9135 -0.3087 -0.0000
v  -0.9325 -0.3136 8.2874
v  -0.9210 -0.3109 0.0016
v  -0.9310 -0.3130 0.0119
v  0.9144 0.3045 -0.0000
v  0.9339 0.3074 0.0196
v  0.9340 0.3074 8.3121
v  0.9339 0.3078 8.8858
v  0.9033 0.3030 8.9172
v  0.9245 0.3054 8.9084
v  0.9065 0.3030 -0.0000
v  0.9339 0.3074 0.0276
v  0.9339 0.3078 8.8778
v  0.9282 0.3067 0.0057
v  0.9315 0.3071 8.8981
v  0.9147 0.3031 8.9150
v  0.9221 0.3058 0.0016
v  0.9323 0.3073 0.0118
v  0.3471 -6.0230 8.8857
v  0.4975 -6.0230 8.8857
v  0.4975 -6.0233 8.3957
v  0.3471 -6.0233 8.3957
v  0.3478 -5.9937 8.3662
v  0.4968 -5.9937 8.3662
v  0.4975 -5.9919 8.9172
v  0.3468 -5.9916 8.9173
v  0.4927 -5.2779 8.9173
v  0.3438 -5.2780 8.9173
v  0.3419 -4.9836 8.9173
v  0.4897 -4.9836 8.9173
v  0.3471 -5.8625 8.9173
v  0.4975 -5.8625 8.9173
v  0.4961 -5.7242 8.9173
v  0.3444 -5.7241 8.9173
v  0.3471 -6.0135 8.9083
v  0.4977 -6.0136 8.9083
v  0.4978 -6.0141 8.3743
v  0.3478 -6.0143 8.3745
v  0.4975 -6.0233 8.4037
v  0.3471 -6.0233 8.4037
v  0.3471 -6.0230 8.8778
v  0.4975 -6.0230 8.8778
v  0.3476 -5.9857 8.3662
v  0.4965 -5.9857 8.3662
v  0.4972 -5.9839 8.9173
v  0.3466 -5.9836 8.9173
v  0.4913 -5.1303 8.9173
v  0.3431 -5.1303 8.9173
v  0.4945 -5.5013 8.9173
v  0.3435 -5.5013 8.9173
v  -0.3471 -6.0233 8.4037
v  -0.4975 -6.0233 8.4037
v  -0.4975 -6.0230 8.8778
v  -0.3471 -6.0230 8.8778
v  -0.4964 -5.9857 8.3662
v  -0.3476 -5.9857 8.3662
v  -0.3478 -6.0143 8.3745
v  -0.4978 -6.0141 8.3743
v  -0.3471 -6.0233 8.3957
v  -0.4975 -6.0233 8.3957
v  -0.4977 -6.0135 8.9083
v  -0.3472 -6.0135 8.9083
v  -0.4975 -6.0230 8.8857
v  -0.3471 -6.0230 8.8857
v  -0.4897 -4.9836 8.9173
v  -0.3419 -4.9836 8.9173
v  -0.3431 -5.1303 8.9173
v  -0.4913 -5.1303 8.9173
v  -0.3438 -5.2780 8.9173
v  -0.4927 -5.2779 8.9173
v  -0.3435 -5.5013 8.9173
v  -0.4945 -5.5013 8.9173
v  -0.4975 -5.8625 8.9173
v  -0.3471 -5.8625 8.9173
v  -0.3472 -5.9836 8.9173
v  -0.4973 -5.9836 8.9173
v  -0.3474 -5.9916 8.9173
v  -0.4977 -5.9916 8.9173
v  -0.4981 -5.9936 8.3662
v  -0.3484 -5.9936 8.3662
v  -0.3443 -5.7241 8.9173
v  -0.4961 -5.7242 8.9173
v  0.3471 -6.0205 8.8980
v  0.4976 -6.0206 8.8979
v  0.3470 -6.0035 8.9149
v  0.4977 -6.0037 8.9148
v  -0.4976 -6.0205 8.8980
v  -0.3471 -6.0205 8.8980
v  -0.4978 -6.0035 8.9149
v  -0.3474 -6.0035 8.9149
v  0.4976 -6.0207 8.3836
v  0.3474 -6.0208 8.3838
v  0.4983 -6.0051 8.3684
v  0.3484 -6.0052 8.3685
v  -0.3474 -6.0208 8.3838
v  -0.4976 -6.0207 8.3837
v  -0.3482 -6.0052 8.3685
v  -0.4980 -6.0051 8.3684
v  0.1814 -4.5988 8.9173
v  -0.1814 -4.5988 8.9173
v  0.0000 -4.5988 8.9173
v  -0.4882 -4.5988 8.9173
v  -0.3409 -4.5988 8.9173
v  0.3409 -4.5988 8.9173
v  0.4882 -4.5988 8.9173
v  0.6358 -5.7947 8.9173
v  0.1826 -5.7947 8.9173
v  0.0000 -5.7947 8.9173
v  -0.6358 -5.7947 8.9173
v  -0.1826 -5.7947 8.9173
v  -0.4968 -5.7947 8.9173
v  -0.3457 -5.7947 8.9173
v  0.4968 -5.7947 8.9173
v  0.3457 -5.7947 8.9173
v  0.9055 -0.5806 8.3662
v  0.9350 -0.5806 8.3957
v  0.9264 -0.5806 8.3760
v  0.9350 -0.5806 8.4037
v  0.9350 -0.5575 8.8778
v  -0.9055 -0.5806 8.3662
v  -0.9264 -0.5809 8.3760
v  -0.9350 -0.5806 8.4037
v  -0.9349 -0.5806 8.3957
v  0.9177 -0.5806 8.3695
v  0.9322 -0.5806 8.3846
v  -0.9177 -0.5808 8.3695
v  -0.9322 -0.5808 8.3846
v  0.0000 -3.4861 10.0866
v  0.0000 0.9845 9.3802
v  0.0000 0.9759 9.3590
v  0.0000 -3.7759 10.2284
v  0.0000 0.9447 9.3503
v  0.0000 0.9823 9.3686
v  0.0000 0.9665 9.3527
v  0.0000 -3.7713 10.2431
v  0.0000 0.9253 10.2637
v  0.0000 0.2951 10.2637
v  0.0000 -3.7854 10.1293
v  0.0000 -0.9240 9.0039
v  0.0491 0.9765 10.0312
v  0.0494 0.9830 9.3905
v  0.1435 0.9738 9.3906
v  0.1425 0.9672 10.0312
v  0.2785 0.9440 9.3903
v  0.2767 0.9378 10.0312
v  0.4074 0.8960 9.3903
v  0.4046 0.8899 10.0312
v  0.5381 0.8242 9.3902
v  0.5337 0.8191 10.0312
v  0.6634 0.7264 9.3616
v  0.6573 0.7233 10.0312
v  0.6022 0.7787 9.3810
v  0.7674 0.6163 9.3137
v  0.7598 0.6143 10.0312
v  0.8668 0.4657 9.2505
v  0.8589 0.4654 10.0312
v  0.9323 0.3153 9.1830
v  0.9249 0.3151 10.0312
v  0.0000 -0.9833 9.0437
v  0.0000 -0.9764 9.8731
v  0.1392 -0.9663 9.8726
v  0.1433 -0.9726 9.0438
v  0.2724 -0.9376 9.8726
v  0.2782 -0.9431 9.0437
v  0.4079 -0.8872 9.8726
v  0.4070 -0.8950 9.0437
v  0.5353 -0.8167 9.8724
v  0.5368 -0.8238 9.0438
v  0.6629 -0.7171 9.8722
v  0.6614 -0.7278 9.0438
v  0.7723 -0.5977 9.8720
v  0.7745 -0.6071 9.0436
v  0.8587 -0.4651 9.8731
v  0.8649 -0.4687 9.0438
v  0.9240 -0.3167 9.8728
v  0.9285 -0.3245 9.0446
v  0.9364 0.2904 9.1763
v  0.9289 0.2901 10.0317
v  0.9279 0.3028 10.0314
v  0.9353 0.3030 9.1797
v  0.9338 -0.3094 9.0447
v  0.9267 -0.3091 9.8728
v  0.9297 -0.2967 9.8728
v  0.9369 -0.2971 9.0442
v  0.4046 -3.4861 10.0866
v  0.4046 -3.7463 10.0865
v  0.5451 -3.7462 10.0865
v  0.5443 -3.4861 10.0866
v  0.6316 -3.7460 10.0865
v  0.6830 -3.4861 10.0866
v  0.9299 -0.3408 9.9723
v  0.9299 -0.3332 9.9803
v  0.9302 -0.2984 9.9427
v  0.9302 -0.3102 9.9392
v  0.9296 -0.3996 10.0149
v  0.9295 -0.3961 10.0249
v  0.9290 -0.6101 10.0990
v  0.9289 -0.6080 10.1096
v  0.9291 -0.5303 10.0866
v  0.9292 -0.5339 10.0773
v  0.9280 -0.6605 10.2245
v  0.9281 -0.6633 10.2095
v  0.9282 -0.7538 10.2095
v  0.9280 -0.7538 10.2248
v  0.0490 0.9744 10.2258
v  0.0490 0.9746 10.2094
v  0.1423 0.9654 10.2094
v  0.1422 0.9652 10.2248
v  0.2761 0.9359 10.2249
v  0.2761 0.9360 10.2094
v  0.4038 0.8882 10.2249
v  0.4039 0.8882 10.2094
v  0.5326 0.8174 10.2248
v  0.5327 0.8175 10.2094
v  0.6561 0.7219 10.2248
v  0.6563 0.7221 10.2094
v  0.7585 0.6133 10.2247
v  0.7586 0.6133 10.2094
v  0.8575 0.4646 10.2248
v  0.8576 0.4647 10.2094
v  0.9230 0.3155 10.2247
v  0.9232 0.3154 10.2094
v  0.9273 0.2901 10.2247
v  0.9262 0.3030 10.2251
v  0.9263 0.3029 10.2094
v  0.9274 0.2901 10.2094
v  0.0500 0.9802 9.3676
v  0.1452 0.9709 9.3679
v  0.1435 0.9739 9.3806
v  0.0494 0.9831 9.3801
v  0.2799 0.9407 9.3676
v  0.2785 0.9441 9.3802
v  0.4082 0.8926 9.3678
v  0.4075 0.8961 9.3802
v  0.5377 0.8220 9.3680
v  0.5374 0.8247 9.3802
v  0.6025 0.7759 9.3588
v  0.6023 0.7787 9.3706
v  0.6633 0.7266 9.3505
v  0.6623 0.7257 9.3403
v  0.7655 0.6160 9.2926
v  0.7676 0.6163 9.3030
v  0.8648 0.4660 9.2280
v  0.8669 0.4656 9.2387
v  0.9291 0.3186 9.1622
v  0.9323 0.3152 9.1721
v  0.1433 -0.9727 9.0338
v  0.1451 -0.9697 9.0214
v  0.2782 -0.9432 9.0338
v  0.2790 -0.9396 9.0214
v  0.4070 -0.8951 9.0338
v  0.4075 -0.8916 9.0217
v  0.5369 -0.8239 9.0338
v  0.5366 -0.8207 9.0218
v  0.6614 -0.7278 9.0338
v  0.6607 -0.7246 9.0220
v  0.7746 -0.6071 9.0336
v  0.7732 -0.6045 9.0219
v  0.8650 -0.4687 9.0338
v  0.8632 -0.4668 9.0219
v  0.9339 -0.3094 9.0347
v  0.9318 -0.3087 9.0222
v  0.9263 -0.3236 9.0219
v  0.9286 -0.3245 9.0345
v  0.9325 0.3070 9.1585
v  0.9354 0.3030 9.1688
v  0.9380 -0.2844 9.0335
v  0.9353 -0.2844 9.0209
v  0.9344 -0.2967 9.0212
v  0.9370 -0.2971 9.0340
v  0.9378 -0.0057 9.0336
v  0.9353 -0.0052 9.0214
v  0.9353 -0.2686 9.0210
v  0.9380 -0.2686 9.0335
v  0.9365 0.2904 9.1656
v  0.9344 0.2949 9.1553
v  0.9353 -0.0013 9.0223
v  0.7020 -3.7364 10.0865
v  0.8790 -3.5629 10.0865
v  0.8907 -3.4854 10.0865
v  0.7773 -3.7011 10.0865
v  0.8395 -3.6414 10.0866
v  0.9169 -3.4866 10.0909
v  0.9267 -3.4866 10.1008
v  0.9248 -0.7537 10.1010
v  0.9150 -0.7538 10.0910
v  0.2705 -3.7832 10.1022
v  0.2705 -3.7734 10.0914
v  0.1363 -3.7734 10.0914
v  0.1363 -3.7832 10.1023
v  0.4046 -3.7734 10.0914
v  0.4046 -3.7831 10.1022
v  0.5447 -3.7831 10.1021
v  0.5449 -3.7733 10.0914
v  0.6326 -3.7831 10.1022
v  0.6327 -3.7733 10.0914
v  0.9045 -3.5709 10.0912
v  0.9138 -3.5738 10.1015
v  0.7093 -3.7625 10.0914
v  0.7118 -3.7719 10.1020
v  0.7979 -3.7317 10.1020
v  0.7925 -3.7235 10.0913
v  0.8606 -3.6578 10.0913
v  0.8679 -3.6641 10.1017
v  0.9311 -3.4862 10.1161
v  0.9310 -3.4852 10.1265
v  0.9289 -0.7535 10.1261
v  0.9290 -0.7535 10.1163
v  0.1363 -3.7760 10.2282
v  0.2705 -3.7760 10.2281
v  0.2705 -3.7774 10.2095
v  0.1363 -3.7774 10.2095
v  0.4046 -3.7865 10.1188
v  0.4046 -3.7855 10.1289
v  0.5442 -3.7855 10.1289
v  0.5445 -3.7865 10.1187
v  0.6320 -3.7855 10.1290
v  0.6321 -3.7865 10.1189
v  0.9177 -3.5749 10.1173
v  0.9170 -3.5756 10.1276
v  0.7125 -3.7752 10.1186
v  0.7121 -3.7743 10.1287
v  0.7987 -3.7343 10.1286
v  0.7998 -3.7347 10.1184
v  0.8706 -3.6668 10.1177
v  0.8696 -3.6669 10.1279
v  0.0482 0.9508 10.2604
v  0.0487 0.9622 10.2528
v  0.1403 0.9537 10.2523
v  0.1385 0.9422 10.2602
v  0.2754 0.9322 10.2410
v  0.2734 0.9242 10.2526
v  0.1416 0.9616 10.2408
v  0.4009 0.8854 10.2408
v  0.3962 0.8787 10.2523
v  0.5306 0.8144 10.2411
v  0.5261 0.8075 10.2526
v  0.6538 0.7185 10.2408
v  0.6487 0.7121 10.2524
v  0.7558 0.6104 10.2406
v  0.7498 0.6050 10.2522
v  0.8542 0.4626 10.2406
v  0.8473 0.4585 10.2522
v  0.9196 0.3144 10.2407
v  0.9121 0.3117 10.2522
v  0.9236 0.2903 10.2408
v  0.9155 0.2904 10.2523
v  0.9144 0.3010 10.2525
v  0.9225 0.3023 10.2411
v  0.9239 -0.3255 10.2412
v  0.9155 -0.3250 10.2528
v  0.2705 -3.7517 10.2607
v  0.2705 -3.7632 10.2535
v  0.1363 -3.7631 10.2536
v  0.1363 -3.7517 10.2607
v  0.4046 -3.7715 10.2428
v  0.4046 -3.7632 10.2535
v  0.5429 -3.7633 10.2535
v  0.5424 -3.7715 10.2427
v  0.6315 -3.7633 10.2534
v  0.6315 -3.7715 10.2428
v  0.9076 -3.5808 10.2397
v  0.9001 -3.5786 10.2516
v  0.9184 -3.4765 10.2523
v  0.9265 -3.4763 10.2407
v  0.7066 -3.7615 10.2425
v  0.7041 -3.7539 10.2530
v  0.7805 -3.7212 10.2529
v  0.7855 -3.7275 10.2423
v  0.8571 -3.6659 10.2418
v  0.8501 -3.6616 10.2528
v  0.9240 -0.4326 10.2411
v  0.9158 -0.4326 10.2526
v  0.9241 -0.5660 10.2412
v  0.9159 -0.5650 10.2526
v  0.9156 -0.7534 10.2530
v  0.9241 -0.7535 10.2415
v  0.0491 0.9630 9.3520
v  0.1428 0.9552 9.3525
v  0.1455 0.9636 9.3581
v  0.0500 0.9727 9.3577
v  0.2758 0.9255 9.3525
v  0.2795 0.9334 9.3580
v  0.4018 0.8782 9.3526
v  0.4066 0.8857 9.3582
v  0.5308 0.8093 9.3521
v  0.5359 0.8159 9.3581
v  0.5952 0.7664 9.3441
v  0.6000 0.7714 9.3500
v  0.6590 0.7229 9.3316
v  0.6538 0.7189 9.3254
v  0.7548 0.6108 9.2774
v  0.7609 0.6142 9.2838
v  0.8529 0.4624 9.2118
v  0.8599 0.4652 9.2189
v  0.9145 0.3200 9.1483
v  0.9232 0.3201 9.1543
v  0.1456 -0.9628 9.0119
v  0.1432 -0.9546 9.0063
v  0.2779 -0.9328 9.0118
v  0.2736 -0.9253 9.0063
v  0.4059 -0.8851 9.0122
v  0.4011 -0.8782 9.0065
v  0.5339 -0.8148 9.0124
v  0.5279 -0.8087 9.0066
v  0.6574 -0.7192 9.0126
v  0.6508 -0.7136 9.0066
v  0.7689 -0.6001 9.0127
v  0.7613 -0.5954 9.0069
v  0.8579 -0.4635 9.0126
v  0.8495 -0.4601 9.0065
v  0.9255 -0.3066 9.0123
v  0.9162 -0.3034 9.0059
v  0.9102 -0.3178 9.0057
v  0.9197 -0.3211 9.0119
v  0.9168 0.3109 9.1443
v  0.9261 0.3096 9.1501
v  0.9281 -0.2844 9.0113
v  0.9179 -0.2845 9.0054
v  0.9171 -0.2939 9.0054
v  0.9272 -0.2956 9.0114
v  0.9284 -0.0041 9.0118
v  0.9195 -0.0040 9.0061
v  0.9180 -0.2686 9.0055
v  0.9281 -0.2686 9.0113
v  0.9283 0.2987 9.1466
v  0.9190 0.3015 9.1407
v  0.9197 0.0035 9.0077
v  0.9284 0.0020 9.0132
v  0.8767 -0.6581 10.2637
v  0.8763 -0.7533 10.2637
v  0.4386 -0.7533 10.2637
v  0.4390 -0.6582 10.2638
v  0.8772 -0.4328 10.2637
v  0.8771 -0.5631 10.2637
v  0.4390 -0.5631 10.2638
v  0.4390 -0.4327 10.2638
v  0.8763 -0.3239 10.2637
v  0.4386 -0.3239 10.2638
v  0.8770 0.2893 10.2637
v  0.4387 0.2942 10.2637
v  0.8136 0.4396 10.2637
v  0.8755 0.2998 10.2637
v  0.4072 0.4425 10.2637
v  0.7205 0.5804 10.2637
v  0.3606 0.5840 10.2638
v  0.6235 0.6825 10.2637
v  0.3120 0.6869 10.2638
v  0.5047 0.7748 10.2637
v  0.2526 0.7798 10.2637
v  0.0694 0.8542 10.2637
v  0.1950 0.8515 10.2637
v  0.0856 0.7826 10.2637
v  0.0468 0.9242 10.2637
v  0.1342 0.9155 10.2637
v  0.4049 -3.5671 10.2638
v  0.4049 -3.4942 10.2638
v  0.8799 -3.4748 10.2637
v  0.8636 -3.5662 10.2637
v  0.1363 -3.7461 10.0865
v  0.2705 -3.7462 10.0865
v  0.2705 -3.4861 10.0866
v  0.1363 -3.4861 10.0866
v  0.9378 -0.0081 9.0437
v  0.9379 -0.2689 9.0438
v  0.0000 -0.9548 9.0039
v  0.1398 -0.9444 9.0039
v  0.1383 -0.9344 9.0039
v  0.2683 -0.9157 9.0039
v  0.2655 -0.9061 9.0039
v  0.3948 -0.8693 9.0039
v  0.3907 -0.8601 9.0039
v  0.5203 -0.8007 9.0039
v  0.5148 -0.7923 9.0039
v  0.6422 -0.7064 9.0039
v  0.6355 -0.6990 9.0039
v  0.7518 -0.5897 9.0039
v  0.7439 -0.5835 9.0039
v  0.8389 -0.4557 9.0039
v  0.8301 -0.4509 9.0039
v  0.8986 -0.3137 9.0039
v  0.8892 -0.3100 9.0039
v  0.9047 -0.2994 9.0039
v  0.9052 -0.2918 9.0039
v  0.8955 -0.2896 9.0039
v  0.8952 -0.2958 9.0039
v  0.9082 -0.0039 9.0039
v  0.9082 0.0042 9.0055
v  0.8982 0.0042 9.0055
v  0.8982 -0.0039 9.0039
v  0.9069 0.3024 9.1382
v  0.8970 0.3023 9.1382
v  0.9056 0.3101 9.1417
v  0.8959 0.3092 9.1412
v  0.9044 0.3179 9.1451
v  0.8438 0.4580 9.2075
v  0.8347 0.4540 9.2057
v  0.8948 0.3160 9.1443
v  0.7470 0.6059 9.2734
v  0.7388 0.6006 9.2710
v  0.6472 0.7134 9.3212
v  0.6403 0.7067 9.3182
v  0.5887 0.7598 9.3406
v  0.5825 0.7524 9.3381
v  0.5239 0.8010 9.3493
v  0.3956 0.8690 9.3503
v  0.3915 0.8598 9.3503
v  0.5185 0.7925 9.3482
v  0.2710 0.9156 9.3503
v  0.2682 0.9060 9.3503
v  0.1392 0.9447 9.3503
v  0.1378 0.9348 9.3503
v  0.0480 0.9532 9.3503
v  0.0475 0.9432 9.3503
v  0.2630 0.8865 10.2637
v  0.3775 0.8450 10.2637
v  0.8762 0.2949 10.2637
v  0.8194 -3.6390 10.2637
v  0.7596 -3.6910 10.2636
v  0.6937 -3.7188 10.2636
v  0.6305 -3.7259 10.2637
v  0.5440 -3.7257 10.2637
v  0.4047 -3.7257 10.2637
v  0.2705 -3.7257 10.2637
v  0.1363 -3.7257 10.2637
v  0.1364 -3.5670 10.2638
v  0.9058 -0.2842 9.0039
v  0.9059 -0.2684 9.0039
v  0.8959 -0.2677 9.0039
v  0.8958 -0.2834 9.0039
v  0.9306 -0.2840 9.8880
v  0.9306 -0.2736 9.8903
v  0.9307 -0.2736 9.8750
v  0.9308 -0.2841 9.8727
v  0.1478 -0.6584 10.2638
v  0.1476 -0.7537 10.2637
v  0.1478 -0.5631 10.2638
v  0.1478 -0.4327 10.2638
v  0.1476 -0.3239 10.2637
v  0.1477 0.2948 10.2637
v  0.1372 0.4441 10.2637
v  0.1217 0.5861 10.2637
v  0.1055 0.6893 10.2637
v  0.1364 -3.4945 10.2638
v  0.2642 -1.1550 10.0865
v  0.1360 -1.1734 10.0864
v  0.3903 -1.1190 10.0865
v  0.5153 -1.0661 10.0865
v  0.6597 -0.9850 10.0865
v  0.7902 -0.8841 10.0865
v  0.9038 -0.6587 10.2606
v  0.9157 -0.6592 10.2529
v  0.9036 -0.7534 10.2607
v  0.9279 -0.5691 10.2246
v  0.9280 -0.5749 10.2094
v  0.9041 -0.5641 10.2605
v  0.0000 -3.7832 10.1023
v  0.4046 -3.7760 10.2279
v  0.4046 -3.7774 10.2095
v  0.1363 -3.7865 10.1191
v  0.1363 -3.7855 10.1292
v  0.4047 -3.7518 10.2607
v  0.1363 -3.7714 10.2430
v  0.0000 -3.5779 10.2638
v  0.0000 -0.6584 10.2638
v  0.0000 0.4449 10.2637
v  0.0000 0.5872 10.2637
v  0.0000 0.6906 10.2637
v  0.0000 -3.4946 10.2638
v  0.0000 -1.1844 10.0865
v  0.9255 -0.6822 10.0975
v  0.9172 -0.6826 10.0876
v  0.9264 -0.6109 10.0865
v  0.9199 -0.6110 10.0766
v  0.9273 -0.5367 10.0670
v  0.9225 -0.5389 10.0584
v  0.9280 -0.4664 10.0404
v  0.9247 -0.4696 10.0334
v  0.9288 -0.4038 10.0091
v  0.9264 -0.4078 10.0038
v  0.9290 -0.3472 9.9677
v  0.8886 -0.7807 10.0865
v  0.1304 -1.0524 10.0508
v  0.1302 -1.0240 10.0271
v  0.0000 -1.0342 10.0290
v  0.8654 -0.6071 10.0482
v  0.8638 -0.5593 10.0231
v  0.7556 -0.7059 10.0289
v  0.7557 -0.7431 10.0502
v  0.6369 -0.8137 10.0282
v  0.6361 -0.8489 10.0509
v  0.5029 -0.9020 10.0276
v  0.5018 -0.9352 10.0515
v  0.3819 -0.9604 10.0285
v  0.3809 -0.9920 10.0523
v  0.2566 -1.0016 10.0289
v  0.2565 -1.0315 10.0526
v  0.8586 -0.4651 9.8883
v  0.9249 -0.3191 9.9163
v  0.9239 -0.3165 9.8880
v  0.1352 -0.9712 9.9320
v  0.1391 -0.9662 9.8878
v  0.1327 -0.9833 9.9668
v  0.0000 -0.9930 9.9684
v  0.1310 -1.0012 9.9993
v  0.0000 -1.1736 10.0865
v  0.1348 -1.1626 10.0864
v  0.1331 -1.1218 10.0814
v  0.1314 -1.0848 10.0691
v  0.8605 -0.4682 9.9268
v  0.7722 -0.5975 9.8872
v  0.7680 -0.6084 9.9273
v  0.8625 -0.4880 9.9634
v  0.7643 -0.6316 9.9644
v  0.8620 -0.5225 9.9964
v  0.7591 -0.6692 10.0021
v  0.7649 -0.8223 10.0800
v  0.7829 -0.8760 10.0865
v  0.8905 -0.7630 10.0865
v  0.8821 -0.6958 10.0801
v  0.7586 -0.7815 10.0675
v  0.8719 -0.6519 10.0672
v  0.6630 -0.7169 9.8875
v  0.6544 -0.7298 9.9289
v  0.6480 -0.7511 9.9658
v  0.6412 -0.7815 10.0006
v  0.6421 -0.9266 10.0810
v  0.6537 -0.9759 10.0865
v  0.6378 -0.8863 10.0687
v  0.5352 -0.8166 9.8877
v  0.5219 -0.8305 9.9308
v  0.5130 -0.8493 9.9666
v  0.5067 -0.8737 9.9995
v  0.5064 -1.0122 10.0819
v  0.5105 -1.0563 10.0865
v  0.5030 -0.9718 10.0697
v  0.4080 -0.8870 9.8879
v  0.3973 -0.8966 9.9322
v  0.3904 -0.9127 9.9678
v  0.3851 -0.9344 10.0004
v  0.3842 -1.0665 10.0823
v  0.3867 -1.1088 10.0865
v  0.3817 -1.0272 10.0704
v  0.2723 -0.9375 9.8878
v  0.2655 -0.9439 9.9328
v  0.2613 -0.9578 9.9682
v  0.2582 -0.9774 10.0009
v  0.2599 -1.1031 10.0822
v  0.2619 -1.1443 10.0865
v  0.2576 -1.0652 10.0705
v  0.8983 -0.6837 10.0813
v  0.9038 -0.6117 10.0685
v  0.9073 -0.5431 10.0486
v  0.9132 -0.4759 10.0241
v  0.9172 -0.4138 9.9934
v  0.9222 -0.3591 9.9598
v  0.9248 -0.3258 9.9282
v  0.9285 -0.3097 9.9181
v  0.9296 -0.2967 9.8880
v  0.9266 -0.3091 9.8881
v  0.9379 -0.2845 9.0438
v  0.9012 0.3079 10.2602
v  0.9029 0.2990 10.2604
v  0.8995 -0.7535 10.0865
v  0.9015 -3.4862 10.0865
v  0.2705 -3.7571 10.0865
v  0.1363 -3.7570 10.0865
v  0.2705 -3.7865 10.1189
v  0.5451 -3.7570 10.0865
v  0.4046 -3.7572 10.0865
v  0.6323 -3.7569 10.0865
v  0.8895 -3.5662 10.0865
v  0.7836 -3.7102 10.0865
v  0.7051 -3.7469 10.0865
v  0.8483 -3.6480 10.0865
v  0.0000 -3.7569 10.0865
v  0.9290 -0.6814 10.1116
v  0.9042 -0.6836 10.0824
v  0.9095 -0.6103 10.0699
v  0.9142 -0.5403 10.0516
v  0.9294 -0.4628 10.0483
v  0.9190 -0.4722 10.0274
v  0.9225 -0.4114 9.9990
v  0.9261 -0.3532 9.9636
v  0.9297 -0.3153 9.9363
v  0.9280 -0.3199 9.9330
v  0.0490 0.9703 10.2419
v  0.1360 0.9263 10.2637
v  0.0474 0.9350 10.2637
v  0.2704 0.9128 10.2604
v  0.2661 0.8970 10.2637
v  0.3900 0.8688 10.2602
v  0.3820 0.8549 10.2637
v  0.5196 0.7976 10.2605
v  0.5107 0.7839 10.2637
v  0.6413 0.7030 10.2604
v  0.6308 0.6906 10.2637
v  0.7412 0.5974 10.2601
v  0.7290 0.5871 10.2637
v  0.8372 0.4528 10.2602
v  0.8232 0.4448 10.2637
v  0.8860 0.3028 10.2637
v  0.9039 0.2904 10.2602
v  0.8879 0.2901 10.2637
v  0.8870 0.2965 10.2637
v  0.9036 -0.3244 10.2606
v  0.8871 -0.3239 10.2637
v  0.9277 -0.3261 10.2246
v  0.2705 -3.7715 10.2429
v  0.1363 -3.7366 10.2637
v  0.2705 -3.7365 10.2637
v  0.4047 -3.7365 10.2637
v  0.5440 -3.7365 10.2637
v  0.5434 -3.7518 10.2607
v  0.5418 -3.7760 10.2278
v  0.6311 -3.7368 10.2637
v  0.6314 -3.7519 10.2606
v  0.6311 -3.7760 10.2281
v  0.8891 -3.5752 10.2599
v  0.8740 -3.5701 10.2637
v  0.8908 -3.4758 10.2637
v  0.9068 -3.4763 10.2602
v  0.9301 -3.4757 10.2247
v  0.9105 -3.5825 10.2259
v  0.7007 -3.7434 10.2603
v  0.6965 -3.7294 10.2636
v  0.7654 -3.7003 10.2636
v  0.7739 -3.7124 10.2603
v  0.7885 -3.7307 10.2279
v  0.7082 -3.7656 10.2282
v  0.8405 -3.6552 10.2604
v  0.8278 -3.6461 10.2637
v  0.8608 -3.6677 10.2270
v  0.9041 -0.4327 10.2604
v  0.8881 -0.4327 10.2637
v  0.9278 -0.4331 10.2247
v  0.8880 -0.5631 10.2637
v  0.8871 -0.7533 10.2637
v  0.9241 -0.6597 10.2414
v  0.8875 -0.6582 10.2637
v  0.0000 -3.7517 10.2607
v  0.0000 -3.7366 10.2637
v  0.9279 -0.4359 10.2094
v  0.9289 -0.6799 10.1219
v  0.9303 -3.4771 10.2095
v  0.2705 -3.7855 10.1290
v  0.5422 -3.7774 10.2095
v  0.6312 -3.7774 10.2095
v  0.9114 -3.5815 10.2095
v  0.7087 -3.7669 10.2095
v  0.7900 -3.7312 10.2095
v  0.8621 -3.6676 10.2095
v  0.0000 -3.7773 10.2095
v  0.9279 -0.3266 10.2094
v  0.9293 -0.4610 10.0591
v  0.9307 -0.2692 9.8762
v  0.8745 0.0041 9.0055
v  0.8745 -0.0038 9.0039
v  0.8710 0.2673 9.1226
v  0.8674 0.3055 9.1396
v  0.8551 0.3469 9.1581
v  0.8088 0.4418 9.2003
v  0.7141 0.5821 9.2628
v  0.6175 0.6829 9.3077
v  0.5622 0.7278 9.3277
v  0.5036 0.7672 9.3427
v  0.3810 0.8291 9.3503
v  0.2575 0.8762 9.3503
v  0.1339 0.9029 9.3503
v  0.0459 0.9115 9.3503
v  0.1358 -0.9145 9.0039
v  0.2598 -0.8860 9.0039
v  0.3815 -0.8407 9.0039
v  0.5033 -0.7753 9.0039
v  0.6210 -0.6844 9.0039
v  0.7268 -0.5707 9.0039
v  0.8113 -0.4415 9.0039
v  0.8603 -0.3381 9.0039
v  0.8740 -0.2871 9.0039
v  0.8753 -0.2588 9.0039
v  0.0428 0.8922 9.3693
v  0.1309 0.8836 9.3685
v  0.2524 0.8569 9.3698
v  0.3728 0.8117 9.3694
v  0.4922 0.7456 9.3609
v  0.5490 0.7054 9.3451
v  0.6031 0.6607 9.3253
v  0.6987 0.5613 9.2797
v  0.7902 0.4266 9.2175
v  0.8365 0.3313 9.1752
v  0.8474 0.2961 9.1575
v  0.8515 0.2595 9.1399
v  0.8556 -0.0035 9.0229
v  0.8557 -0.2585 9.0226
v  0.8529 -0.2907 9.0230
v  0.8421 -0.3309 9.0211
v  0.7932 -0.4345 9.0231
v  0.7114 -0.5586 9.0227
v  0.6079 -0.6694 9.0230
v  0.4929 -0.7580 9.0228
v  0.3742 -0.8244 9.0168
v  0.2540 -0.8678 9.0230
v  0.1329 -0.8944 9.0231
v  0.0411 0.8692 10.0281
v  0.1296 0.8606 10.0257
v  0.2442 0.8354 10.0252
v  0.3628 0.7908 10.0300
v  0.4767 0.7279 10.0276
v  0.5319 0.6886 10.0281
v  0.5830 0.6457 10.0306
v  0.6758 0.5478 10.0297
v  0.7620 0.4196 10.0289
v  0.8062 0.3267 10.0300
v  0.8164 0.2925 10.0314
v  0.8205 0.2516 10.0305
v  0.8202 -0.0044 10.0345
v  0.8206 -0.2495 10.0259
v  0.8179 -0.2830 10.0286
v  0.8066 -0.3246 10.0294
v  0.7637 -0.4151 10.0291
v  0.6807 -0.5406 10.0256
v  0.5820 -0.6467 10.0035
v  0.4747 -0.7295 9.9939
v  0.3585 -0.7924 10.0005
v  0.2520 -0.8599 10.0069
v  0.1315 -0.8853 10.0069
v  0.0000 -0.8950 10.0069
v  0.0000 0.9134 9.3503
v  0.0000 0.8933 9.3697
v  0.0001 0.8702 10.0303
v  -0.0491 0.9765 10.0312
v  -0.1425 0.9672 10.0312
v  -0.1435 0.9738 9.3906
v  -0.0494 0.9830 9.3905
v  -0.2785 0.9440 9.3903
v  -0.2766 0.9378 10.0312
v  -0.4074 0.8960 9.3903
v  -0.4046 0.8899 10.0312
v  -0.5381 0.8242 9.3902
v  -0.5337 0.8191 10.0312
v  -0.6636 0.7267 9.3616
v  -0.6022 0.7787 9.3810
v  -0.6573 0.7233 10.0312
v  -0.7670 0.6160 9.3137
v  -0.7598 0.6143 10.0312
v  -0.8664 0.4655 9.2505
v  -0.8589 0.4654 10.0312
v  -0.9322 0.3153 9.1830
v  -0.9248 0.3151 10.0312
v  -0.1433 -0.9726 9.0438
v  -0.1392 -0.9663 9.8726
v  -0.2782 -0.9431 9.0437
v  -0.2724 -0.9376 9.8726
v  -0.4070 -0.8950 9.0437
v  -0.4079 -0.8872 9.8726
v  -0.5368 -0.8238 9.0438
v  -0.5352 -0.8167 9.8724
v  -0.6614 -0.7278 9.0438
v  -0.6629 -0.7171 9.8722
v  -0.7745 -0.6071 9.0436
v  -0.7723 -0.5977 9.8720
v  -0.8649 -0.4687 9.0438
v  -0.8587 -0.4651 9.8731
v  -0.9285 -0.3245 9.0446
v  -0.9240 -0.3167 9.8728
v  -0.9364 0.2904 9.1763
v  -0.9353 0.3030 9.1797
v  -0.9279 0.3028 10.0314
v  -0.9289 0.2901 10.0317
v  -0.9338 -0.3094 9.0447
v  -0.9369 -0.2971 9.0442
v  -0.9297 -0.2967 9.8728
v  -0.9267 -0.3091 9.8728
v  -0.4046 -3.4861 10.0866
v  -0.5443 -3.4861 10.0866
v  -0.5451 -3.7462 10.0865
v  -0.4046 -3.7463 10.0865
v  -0.6830 -3.4861 10.0866
v  -0.6316 -3.7460 10.0865
v  -0.9299 -0.3408 9.9723
v  -0.9302 -0.3102 9.9392
v  -0.9301 -0.2984 9.9427
v  -0.9298 -0.3332 9.9803
v  -0.9296 -0.3996 10.0149
v  -0.9295 -0.3961 10.0249
v  -0.9290 -0.6101 10.0990
v  -0.9292 -0.5339 10.0773
v  -0.9291 -0.5303 10.0866
v  -0.9289 -0.6080 10.1096
v  -0.9280 -0.6605 10.2245
v  -0.9280 -0.7538 10.2248
v  -0.9282 -0.7538 10.2095
v  -0.9281 -0.6633 10.2095
v  -0.0490 0.9744 10.2258
v  -0.1422 0.9652 10.2248
v  -0.1423 0.9654 10.2094
v  -0.0490 0.9746 10.2094
v  -0.2761 0.9359 10.2249
v  -0.2761 0.9360 10.2094
v  -0.4038 0.8882 10.2249
v  -0.4039 0.8882 10.2094
v  -0.5326 0.8174 10.2248
v  -0.5327 0.8175 10.2094
v  -0.6561 0.7219 10.2248
v  -0.6563 0.7221 10.2094
v  -0.7585 0.6133 10.2247
v  -0.7586 0.6133 10.2094
v  -0.8575 0.4646 10.2248
v  -0.8576 0.4647 10.2094
v  -0.9230 0.3155 10.2247
v  -0.9232 0.3154 10.2094
v  -0.9272 0.2901 10.2247
v  -0.9274 0.2901 10.2094
v  -0.9263 0.3029 10.2094
v  -0.9262 0.3030 10.2251
v  -0.0500 0.9802 9.3676
v  -0.0494 0.9831 9.3801
v  -0.1435 0.9739 9.3806
v  -0.1452 0.9709 9.3679
v  -0.2785 0.9441 9.3802
v  -0.2799 0.9407 9.3676
v  -0.4075 0.8961 9.3802
v  -0.4081 0.8926 9.3678
v  -0.5374 0.8247 9.3802
v  -0.5378 0.8220 9.3680
v  -0.6023 0.7787 9.3706
v  -0.6025 0.7759 9.3588
v  -0.6635 0.7269 9.3505
v  -0.7672 0.6160 9.3030
v  -0.7655 0.6160 9.2926
v  -0.6623 0.7257 9.3403
v  -0.8666 0.4654 9.2387
v  -0.8646 0.4659 9.2280
v  -0.9323 0.3152 9.1721
v  -0.9291 0.3186 9.1622
v  -0.1433 -0.9727 9.0338
v  0.0000 -0.9834 9.0338
v  0.0000 -0.9812 9.0222
v  -0.1451 -0.9697 9.0214
v  -0.2782 -0.9432 9.0338
v  -0.2790 -0.9396 9.0214
v  -0.4070 -0.8951 9.0338
v  -0.4075 -0.8916 9.0217
v  -0.5369 -0.8239 9.0338
v  -0.5366 -0.8207 9.0218
v  -0.6614 -0.7278 9.0338
v  -0.6607 -0.7246 9.0220
v  -0.7746 -0.6071 9.0336
v  -0.7732 -0.6045 9.0219
v  -0.8650 -0.4687 9.0338
v  -0.8632 -0.4668 9.0219
v  -0.9339 -0.3094 9.0347
v  -0.9286 -0.3245 9.0345
v  -0.9263 -0.3236 9.0219
v  -0.9318 -0.3087 9.0222
v  -0.9354 0.3030 9.1688
v  -0.9325 0.3070 9.1585
v  -0.9380 -0.2844 9.0335
v  -0.9370 -0.2971 9.0340
v  -0.9344 -0.2967 9.0212
v  -0.9352 -0.2844 9.0209
v  -0.9378 -0.0057 9.0336
v  -0.9380 -0.2686 9.0335
v  -0.9353 -0.2686 9.0210
v  -0.9353 -0.0052 9.0214
v  -0.9365 0.2904 9.1656
v  -0.9353 -0.0013 9.0223
v  -0.9344 0.2949 9.1553
v  -0.7020 -3.7364 10.0865
v  -0.8907 -3.4854 10.0865
v  -0.8790 -3.5629 10.0865
v  -0.8395 -3.6414 10.0866
v  -0.7773 -3.7011 10.0865
v  -0.9169 -3.4866 10.0909
v  -0.9150 -0.7538 10.0910
v  -0.9248 -0.7537 10.1010
v  -0.9267 -3.4866 10.1008
v  -0.2705 -3.7832 10.1022
v  -0.1363 -3.7832 10.1023
v  -0.1363 -3.7734 10.0914
v  -0.2705 -3.7734 10.0914
v  -0.4046 -3.7734 10.0914
v  -0.5449 -3.7733 10.0914
v  -0.5447 -3.7831 10.1021
v  -0.4046 -3.7831 10.1022
v  -0.6327 -3.7733 10.0914
v  -0.6326 -3.7831 10.1022
v  -0.9045 -3.5709 10.0912
v  -0.9138 -3.5738 10.1015
v  -0.7093 -3.7625 10.0914
v  -0.7925 -3.7235 10.0913
v  -0.7979 -3.7317 10.1020
v  -0.7118 -3.7719 10.1020
v  -0.8606 -3.6578 10.0913
v  -0.8679 -3.6641 10.1017
v  -0.9311 -3.4862 10.1161
v  -0.9290 -0.7535 10.1163
v  -0.9289 -0.7535 10.1261
v  -0.9310 -3.4852 10.1265
v  -0.1363 -3.7760 10.2282
v  -0.1363 -3.7774 10.2095
v  -0.2705 -3.7774 10.2095
v  -0.2705 -3.7760 10.2281
v  -0.4046 -3.7865 10.1188
v  -0.5445 -3.7865 10.1187
v  -0.5442 -3.7855 10.1289
v  -0.4046 -3.7855 10.1289
v  -0.6321 -3.7865 10.1189
v  -0.6320 -3.7855 10.1290
v  -0.9177 -3.5749 10.1173
v  -0.9170 -3.5756 10.1276
v  -0.7125 -3.7752 10.1186
v  -0.7998 -3.7347 10.1184
v  -0.7987 -3.7343 10.1286
v  -0.7121 -3.7743 10.1287
v  -0.8706 -3.6668 10.1177
v  -0.8696 -3.6669 10.1279
v  -0.0482 0.9508 10.2604
v  -0.1385 0.9422 10.2602
v  -0.1403 0.9537 10.2523
v  -0.0487 0.9622 10.2528
v  -0.2754 0.9322 10.2410
v  -0.1416 0.9616 10.2408
v  -0.2734 0.9242 10.2526
v  -0.4009 0.8854 10.2408
v  -0.3962 0.8787 10.2523
v  -0.5306 0.8144 10.2411
v  -0.5261 0.8075 10.2526
v  -0.6538 0.7185 10.2408
v  -0.6487 0.7121 10.2524
v  -0.7558 0.6104 10.2406
v  -0.7498 0.6050 10.2522
v  -0.8542 0.4626 10.2406
v  -0.8473 0.4585 10.2522
v  -0.9196 0.3144 10.2407
v  -0.9121 0.3117 10.2522
v  -0.9236 0.2903 10.2408
v  -0.9225 0.3023 10.2411
v  -0.9144 0.3010 10.2525
v  -0.9155 0.2904 10.2523
v  -0.9239 -0.3255 10.2412
v  -0.9155 -0.3250 10.2528
v  -0.2705 -3.7517 10.2607
v  -0.1363 -3.7517 10.2607
v  -0.1363 -3.7631 10.2536
v  -0.2705 -3.7632 10.2535
v  -0.4046 -3.7715 10.2428
v  -0.5423 -3.7715 10.2427
v  -0.5429 -3.7633 10.2535
v  -0.4046 -3.7632 10.2535
v  -0.6314 -3.7715 10.2428
v  -0.6315 -3.7633 10.2534
v  -0.9076 -3.5808 10.2397
v  -0.9265 -3.4763 10.2407
v  -0.9184 -3.4765 10.2523
v  -0.9001 -3.5786 10.2516
v  -0.7066 -3.7615 10.2425
v  -0.7855 -3.7275 10.2423
v  -0.7805 -3.7212 10.2529
v  -0.7041 -3.7539 10.2530
v  -0.8571 -3.6660 10.2418
v  -0.8501 -3.6616 10.2528
v  -0.9240 -0.4326 10.2411
v  -0.9158 -0.4326 10.2526
v  -0.9241 -0.5660 10.2412
v  -0.9158 -0.5650 10.2526
v  -0.9241 -0.7535 10.2415
v  -0.9156 -0.7534 10.2530
v  -0.0490 0.9630 9.3520
v  -0.0500 0.9727 9.3577
v  -0.1455 0.9636 9.3581
v  -0.1428 0.9552 9.3525
v  -0.2794 0.9334 9.3580
v  -0.2758 0.9255 9.3525
v  -0.4066 0.8857 9.3582
v  -0.4018 0.8782 9.3526
v  -0.5359 0.8159 9.3581
v  -0.5308 0.8093 9.3520
v  -0.6000 0.7714 9.3500
v  -0.5952 0.7664 9.3441
v  -0.6590 0.7229 9.3316
v  -0.7609 0.6142 9.2838
v  -0.7548 0.6108 9.2774
v  -0.6538 0.7189 9.3254
v  -0.8598 0.4651 9.2190
v  -0.8529 0.4624 9.2118
v  -0.9232 0.3201 9.1543
v  -0.9145 0.3200 9.1483
v  -0.1456 -0.9628 9.0119
v  0.0000 -0.9752 9.0130
v  0.0000 -0.9662 9.0066
v  -0.1431 -0.9546 9.0063
v  -0.2779 -0.9328 9.0118
v  -0.2736 -0.9253 9.0063
v  -0.4059 -0.8851 9.0122
v  -0.4011 -0.8782 9.0065
v  -0.5339 -0.8148 9.0124
v  -0.5279 -0.8087 9.0066
v  -0.6574 -0.7192 9.0126
v  -0.6508 -0.7136 9.0066
v  -0.7688 -0.6001 9.0127
v  -0.7613 -0.5954 9.0069
v  -0.8579 -0.4635 9.0126
v  -0.8495 -0.4601 9.0065
v  -0.9255 -0.3066 9.0123
v  -0.9197 -0.3211 9.0119
v  -0.9102 -0.3178 9.0057
v  -0.9162 -0.3034 9.0059
v  -0.9261 0.3096 9.1501
v  -0.9168 0.3109 9.1443
v  -0.9280 -0.2844 9.0113
v  -0.9272 -0.2956 9.0114
v  -0.9171 -0.2939 9.0054
v  -0.9179 -0.2845 9.0054
v  -0.9284 -0.0041 9.0118
v  -0.9281 -0.2686 9.0113
v  -0.9180 -0.2686 9.0055
v  -0.9195 -0.0040 9.0061
v  -0.9282 0.2987 9.1466
v  -0.9284 0.0020 9.0132
v  -0.9197 0.0035 9.0076
v  -0.9190 0.3015 9.1407
v  -0.8767 -0.6581 10.2637
v  -0.4390 -0.6582 10.2638
v  -0.4386 -0.7533 10.2637
v  -0.8763 -0.7533 10.2637
v  -0.8772 -0.4328 10.2637
v  -0.4390 -0.4327 10.2638
v  -0.4390 -0.5631 10.2638
v  -0.8771 -0.5631 10.2637
v  -0.8762 -0.3239 10.2637
v  -0.4386 -0.3239 10.2638
v  -0.8770 0.2893 10.2637
v  -0.4387 0.2942 10.2637
v  -0.8136 0.4396 10.2637
v  -0.4072 0.4425 10.2637
v  -0.8755 0.2998 10.2637
v  -0.7205 0.5804 10.2637
v  -0.3606 0.5840 10.2637
v  -0.6234 0.6825 10.2637
v  -0.3120 0.6869 10.2637
v  -0.5047 0.7748 10.2637
v  -0.2526 0.7798 10.2637
v  -0.0694 0.8542 10.2637
v  -0.0856 0.7826 10.2637
v  -0.1950 0.8515 10.2637
v  -0.0468 0.9242 10.2637
v  -0.1342 0.9155 10.2637
v  -0.4049 -3.5671 10.2638
v  -0.8636 -3.5662 10.2637
v  -0.8799 -3.4748 10.2637
v  -0.4049 -3.4942 10.2638
v  -0.1363 -3.7461 10.0865
v  -0.1363 -3.4861 10.0866
v  -0.2705 -3.4861 10.0866
v  -0.2705 -3.7462 10.0865
v  -0.9377 -0.0081 9.0437
v  -0.9379 -0.2689 9.0438
v  0.0000 -0.9448 9.0039
v  -0.1383 -0.9344 9.0039
v  -0.1398 -0.9444 9.0039
v  -0.2655 -0.9061 9.0039
v  -0.2683 -0.9157 9.0039
v  -0.3907 -0.8601 9.0039
v  -0.3948 -0.8693 9.0039
v  -0.5148 -0.7923 9.0039
v  -0.5203 -0.8007 9.0039
v  -0.6355 -0.6990 9.0039
v  -0.6422 -0.7064 9.0039
v  -0.7439 -0.5835 9.0039
v  -0.7518 -0.5897 9.0039
v  -0.8300 -0.4509 9.0039
v  -0.8389 -0.4557 9.0039
v  -0.8892 -0.3100 9.0039
v  -0.8986 -0.3137 9.0039
v  -0.9047 -0.2994 9.0039
v  -0.8952 -0.2958 9.0039
v  -0.8955 -0.2896 9.0039
v  -0.9052 -0.2918 9.0039
v  -0.9082 -0.0039 9.0039
v  -0.8982 -0.0039 9.0039
v  -0.8982 0.0042 9.0055
v  -0.9082 0.0042 9.0055
v  -0.8970 0.3023 9.1382
v  -0.9069 0.3024 9.1382
v  -0.8959 0.3092 9.1412
v  -0.9056 0.3101 9.1417
v  -0.9043 0.3179 9.1451
v  -0.8948 0.3160 9.1443
v  -0.8347 0.4540 9.2057
v  -0.8437 0.4580 9.2075
v  -0.7388 0.6006 9.2710
v  -0.7470 0.6059 9.2734
v  -0.6403 0.7067 9.3182
v  -0.6472 0.7134 9.3212
v  -0.5825 0.7524 9.3380
v  -0.5887 0.7598 9.3406
v  -0.5239 0.8010 9.3492
v  -0.5185 0.7925 9.3482
v  -0.3915 0.8598 9.3503
v  -0.3956 0.8690 9.3503
v  -0.2682 0.9060 9.3503
v  -0.2710 0.9156 9.3503
v  -0.1377 0.9348 9.3503
v  -0.1392 0.9447 9.3503
v  -0.0480 0.9532 9.3503
v  -0.0475 0.9432 9.3503
v  -0.2630 0.8865 10.2637
v  -0.3775 0.8450 10.2637
v  -0.8762 0.2949 10.2637
v  -0.8194 -3.6390 10.2637
v  -0.7595 -3.6910 10.2636
v  -0.6937 -3.7188 10.2636
v  -0.6305 -3.7259 10.2637
v  -0.5440 -3.7257 10.2637
v  -0.4047 -3.7257 10.2637
v  -0.2705 -3.7257 10.2637
v  -0.1364 -3.5670 10.2638
v  -0.1363 -3.7257 10.2637
v  -0.9058 -0.2842 9.0039
v  -0.8958 -0.2834 9.0039
v  -0.8959 -0.2677 9.0039
v  -0.9059 -0.2684 9.0039
v  -0.9306 -0.2840 9.8880
v  -0.9307 -0.2841 9.8727
v  -0.9307 -0.2736 9.8750
v  -0.9306 -0.2737 9.8903
v  -0.1478 -0.6584 10.2638
v  -0.1476 -0.7537 10.2637
v  -0.1478 -0.5631 10.2638
v  -0.1478 -0.4327 10.2638
v  -0.1476 -0.3239 10.2637
v  -0.1477 0.2948 10.2637
v  -0.1372 0.4441 10.2637
v  -0.1216 0.5861 10.2637
v  -0.1055 0.6893 10.2637
v  -0.1364 -3.4945 10.2638
v  -0.1360 -1.1734 10.0864
v  -0.2642 -1.1550 10.0865
v  -0.3903 -1.1190 10.0865
v  -0.5153 -1.0661 10.0865
v  -0.6597 -0.9850 10.0865
v  -0.7901 -0.8841 10.0865
v  -0.9038 -0.6587 10.2606
v  -0.9036 -0.7534 10.2607
v  -0.9157 -0.6592 10.2529
v  -0.9280 -0.5749 10.2094
v  -0.9279 -0.5691 10.2246
v  -0.9041 -0.5641 10.2605
v  0.0000 0.9844 9.3902
v  0.0000 0.9778 10.0312
v  0.0000 0.9760 10.2094
v  0.0000 0.9758 10.2249
v  0.0000 -3.7734 10.0914
v  -0.4046 -3.7774 10.2095
v  -0.4046 -3.7760 10.2279
v  -0.1363 -3.7865 10.1191
v  -0.1363 -3.7855 10.1292
v  0.0000 -3.7865 10.1192
v  0.0000 0.9524 10.2603
v  0.0000 0.9641 10.2524
v  -0.4046 -3.7518 10.2607
v  -0.1363 -3.7714 10.2430
v  0.0000 -3.7631 10.2536
v  0.0000 0.8550 10.2637
v  0.0000 0.7840 10.2637
v  0.0000 -3.7461 10.0865
v  0.0000 0.9547 9.3503
v  0.0000 -3.7257 10.2637
v  0.0000 -0.7537 10.2637
v  0.0000 -0.4327 10.2638
v  0.0000 -0.5631 10.2638
v  0.0000 -0.3239 10.2637
v  -0.9172 -0.6826 10.0876
v  -0.9255 -0.6822 10.0975
v  -0.9199 -0.6110 10.0766
v  -0.9264 -0.6109 10.0865
v  -0.9224 -0.5389 10.0584
v  -0.9273 -0.5367 10.0670
v  -0.9247 -0.4696 10.0334
v  -0.9280 -0.4664 10.0404
v  -0.9264 -0.4078 10.0038
v  -0.9288 -0.4038 10.0091
v  -0.9290 -0.3472 9.9677
v  -0.8886 -0.7807 10.0865
v  -0.1304 -1.0524 10.0508
v  0.0000 -1.0630 10.0526
v  -0.1302 -1.0240 10.0271
v  -0.8654 -0.6071 10.0482
v  -0.7557 -0.7431 10.0502
v  -0.7556 -0.7059 10.0289
v  -0.8637 -0.5593 10.0231
v  -0.6360 -0.8489 10.0509
v  -0.6369 -0.8137 10.0282
v  -0.5018 -0.9352 10.0515
v  -0.5029 -0.9020 10.0276
v  -0.3809 -0.9920 10.0523
v  -0.3819 -0.9604 10.0285
v  -0.2565 -1.0315 10.0526
v  -0.2566 -1.0016 10.0289
v  -0.8586 -0.4651 9.8883
v  -0.9239 -0.3165 9.8880
v  -0.9249 -0.3191 9.9163
v  -0.1352 -0.9712 9.9320
v  0.0000 -0.9813 9.9327
v  0.0000 -0.9763 9.8883
v  -0.1391 -0.9662 9.8878
v  -0.1327 -0.9833 9.9668
v  -0.1310 -1.0012 9.9993
v  0.0000 -1.0113 10.0012
v  0.0000 -1.1326 10.0821
v  -0.1331 -1.1218 10.0814
v  -0.1347 -1.1626 10.0864
v  0.0000 -1.0956 10.0703
v  -0.1314 -1.0848 10.0691
v  -0.8605 -0.4682 9.9268
v  -0.7680 -0.6084 9.9273
v  -0.7722 -0.5975 9.8872
v  -0.8625 -0.4880 9.9634
v  -0.7643 -0.6316 9.9644
v  -0.8620 -0.5225 9.9964
v  -0.7591 -0.6692 10.0021
v  -0.7648 -0.8223 10.0800
v  -0.8821 -0.6958 10.0801
v  -0.8904 -0.7630 10.0865
v  -0.7829 -0.8760 10.0865
v  -0.7586 -0.7815 10.0675
v  -0.8719 -0.6519 10.0672
v  -0.6544 -0.7298 9.9289
v  -0.6629 -0.7169 9.8875
v  -0.6480 -0.7511 9.9658
v  -0.6412 -0.7815 10.0006
v  -0.6421 -0.9266 10.0810
v  -0.6536 -0.9759 10.0865
v  -0.6378 -0.8863 10.0687
v  -0.5219 -0.8305 9.9308
v  -0.5352 -0.8166 9.8877
v  -0.5130 -0.8493 9.9666
v  -0.5067 -0.8737 9.9995
v  -0.5064 -1.0122 10.0819
v  -0.5105 -1.0563 10.0865
v  -0.5030 -0.9718 10.0697
v  -0.3973 -0.8966 9.9322
v  -0.4080 -0.8870 9.8879
v  -0.3904 -0.9127 9.9678
v  -0.3851 -0.9344 10.0004
v  -0.3842 -1.0665 10.0823
v  -0.3867 -1.1088 10.0865
v  -0.3817 -1.0272 10.0704
v  -0.2655 -0.9439 9.9328
v  -0.2723 -0.9375 9.8878
v  -0.2613 -0.9578 9.9682
v  -0.2582 -0.9774 10.0009
v  -0.2599 -1.1031 10.0822
v  -0.2619 -1.1443 10.0865
v  -0.2576 -1.0652 10.0705
v  -0.8983 -0.6837 10.0813
v  -0.9038 -0.6117 10.0685
v  -0.9073 -0.5431 10.0486
v  -0.9131 -0.4759 10.0241
v  -0.9172 -0.4138 9.9934
v  -0.9222 -0.3591 9.9598
v  -0.9248 -0.3258 9.9282
v  -0.9285 -0.3097 9.9181
v  -0.9266 -0.3091 9.8881
v  -0.9296 -0.2967 9.8880
v  -0.9379 -0.2845 9.0438
v  -0.9011 0.3079 10.2602
v  -0.9029 0.2990 10.2604
v  -0.9015 -3.4862 10.0865
v  -0.8995 -0.7535 10.0865
v  -0.1363 -3.7570 10.0865
v  -0.2705 -3.7571 10.0865
v  -0.2705 -3.7865 10.1189
v  -0.4046 -3.7572 10.0865
v  -0.5451 -3.7570 10.0865
v  -0.6323 -3.7569 10.0865
v  -0.8895 -3.5662 10.0865
v  -0.7051 -3.7469 10.0865
v  -0.7835 -3.7102 10.0865
v  -0.8483 -3.6480 10.0865
v  -0.9290 -0.6814 10.1116
v  -0.9042 -0.6836 10.0824
v  -0.9095 -0.6103 10.0699
v  -0.9142 -0.5403 10.0516
v  -0.9294 -0.4628 10.0483
v  -0.9190 -0.4722 10.0274
v  -0.9224 -0.4114 9.9990
v  -0.9261 -0.3532 9.9636
v  -0.9297 -0.3153 9.9363
v  -0.9280 -0.3199 9.9330
v  -0.0490 0.9703 10.2419
v  -0.0474 0.9350 10.2637
v  -0.1360 0.9263 10.2637
v  -0.2704 0.9128 10.2604
v  -0.2661 0.8970 10.2637
v  -0.3900 0.8688 10.2602
v  -0.3820 0.8549 10.2637
v  -0.5196 0.7976 10.2605
v  -0.5106 0.7839 10.2637
v  -0.6412 0.7030 10.2604
v  -0.6307 0.6906 10.2637
v  -0.7411 0.5974 10.2601
v  -0.7290 0.5871 10.2637
v  -0.8372 0.4528 10.2602
v  -0.8232 0.4448 10.2637
v  -0.8860 0.3028 10.2637
v  -0.9039 0.2904 10.2602
v  -0.8869 0.2965 10.2637
v  -0.8879 0.2901 10.2637
v  -0.9036 -0.3244 10.2606
v  -0.8871 -0.3239 10.2637
v  -0.9277 -0.3261 10.2246
v  -0.2705 -3.7715 10.2429
v  -0.2705 -3.7365 10.2637
v  -0.1363 -3.7366 10.2637
v  -0.5434 -3.7518 10.2607
v  -0.5440 -3.7365 10.2637
v  -0.4047 -3.7365 10.2637
v  -0.5418 -3.7760 10.2278
v  -0.6314 -3.7519 10.2606
v  -0.6311 -3.7368 10.2637
v  -0.6311 -3.7760 10.2281
v  -0.8891 -3.5752 10.2599
v  -0.9068 -3.4763 10.2602
v  -0.8907 -3.4758 10.2637
v  -0.8739 -3.5701 10.2637
v  -0.9105 -3.5825 10.2259
v  -0.9301 -3.4757 10.2247
v  -0.7007 -3.7434 10.2603
v  -0.7739 -3.7124 10.2603
v  -0.7654 -3.7003 10.2636
v  -0.6965 -3.7294 10.2636
v  -0.7082 -3.7656 10.2282
v  -0.7885 -3.7307 10.2279
v  -0.8405 -3.6552 10.2604
v  -0.8278 -3.6461 10.2637
v  -0.8608 -3.6677 10.2270
v  -0.9041 -0.4327 10.2604
v  -0.8881 -0.4327 10.2637
v  -0.9278 -0.4331 10.2247
v  -0.8880 -0.5631 10.2637
v  -0.8871 -0.7533 10.2637
v  -0.9241 -0.6597 10.2414
v  -0.8875 -0.6582 10.2637
v  0.0000 0.9722 10.2409
v  0.0000 0.9361 10.2637
v  -0.9279 -0.4359 10.2094
v  -0.9289 -0.6799 10.1219
v  -0.9302 -3.4771 10.2095
v  -0.2705 -3.7855 10.1290
v  -0.5422 -3.7774 10.2095
v  -0.6312 -3.7774 10.2095
v  -0.9114 -3.5815 10.2095
v  -0.7087 -3.7669 10.2095
v  -0.7900 -3.7312 10.2095
v  -0.8621 -3.6676 10.2095
v  -0.9279 -0.3266 10.2094
v  -0.9293 -0.4610 10.0591
v  -0.9307 -0.2692 9.8762
v  -0.8745 -0.0038 9.0039
v  -0.8745 0.0041 9.0055
v  -0.8710 0.2673 9.1226
v  -0.8673 0.3055 9.1396
v  -0.8551 0.3469 9.1581
v  -0.8088 0.4418 9.2003
v  -0.7141 0.5821 9.2628
v  -0.6175 0.6829 9.3077
v  -0.5622 0.7278 9.3276
v  -0.5036 0.7672 9.3427
v  -0.3810 0.8291 9.3503
v  -0.2575 0.8762 9.3503
v  -0.1339 0.9029 9.3503
v  -0.0458 0.9115 9.3503
v  -0.1358 -0.9145 9.0039
v  -0.2597 -0.8860 9.0039
v  -0.3815 -0.8407 9.0039
v  -0.5033 -0.7753 9.0039
v  -0.6210 -0.6844 9.0039
v  -0.7268 -0.5707 9.0039
v  -0.8113 -0.4415 9.0039
v  -0.8603 -0.3381 9.0039
v  -0.8740 -0.2871 9.0039
v  -0.8753 -0.2588 9.0039
v  -0.1309 0.8835 9.3685
v  -0.0428 0.8922 9.3693
v  -0.2523 0.8569 9.3698
v  -0.3727 0.8115 9.3693
v  -0.4922 0.7456 9.3609
v  -0.5488 0.7052 9.3450
v  -0.6032 0.6608 9.3253
v  -0.6986 0.5612 9.2797
v  -0.7902 0.4266 9.2175
v  -0.8365 0.3313 9.1752
v  -0.8474 0.2961 9.1575
v  -0.8515 0.2595 9.1399
v  -0.8556 -0.0035 9.0229
v  -0.8557 -0.2585 9.0226
v  -0.8529 -0.2907 9.0230
v  -0.8421 -0.3309 9.0211
v  -0.7932 -0.4345 9.0231
v  -0.7114 -0.5586 9.0227
v  -0.6079 -0.6694 9.0230
v  -0.4929 -0.7581 9.0228
v  -0.3742 -0.8244 9.0167
v  -0.2539 -0.8678 9.0230
v  -0.1329 -0.8944 9.0231
v  0.0000 -0.9042 9.0222
v  -0.1290 0.8606 10.0289
v  -0.0442 0.8691 10.0280
v  -0.2494 0.8338 10.0274
v  -0.3616 0.7914 10.0288
v  -0.4807 0.7249 10.0340
v  -0.5317 0.6886 10.0308
v  -0.5836 0.6451 10.0313
v  -0.6733 0.5508 10.0308
v  -0.7641 0.4156 10.0317
v  -0.8065 0.3259 10.0305
v  -0.8161 0.2936 10.0309
v  -0.8204 0.2535 10.0301
v  -0.8205 -0.0014 10.0303
v  -0.8204 -0.2525 10.0311
v  -0.8180 -0.2815 10.0307
v  -0.8065 -0.3251 10.0266
v  -0.7636 -0.4151 10.0323
v  -0.6825 -0.5379 10.0322
v  -0.5834 -0.6455 10.0028
v  -0.4728 -0.7309 9.9905
v  -0.3562 -0.7939 9.9938
v  -0.2519 -0.8599 10.0069
v  -0.1315 -0.8853 10.0069
v  0.0000 0.7524 10.1465
v  0.0357 0.7514 10.1465
v  0.1088 0.7442 10.1465
v  0.2117 0.7216 10.1465
v  0.3139 0.6833 10.1465
v  0.4155 0.6268 10.1464
v  0.4596 0.5954 10.1463
v  0.5015 0.5604 10.1462
v  0.5812 0.4767 10.1459
v  0.6604 0.3592 10.1454
v  0.6973 0.2820 10.1456
v  0.6997 0.2725 10.1449
v  0.7034 0.2536 10.1456
v  0.7027 -0.0039 10.1440
v  0.7026 -0.2508 10.1440
v  0.7019 -0.2596 10.1440
v  0.6964 -0.2811 10.1441
v  0.6606 -0.3576 10.1441
v  0.5920 -0.4647 10.1455
v  0.4866 -0.5360 10.1208
v  0.3844 -0.5923 10.1062
v  0.2981 -0.6894 10.1442
v  0.2063 -0.7484 10.1447
v  0.1148 -0.7676 10.1447
v  0.0000 -0.7761 10.1447
v  -0.1148 -0.7676 10.1447
v  -0.2062 -0.7484 10.1447
v  -0.3034 -0.6948 10.1061
v  -0.4106 -0.6312 10.1062
v  -0.4935 -0.5440 10.1219
v  -0.5907 -0.4637 10.1441
v  -0.6606 -0.3576 10.1441
v  -0.6980 -0.2817 10.1455
v  -0.7021 -0.2686 10.1455
v  -0.7037 -0.2527 10.1455
v  -0.7045 -0.0039 10.1455
v  -0.7033 0.2491 10.1455
v  -0.7004 0.2726 10.1456
v  -0.6980 0.2805 10.1456
v  -0.6605 0.3593 10.1456
v  -0.5810 0.4765 10.1456
v  -0.5010 0.5599 10.1456
v  -0.4590 0.5947 10.1456
v  -0.4155 0.6268 10.1464
v  -0.3139 0.6833 10.1465
v  -0.2114 0.7207 10.1456
v  -0.1088 0.7442 10.1465
v  -0.0357 0.7514 10.1465
v  0.0000 0.8265 10.0988
v  0.0399 0.8256 10.0983
v  0.1209 0.8179 10.0979
v  0.2330 0.7933 10.0978
v  0.3454 0.7506 10.0987
v  0.4558 0.6894 10.0982
v  0.5055 0.6538 10.0982
v  0.5525 0.6142 10.0986
v  0.6399 0.5224 10.0982
v  0.7254 0.3952 10.0976
v  0.7667 0.3068 10.0975
v  0.7719 0.2889 10.0977
v  0.7759 0.2564 10.0974
v  0.7761 -0.0052 10.0975
v  0.7758 -0.2587 10.0957
v  0.7739 -0.2762 10.0963
v  0.7656 -0.3081 10.0966
v  0.7250 -0.3943 10.0965
v  0.6490 -0.5115 10.0966
v  0.5457 -0.6032 10.0804
v  0.4379 -0.6755 10.0718
v  0.3350 -0.7566 10.0907
v  0.2335 -0.8209 10.0927
v  0.1256 -0.8435 10.0925
v  0.0000 -0.8528 10.0925
v  -0.1255 -0.8435 10.0925
v  -0.2335 -0.8210 10.0927
v  -0.3362 -0.7569 10.0673
v  -0.4495 -0.6933 10.0671
v  -0.5491 -0.6067 10.0800
v  -0.6481 -0.5102 10.0972
v  -0.7247 -0.3941 10.0972
v  -0.7666 -0.3086 10.0968
v  -0.7739 -0.2808 10.0975
v  -0.7759 -0.2602 10.0975
v  -0.7775 -0.0047 10.0974
v  -0.7764 0.2568 10.0977
v  -0.7723 0.2891 10.0979
v  -0.7670 0.3068 10.0979
v  -0.7255 0.3945 10.0983
v  -0.6392 0.5227 10.0982
v  -0.5522 0.6138 10.0984
v  -0.5050 0.6533 10.0984
v  -0.4561 0.6885 10.0995
v  -0.3452 0.7508 10.0985
v  -0.2336 0.7923 10.0978
v  -0.1207 0.8176 10.0985
v  -0.0403 0.8256 10.0983
v  0.0001 0.8532 10.0641
v  0.0410 0.8523 10.0630
v  0.1258 0.8441 10.0619
v  0.2400 0.8190 10.0616
v  0.3562 0.7751 10.0639
v  0.4689 0.7128 10.0628
v  0.5216 0.6751 10.0629
v  0.5710 0.6336 10.0641
v  0.6614 0.5385 10.0635
v  0.7479 0.4098 10.0628
v  0.7911 0.3182 10.0631
v  0.7988 0.2920 10.0638
v  0.8031 0.2545 10.0633
v  0.8030 -0.0047 10.0647
v  0.8031 -0.2545 10.0606
v  0.8008 -0.2799 10.0619
v  0.7908 -0.3177 10.0623
v  0.7486 -0.4070 10.0622
v  0.6689 -0.5287 10.0608
v  0.5683 -0.6295 10.0454
v  0.4602 -0.7085 10.0383
v  0.3495 -0.7787 10.0486
v  0.2449 -0.8453 10.0520
v  0.1293 -0.8695 10.0519
v  0.0000 -0.8791 10.0519
v  -0.1292 -0.8695 10.0519
v  -0.2448 -0.8453 10.0520
v  -0.3489 -0.7795 10.0344
v  -0.4640 -0.7163 10.0332
v  -0.5703 -0.6304 10.0446
v  -0.6692 -0.5270 10.0636
v  -0.7484 -0.4069 10.0637
v  -0.7912 -0.3181 10.0613
v  -0.8008 -0.2811 10.0633
v  -0.8029 -0.2564 10.0635
v  -0.8037 -0.0032 10.0630
v  -0.8032 0.2555 10.0632
v  -0.7989 0.2926 10.0637
v  -0.7913 0.3178 10.0635
v  -0.7489 0.4076 10.0642
v  -0.6600 0.5399 10.0639
v  -0.5711 0.6332 10.0642
v  -0.5213 0.6749 10.0640
v  -0.4708 0.7110 10.0658
v  -0.3556 0.7755 10.0634
v  -0.2426 0.8179 10.0625
v  -0.1255 0.8439 10.0634
v  -0.0425 0.8522 10.0630
v  0.0000 0.7924 10.1288
v  0.0380 0.7916 10.1286
v  0.1152 0.7842 10.1285
v  0.2235 0.7604 10.1285
v  0.3312 0.7195 10.1288
v  0.4379 0.6604 10.1286
v  0.4847 0.6268 10.1285
v  0.5291 0.5894 10.1285
v  0.6130 0.5013 10.1282
v  0.6959 0.3779 10.1277
v  0.7350 0.2939 10.1273
v  0.7384 0.2825 10.1274
v  0.7419 0.2552 10.1272
v  0.7422 -0.0052 10.1266
v  0.7416 -0.2585 10.1259
v  0.7402 -0.2703 10.1262
v  0.7335 -0.2962 10.1264
v  0.6952 -0.3777 10.1264
v  0.6229 -0.4902 10.1273
v  0.5177 -0.5716 10.1065
v  0.4120 -0.6359 10.0945
v  0.3173 -0.7270 10.1244
v  0.2201 -0.7885 10.1255
v  0.1207 -0.8092 10.1254
v  0.0000 -0.8182 10.1254
v  -0.1207 -0.8092 10.1254
v  -0.2200 -0.7885 10.1255
v  -0.3203 -0.7286 10.0919
v  -0.4314 -0.6646 10.0920
v  -0.5229 -0.5776 10.1069
v  -0.6214 -0.4890 10.1266
v  -0.6950 -0.3776 10.1266
v  -0.7350 -0.2968 10.1274
v  -0.7403 -0.2778 10.1276
v  -0.7420 -0.2601 10.1275
v  -0.7440 -0.0051 10.1276
v  -0.7425 0.2553 10.1277
v  -0.7390 0.2827 10.1278
v  -0.7355 0.2941 10.1278
v  -0.6958 0.3779 10.1280
v  -0.6126 0.5012 10.1280
v  -0.5287 0.5889 10.1281
v  -0.4841 0.6261 10.1281
v  -0.4376 0.6599 10.1290
v  -0.3311 0.7197 10.1287
v  -0.2232 0.7595 10.1279
v  -0.1151 0.7840 10.1287
v  -0.0380 0.7916 10.1286
v  0.0000 0.7386 10.1464
v  0.0349 0.7377 10.1464
v  0.1067 0.7306 10.1464
v  0.2078 0.7084 10.1464
v  0.3081 0.6708 10.1464
v  0.4082 0.6152 10.1463
v  0.4512 0.5845 10.1462
v  0.4921 0.5503 10.1461
v  0.5705 0.4680 10.1458
v  0.6484 0.3524 10.1453
v  0.6862 0.2697 10.1449
v  0.6890 -0.0039 10.1439
v  0.6883 -0.2574 10.1440
v  0.6485 -0.3509 10.1441
v  0.5819 -0.4550 10.1458
v  0.4793 -0.5243 10.1215
v  0.3760 -0.5813 10.1075
v  0.2894 -0.6787 10.1451
v  0.2010 -0.7355 10.1446
v  0.1129 -0.7540 10.1446
v  0.0000 -0.7624 10.1446
v  -0.1129 -0.7540 10.1446
v  -0.2016 -0.7353 10.1452
v  -0.2968 -0.6828 10.1069
v  -0.4020 -0.6204 10.1066
v  -0.4841 -0.5340 10.1222
v  -0.5803 -0.4545 10.1443
v  -0.6486 -0.3507 10.1440
v  -0.6886 -0.2659 10.1455
v  -0.6908 -0.0039 10.1454
v  -0.6869 0.2698 10.1455
v  -0.6486 0.3525 10.1455
v  -0.5703 0.4678 10.1455
v  -0.4916 0.5498 10.1455
v  -0.4505 0.5839 10.1455
v  -0.4081 0.6153 10.1464
v  -0.3082 0.6707 10.1464
v  -0.2075 0.7075 10.1455
v  -0.1066 0.7307 10.1464
v  -0.0348 0.7377 10.1464
v  -0.0010 0.0639 10.1414
v  -0.7647 0.4158 10.0141
v  -0.6738 0.5510 10.0146
v  -0.5841 0.6455 10.0160
v  -0.5320 0.6890 10.0160
v  -0.4809 0.7254 10.0195
v  -0.3618 0.7919 10.0146
v  -0.2494 0.8343 10.0132
v  -0.1290 0.8611 10.0147
v  -0.0441 0.8696 10.0138
v  0.0001 0.8707 10.0161
v  0.0412 0.8697 10.0139
v  0.1296 0.8611 10.0116
v  0.2443 0.8358 10.0111
v  0.3631 0.7913 10.0157
v  0.4770 0.7283 10.0133
v  0.5323 0.6889 10.0133
v  0.5835 0.6460 10.0154
v  0.6763 0.5481 10.0136
v  0.7626 0.4198 10.0114
v  0.8069 0.3268 10.0116
v  0.8170 0.2926 10.0125
v  0.8211 0.2517 10.0113
v  0.8210 -0.0044 10.0127
v  0.8214 -0.2497 10.0042
v  0.8186 -0.2832 10.0070
v  0.8073 -0.3247 10.0077
v  0.7644 -0.4155 10.0074
v  0.6814 -0.5409 10.0040
v  0.5825 -0.6472 9.9824
v  0.4751 -0.7301 9.9730
v  0.3588 -0.7931 9.9793
v  0.2520 -0.8601 9.9857
v  0.1315 -0.8855 9.9857
v  0.0000 -0.8952 9.9857
v  -0.1315 -0.8855 9.9857
v  -0.2520 -0.8601 9.9857
v  -0.3566 -0.7946 9.9728
v  -0.4732 -0.7315 9.9697
v  -0.5839 -0.6460 9.9817
v  -0.6832 -0.5384 10.0104
v  -0.7642 -0.4155 10.0106
v  -0.8072 -0.3252 10.0050
v  -0.8187 -0.2817 10.0090
v  -0.8212 -0.2526 10.0094
v  -0.8212 -0.0015 10.0086
v  -0.8211 0.2536 10.0109
v  -0.8168 0.2936 10.0121
v  -0.8071 0.3260 10.0120
v  0.0441 0.8981 9.3559
v  0.1319 0.8897 9.3556
v  0.2536 0.8627 9.3559
v  0.3755 0.8169 9.3559
v  0.4953 0.7527 9.3462
v  0.5522 0.7135 9.3299
v  0.6063 0.6689 9.3096
v  0.7020 0.5696 9.2650
v  0.7954 0.4330 9.2037
v  0.8411 0.3409 9.1618
v  0.8532 0.3010 9.1442
v  0.8580 0.2624 9.1261
v  0.8619 0.0017 9.0102
v  0.8619 -0.0033 9.0092
v  0.8618 -0.2577 9.0092
v  0.8592 -0.2891 9.0093
v  0.8479 -0.3355 9.0083
v  0.7989 -0.4362 9.0095
v  0.7160 -0.5623 9.0093
v  0.6118 -0.6741 9.0094
v  0.4959 -0.7634 9.0092
v  0.3769 -0.8305 9.0078
v  0.2558 -0.8733 9.0096
v  0.1339 -0.9004 9.0093
v  0.0000 0.8992 9.3558
v  -0.1319 0.8896 9.3556
v  -0.0441 0.8980 9.3558
v  -0.2536 0.8626 9.3558
v  -0.3755 0.8169 9.3559
v  -0.4953 0.7527 9.3461
v  -0.5521 0.7135 9.3299
v  -0.6062 0.6689 9.3096
v  -0.7020 0.5696 9.2649
v  -0.7954 0.4330 9.2037
v  -0.8411 0.3409 9.1618
v  -0.8532 0.3010 9.1442
v  -0.8579 0.2624 9.1261
v  -0.8619 0.0017 9.0102
v  -0.8619 -0.0033 9.0092
v  -0.8618 -0.2577 9.0092
v  -0.8592 -0.2891 9.0093
v  -0.8479 -0.3355 9.0082
v  -0.7989 -0.4363 9.0096
v  -0.7160 -0.5623 9.0093
v  -0.6117 -0.6741 9.0093
v  -0.4960 -0.7635 9.0092
v  -0.3769 -0.8305 9.0078
v  -0.2558 -0.8732 9.0095
v  -0.1338 -0.9004 9.0092
v  0.0000 -0.9104 9.0092
v  -0.2523 0.8563 9.3864
v  -0.1308 0.8830 9.3851
v  -0.0428 0.8916 9.3859
v  0.0000 0.8927 9.3864
v  0.0428 0.8916 9.3859
v  0.1309 0.8830 9.3851
v  0.2521 0.8564 9.3864
v  0.3726 0.8112 9.3861
v  0.4918 0.7451 9.3777
v  0.5486 0.7050 9.3623
v  0.6026 0.6603 9.3431
v  0.6981 0.5610 9.2987
v  0.7895 0.4264 9.2380
v  0.8358 0.3311 9.1968
v  0.8466 0.2960 9.1796
v  0.8508 0.2593 9.1624
v  0.8547 -0.0035 9.0485
v  0.8548 -0.2583 9.0479
v  0.8520 -0.2905 9.0484
v  0.8412 -0.3307 9.0466
v  0.7924 -0.4340 9.0485
v  0.7106 -0.5581 9.0480
v  0.6073 -0.6689 9.0478
v  0.4924 -0.7573 9.0473
v  0.3738 -0.8236 9.0416
v  0.2539 -0.8676 9.0479
v  0.1329 -0.8942 9.0479
v  0.0000 -0.9040 9.0470
v  -0.1329 -0.8942 9.0479
v  -0.2539 -0.8676 9.0479
v  -0.3737 -0.8236 9.0414
v  -0.4924 -0.7574 9.0472
v  -0.6073 -0.6688 9.0478
v  -0.7106 -0.5581 9.0482
v  -0.7924 -0.4340 9.0486
v  -0.8412 -0.3308 9.0465
v  -0.8520 -0.2905 9.0485
v  -0.8548 -0.2583 9.0481
v  -0.8547 -0.0034 9.0483
v  -0.8507 0.2594 9.1624
v  -0.8466 0.2961 9.1796
v  -0.8358 0.3311 9.1968
v  -0.7896 0.4263 9.2381
v  -0.6979 0.5610 9.2987
v  -0.6027 0.6604 9.3431
v  -0.5484 0.7048 9.3623
v  -0.4919 0.7451 9.3779
v  -0.3724 0.8109 9.3860
v  0.8820 -0.2857 9.0039
v  0.8828 -0.2620 9.0039
v  0.8832 -0.0038 9.0039
v  0.8832 0.0041 9.0055
v  0.8805 0.2801 9.1283
v  0.8778 0.3068 9.1402
v  0.8696 0.3356 9.1530
v  0.8183 0.4463 9.2023
v  0.7231 0.5888 9.2658
v  0.6258 0.6916 9.3115
v  0.5696 0.7368 9.3315
v  0.5091 0.7764 9.3447
v  0.3848 0.8403 9.3503
v  0.2614 0.8871 9.3503
v  0.1353 0.9145 9.3503
v  0.0465 0.9231 9.3503
v  0.0000 0.9248 9.3503
v  -0.0465 0.9231 9.3503
v  -0.1353 0.9145 9.3503
v  -0.2614 0.8871 9.3503
v  -0.3848 0.8403 9.3503
v  -0.5091 0.7764 9.3447
v  -0.5696 0.7368 9.3314
v  -0.6258 0.6916 9.3115
v  -0.7231 0.5888 9.2658
v  -0.8182 0.4463 9.2023
v  -0.8696 0.3356 9.1530
v  -0.8778 0.3068 9.1402
v  -0.8805 0.2801 9.1283
v  -0.8832 0.0041 9.0055
v  -0.8832 -0.0038 9.0039
v  -0.8828 -0.2620 9.0039
v  -0.8819 -0.2857 9.0039
v  -0.1911 -0.7566 9.9926
v  -0.2265 -0.7916 9.9924
v  -0.1874 -0.6384 10.1062
v  0.0000 -0.7564 9.9926
v  0.0000 -0.6384 10.1062
v  -0.2782 -0.8248 9.9922
v  -0.3029 -0.6888 10.1062
v  -0.2784 -0.6686 10.1062
v  -0.2481 -0.6508 10.1062
v  -0.2165 -0.6409 10.1062
v  -0.2024 -0.7593 9.9931
v  -0.2127 -0.7656 9.9935
v  -0.2205 -0.7744 9.9939
v  -0.2616 -0.8466 9.5440
v  -0.1638 -0.8297 9.4208
v  -0.2027 -0.8679 9.3941
v  0.0000 -0.8584 9.3462
v  0.0000 -0.8943 9.3084
v  -0.1144 -0.8426 9.3776
v  -0.1396 -0.8820 9.3451
v  -0.1968 -0.8135 9.4773
v  -0.2427 -0.8551 9.4634
v  -0.0758 -0.8907 9.3170
v  -0.0643 -0.8518 9.3549
v  -0.1635 -0.8150 9.4206
v  0.0000 -0.8170 9.3464
v  -0.1090 -0.8162 9.3743
v  -0.0565 -0.8179 9.3527
v  -0.2107 -0.8102 9.5440
v  -0.1304 -0.7758 9.4387
v  0.0000 -0.7776 9.3844
v  -0.0861 -0.7768 9.4052
v  -0.1593 -0.7740 9.4874
v  -0.0449 -0.7775 9.3881
v  -0.1713 -0.7720 9.5441
v  -0.1596 -0.7996 9.4212
v  -0.1527 -0.7880 9.4244
v  -0.1431 -0.7798 9.4300
v  0.0000 -0.7816 9.3686
v  0.0000 -0.7898 9.3574
v  0.0000 -0.8013 9.3497
v  -0.1063 -0.8006 9.3767
v  -0.1015 -0.7889 9.3828
v  -0.0949 -0.7808 9.3920
v  -0.1933 -0.7975 9.4774
v  -0.1856 -0.7858 9.4791
v  -0.1745 -0.7777 9.4824
v  -0.0550 -0.8024 9.3560
v  -0.0526 -0.7904 9.3629
v  -0.0492 -0.7819 9.3734
v  -0.2072 -0.7954 9.5439
v  -0.1980 -0.7826 9.5429
v  -0.1849 -0.7745 9.5440
v  -0.1874 -0.6834 10.0971
v  -0.1880 -0.7208 10.0727
v  -0.1894 -0.7459 10.0367
v  -0.2332 -0.7759 10.0369
v  -0.2496 -0.7544 10.0724
v  -0.2735 -0.7243 10.0970
v  0.0000 -0.6828 10.0974
v  0.0000 -0.7200 10.0734
v  0.0000 -0.7456 10.0374
v  -0.2328 -0.8083 9.9969
v  -0.2446 -0.8202 9.9984
v  -0.2607 -0.8262 9.9965
v  -0.2233 -0.7612 10.0368
v  -0.2349 -0.7382 10.0723
v  -0.2543 -0.7064 10.0968
v  -0.2132 -0.7530 10.0368
v  -0.2200 -0.7283 10.0726
v  -0.2324 -0.6930 10.0971
v  -0.2094 -0.6855 10.0972
v  -0.2040 -0.7225 10.0728
v  -0.2015 -0.7479 10.0369
v  -0.2158 -0.8282 9.5457
v  -0.2272 -0.8410 9.5461
v  -0.2434 -0.8477 9.5455
v  -0.1682 -0.8463 9.4199
v  -0.1772 -0.8593 9.4148
v  -0.1894 -0.8672 9.4058
v  0.0000 -0.8720 9.3424
v  0.0000 -0.8832 9.3344
v  0.0000 -0.8911 9.3226
v  -0.1181 -0.8581 9.3761
v  -0.1238 -0.8708 9.3695
v  -0.1314 -0.8792 9.3587
v  -0.2011 -0.8339 9.4775
v  -0.2115 -0.8472 9.4751
v  -0.2262 -0.8548 9.4701
v  -0.0661 -0.8659 9.3525
v  -0.0689 -0.8792 9.3441
v  -0.0723 -0.8876 9.3319
v  -0.2850 -0.8043 10.0492
v  -0.2955 -0.7685 10.0824
v  -0.3008 -0.7322 10.0994
v  -0.2640 -0.8101 10.0421
v  -0.2695 -0.7842 10.0706
v  -0.2724 -0.7563 10.0868
v  -0.2453 -0.8086 10.0297
v  -0.2475 -0.7927 10.0493
v  -0.2495 -0.7749 10.0622
v  -0.2339 -0.7864 10.0310
v  -0.2333 -0.7948 10.0235
v  -0.2329 -0.8021 10.0132
v  0.2132 -0.7530 10.0368
v  0.2200 -0.7283 10.0726
v  0.2040 -0.7225 10.0728
v  0.2015 -0.7479 10.0369
v  0.1894 -0.7459 10.0367
v  0.1880 -0.7208 10.0727
v  0.2453 -0.8086 10.0297
v  0.2475 -0.7927 10.0493
v  0.2333 -0.7948 10.0235
v  0.2329 -0.8021 10.0132
v  0.2332 -0.7759 10.0369
v  0.2496 -0.7544 10.0724
v  0.2349 -0.7382 10.0723
v  0.2233 -0.7612 10.0368
v  0.1874 -0.6834 10.0971
v  0.2094 -0.6855 10.0972
v  0.2608 -0.8262 9.9965
v  0.2447 -0.8202 9.9984
v  0.2272 -0.8410 9.5461
v  0.2434 -0.8477 9.5455
v  0.2115 -0.8472 9.4751
v  0.2262 -0.8548 9.4701
v  0.1894 -0.8672 9.4058
v  0.1772 -0.8593 9.4148
v  0.1238 -0.8708 9.3695
v  0.1314 -0.8792 9.3587
v  0.0661 -0.8659 9.3525
v  0.0689 -0.8792 9.3441
v  0.1181 -0.8581 9.3761
v  0.1682 -0.8463 9.4199
v  0.2011 -0.8339 9.4775
v  0.2107 -0.8102 9.5440
v  0.1969 -0.8165 9.4774
v  0.1144 -0.8426 9.3776
v  0.1638 -0.8297 9.4208
v  0.1635 -0.8150 9.4206
v  0.1090 -0.8162 9.3743
v  0.0643 -0.8518 9.3549
v  0.0565 -0.8179 9.3527
v  0.2024 -0.7593 9.9931
v  0.1911 -0.7566 9.9926
v  0.1713 -0.7720 9.5441
v  0.1849 -0.7745 9.5440
v  0.2127 -0.7656 9.9935
v  0.1980 -0.7826 9.5429
v  0.2205 -0.7744 9.9939
v  0.2073 -0.7954 9.5439
v  0.2265 -0.7916 9.9924
v  0.1856 -0.7858 9.4791
v  0.1933 -0.7975 9.4774
v  0.1597 -0.7996 9.4212
v  0.1527 -0.7880 9.4244
v  0.1015 -0.7889 9.3828
v  0.1063 -0.8006 9.3767
v  0.0526 -0.7904 9.3629
v  0.0550 -0.8024 9.3560
v  0.1593 -0.7740 9.4874
v  0.1745 -0.7777 9.4824
v  0.1431 -0.7798 9.4300
v  0.1304 -0.7758 9.4387
v  0.0861 -0.7768 9.4052
v  0.0949 -0.7808 9.3920
v  0.0449 -0.7775 9.3881
v  0.0493 -0.7819 9.3734
v  0.2324 -0.6930 10.0971
v  0.2481 -0.6508 10.1062
v  0.2165 -0.6409 10.1062
v  0.1874 -0.6384 10.1062
v  0.2850 -0.8043 10.0492
v  0.2955 -0.7685 10.0824
v  0.2695 -0.7842 10.0706
v  0.2640 -0.8101 10.0421
v  0.2339 -0.7864 10.0310
v  0.2735 -0.7243 10.0970
v  0.3029 -0.6888 10.1062
v  0.2784 -0.6686 10.1062
v  0.2543 -0.7064 10.0968
v  0.2328 -0.8083 9.9969
v  0.2158 -0.8282 9.5457
v  0.2616 -0.8466 9.5440
v  0.2782 -0.8248 9.9922
v  0.2427 -0.8551 9.4634
v  0.1396 -0.8820 9.3451
v  0.2028 -0.8679 9.3941
v  0.0723 -0.8876 9.3319
v  0.0758 -0.8907 9.3170
v  0.2495 -0.7749 10.0622
v  0.3008 -0.7322 10.0994
v  0.2724 -0.7563 10.0868
v  -0.1077 -0.7714 9.5666
v  -0.1069 -0.7720 9.5480
v  -0.1007 -0.7727 9.5274
v  -0.0913 -0.7734 9.5079
v  -0.0770 -0.7740 9.4900
v  -0.0395 -0.7748 9.4656
v  -0.0202 -0.7750 9.4605
v  -0.0003 -0.7751 9.4590
v  0.0207 -0.7750 9.4611
v  -0.1061 -0.7706 9.5885
v  -0.1004 -0.7700 9.6054
v  -0.0910 -0.7693 9.6259
v  -0.0755 -0.7687 9.6440
v  -0.0583 -0.7682 9.6579
v  -0.0394 -0.7678 9.6677
v  -0.0199 -0.7676 9.6740
v  -0.0000 -0.7676 9.6753
v  0.0198 -0.7676 9.6737
v  0.0400 -0.7678 9.6685
v  0.0567 -0.7681 9.6597
v  0.0774 -0.7686 9.6441
v  0.0910 -0.7692 9.6269
v  0.1005 -0.7699 9.6070
v  0.1069 -0.7706 9.5875
v  0.1085 -0.7712 9.5679
v  0.1065 -0.7720 9.5465
v  0.1014 -0.7727 9.5259
v  0.0905 -0.7733 9.5083
v  0.0750 -0.7740 9.4897
v  0.0578 -0.7744 9.4764
v  -0.0603 -0.7744 9.4762
v  0.0426 -0.7747 9.4667
v  0.0000 -0.8419 9.5672
v  -0.1069 -0.8426 9.5480
v  -0.1069 -0.8356 9.5480
v  -0.1000 -0.8426 9.5492
v  -0.1077 -0.8420 9.5666
v  -0.1007 -0.8420 9.5666
v  -0.1077 -0.8350 9.5666
v  -0.1007 -0.8433 9.5274
v  -0.1007 -0.8363 9.5274
v  -0.0942 -0.8433 9.5300
v  -0.0913 -0.8440 9.5079
v  -0.0913 -0.8370 9.5079
v  -0.0854 -0.8439 9.5117
v  -0.0770 -0.8446 9.4900
v  -0.0770 -0.8376 9.4900
v  -0.0720 -0.8445 9.4950
v  -0.0202 -0.8456 9.4605
v  -0.0202 -0.8386 9.4605
v  -0.0189 -0.8454 9.4674
v  -0.0395 -0.8455 9.4656
v  -0.0370 -0.8452 9.4722
v  -0.0395 -0.8385 9.4656
v  -0.0003 -0.8457 9.4590
v  -0.0003 -0.8387 9.4590
v  -0.0002 -0.8454 9.4660
v  0.0207 -0.8456 9.4611
v  0.0207 -0.8386 9.4611
v  0.0193 -0.8454 9.4680
v  0.0426 -0.8454 9.4667
v  0.0426 -0.8384 9.4667
v  0.0399 -0.8452 9.4732
v  -0.1061 -0.8413 9.5885
v  -0.0992 -0.8413 9.5871
v  -0.1061 -0.8342 9.5885
v  -0.1004 -0.8407 9.6054
v  -0.0938 -0.8407 9.6029
v  -0.1004 -0.8337 9.6054
v  -0.0910 -0.8399 9.6259
v  -0.0851 -0.8401 9.6221
v  -0.0910 -0.8329 9.6259
v  -0.0755 -0.8393 9.6440
v  -0.0706 -0.8395 9.6390
v  -0.0755 -0.8323 9.6440
v  -0.0583 -0.8388 9.6579
v  -0.0545 -0.8390 9.6520
v  -0.0583 -0.8318 9.6579
v  -0.0394 -0.8385 9.6677
v  -0.0368 -0.8387 9.6612
v  -0.0394 -0.8315 9.6677
v  -0.0199 -0.8383 9.6740
v  -0.0186 -0.8385 9.6671
v  -0.0199 -0.8313 9.6740
v  -0.0000 -0.8382 9.6753
v  -0.0000 -0.8384 9.6683
v  -0.0000 -0.8312 9.6753
v  0.0198 -0.8383 9.6737
v  0.0185 -0.8385 9.6668
v  0.0198 -0.8313 9.6737
v  0.0400 -0.8384 9.6685
v  0.0374 -0.8387 9.6619
v  0.0400 -0.8314 9.6685
v  0.0567 -0.8387 9.6597
v  0.0530 -0.8389 9.6537
v  0.0567 -0.8317 9.6597
v  0.0774 -0.8393 9.6441
v  0.0724 -0.8394 9.6391
v  0.0774 -0.8322 9.6441
v  0.0910 -0.8398 9.6269
v  0.0851 -0.8400 9.6230
v  0.0910 -0.8328 9.6269
v  0.1005 -0.8405 9.6070
v  0.0940 -0.8406 9.6044
v  0.1005 -0.8335 9.6070
v  0.1069 -0.8412 9.5875
v  0.1000 -0.8412 9.5862
v  0.1069 -0.8342 9.5875
v  0.1085 -0.8419 9.5679
v  0.1014 -0.8419 9.5679
v  0.1085 -0.8349 9.5679
v  0.1065 -0.8426 9.5465
v  0.0996 -0.8426 9.5479
v  0.1065 -0.8356 9.5465
v  0.1014 -0.8433 9.5259
v  0.0948 -0.8432 9.5286
v  0.1014 -0.8363 9.5259
v  0.0905 -0.8439 9.5083
v  0.0846 -0.8438 9.5122
v  0.0905 -0.8369 9.5083
v  0.0750 -0.8446 9.4897
v  0.0701 -0.8444 9.4947
v  0.0750 -0.8376 9.4897
v  0.0578 -0.8451 9.4764
v  0.0540 -0.8449 9.4823
v  0.0578 -0.8381 9.4764
v  -0.0603 -0.8450 9.4762
v  -0.0603 -0.8380 9.4762
v  -0.0564 -0.8448 9.4821
v  -0.1764 -0.7571 9.9786
v  0.0000 -0.7569 9.9786
v  0.1765 -0.7570 9.9786
v  0.1574 -0.7720 9.5458
v  0.1460 -0.7738 9.4926
v  0.1197 -0.7755 9.4482
v  0.0790 -0.7763 9.4174
v  0.0416 -0.7770 9.4019
v  0.0000 -0.7771 9.3984
v  -0.0416 -0.7770 9.4019
v  -0.0790 -0.7763 9.4174
v  -0.1197 -0.7755 9.4482
v  -0.1460 -0.7739 9.4926
v  -0.1574 -0.7720 9.5458
v  0.0455 -0.7750 9.4602
v  0.0618 -0.7746 9.4707
v  0.0799 -0.7741 9.4846
v  0.0962 -0.7735 9.5043
v  0.1079 -0.7728 9.5232
v  0.1134 -0.7720 9.5454
v  0.1155 -0.7712 9.5679
v  0.1138 -0.7705 9.5889
v  0.1071 -0.7698 9.6096
v  0.0970 -0.7691 9.6306
v  0.0823 -0.7684 9.6491
v  0.0605 -0.7679 9.6656
v  0.0425 -0.7676 9.6751
v  0.0210 -0.7674 9.6806
v  0.0000 -0.7673 9.6823
v  -0.0212 -0.7674 9.6810
v  -0.0421 -0.7676 9.6742
v  -0.0622 -0.7680 9.6638
v  -0.0805 -0.7685 9.6491
v  -0.0970 -0.7692 9.6297
v  -0.1069 -0.7699 9.6079
v  -0.1131 -0.7706 9.5899
v  -0.1147 -0.7714 9.5667
v  -0.1139 -0.7721 9.5468
v  -0.1072 -0.7728 9.5249
v  -0.0973 -0.7735 9.5042
v  -0.0820 -0.7742 9.4850
v  -0.0641 -0.7746 9.4703
v  -0.0420 -0.7751 9.4590
v  -0.0214 -0.7752 9.4536
v  -0.0002 -0.7753 9.4520
v  0.0219 -0.7752 9.4542
v  -0.0583 -0.7753 9.6579
v  -0.0755 -0.7758 9.6440
v  -0.0910 -0.7764 9.6259
v  -0.1004 -0.7771 9.6054
v  -0.1061 -0.7777 9.5885
v  -0.1077 -0.7785 9.5666
v  -0.1069 -0.7791 9.5480
v  -0.1007 -0.7798 9.5274
v  -0.0913 -0.7805 9.5079
v  -0.0770 -0.7811 9.4900
v  -0.0603 -0.7815 9.4762
v  -0.0395 -0.7819 9.4656
v  -0.0202 -0.7821 9.4605
v  -0.0003 -0.7821 9.4590
v  0.0207 -0.7821 9.4611
v  0.0426 -0.7818 9.4667
v  0.0578 -0.7815 9.4764
v  0.0750 -0.7811 9.4897
v  0.0905 -0.7804 9.5083
v  0.1014 -0.7798 9.5259
v  0.1065 -0.7791 9.5465
v  0.1085 -0.7783 9.5679
v  0.1069 -0.7777 9.5875
v  0.1005 -0.7770 9.6070
v  0.0910 -0.7763 9.6269
v  0.0774 -0.7757 9.6441
v  0.0567 -0.7752 9.6597
v  0.0400 -0.7749 9.6685
v  0.0198 -0.7747 9.6737
v  -0.0000 -0.7747 9.6753
v  -0.0199 -0.7747 9.6740
v  -0.0394 -0.7749 9.6677
v  0.2955 0.2765 10.0316
v  0.1972 0.3749 10.0316
v  0.4136 0.2765 10.1456
v  0.1972 0.4929 10.1456
v  0.2536 0.4849 10.1456
v  0.3059 0.4649 10.1456
v  0.3534 0.4284 10.1456
v  0.3884 0.3790 10.1456
v  0.4063 0.3262 10.1456
v  0.2908 0.3046 10.0195
v  0.2805 0.3270 10.0133
v  0.2660 0.3453 10.0112
v  0.2468 0.3603 10.0134
v  0.2231 0.3706 10.0229
v  0.2955 -0.1178 10.0316
v  0.4136 -0.1178 10.1456
v  0.3886 -0.2188 10.1456
v  0.2842 -0.1638 10.0330
v  0.3321 -0.2515 10.1259
v  0.2240 -0.2109 9.9934
v  0.3044 -0.3031 10.1072
v  0.1999 -0.2477 9.9987
v  0.3125 -0.3360 10.1064
v  0.1997 -0.3330 9.9925
v  0.1603 -0.4904 10.1062
v  0.1603 -0.3723 9.9922
v  0.3124 -0.3724 10.1062
v  0.2988 -0.4080 10.1062
v  0.2726 -0.4414 10.1062
v  0.2343 -0.4719 10.1062
v  0.1978 -0.4866 10.1062
v  0.1716 -0.3704 9.9875
v  0.1806 -0.3663 9.9850
v  0.1879 -0.3605 9.9843
v  0.1937 -0.3531 9.9852
v  0.1978 -0.3442 9.9877
v  0.3659 0.2758 10.1354
v  0.3312 0.2765 10.1121
v  0.3070 0.2775 10.0781
v  0.1982 0.3863 10.0782
v  0.1974 0.4105 10.1121
v  0.1966 0.4452 10.1354
v  0.2264 0.3798 10.0729
v  0.2316 0.4030 10.1090
v  0.2400 0.4367 10.1345
v  0.2520 0.3663 10.0672
v  0.2629 0.3870 10.1062
v  0.2799 0.4187 10.1336
v  0.2717 0.3500 10.0654
v  0.2885 0.3657 10.1054
v  0.3148 0.3910 10.1333
v  0.3570 0.3167 10.1338
v  0.3223 0.3115 10.1078
v  0.2989 0.3084 10.0708
v  0.3409 0.3558 10.1334
v  0.3082 0.3404 10.1059
v  0.2871 0.3307 10.0667
v  0.3663 -0.1156 10.1356
v  0.3316 -0.1149 10.1125
v  0.3073 -0.1155 10.0786
v  0.3471 -0.1968 10.1357
v  0.3165 -0.1806 10.1129
v  0.2950 -0.1692 10.0794
v  0.3091 -0.2236 10.1145
v  0.2941 -0.1994 10.0951
v  0.2854 -0.1791 10.0686
v  0.2681 -0.2715 10.0965
v  0.2429 -0.2451 10.0742
v  0.2272 -0.2240 10.0413
v  0.2639 -0.2856 10.0962
v  0.2330 -0.2699 10.0747
v  0.2107 -0.2569 10.0433
v  0.2666 -0.3371 10.0947
v  0.2334 -0.3366 10.0711
v  0.2104 -0.3356 10.0377
v  0.1597 -0.4429 10.0961
v  0.1602 -0.4082 10.0729
v  0.1610 -0.3839 10.0390
v  0.1871 -0.4388 10.0958
v  0.1803 -0.4042 10.0717
v  0.1761 -0.3802 10.0366
v  0.2110 -0.4283 10.0954
v  0.1953 -0.3969 10.0704
v  0.1851 -0.3751 10.0347
v  0.2373 -0.4072 10.0949
v  0.2123 -0.3832 10.0697
v  0.1951 -0.3669 10.0339
v  0.2071 -0.3498 10.0364
v  0.2307 -0.3551 10.0714
v  0.2649 -0.3623 10.0956
v  0.2022 -0.3582 10.0348
v  0.2239 -0.3688 10.0705
v  0.2552 -0.3847 10.0954
v  0.2927 -0.1412 10.0316
v  0.4092 -0.1732 10.1456
v  0.3631 -0.1599 10.1364
v  0.3294 -0.1508 10.1142
v  0.3053 -0.1448 10.0813
v  0.2594 -0.1926 10.0056
v  0.3239 -0.2791 10.1149
v  0.2890 -0.2456 10.0980
v  0.2722 -0.2231 10.0751
v  0.2623 -0.2052 10.0461
v  0.2722 0.2533 9.3666
v  0.1740 0.3516 9.3666
v  0.2664 0.2867 9.3665
v  0.2536 0.3108 9.3658
v  0.2431 0.3233 9.3665
v  0.2272 0.3360 9.3665
v  0.2028 0.3473 9.3668
v  0.2723 -0.0972 9.3697
v  0.2564 -0.1484 9.3680
v  0.2240 -0.2109 9.3521
v  0.1999 -0.2477 9.3575
v  0.1997 -0.3330 9.3513
v  0.1603 -0.3723 9.3510
v  0.1716 -0.3704 9.3462
v  0.1806 -0.3663 9.3438
v  0.1879 -0.3605 9.3431
v  0.1937 -0.3531 9.3439
v  0.1978 -0.3442 9.3465
v  0.2674 -0.1252 9.3675
v  0.2396 -0.1674 9.3644
v  -0.2717 0.3500 10.0654
v  -0.2885 0.3657 10.1054
v  -0.3082 0.3404 10.1059
v  -0.2871 0.3307 10.0667
v  -0.1982 0.3863 10.0782
v  -0.1973 0.4105 10.1121
v  -0.2316 0.4030 10.1090
v  -0.2264 0.3798 10.0729
v  -0.2629 0.3870 10.1062
v  -0.2520 0.3663 10.0672
v  -0.3659 0.2758 10.1354
v  -0.3312 0.2765 10.1121
v  -0.3223 0.3115 10.1078
v  -0.3570 0.3167 10.1338
v  -0.3409 0.3558 10.1334
v  -0.3070 0.2775 10.0781
v  -0.3316 -0.1149 10.1125
v  -0.3073 -0.1155 10.0786
v  -0.3294 -0.1508 10.1142
v  -0.3052 -0.1448 10.0813
v  -0.3091 -0.2236 10.1145
v  -0.2941 -0.1994 10.0951
v  -0.3165 -0.1806 10.1129
v  -0.3471 -0.1968 10.1357
v  -0.2854 -0.1791 10.0686
v  -0.2722 -0.2231 10.0751
v  -0.2623 -0.2052 10.0461
v  -0.2272 -0.2240 10.0413
v  -0.2429 -0.2451 10.0742
v  -0.2330 -0.2699 10.0747
v  -0.2107 -0.2569 10.0433
v  -0.1966 0.4452 10.1354
v  0.0000 0.4109 10.1124
v  0.0000 0.4456 10.1356
v  -0.2334 -0.3366 10.0711
v  -0.2104 -0.3356 10.0377
v  -0.2373 -0.4072 10.0949
v  -0.2123 -0.3832 10.0697
v  -0.2239 -0.3688 10.0705
v  -0.2552 -0.3847 10.0954
v  -0.1597 -0.4429 10.0961
v  -0.1602 -0.4082 10.0729
v  -0.1803 -0.4042 10.0717
v  -0.1871 -0.4388 10.0958
v  -0.1953 -0.3969 10.0704
v  -0.2110 -0.4283 10.0954
v  -0.2307 -0.3551 10.0714
v  -0.2071 -0.3498 10.0364
v  -0.2022 -0.3582 10.0348
v  -0.1610 -0.3839 10.0390
v  0.0000 -0.4083 10.0730
v  0.0000 -0.3840 10.0392
v  -0.3148 0.3910 10.1333
v  -0.3534 0.4284 10.1456
v  -0.3884 0.3790 10.1456
v  -0.2804 0.3270 10.0133
v  -0.2660 0.3453 10.0112
v  -0.1972 0.4929 10.1456
v  -0.2535 0.4849 10.1456
v  -0.2399 0.4367 10.1345
v  -0.2231 0.3706 10.0229
v  -0.1972 0.3749 10.0316
v  -0.3059 0.4649 10.1456
v  -0.2799 0.4187 10.1336
v  -0.2468 0.3603 10.0134
v  -0.2955 0.2765 10.0316
v  -0.2908 0.3046 10.0195
v  -0.2988 0.3084 10.0708
v  -0.4063 0.3262 10.1456
v  -0.4136 0.2765 10.1456
v  -0.4136 -0.1178 10.1456
v  -0.3663 -0.1156 10.1356
v  -0.2955 -0.1178 10.0316
v  -0.4092 -0.1732 10.1456
v  -0.3630 -0.1599 10.1364
v  -0.2950 -0.1692 10.0794
v  -0.2842 -0.1638 10.0330
v  -0.2927 -0.1412 10.0316
v  -0.3886 -0.2188 10.1456
v  -0.3321 -0.2515 10.1259
v  -0.3239 -0.2791 10.1149
v  -0.2889 -0.2456 10.0980
v  -0.2240 -0.2109 9.9934
v  -0.2594 -0.1926 10.0056
v  -0.2681 -0.2715 10.0965
v  -0.3044 -0.3031 10.1072
v  -0.2639 -0.2856 10.0962
v  -0.1999 -0.2477 9.9987
v  0.0000 0.3749 10.0316
v  0.0000 0.3865 10.0786
v  0.0000 0.4929 10.1456
v  -0.3125 -0.3360 10.1064
v  -0.2666 -0.3371 10.0947
v  -0.1997 -0.3330 9.9925
v  -0.1950 -0.3669 10.0339
v  -0.1879 -0.3605 9.9843
v  -0.1937 -0.3531 9.9852
v  -0.2988 -0.4080 10.1062
v  -0.2726 -0.4414 10.1062
v  -0.1603 -0.3723 9.9922
v  -0.1716 -0.3704 9.9875
v  -0.1761 -0.3802 10.0366
v  -0.1978 -0.4866 10.1062
v  -0.1603 -0.4904 10.1062
v  -0.1806 -0.3663 9.9850
v  -0.1851 -0.3751 10.0347
v  -0.2343 -0.4719 10.1062
v  -0.3124 -0.3724 10.1062
v  -0.2649 -0.3623 10.0956
v  -0.1978 -0.3442 9.9877
v  0.0000 -0.4904 10.1062
v  0.0000 -0.4430 10.0962
v  0.0000 -0.3723 9.9922
v  -0.2722 0.2533 9.3666
v  -0.2663 0.2867 9.3665
v  -0.2536 0.3108 9.3658
v  -0.2431 0.3233 9.3665
v  -0.2271 0.3360 9.3665
v  -0.2028 0.3473 9.3668
v  -0.1739 0.3516 9.3666
v  -0.2723 -0.0972 9.3697
v  -0.2564 -0.1484 9.3680
v  -0.2674 -0.1252 9.3675
v  -0.2240 -0.2109 9.3521
v  -0.2396 -0.1674 9.3644
v  -0.1999 -0.2477 9.3575
v  0.0000 0.3516 9.3660
v  -0.1997 -0.3330 9.3513
v  -0.1603 -0.3723 9.3510
v  -0.1716 -0.3704 9.3462
v  -0.1806 -0.3663 9.3438
v  -0.1879 -0.3605 9.3431
v  -0.1937 -0.3531 9.3439
v  -0.1978 -0.3442 9.3465
v  0.0000 -0.3723 9.3510
v  -0.2646 0.3439 9.9701
v  -0.2455 0.3587 9.9721
v  -0.2218 0.3691 9.9810
v  -0.1957 0.3734 9.9892
v  0.0000 0.3734 9.9891
v  0.1957 0.3734 9.9892
v  0.2218 0.3691 9.9810
v  0.2455 0.3587 9.9721
v  0.2646 0.3439 9.9701
v  0.2787 0.3259 9.9720
v  0.2893 0.3034 9.9778
v  0.2941 0.2750 9.9892
v  0.2941 -0.1165 9.9894
v  0.2911 -0.1401 9.9893
v  0.2825 -0.1628 9.9906
v  0.2582 -0.1910 9.9647
v  0.2240 -0.2109 9.9525
v  0.1999 -0.2477 9.9578
v  0.1997 -0.3330 9.9516
v  0.1978 -0.3442 9.9468
v  0.1937 -0.3531 9.9443
v  0.1879 -0.3605 9.9434
v  0.1806 -0.3663 9.9441
v  0.1716 -0.3704 9.9466
v  0.1603 -0.3723 9.9513
v  0.0000 -0.3723 9.9513
v  -0.1603 -0.3723 9.9513
v  -0.1716 -0.3704 9.9466
v  -0.1806 -0.3663 9.9441
v  -0.1879 -0.3605 9.9434
v  -0.1937 -0.3531 9.9443
v  -0.1978 -0.3442 9.9468
v  -0.1997 -0.3330 9.9516
v  -0.1999 -0.2477 9.9578
v  -0.2240 -0.2109 9.9525
v  -0.2582 -0.1910 9.9647
v  -0.2825 -0.1628 9.9906
v  -0.2911 -0.1401 9.9893
v  -0.2941 -0.1165 9.9894
v  -0.2940 0.2750 9.9892
v  -0.2893 0.3034 9.9778
v  -0.2787 0.3259 9.9720
v  0.1967 0.4861 10.1441
v  0.2518 0.4782 10.1440
v  0.3025 0.4588 10.1440
v  0.3485 0.4236 10.1440
v  0.3823 0.3759 10.1440
v  0.3997 0.3246 10.1440
v  0.4067 0.2760 10.1441
v  0.4067 -0.1175 10.1442
v  0.4024 -0.1715 10.1442
v  0.3833 -0.2138 10.1444
v  0.3271 -0.2464 10.1237
v  0.3185 -0.2753 10.1123
v  0.3039 -0.2934 10.1063
v  0.2987 -0.3082 10.1053
v  0.3057 -0.3368 10.1046
v  0.3056 -0.3711 10.1046
v  0.2928 -0.4046 10.1047
v  0.2677 -0.4366 10.1046
v  0.2308 -0.4660 10.1047
v  0.1961 -0.4798 10.1047
v  0.1600 -0.4835 10.1048
v  0.0000 -0.4835 10.1048
v  -0.1600 -0.4835 10.1048
v  -0.1961 -0.4798 10.1047
v  -0.2308 -0.4660 10.1047
v  -0.2677 -0.4366 10.1046
v  -0.2928 -0.4046 10.1047
v  -0.3056 -0.3711 10.1046
v  -0.3057 -0.3368 10.1046
v  -0.2971 -0.3012 10.1048
v  -0.3185 -0.2753 10.1123
v  -0.3271 -0.2464 10.1237
v  -0.3833 -0.2138 10.1444
v  -0.4024 -0.1715 10.1442
v  -0.4067 -0.1175 10.1442
v  -0.4067 0.2760 10.1441
v  -0.3997 0.3246 10.1440
v  -0.3822 0.3759 10.1440
v  -0.3485 0.4236 10.1440
v  -0.3025 0.4588 10.1440
v  -0.2518 0.4782 10.1440
v  -0.1967 0.4861 10.1441
v  0.0000 0.4861 10.1441
v  -0.2453 -0.6571 10.1048
v  -0.2152 -0.6477 10.1048
v  -0.1871 -0.6452 10.1048
v  0.0000 -0.6452 10.1048
v  0.1871 -0.6452 10.1048
v  0.2152 -0.6477 10.1048
v  0.2453 -0.6571 10.1048
v  0.2744 -0.6742 10.1048
v  0.2958 -0.6918 10.1047
v  0.2938 -0.7314 10.0990
v  0.2886 -0.7676 10.0830
v  0.2781 -0.8043 10.0504
v  0.2713 -0.8254 9.9929
v  0.2546 -0.8470 9.5449
v  0.2362 -0.8551 9.4660
v  0.1973 -0.8675 9.3987
v  0.1359 -0.8810 9.3510
v  0.0739 -0.8893 9.3237
v  0.0000 -0.8928 9.3153
v  -0.0739 -0.8893 9.3237
v  -0.1359 -0.8810 9.3510
v  -0.1973 -0.8675 9.3987
v  -0.2361 -0.8551 9.4660
v  -0.2546 -0.8470 9.5449
v  -0.2713 -0.8254 9.9929
v  -0.2781 -0.8043 10.0504
v  -0.2886 -0.7676 10.0830
v  -0.2938 -0.7314 10.0990
v  -0.2958 -0.6918 10.1047
v  -0.2744 -0.6742 10.1048
# 7597 vertices

o 23475_4
g 23475_4
s 1
f 102 103 22 21 
f 103 104 23 22 
f 104 105 24 23 
f 105 106 25 24 
f 106 107 26 25 
f 107 108 27 26 
f 108 109 28 27 
f 109 110 29 28 
f 110 111 30 29 
f 111 112 31 30 
f 112 113 32 31 
f 113 114 33 32 
f 114 115 34 33 
f 115 116 35 34 
f 116 117 36 35 
f 117 118 37 36 
f 118 119 38 37 
f 119 120 39 38 
f 120 121 40 39 
f 121 102 21 40 
f 2 1 41 42 
f 3 2 42 43 
f 4 3 43 44 
f 5 4 44 45 
f 6 5 45 46 
f 7 6 46 47 
f 8 7 47 48 
f 9 8 48 49 
f 10 9 49 50 
f 11 10 50 51 
f 12 11 51 52 
f 13 12 52 53 
f 14 13 53 54 
f 15 14 54 55 
f 16 15 55 56 
f 17 16 56 57 
f 18 17 57 58 
f 19 18 58 59 
f 20 19 59 60 
f 1 20 60 41 
f 42 41 69 70 
f 41 60 68 69 
f 60 59 67 68 
f 59 58 66 67 
f 58 57 65 66 
f 57 56 64 65 
f 56 55 63 64 
f 55 54 62 63 
f 54 53 61 62 
f 53 52 80 61 
f 52 51 79 80 
f 51 50 78 79 
f 50 49 77 78 
f 49 48 76 77 
f 48 47 75 76 
f 47 46 74 75 
f 46 45 73 74 
f 45 44 72 73 
f 44 43 71 72 
f 43 42 70 71 
f 69 90 91 70 
f 68 89 90 69 
f 67 88 89 68 
f 66 87 88 67 
f 65 86 87 66 
f 64 85 86 65 
f 63 84 85 64 
f 62 83 84 63 
f 61 82 83 62 
f 80 101 82 61 
f 79 100 101 80 
f 78 99 100 79 
f 77 98 99 78 
f 76 97 98 77 
f 75 96 97 76 
f 74 95 96 75 
f 73 94 95 74 
f 72 93 94 73 
f 71 92 93 72 
f 70 91 92 71 
f 91 90 81 
f 90 89 81 
f 89 88 81 
f 88 87 81 
f 87 86 81 
f 86 85 81 
f 85 84 81 
f 84 83 81 
f 83 82 81 
f 82 101 81 
f 101 100 81 
f 100 99 81 
f 99 98 81 
f 98 97 81 
f 97 96 81 
f 96 95 81 
f 95 94 81 
f 94 93 81 
f 93 92 81 
f 92 91 81 
f 1 2 103 102 
f 2 3 104 103 
f 3 4 105 104 
f 4 5 106 105 
f 5 6 107 106 
f 6 7 108 107 
f 7 8 109 108 
f 8 9 110 109 
f 9 10 111 110 
f 10 11 112 111 
f 11 12 113 112 
f 12 13 114 113 
f 13 14 115 114 
f 14 15 116 115 
f 15 16 117 116 
f 16 17 118 117 
f 17 18 119 118 
f 18 19 120 119 
f 19 20 121 120 
f 20 1 102 121 
f 668 667 636 635 
f 667 698 637 636 
f 698 697 638 637 
f 697 696 639 638 
f 696 695 640 639 
f 695 694 641 640 
f 694 693 642 641 
f 693 692 643 642 
f 692 691 644 643 
f 691 690 645 644 
f 690 689 646 645 
f 689 688 647 646 
f 688 687 648 647 
f 687 686 649 648 
f 686 685 650 649 
f 685 684 651 650 
f 669 668 635 666 
f 670 669 666 665 
f 671 670 665 664 
f 672 671 664 663 
f 673 672 663 662 
f 674 673 662 661 
f 675 674 661 660 
f 676 675 660 659 
f 677 676 659 658 
f 678 677 658 657 
f 679 678 657 656 
f 680 679 656 655 
f 681 680 655 654 
f 682 681 654 653 
f 683 682 653 652 
f 684 683 652 651 
f 124 187 186 123 
f 126 188 187 124 
f 128 189 188 126 
f 130 190 189 128 
f 132 191 190 130 
f 134 192 191 132 
f 136 193 192 134 
f 138 194 193 136 
f 140 195 194 138 
f 142 196 195 140 
f 144 197 196 142 
f 146 198 197 144 
f 148 199 198 146 
f 150 200 199 148 
f 152 201 200 150 
f 154 202 201 152 
f 123 186 203 157 
f 157 203 204 159 
f 159 204 205 161 
f 161 205 206 163 
f 163 206 207 165 
f 165 207 208 167 
f 167 208 209 169 
f 169 209 210 171 
f 171 210 211 173 
f 173 211 212 175 
f 175 212 213 177 
f 177 213 214 179 
f 179 214 215 181 
f 181 215 216 183 
f 183 216 217 185 
f 185 217 202 154 
f 187 218 219 186 
f 186 219 220 203 
f 203 220 221 204 
f 204 221 222 205 
f 205 222 223 206 
f 206 223 224 207 
f 207 224 225 208 
f 208 225 226 209 
f 209 226 227 210 
f 210 227 228 211 
f 211 228 229 212 
f 212 229 230 213 
f 213 230 231 214 
f 214 231 232 215 
f 215 232 233 216 
f 216 233 234 217 
f 217 234 235 202 
f 202 235 236 201 
f 201 236 237 200 
f 200 237 238 199 
f 199 238 239 198 
f 198 239 240 197 
f 197 240 241 196 
f 196 241 242 195 
f 195 242 243 194 
f 194 243 244 193 
f 193 244 245 192 
f 192 245 246 191 
f 191 246 247 190 
f 190 247 248 189 
f 189 248 249 188 
f 188 249 218 187 
f 218 831 830 219 
f 219 830 829 220 
f 220 829 828 221 
f 221 828 827 222 
f 222 827 858 223 
f 223 858 857 224 
f 224 857 856 225 
f 225 856 855 226 
f 226 855 854 227 
f 227 854 853 228 
f 228 853 852 229 
f 229 852 851 230 
f 230 851 850 231 
f 231 850 849 232 
f 232 849 848 233 
f 233 848 847 234 
f 234 847 846 235 
f 235 846 845 236 
f 236 845 844 237 
f 237 844 843 238 
f 238 843 842 239 
f 239 842 841 240 
f 240 841 840 241 
f 241 840 839 242 
f 242 839 838 243 
f 243 838 837 244 
f 244 837 836 245 
f 245 836 835 246 
f 246 835 834 247 
f 247 834 833 248 
f 248 833 832 249 
f 249 832 831 218 
f 250 282 251 
f 251 282 252 
f 252 282 253 
f 253 282 254 
f 254 282 255 
f 255 282 256 
f 256 282 257 
f 257 282 258 
f 258 282 259 
f 259 282 260 
f 260 282 261 
f 261 282 262 
f 262 282 263 
f 263 282 264 
f 264 282 265 
f 265 282 266 
f 266 282 267 
f 267 282 268 
f 268 282 269 
f 269 282 270 
f 270 282 271 
f 271 282 272 
f 272 282 273 
f 273 282 274 
f 274 282 275 
f 275 282 276 
f 276 282 277 
f 277 282 278 
f 278 282 279 
f 279 282 280 
f 280 282 281 
f 281 282 250 
f 122 571 572 125 
f 125 572 573 127 
f 127 573 574 129 
f 129 574 575 131 
f 131 575 576 133 
f 133 576 577 135 
f 135 577 578 137 
f 137 578 579 139 
f 139 579 580 141 
f 141 580 581 143 
f 143 581 582 145 
f 145 582 583 147 
f 147 583 584 149 
f 149 584 585 151 
f 151 585 586 153 
f 153 586 587 155 
f 156 588 571 122 
f 158 589 588 156 
f 160 590 589 158 
f 162 591 590 160 
f 164 592 591 162 
f 166 593 592 164 
f 168 594 593 166 
f 170 595 594 168 
f 172 596 595 170 
f 174 597 596 172 
f 176 598 597 174 
f 178 599 598 176 
f 180 600 599 178 
f 182 601 600 180 
f 184 602 601 182 
f 155 587 602 184 
f 316 315 603 604 
f 317 316 604 605 
f 318 317 605 606 
f 319 318 606 607 
f 320 319 607 608 
f 321 320 608 609 
f 322 321 609 610 
f 323 322 610 611 
f 324 323 611 612 
f 325 324 612 613 
f 326 325 613 614 
f 327 326 614 615 
f 328 327 615 616 
f 329 328 616 617 
f 330 329 617 618 
f 331 330 618 619 
f 315 332 620 603 
f 332 333 621 620 
f 333 334 622 621 
f 334 335 623 622 
f 335 336 624 623 
f 336 337 625 624 
f 337 338 626 625 
f 338 339 627 626 
f 339 340 628 627 
f 340 341 629 628 
f 341 342 630 629 
f 342 343 631 630 
f 343 344 632 631 
f 344 345 633 632 
f 345 346 634 633 
f 346 331 619 634 
f 699 732 731 700 
f 700 731 762 701 
f 701 762 761 702 
f 702 761 760 703 
f 703 760 759 704 
f 704 759 758 705 
f 705 758 757 706 
f 706 757 756 707 
f 707 756 755 708 
f 708 755 754 709 
f 709 754 753 710 
f 710 753 752 711 
f 711 752 751 712 
f 712 751 750 713 
f 713 750 749 714 
f 714 749 748 715 
f 730 733 732 699 
f 729 734 733 730 
f 728 735 734 729 
f 727 736 735 728 
f 726 737 736 727 
f 725 738 737 726 
f 724 739 738 725 
f 723 740 739 724 
f 722 741 740 723 
f 721 742 741 722 
f 720 743 742 721 
f 719 744 743 720 
f 718 745 744 719 
f 717 746 745 718 
f 716 747 746 717 
f 715 748 747 716 
f 360 552 551 359 
f 359 551 550 358 
f 358 550 549 357 
f 357 549 548 356 
f 356 548 547 355 
f 355 547 546 354 
f 354 546 545 353 
f 353 545 544 352 
f 352 544 543 351 
f 351 543 542 350 
f 350 542 541 349 
f 349 541 540 348 
f 348 540 539 347 
f 347 539 570 378 
f 378 570 569 377 
f 377 569 568 376 
f 361 553 552 360 
f 362 554 553 361 
f 363 555 554 362 
f 364 556 555 363 
f 365 557 556 364 
f 366 558 557 365 
f 367 559 558 366 
f 368 560 559 367 
f 369 561 560 368 
f 370 562 561 369 
f 371 563 562 370 
f 372 564 563 371 
f 373 565 564 372 
f 374 566 565 373 
f 375 567 566 374 
f 376 568 567 375 
f 763 796 795 764 
f 764 795 826 765 
f 765 826 825 766 
f 766 825 824 767 
f 767 824 823 768 
f 768 823 822 769 
f 769 822 821 770 
f 770 821 820 771 
f 771 820 819 772 
f 772 819 818 773 
f 773 818 817 774 
f 774 817 816 775 
f 775 816 815 776 
f 776 815 814 777 
f 777 814 813 778 
f 778 813 812 779 
f 794 797 796 763 
f 793 798 797 794 
f 792 799 798 793 
f 791 800 799 792 
f 790 801 800 791 
f 789 802 801 790 
f 788 803 802 789 
f 787 804 803 788 
f 786 805 804 787 
f 785 806 805 786 
f 784 807 806 785 
f 783 808 807 784 
f 782 809 808 783 
f 781 810 809 782 
f 780 811 810 781 
f 779 812 811 780 
f 424 520 519 423 
f 423 519 518 422 
f 422 518 517 421 
f 421 517 516 420 
f 420 516 515 419 
f 419 515 514 418 
f 418 514 513 417 
f 417 513 512 416 
f 416 512 511 415 
f 415 511 510 414 
f 414 510 509 413 
f 413 509 508 412 
f 412 508 507 411 
f 411 507 538 442 
f 442 538 537 441 
f 441 537 536 440 
f 425 521 520 424 
f 426 522 521 425 
f 427 523 522 426 
f 428 524 523 427 
f 429 525 524 428 
f 430 526 525 429 
f 431 527 526 430 
f 432 528 527 431 
f 433 529 528 432 
f 434 530 529 433 
f 435 531 530 434 
f 436 532 531 435 
f 437 533 532 436 
f 438 534 533 437 
f 439 535 534 438 
f 440 536 535 439 
f 456 475 476 455 
f 455 476 477 454 
f 454 477 478 453 
f 453 478 479 452 
f 452 479 480 451 
f 451 480 481 450 
f 450 481 482 449 
f 449 482 483 448 
f 448 483 484 447 
f 447 484 485 446 
f 446 485 486 445 
f 445 486 487 444 
f 444 487 488 443 
f 443 488 489 474 
f 474 489 490 473 
f 473 490 491 472 
f 472 491 492 471 
f 471 492 493 470 
f 470 493 494 469 
f 469 494 495 468 
f 468 495 496 467 
f 467 496 497 466 
f 466 497 498 465 
f 465 498 499 464 
f 464 499 500 463 
f 463 500 501 462 
f 462 501 502 461 
f 461 502 503 460 
f 460 503 504 459 
f 459 504 505 458 
f 458 505 506 457 
f 457 506 475 456 
f 519 520 456 455 
f 518 519 455 454 
f 517 518 454 453 
f 516 517 453 452 
f 515 516 452 451 
f 514 515 451 450 
f 513 514 450 449 
f 512 513 449 448 
f 511 512 448 447 
f 510 511 447 446 
f 509 510 446 445 
f 508 509 445 444 
f 507 508 444 443 
f 538 507 443 474 
f 537 538 474 473 
f 536 537 473 472 
f 520 521 457 456 
f 521 522 458 457 
f 522 523 459 458 
f 523 524 460 459 
f 524 525 461 460 
f 525 526 462 461 
f 526 527 463 462 
f 527 528 464 463 
f 528 529 465 464 
f 529 530 466 465 
f 530 531 467 466 
f 531 532 468 467 
f 532 533 469 468 
f 533 534 470 469 
f 534 535 471 470 
f 535 536 472 471 
f 551 552 392 391 
f 550 551 391 390 
f 549 550 390 389 
f 548 549 389 388 
f 547 548 388 387 
f 546 547 387 386 
f 545 546 386 385 
f 544 545 385 384 
f 543 544 384 383 
f 542 543 383 382 
f 541 542 382 381 
f 540 541 381 380 
f 539 540 380 379 
f 570 539 379 410 
f 569 570 410 409 
f 568 569 409 408 
f 552 553 393 392 
f 553 554 394 393 
f 554 555 395 394 
f 555 556 396 395 
f 556 557 397 396 
f 557 558 398 397 
f 558 559 399 398 
f 559 560 400 399 
f 560 561 401 400 
f 561 562 402 401 
f 562 563 403 402 
f 563 564 404 403 
f 564 565 405 404 
f 565 566 406 405 
f 566 567 407 406 
f 567 568 408 407 
f 572 571 315 316 
f 573 572 316 317 
f 574 573 317 318 
f 575 574 318 319 
f 576 575 319 320 
f 577 576 320 321 
f 578 577 321 322 
f 579 578 322 323 
f 580 579 323 324 
f 581 580 324 325 
f 582 581 325 326 
f 583 582 326 327 
f 584 583 327 328 
f 585 584 328 329 
f 586 585 329 330 
f 587 586 330 331 
f 571 588 332 315 
f 588 589 333 332 
f 589 590 334 333 
f 590 591 335 334 
f 591 592 336 335 
f 592 593 337 336 
f 593 594 338 337 
f 594 595 339 338 
f 595 596 340 339 
f 596 597 341 340 
f 597 598 342 341 
f 598 599 343 342 
f 599 600 344 343 
f 600 601 345 344 
f 601 602 346 345 
f 602 587 331 346 
f 604 603 283 284 
f 605 604 284 285 
f 606 605 285 286 
f 607 606 286 287 
f 608 607 287 288 
f 609 608 288 289 
f 610 609 289 290 
f 611 610 290 291 
f 612 611 291 292 
f 613 612 292 293 
f 614 613 293 294 
f 615 614 294 295 
f 616 615 295 296 
f 617 616 296 297 
f 618 617 297 298 
f 619 618 298 299 
f 603 620 300 283 
f 620 621 301 300 
f 621 622 302 301 
f 622 623 303 302 
f 623 624 304 303 
f 624 625 305 304 
f 625 626 306 305 
f 626 627 307 306 
f 627 628 308 307 
f 628 629 309 308 
f 629 630 310 309 
f 630 631 311 310 
f 631 632 312 311 
f 632 633 313 312 
f 633 634 314 313 
f 634 619 299 314 
f 123 635 636 124 
f 124 636 637 126 
f 126 637 638 128 
f 128 638 639 130 
f 130 639 640 132 
f 132 640 641 134 
f 134 641 642 136 
f 136 642 643 138 
f 138 643 644 140 
f 140 644 645 142 
f 142 645 646 144 
f 144 646 647 146 
f 146 647 648 148 
f 148 648 649 150 
f 150 649 650 152 
f 152 650 651 154 
f 154 651 652 185 
f 185 652 653 183 
f 183 653 654 181 
f 181 654 655 179 
f 179 655 656 177 
f 177 656 657 175 
f 175 657 658 173 
f 173 658 659 171 
f 171 659 660 169 
f 169 660 661 167 
f 167 661 662 165 
f 165 662 663 163 
f 163 663 664 161 
f 161 664 665 159 
f 159 665 666 157 
f 157 666 635 123 
f 125 667 668 122 
f 122 668 669 156 
f 156 669 670 158 
f 158 670 671 160 
f 160 671 672 162 
f 162 672 673 164 
f 164 673 674 166 
f 166 674 675 168 
f 168 675 676 170 
f 170 676 677 172 
f 172 677 678 174 
f 174 678 679 176 
f 176 679 680 178 
f 178 680 681 180 
f 180 681 682 182 
f 182 682 683 184 
f 184 683 684 155 
f 155 684 685 153 
f 153 685 686 151 
f 151 686 687 149 
f 149 687 688 147 
f 147 688 689 145 
f 145 689 690 143 
f 143 690 691 141 
f 141 691 692 139 
f 139 692 693 137 
f 137 693 694 135 
f 135 694 695 133 
f 133 695 696 131 
f 131 696 697 129 
f 129 697 698 127 
f 127 698 667 125 
f 283 699 700 284 
f 284 700 701 285 
f 285 701 702 286 
f 286 702 703 287 
f 287 703 704 288 
f 288 704 705 289 
f 289 705 706 290 
f 290 706 707 291 
f 291 707 708 292 
f 292 708 709 293 
f 293 709 710 294 
f 294 710 711 295 
f 295 711 712 296 
f 296 712 713 297 
f 297 713 714 298 
f 298 714 715 299 
f 299 715 716 314 
f 314 716 717 313 
f 313 717 718 312 
f 312 718 719 311 
f 311 719 720 310 
f 310 720 721 309 
f 309 721 722 308 
f 308 722 723 307 
f 307 723 724 306 
f 306 724 725 305 
f 305 725 726 304 
f 304 726 727 303 
f 303 727 728 302 
f 302 728 729 301 
f 301 729 730 300 
f 300 730 699 283 
f 359 731 732 360 
f 360 732 733 361 
f 361 733 734 362 
f 362 734 735 363 
f 363 735 736 364 
f 364 736 737 365 
f 365 737 738 366 
f 366 738 739 367 
f 367 739 740 368 
f 368 740 741 369 
f 369 741 742 370 
f 370 742 743 371 
f 371 743 744 372 
f 372 744 745 373 
f 373 745 746 374 
f 374 746 747 375 
f 375 747 748 376 
f 376 748 749 377 
f 377 749 750 378 
f 378 750 751 347 
f 347 751 752 348 
f 348 752 753 349 
f 349 753 754 350 
f 350 754 755 351 
f 351 755 756 352 
f 352 756 757 353 
f 353 757 758 354 
f 354 758 759 355 
f 355 759 760 356 
f 356 760 761 357 
f 357 761 762 358 
f 358 762 731 359 
f 392 763 764 391 
f 391 764 765 390 
f 390 765 766 389 
f 389 766 767 388 
f 388 767 768 387 
f 387 768 769 386 
f 386 769 770 385 
f 385 770 771 384 
f 384 771 772 383 
f 383 772 773 382 
f 382 773 774 381 
f 381 774 775 380 
f 380 775 776 379 
f 379 776 777 410 
f 410 777 778 409 
f 409 778 779 408 
f 408 779 780 407 
f 407 780 781 406 
f 406 781 782 405 
f 405 782 783 404 
f 404 783 784 403 
f 403 784 785 402 
f 402 785 786 401 
f 401 786 787 400 
f 400 787 788 399 
f 399 788 789 398 
f 398 789 790 397 
f 397 790 791 396 
f 396 791 792 395 
f 395 792 793 394 
f 394 793 794 393 
f 393 794 763 392 
f 423 795 796 424 
f 424 796 797 425 
f 425 797 798 426 
f 426 798 799 427 
f 427 799 800 428 
f 428 800 801 429 
f 429 801 802 430 
f 430 802 803 431 
f 431 803 804 432 
f 432 804 805 433 
f 433 805 806 434 
f 434 806 807 435 
f 435 807 808 436 
f 436 808 809 437 
f 437 809 810 438 
f 438 810 811 439 
f 439 811 812 440 
f 440 812 813 441 
f 441 813 814 442 
f 442 814 815 411 
f 411 815 816 412 
f 412 816 817 413 
f 413 817 818 414 
f 414 818 819 415 
f 415 819 820 416 
f 416 820 821 417 
f 417 821 822 418 
f 418 822 823 419 
f 419 823 824 420 
f 420 824 825 421 
f 421 825 826 422 
f 422 826 795 423 
f 830 831 250 251 
f 829 830 251 252 
f 828 829 252 253 
f 827 828 253 254 
f 858 827 254 255 
f 857 858 255 256 
f 856 857 256 257 
f 855 856 257 258 
f 854 855 258 259 
f 853 854 259 260 
f 852 853 260 261 
f 851 852 261 262 
f 850 851 262 263 
f 849 850 263 264 
f 848 849 264 265 
f 847 848 265 266 
f 846 847 266 267 
f 845 846 267 268 
f 844 845 268 269 
f 843 844 269 270 
f 842 843 270 271 
f 841 842 271 272 
f 840 841 272 273 
f 839 840 273 274 
f 838 839 274 275 
f 837 838 275 276 
f 836 837 276 277 
f 835 836 277 278 
f 834 835 278 279 
f 833 834 279 280 
f 832 833 280 281 
f 831 832 281 250 
f 880 861 1037 860 
f 1084 863 935 862 
f 1128 865 867 864 
f 867 883 866 864 
f 884 869 871 868 
f 871 1134 870 868 
f 873 1087 872 928 
f 886 875 1041 874 
f 1092 877 915 876 
f 1136 879 889 878 
f 900 881 861 880 
f 883 903 882 866 
f 904 885 869 884 
f 906 887 875 886 
f 889 909 888 878 
f 910 891 893 890 
f 893 1216 892 890 
f 895 1095 894 896 
f 1016 897 895 896 
f 899 1015 898 952 
f 920 901 881 900 
f 903 999 902 882 
f 1000 905 885 904 
f 922 907 887 906 
f 909 925 908 888 
f 926 911 891 910 
f 1021 913 947 912 
f 915 1022 914 876 
f 964 917 1007 916 
f 919 967 918 1004 
f 1034 921 901 920 
f 1038 923 907 922 
f 925 1011 924 908 
f 1012 927 911 926 
f 1026 929 873 928 
f 931 1025 930 944 
f 1031 933 943 932 
f 935 1032 934 862 
f 984 937 995 936 
f 939 987 938 992 
f 1759 1726 1727 1758 
f 943 1161 942 932 
f 1159 945 931 944 
f 947 1169 946 912 
f 949 1166 948 1047 
f 1165 951 1043 950 
f 1167 953 899 952 
f 1176 955 1073 954 
f 957 955 956 1074 
f 1178 959 1077 958 
f 961 959 960 1070 
f 1141 963 1049 962 
f 1111 965 917 964 
f 967 965 966 918 
f 1111 966 965 
f 969 1110 968 1053 
f 1180 971 1069 970 
f 973 971 972 1078 
f 1123 975 1055 974 
f 977 1158 976 1059 
f 1182 979 1081 978 
f 981 979 980 1066 
f 1149 983 1061 982 
f 1147 985 937 984 
f 987 985 986 938 
f 1147 986 985 
f 989 1146 988 1065 
f 1210 991 1064 990 
f 1212 993 939 992 
f 995 1129 994 936 
f 997 1105 996 1060 
f 999 1163 998 902 
f 1160 1001 905 1000 
f 1088 1003 1052 1002 
f 1106 1005 919 1004 
f 1007 1137 1006 916 
f 1009 1119 1008 1048 
f 1011 1171 1010 924 
f 1168 1013 927 1012 
f 1015 897 1014 898 
f 1016 1097 897 
f 1018 1096 1017 1042 
f 1172 1020 1046 1019 
f 1102 1022 913 1021 
f 1102 1023 1022 
f 1025 929 1024 930 
f 1026 1115 929 
f 1028 1114 1027 1054 
f 1174 1030 1058 1029 
f 1126 1032 933 1031 
f 1126 1033 1032 
f 1215 1035 921 1034 
f 1037 1130 1036 860 
f 1133 1039 923 1038 
f 1041 1138 1040 874 
f 1098 1043 1018 1042 
f 1098 1044 1043 
f 1046 949 1045 1019 
f 1047 1101 949 
f 1108 1049 1009 1048 
f 1108 1050 1049 
f 1052 969 1051 1002 
f 1053 1113 969 
f 1116 1055 1028 1054 
f 1116 1056 1055 
f 1058 977 1057 1029 
f 1059 1125 977 
f 1144 1061 997 1060 
f 1144 1062 1061 
f 1064 989 1063 990 
f 1065 1151 989 
f 1083 1067 981 1066 
f 1069 1107 1068 970 
f 1091 1071 961 1070 
f 1073 1213 1072 954 
f 1120 1075 957 1074 
f 1077 1103 1076 958 
f 1143 1079 973 1078 
f 1081 1127 1080 978 
f 996 1083 1157 1082 
f 1104 1085 863 1084 
f 1087 1132 1086 872 
f 1089 1068 1088 1195 
f 996 1105 1067 1083 
f 1107 1003 1088 1068 
f 1008 1091 1201 1090 
f 1118 1093 877 1092 
f 1095 1214 1094 894 
f 1097 1075 1096 1014 
f 1207 1099 1044 1098 
f 1101 1205 1100 1045 
f 1020 1103 1023 1102 
f 1105 994 1104 1067 
f 1107 1086 1106 1003 
f 1008 1119 1071 1091 
f 1075 1120 1017 1096 
f 1200 1109 1050 1108 
f 1111 963 1110 966 
f 1113 1198 1112 1051 
f 1115 1079 1114 1024 
f 1190 1117 1056 1116 
f 1123 976 1158 975 
f 1129 1085 1104 994 
f 1086 1132 1005 1106 
f 1119 1006 1118 1071 
f 1208 1121 1017 1120 
f 1141 968 1110 963 
f 1079 1143 1027 1114 
f 1123 1188 1122 976 
f 1125 1187 1124 1057 
f 1030 1127 1033 1126 
f 1129 1036 1128 1085 
f 1036 1130 865 1128 
f 1224 1131 865 1130 
f 870 1133 1005 1132 
f 1134 1039 1133 870 
f 1223 1135 1039 1134 
f 1137 1093 1118 1006 
f 1137 1040 1136 1093 
f 1040 1138 879 1136 
f 859 1139 879 1138 
f 1141 1199 1140 968 
f 1143 1191 1142 1027 
f 1155 1145 1062 1144 
f 1147 983 1146 986 
f 1149 988 1146 983 
f 1149 1154 1148 988 
f 1151 1152 1150 1063 
f 1762 1756 1761 
f 1762 1763 1755 1756 
f 1766 1753 1765 
f 942 1159 975 1158 
f 1161 945 1159 942 
f 1161 998 1160 945 
f 1163 1001 1160 998 
f 1163 1220 1162 1001 
f 948 1165 1206 1164 
f 1166 951 1165 948 
f 946 1167 951 1166 
f 1169 953 1167 946 
f 1169 1010 1168 953 
f 1171 1013 1168 1010 
f 1171 1234 1170 1013 
f 1172 1076 1103 1020 
f 1204 1173 1076 1172 
f 1174 1080 1127 1030 
f 1186 1175 1080 1174 
f 1767 1768 1752 
f 1176 956 955 
f 1209 1177 956 1176 
f 1178 960 959 
f 1202 1179 960 1178 
f 1180 972 971 
f 1193 1181 972 1180 
f 1182 980 979 
f 1184 1183 980 1182 
f 1774 1748 1773 
f 1774 1775 1747 1748 
f 1780 1744 1779 
f 1780 1781 1743 1744 
f 1783 1784 1741 1742 
f 1785 1741 1784 
f 1787 1740 1786 
f 1787 1788 1739 1740 
f 1791 1737 1790 
f 1793 1736 1792 
f 1793 1794 1735 1736 
f 1799 1732 1798 
f 1799 1800 1731 1732 
f 1805 1728 1804 
f 1805 1806 1727 1728 
f 1211 1072 1210 941 
f 1213 991 1210 1072 
f 1213 1094 1212 991 
f 1094 1214 993 1212 
f 892 1215 993 1214 
f 1216 1035 1215 892 
f 1231 1217 1035 1216 
f 1791 1792 1736 1737 
f 1794 1795 1734 1735 
f 1796 1797 1733 1734 
f 1795 1796 1734 
f 1797 1798 1732 1733 
f 1800 1801 1730 1731 
f 1801 1802 1730 
f 1802 1803 1729 1730 
f 1803 1804 1728 1729 
f 1806 1758 1727 
f 1759 1760 1757 1726 
f 1760 1761 1756 1757 
f 1763 1764 1754 1755 
f 1764 1765 1753 1754 
f 1766 1767 1752 1753 
f 1768 1769 1751 1752 
f 1769 1770 1750 1751 
f 1770 1771 1750 
f 1771 1772 1749 1750 
f 1772 1773 1748 1749 
f 1775 1776 1746 1747 
f 1776 1777 1746 
f 1777 1778 1745 1746 
f 1778 1779 1744 1745 
f 1782 1783 1742 
f 1781 1782 1742 1743 
f 1785 1786 1740 1741 
f 1788 1789 1738 1739 
f 1789 1790 1737 1738 
f 1139 859 1237 
f 859 1230 1237 
f 1230 1229 1237 
f 1229 1228 1237 
f 1228 1135 1237 
f 1135 1223 1237 
f 1223 1222 1237 
f 1222 1221 1237 
f 1221 1162 1237 
f 1162 1220 1237 
f 1220 1219 1237 
f 1219 1218 1237 
f 1218 1131 1237 
f 1131 1224 1237 
f 1224 1225 1237 
f 1225 1226 1237 
f 1226 1227 1237 
f 1227 1217 1237 
f 1217 1231 1237 
f 1231 1232 1237 
f 1232 1233 1237 
f 1233 1170 1237 
f 1170 1234 1237 
f 1234 1235 1237 
f 1235 1236 1237 
f 1236 1139 1237 
s 2
f 1230 859 1839 1840 
f 880 860 1841 1842 
f 1037 861 1843 1844 
f 1084 862 1845 1846 
f 935 863 1847 1848 
f 1128 864 1849 1850 
f 867 865 1851 1852 
f 864 866 1853 1849 
f 883 867 1852 1854 
f 884 868 1855 1856 
f 871 869 1857 1858 
f 868 870 1859 1855 
f 1134 871 1858 1860 
f 928 872 1861 1862 
f 1087 873 1863 1864 
f 886 874 1865 1866 
f 1041 875 1867 1868 
f 1092 876 1869 1870 
f 915 877 1871 1872 
f 1136 878 1873 1874 
f 889 879 1875 1876 
f 900 880 1842 1877 
f 861 881 1878 1843 
f 866 882 1879 1853 
f 903 883 1854 1880 
f 904 884 1856 1881 
f 869 885 1882 1857 
f 906 886 1866 1883 
f 875 887 1884 1867 
f 878 888 1885 1873 
f 909 889 1876 1886 
f 910 890 1887 1888 
f 893 891 1889 1890 
f 890 892 1891 1887 
f 1216 893 1890 1892 
f 896 894 1893 1894 
f 1095 895 1895 1896 
f 1016 896 1894 1897 
f 895 897 1898 1895 
f 952 898 1899 1900 
f 1015 899 1901 1902 
f 920 900 1877 1903 
f 881 901 1904 1878 
f 882 902 1905 1879 
f 999 903 1880 1906 
f 1000 904 1881 1907 
f 885 905 1908 1882 
f 922 906 1883 1909 
f 887 907 1910 1884 
f 888 908 1911 1885 
f 925 909 1886 1912 
f 926 910 1888 1913 
f 891 911 1914 1889 
f 1021 912 1915 1916 
f 947 913 1917 1918 
f 876 914 1919 1869 
f 1022 915 1872 1920 
f 964 916 1921 1922 
f 1007 917 1923 1924 
f 1004 918 1925 1926 
f 967 919 1927 1928 
f 1034 920 1903 1929 
f 901 921 1930 1904 
f 1038 922 1909 1931 
f 907 923 1932 1910 
f 908 924 1933 1911 
f 1011 925 1912 1934 
f 1012 926 1913 1935 
f 911 927 1936 1914 
f 1026 928 1862 1937 
f 873 929 1938 1863 
f 944 930 1939 1940 
f 1025 931 1941 1942 
f 1031 932 1943 1944 
f 943 933 1945 1946 
f 862 934 1947 1845 
f 1032 935 1848 1948 
f 984 936 1949 1950 
f 995 937 1951 1952 
f 992 938 1953 1954 
f 987 939 1955 1956 
f 1150 941 1957 1958 
f 932 942 1959 1943 
f 1161 943 1946 1960 
f 1159 944 1940 1961 
f 931 945 1962 1941 
f 912 946 1963 1915 
f 1169 947 1918 1964 
f 1047 948 1965 1966 
f 1166 949 1967 1968 
f 1165 950 1969 1970 
f 1043 951 1971 1972 
f 1167 952 1900 1973 
f 899 953 1974 1901 
f 1176 954 1975 1976 
f 1073 955 1977 1978 
f 1074 956 1979 1980 
f 955 957 1981 1977 
f 1178 958 1982 1983 
f 1077 959 1984 1985 
f 1070 960 1986 1987 
f 959 961 1988 1984 
f 1141 962 1989 1990 
f 1049 963 1991 1992 
f 1111 964 1922 1993 
f 917 965 1994 1923 
f 918 966 1995 1925 
f 965 967 1928 1994 
f 1053 968 1996 1997 
f 1110 969 1998 1999 
f 1180 970 2000 2001 
f 1069 971 2002 2003 
f 1078 972 2004 2005 
f 971 973 2006 2002 
f 1123 974 2007 2008 
f 1055 975 2009 2010 
f 1059 976 2011 2012 
f 1158 977 2013 2014 
f 1182 978 2015 2016 
f 1081 979 2017 2018 
f 1066 980 2019 2020 
f 979 981 2021 2017 
f 1149 982 2022 2023 
f 1061 983 2024 2025 
f 1147 984 1950 2026 
f 937 985 2027 1951 
f 938 986 2028 1953 
f 985 987 1956 2027 
f 1065 988 2029 2030 
f 1146 989 2031 2032 
f 1210 990 2033 2034 
f 1064 991 2035 2036 
f 1212 992 1954 2037 
f 939 993 2038 1955 
f 936 994 2039 1949 
f 1129 995 1952 2040 
f 1060 996 2041 2042 
f 1105 997 2043 2044 
f 902 998 2045 1905 
f 1163 999 1906 2046 
f 1160 1000 1907 2047 
f 905 1001 2048 1908 
f 1088 1002 2049 2050 
f 1052 1003 2051 2052 
f 1106 1004 1926 2053 
f 919 1005 2054 1927 
f 916 1006 2055 1921 
f 1137 1007 1924 2056 
f 1048 1008 2057 2058 
f 1119 1009 2059 2060 
f 924 1010 2061 1933 
f 1171 1011 1934 2062 
f 1168 1012 1935 2063 
f 927 1013 2064 1936 
f 898 1014 2065 1899 
f 897 1015 1902 1898 
f 1097 1016 1897 2066 
f 1042 1017 2067 2068 
f 1096 1018 2069 2070 
f 1172 1019 2071 2072 
f 1046 1020 2073 2074 
f 1102 1021 1916 2075 
f 913 1022 1920 1917 
f 914 1023 2076 1919 
f 930 1024 2077 1939 
f 929 1025 1942 1938 
f 1115 1026 1937 2078 
f 1054 1027 2079 2080 
f 1114 1028 2081 2082 
f 1174 1029 2083 2084 
f 1058 1030 2085 2086 
f 1126 1031 1944 2087 
f 933 1032 1948 1945 
f 934 1033 2088 1947 
f 1215 1034 1929 2089 
f 921 1035 2090 1930 
f 860 1036 2091 1841 
f 1130 1037 1844 2092 
f 1133 1038 1931 2093 
f 923 1039 2094 1932 
f 874 1040 2095 1865 
f 1138 1041 1868 2096 
f 1098 1042 2068 2097 
f 1018 1043 1972 2069 
f 950 1044 2098 1969 
f 1019 1045 2099 2071 
f 949 1046 2074 1967 
f 1101 1047 1966 2100 
f 1108 1048 2058 2101 
f 1009 1049 1992 2059 
f 962 1050 2102 1989 
f 1002 1051 2103 2049 
f 969 1052 2052 1998 
f 1113 1053 1997 2104 
f 1116 1054 2080 2105 
f 1028 1055 2010 2081 
f 974 1056 2106 2007 
f 1029 1057 2107 2083 
f 977 1058 2086 2013 
f 1125 1059 2012 2108 
f 1144 1060 2042 2109 
f 997 1061 2025 2043 
f 982 1062 2110 2022 
f 990 1063 2111 2033 
f 989 1064 2036 2031 
f 1151 1065 2030 2112 
f 1083 1066 2020 2113 
f 981 1067 2114 2021 
f 970 1068 2115 2000 
f 1107 1069 2003 2116 
f 1091 1070 1987 2117 
f 961 1071 2118 1988 
f 954 1072 2119 1975 
f 1213 1073 1978 2120 
f 1120 1074 1980 2121 
f 957 1075 2122 1981 
f 958 1076 2123 1982 
f 1103 1077 1985 2124 
f 1143 1078 2005 2125 
f 973 1079 2126 2006 
f 978 1080 2127 2015 
f 1127 1081 2018 2128 
s 4
f 996 1082 2129 2041 
f 1157 1083 2113 2130 
s 2
f 1104 1084 1846 2131 
f 863 1085 2132 1847 
f 872 1086 2133 1861 
f 1132 1087 1864 2134 
s 4
f 1195 1088 2050 2135 
f 1068 1089 2136 2115 
f 1008 1090 2137 2057 
f 1201 1091 2117 2138 
s 2
f 1118 1092 1870 2139 
f 877 1093 2140 1871 
f 894 1094 2141 1893 
f 1214 1095 1896 2142 
s 4
f 1014 1096 2070 2065 
f 1075 1097 2066 2122 
f 1207 1098 2097 2143 
f 1044 1099 2144 2098 
f 1045 1100 2145 2099 
f 1205 1101 2100 2146 
f 1020 1102 2075 2073 
f 1023 1103 2124 2076 
f 1067 1104 2131 2114 
f 994 1105 2044 2039 
f 1003 1106 2053 2051 
f 1086 1107 2116 2133 
f 1200 1108 2101 2147 
f 1050 1109 2148 2102 
f 966 1110 1999 1995 
f 963 1111 1993 1991 
f 1051 1112 2149 2103 
f 1198 1113 2104 2150 
f 1024 1114 2082 2077 
f 1079 1115 2078 2126 
f 1190 1116 2105 2151 
f 1056 1117 2152 2106 
f 1071 1118 2139 2118 
f 1006 1119 2060 2055 
f 1208 1120 2121 2153 
f 1017 1121 2154 2067 
f 976 1122 2155 2011 
f 1188 1123 2008 2156 
f 1057 1124 2157 2107 
f 1187 1125 2108 2158 
f 1030 1126 2087 2085 
f 1033 1127 2128 2088 
f 1085 1128 1850 2132 
f 1036 1129 2040 2091 
f 1224 1130 2092 2159 
f 865 1131 2160 1851 
f 870 1132 2134 1859 
f 1005 1133 2093 2054 
f 1223 1134 1860 2161 
f 1039 1135 2162 2094 
f 1093 1136 1874 2140 
f 1040 1137 2056 2095 
f 859 1138 2096 1839 
f 879 1139 2163 1875 
f 968 1140 2164 1996 
f 1199 1141 1990 2165 
f 1027 1142 2166 2079 
f 1191 1143 2125 2167 
f 1155 1144 2109 2168 
f 1062 1145 2169 2110 
f 986 1146 2032 2028 
f 983 1147 2026 2024 
f 988 1148 2170 2029 
f 1154 1149 2023 2171 
f 1063 1150 1958 2111 
f 1152 1151 2112 2172 
s 2
f 1148 1152 2172 2170 
f 1145 1154 2171 2169 
f 1082 1155 2168 2129 
f 1183 1157 2130 2173 
s 4
f 942 1158 2014 1959 
f 975 1159 1961 2009 
f 945 1160 2047 1962 
f 998 1161 1960 2045 
f 1001 1162 2174 2048 
f 1220 1163 2046 2175 
f 948 1164 2176 1965 
f 1206 1165 1970 2177 
f 946 1166 1968 1963 
f 951 1167 1973 1971 
f 953 1168 2063 1974 
f 1010 1169 1964 2061 
f 1013 1170 2178 2064 
f 1234 1171 2062 2179 
f 1204 1172 2072 2180 
f 1076 1173 2181 2123 
f 1186 1174 2084 2182 
f 1080 1175 2183 2127 
f 1209 1176 1976 2184 
f 956 1177 2185 1979 
f 1202 1178 1983 2186 
f 960 1179 2187 1986 
f 1193 1180 2001 2188 
f 972 1181 2189 2004 
f 1184 1182 2016 2190 
f 980 1183 2173 2019 
s 2
f 1175 1184 2190 2183 
f 1124 1186 2182 2157 
f 1122 1187 2158 2155 
f 1117 1188 2156 2152 
f 1142 1190 2151 2166 
f 1181 1191 2167 2189 
f 1089 1193 2188 2136 
f 1197 1195 2135 2191 
f 1112 1197 2191 2149 
f 1140 1198 2150 2164 
f 1109 1199 2165 2148 
f 1090 1200 2147 2137 
f 1179 1201 2138 2187 
f 1173 1202 2186 2181 
f 1100 1204 2180 2145 
f 1164 1205 2146 2176 
f 1099 1206 2177 2144 
f 1121 1207 2143 2154 
f 1177 1208 2153 2185 
f 1211 1209 2184 2192 
s 4
f 941 1210 2034 1957 
f 1072 1211 2192 2119 
f 991 1212 2037 2035 
f 1094 1213 2120 2141 
f 892 1214 2142 1891 
f 993 1215 2089 2038 
f 1231 1216 1892 2193 
f 1035 1217 2194 2090 
s 2
f 1131 1218 2195 2160 
f 1218 1219 2196 2195 
f 1219 1220 2175 2196 
f 1162 1221 2197 2174 
f 1221 1222 2198 2197 
f 1222 1223 2161 2198 
f 1225 1224 2159 2199 
f 1226 1225 2199 2200 
f 1227 1226 2200 2201 
f 1217 1227 2201 2194 
f 1135 1228 2202 2162 
f 1228 1229 2203 2202 
f 1229 1230 1840 2203 
f 1231 2193 2204 1232 
f 1233 1232 2204 2205 
f 1233 2205 2178 1170 
f 1234 2179 2206 1235 
f 1236 1235 2206 2207 
f 1236 2207 2163 1139 
f 1695 1688 1689 1694 
f 1697 1694 1689 1690 
f 1696 1697 1690 1691 
f 1698 1696 1691 1692 
f 1722 1698 1692 1693 
f 1723 1722 1693 1632 
f 1632 1607 1724 1723 
f 1633 1631 1607 1632 
f 1633 1807 1808 1631 
f 1633 1634 1809 1807 
f 1634 1635 1810 1809 
f 1635 1636 1811 1810 
f 1636 1637 1812 1811 
f 1637 1638 1813 1812 
f 1638 1639 1814 1813 
f 1639 1640 1815 1814 
f 1640 1641 1816 1815 
f 1642 1817 1816 1641 
f 1643 1818 1817 1642 
f 1644 1819 1818 1643 
f 1645 1820 1819 1644 
f 1646 1821 1820 1645 
f 1647 1822 1821 1646 
f 1648 1823 1822 1647 
f 1649 1824 1823 1648 
f 1650 1825 1824 1649 
f 1651 1826 1825 1650 
f 1652 1827 1826 1651 
f 1653 1828 1827 1652 
f 1654 1829 1828 1653 
f 1655 1830 1829 1654 
f 1656 1831 1830 1655 
f 1657 1832 1831 1656 
f 1658 1833 1832 1657 
f 1659 1834 1833 1658 
f 1660 1835 1834 1659 
f 1661 1836 1835 1660 
f 1662 1837 1836 1661 
f 1663 1838 1837 1662 
f 1663 1631 1808 1838 
f 1664 1607 1631 1663 
f 1700 1724 1607 1664 
f 1664 1665 1699 1700 
f 1701 1699 1665 1666 
f 1702 1701 1666 1667 
f 1703 1702 1667 1668 
f 1704 1703 1668 1669 
f 1705 1704 1669 1670 
f 1670 1671 1707 1705 
f 1706 1707 1671 1672 
f 1725 1706 1672 1673 
f 1709 1725 1673 1674 
f 1708 1709 1674 1675 
f 1710 1708 1675 1676 
f 1711 1710 1676 1677 
f 1712 1711 1677 1678 
f 1713 1712 1678 1679 
f 1714 1713 1679 1680 
f 1719 1714 1680 1681 
f 1720 1719 1681 1682 
f 1682 1683 1721 1720 
f 1716 1721 1683 1684 
f 1715 1716 1684 1685 
f 1685 1686 1717 1715 
f 1718 1717 1686 1687 
f 1695 1718 1687 1688 
f 1664 1663 1662 1665 
f 1665 1662 1661 1666 
f 1666 1661 1660 1667 
f 1667 1660 1659 1668 
f 1668 1659 1658 1669 
f 1669 1658 1657 1670 
f 1670 1657 1656 1671 
f 1671 1656 1655 1672 
f 1672 1655 1654 1673 
f 1673 1654 1653 1674 
f 1674 1653 1652 1675 
f 1675 1652 1651 1676 
f 1676 1651 1650 1677 
f 1677 1650 1649 1678 
f 1678 1649 1648 1679 
f 1679 1648 1647 1680 
f 1680 1647 1646 1681 
f 1681 1646 1645 1682 
f 1682 1645 1644 1683 
f 1683 1644 1643 1684 
f 1684 1643 1642 1685 
f 1685 1642 1641 1686 
f 1686 1641 1640 1687 
f 1687 1640 1639 1688 
f 1688 1639 1638 1689 
f 1689 1638 1637 1690 
f 1690 1637 1636 1691 
f 1691 1636 1635 1692 
f 1692 1635 1634 1693 
f 1693 1634 1633 1632 
s 1
f 1113 1051 969 
f 1044 950 1043 
f 1151 1063 989 
f 1062 982 1061 
f 1125 1057 977 
f 1056 974 1055 
f 1050 962 1049 
f 1101 1045 949 
s 2
f 1695 1694 2370 2372 
f 1694 1697 2376 2370 
f 1697 1696 2379 2376 
f 1696 1698 2382 2379 
f 1698 1722 2385 2382 
f 1722 1723 2388 2385 
f 1723 1724 2391 2388 
f 1724 1700 2394 2391 
f 1700 1699 2397 2394 
f 1699 1701 2400 2397 
f 1701 1702 2403 2400 
f 1702 1703 2406 2403 
f 1703 1704 2409 2406 
f 1704 1705 2412 2409 
f 1705 1707 2415 2412 
f 1707 1706 2418 2415 
f 1706 1725 2421 2418 
f 1725 1709 2424 2421 
f 1709 1708 2427 2424 
f 1708 1710 2430 2427 
f 1710 1711 2433 2430 
f 1711 1712 2436 2433 
f 1712 1713 2439 2436 
f 1713 1714 2442 2439 
f 1714 1719 2445 2442 
f 1719 1720 2448 2445 
f 1720 1721 2451 2448 
f 1721 1716 2454 2451 
f 1716 1715 2457 2454 
f 1715 1717 2460 2457 
f 1717 1718 2463 2460 
f 1718 1695 2372 2463 
s 1
f 940 1609 1727 1726 
f 1609 1610 1728 1727 
f 1610 1611 1729 1728 
f 1611 1612 1730 1729 
f 1612 1613 1731 1730 
f 1613 1614 1732 1731 
f 1614 1615 1733 1732 
f 1615 1203 1734 1733 
f 1203 1616 1735 1734 
f 1616 1617 1736 1735 
f 1617 1618 1737 1736 
f 1618 1619 1738 1737 
f 1619 1620 1739 1738 
f 1620 1621 1740 1739 
f 1621 1196 1741 1740 
f 1196 1194 1742 1741 
f 1194 1192 1743 1742 
f 1192 1622 1744 1743 
f 1622 1623 1745 1744 
f 1623 1189 1746 1745 
f 1189 1624 1747 1746 
f 1624 1625 1748 1747 
f 1625 1626 1749 1748 
f 1626 1185 1750 1749 
f 1185 1627 1751 1750 
f 1627 1628 1752 1751 
f 1628 1156 1753 1752 
f 1156 1629 1754 1753 
f 1629 1153 1755 1754 
f 1153 1630 1756 1755 
f 1630 1608 1757 1756 
f 1608 940 1726 1757 
f 941 1150 1759 1758 
f 1150 1152 1760 1759 
f 1152 1148 1761 1760 
f 1148 1154 1762 1761 
f 1154 1145 1763 1762 
f 1145 1155 1764 1763 
f 1155 1082 1765 1764 
f 1082 1157 1766 1765 
f 1157 1183 1767 1766 
f 1183 1184 1768 1767 
f 1184 1175 1769 1768 
f 1175 1186 1770 1769 
f 1186 1124 1771 1770 
f 1124 1187 1772 1771 
f 1187 1122 1773 1772 
f 1122 1188 1774 1773 
f 1188 1117 1775 1774 
f 1117 1190 1776 1775 
f 1190 1142 1777 1776 
f 1142 1191 1778 1777 
f 1191 1181 1779 1778 
f 1181 1193 1780 1779 
f 1193 1089 1781 1780 
f 1089 1195 1782 1781 
f 1195 1197 1783 1782 
f 1197 1112 1784 1783 
f 1112 1198 1785 1784 
f 1198 1140 1786 1785 
f 1140 1199 1787 1786 
f 1199 1109 1788 1787 
f 1109 1200 1789 1788 
f 1200 1090 1790 1789 
f 1090 1201 1791 1790 
f 1201 1179 1792 1791 
f 1179 1202 1793 1792 
f 1202 1173 1794 1793 
f 1173 1204 1795 1794 
f 1204 1100 1796 1795 
f 1100 1205 1797 1796 
f 1205 1164 1798 1797 
f 1164 1206 1799 1798 
f 1206 1099 1800 1799 
f 1099 1207 1801 1800 
f 1207 1121 1802 1801 
f 1121 1208 1803 1802 
f 1208 1177 1804 1803 
f 1177 1209 1805 1804 
f 1209 1211 1806 1805 
f 1211 941 1758 1806 
s 2
f 1807 1608 1630 1808 
f 1809 940 1608 1807 
f 1810 1609 940 1809 
f 1811 1610 1609 1810 
f 1812 1611 1610 1811 
f 1813 1612 1611 1812 
f 1814 1613 1612 1813 
f 1815 1614 1613 1814 
f 1816 1615 1614 1815 
f 1817 1203 1615 1816 
f 1818 1616 1203 1817 
f 1819 1617 1616 1818 
f 1820 1618 1617 1819 
f 1821 1619 1618 1820 
f 1822 1620 1619 1821 
f 1823 1621 1620 1822 
f 1824 1196 1621 1823 
f 1825 1194 1196 1824 
f 1826 1192 1194 1825 
f 1827 1622 1192 1826 
f 1828 1623 1622 1827 
f 1829 1189 1623 1828 
f 1830 1624 1189 1829 
f 1831 1625 1624 1830 
f 1832 1626 1625 1831 
f 1833 1185 1626 1832 
f 1834 1627 1185 1833 
f 1835 1628 1627 1834 
f 1836 1156 1628 1835 
f 1837 1629 1156 1836 
f 1838 1153 1629 1837 
f 1808 1630 1153 1838 
s 1
f 1023 914 1022 
f 1097 1014 897 
s 2
f 1839 1238 1599 1840 
f 1841 1239 1259 1842 
f 1843 1240 1415 1844 
f 1845 1241 1462 1846 
f 1847 1242 1314 1848 
f 1849 1243 1506 1850 
f 1851 1244 1246 1852 
f 1853 1245 1243 1849 
f 1852 1246 1262 1854 
f 1855 1247 1263 1856 
f 1857 1248 1250 1858 
f 1859 1249 1247 1855 
f 1858 1250 1511 1860 
f 1861 1251 1307 1862 
f 1863 1252 1465 1864 
f 1865 1253 1265 1866 
f 1867 1254 1419 1868 
f 1869 1255 1470 1870 
f 1871 1256 1294 1872 
f 1873 1257 1513 1874 
f 1875 1258 1268 1876 
f 1842 1259 1279 1877 
f 1878 1260 1240 1843 
f 1879 1261 1245 1853 
f 1854 1262 1282 1880 
f 1856 1263 1283 1881 
f 1882 1264 1248 1857 
f 1866 1265 1285 1883 
f 1884 1266 1254 1867 
f 1885 1267 1257 1873 
f 1876 1268 1288 1886 
f 1887 1269 1289 1888 
f 1889 1270 1272 1890 
f 1891 1271 1269 1887 
f 1890 1272 1584 1892 
f 1893 1273 1275 1894 
f 1895 1274 1473 1896 
f 1894 1275 1394 1897 
f 1898 1276 1274 1895 
f 1899 1277 1330 1900 
f 1901 1278 1393 1902 
f 1877 1279 1299 1903 
f 1904 1280 1260 1878 
f 1905 1281 1261 1879 
f 1880 1282 1377 1906 
f 1881 1283 1378 1907 
f 1908 1284 1264 1882 
f 1883 1285 1301 1909 
f 1910 1286 1266 1884 
f 1911 1287 1267 1885 
f 1886 1288 1304 1912 
f 1888 1289 1305 1913 
f 1914 1290 1270 1889 
f 1915 1291 1399 1916 
f 1917 1292 1325 1918 
f 1919 1293 1255 1869 
f 1872 1294 1400 1920 
f 1921 1295 1342 1922 
f 1923 1296 1385 1924 
f 1925 1297 1382 1926 
f 1927 1298 1345 1928 
f 1903 1299 1412 1929 
f 1930 1300 1280 1904 
f 1909 1301 1416 1931 
f 1932 1302 1286 1910 
f 1933 1303 1287 1911 
f 1912 1304 1389 1934 
f 1913 1305 1390 1935 
f 1936 1306 1290 1914 
f 1862 1307 1404 1937 
f 1938 1308 1252 1863 
f 1939 1309 1322 1940 
f 1941 1310 1403 1942 
f 1943 1311 1409 1944 
f 1945 1312 1321 1946 
f 1947 1313 1241 1845 
f 1848 1314 1410 1948 
f 1949 1315 1362 1950 
f 1951 1316 1373 1952 
f 1953 1317 1370 1954 
f 1955 1318 1365 1956 
f 1957 1319 1526 1958 
f 1959 1320 1311 1943 
f 1946 1321 1535 1960 
f 1940 1322 1533 1961 
f 1962 1323 1310 1941 
f 1963 1324 1291 1915 
f 1918 1325 1543 1964 
f 1965 1326 1425 1966 
f 1967 1327 1540 1968 
f 1969 1328 1539 1970 
f 1971 1329 1421 1972 
f 1900 1330 1541 1973 
f 1974 1331 1278 1901 
f 1975 1332 1550 1976 
f 1977 1333 1451 1978 
f 1979 1334 1452 1980 
f 1981 1335 1333 1977 
f 1982 1336 1552 1983 
f 1984 1337 1455 1985 
f 1986 1338 1448 1987 
f 1988 1339 1337 1984 
f 1989 1340 1517 1990 
f 1991 1341 1427 1992 
f 1922 1342 1489 1993 
f 1994 1343 1296 1923 
f 1995 1344 1297 1925 
f 1928 1345 1343 1994 
f 1996 1346 1431 1997 
f 1998 1347 1488 1999 
f 2000 1348 1554 2001 
f 2002 1349 1447 2003 
f 2004 1350 1456 2005 
f 2006 1351 1349 2002 
f 2007 1352 1501 2008 
f 2009 1353 1433 2010 
f 2011 1354 1437 2012 
f 2013 1355 1532 2014 
f 2015 1356 1556 2016 
f 2017 1357 1459 2018 
f 2019 1358 1444 2020 
f 2021 1359 1357 2017 
f 2022 1360 1525 2023 
f 2024 1361 1439 2025 
f 1950 1362 1523 2026 
f 2027 1363 1316 1951 
f 2028 1364 1317 1953 
f 1956 1365 1363 2027 
f 2029 1366 1443 2030 
f 2031 1367 1522 2032 
f 2033 1368 1578 2034 
f 2035 1369 1442 2036 
f 1954 1370 1580 2037 
f 2038 1371 1318 1955 
f 2039 1372 1315 1949 
f 1952 1373 1507 2040 
f 2041 1374 1438 2042 
f 2043 1375 1483 2044 
f 2045 1376 1281 1905 
f 1906 1377 1537 2046 
f 1907 1378 1534 2047 
f 2048 1379 1284 1908 
f 2049 1380 1466 2050 
f 2051 1381 1430 2052 
f 1926 1382 1484 2053 
f 2054 1383 1298 1927 
f 2055 1384 1295 1921 
f 1924 1385 1514 2056 
f 2057 1386 1426 2058 
f 2059 1387 1497 2060 
f 2061 1388 1303 1933 
f 1934 1389 1545 2062 
f 1935 1390 1542 2063 
f 2064 1391 1306 1936 
f 2065 1392 1277 1899 
f 1902 1393 1276 1898 
f 1897 1394 1475 2066 
f 2067 1395 1420 2068 
f 2069 1396 1474 2070 
f 2071 1397 1546 2072 
f 2073 1398 1424 2074 
f 1916 1399 1480 2075 
f 1920 1400 1292 1917 
f 2076 1401 1293 1919 
f 2077 1402 1309 1939 
f 1942 1403 1308 1938 
f 1937 1404 1493 2078 
f 2079 1405 1432 2080 
f 2081 1406 1492 2082 
f 2083 1407 1548 2084 
f 2085 1408 1436 2086 
f 1944 1409 1504 2087 
f 1948 1410 1312 1945 
f 2088 1411 1313 1947 
f 1929 1412 1583 2089 
f 2090 1413 1300 1930 
f 2091 1414 1239 1841 
f 1844 1415 1508 2092 
f 1931 1416 1510 2093 
f 2094 1417 1302 1932 
f 2095 1418 1253 1865 
f 1868 1419 1515 2096 
f 2068 1420 1476 2097 
f 1972 1421 1396 2069 
f 2098 1422 1328 1969 
f 2099 1423 1397 2071 
f 2074 1424 1327 1967 
f 1966 1425 1479 2100 
f 2058 1426 1486 2101 
f 1992 1427 1387 2059 
f 2102 1428 1340 1989 
f 2103 1429 1380 2049 
f 2052 1430 1347 1998 
f 1997 1431 1491 2104 
f 2080 1432 1494 2105 
f 2010 1433 1406 2081 
f 2106 1434 1352 2007 
f 2107 1435 1407 2083 
f 2086 1436 1355 2013 
f 2012 1437 1503 2108 
f 2042 1438 1520 2109 
f 2025 1439 1375 2043 
f 2110 1440 1360 2022 
f 2111 1441 1368 2033 
f 2036 1442 1367 2031 
f 2030 1443 1527 2112 
f 2020 1444 1461 2113 
f 2114 1445 1359 2021 
f 2115 1446 1348 2000 
f 2003 1447 1485 2116 
f 1987 1448 1469 2117 
f 2118 1449 1339 1988 
f 2119 1450 1332 1975 
f 1978 1451 1581 2120 
f 1980 1452 1498 2121 
f 2122 1453 1335 1981 
f 2123 1454 1336 1982 
f 1985 1455 1481 2124 
f 2005 1456 1519 2125 
f 2126 1457 1351 2006 
f 2127 1458 1356 2015 
f 2018 1459 1505 2128 
s 4
f 2129 1460 1374 2041 
f 2113 1461 1531 2130 
s 2
f 1846 1462 1482 2131 
f 2132 1463 1242 1847 
f 2133 1464 1251 1861 
f 1864 1465 1509 2134 
s 4
f 2050 1466 1565 2135 
f 2136 1467 1446 2115 
f 2137 1468 1386 2057 
f 2117 1469 1570 2138 
s 2
f 1870 1470 1496 2139 
f 2140 1471 1256 1871 
f 2141 1472 1273 1893 
f 1896 1473 1582 2142 
s 4
f 2070 1474 1392 2065 
f 2066 1475 1453 2122 
f 2097 1476 1575 2143 
f 2144 1477 1422 2098 
f 2145 1478 1423 2099 
f 2100 1479 1573 2146 
f 2075 1480 1398 2073 
f 2124 1481 1401 2076 
f 2131 1482 1445 2114 
f 2044 1483 1372 2039 
f 2053 1484 1381 2051 
f 2116 1485 1464 2133 
f 2101 1486 1569 2147 
f 2148 1487 1428 2102 
f 1999 1488 1344 1995 
f 1993 1489 1341 1991 
f 2149 1490 1429 2103 
f 2104 1491 1567 2150 
f 2082 1492 1402 2077 
f 2078 1493 1457 2126 
f 2105 1494 1562 2151 
f 2152 1495 1434 2106 
f 2139 1496 1449 2118 
f 2060 1497 1384 2055 
f 2121 1498 1576 2153 
f 2154 1499 1395 2067 
f 2155 1500 1354 2011 
f 2008 1501 1561 2156 
f 2157 1502 1435 2107 
f 2108 1503 1560 2158 
f 2087 1504 1408 2085 
f 2128 1505 1411 2088 
f 1850 1506 1463 2132 
f 2040 1507 1414 2091 
f 2092 1508 1593 2159 
f 2160 1586 1244 1851 
f 2134 1509 1249 1859 
f 2093 1510 1383 2054 
f 1860 1511 1592 2161 
f 2162 1512 1417 2094 
f 1874 1513 1471 2140 
f 2056 1514 1418 2095 
f 2096 1515 1238 1839 
f 2163 1606 1258 1875 
f 2164 1516 1346 1996 
f 1990 1517 1568 2165 
f 2166 1518 1405 2079 
f 2125 1519 1563 2167 
f 2109 1520 1530 2168 
f 2169 1521 1440 2110 
f 2032 1522 1364 2028 
f 2026 1523 1361 2024 
f 2170 1524 1366 2029 
f 2023 1525 1529 2171 
f 1958 1526 1441 2111 
f 2112 1527 1528 2172 
s 2
f 2172 1528 1524 2170 
f 2171 1529 1521 2169 
f 2168 1530 1460 2129 
f 2130 1531 1557 2173 
s 4
f 2014 1532 1320 1959 
f 1961 1533 1353 2009 
f 2047 1534 1323 1962 
f 1960 1535 1376 2045 
f 2174 1536 1379 2048 
f 2046 1537 1589 2175 
f 2176 1538 1326 1965 
f 1970 1539 1574 2177 
f 1968 1540 1324 1963 
f 1973 1541 1329 1971 
f 2063 1542 1331 1974 
f 1964 1543 1388 2061 
f 2178 1544 1391 2064 
f 2062 1545 1603 2179 
f 2072 1546 1572 2180 
f 2181 1547 1454 2123 
f 2084 1548 1559 2182 
f 2183 1549 1458 2127 
f 1976 1550 1577 2184 
f 2185 1551 1334 1979 
f 1983 1552 1571 2186 
f 2187 1553 1338 1986 
f 2001 1554 1564 2188 
f 2189 1555 1350 2004 
f 2016 1556 1558 2190 
f 2173 1557 1358 2019 
s 2
f 2190 1558 1549 2183 
f 2182 1559 1502 2157 
f 2158 1560 1500 2155 
f 2156 1561 1495 2152 
f 2151 1562 1518 2166 
f 2167 1563 1555 2189 
f 2188 1564 1467 2136 
f 2135 1565 1566 2191 
f 2191 1566 1490 2149 
f 2150 1567 1516 2164 
f 2165 1568 1487 2148 
f 2147 1569 1468 2137 
f 2138 1570 1553 2187 
f 2186 1571 1547 2181 
f 2180 1572 1478 2145 
f 2146 1573 1538 2176 
f 2177 1574 1477 2144 
f 2143 1575 1499 2154 
f 2153 1576 1551 2185 
f 2184 1577 1579 2192 
s 4
f 2034 1578 1319 1957 
f 2192 1579 1450 2119 
f 2037 1580 1369 2035 
f 2120 1581 1472 2141 
f 2142 1582 1271 1891 
f 2089 1583 1371 2038 
f 1892 1584 1600 2193 
f 2194 1585 1413 2090 
s 2
f 2195 1587 1586 2160 
f 2196 1588 1587 2195 
f 2175 1589 1588 2196 
f 2197 1590 1536 2174 
f 2198 1591 1590 2197 
f 2161 1592 1591 2198 
f 2159 1593 1594 2199 
f 2199 1594 1595 2200 
f 2200 1595 1596 2201 
f 2201 1596 1585 2194 
f 2202 1597 1512 2162 
f 2203 1598 1597 2202 
f 1840 1599 1598 2203 
f 2193 1600 1601 2204 
f 2204 1601 1602 2205 
f 2205 1602 1544 2178 
f 2179 1603 1604 2206 
f 2206 1604 1605 2207 
f 2207 1605 1606 2163 
s 1
f 1033 934 1032 
f 1115 1024 929 
f 1238 1419 1254 1599 
f 1239 1373 1316 1259 
f 1240 1595 1594 1415 
f 1241 1357 1359 1462 
f 1242 1506 1243 1314 
f 1244 1586 1246 
f 1247 1252 1308 1263 
f 1248 1591 1592 1250 
f 1251 1447 1349 1307 
f 1253 1385 1296 1265 
f 1255 1337 1339 1470 
f 1256 1513 1257 1294 
f 1258 1606 1268 
f 1269 1274 1276 1289 
f 1270 1601 1600 1272 
f 1273 1451 1333 1275 
f 1277 1396 1421 1330 
f 1291 1327 1424 1399 
f 1295 1387 1427 1342 
f 1297 1347 1430 1382 
f 1309 1406 1433 1322 
f 1311 1355 1436 1409 
f 1315 1375 1439 1362 
f 1317 1367 1442 1370 
f 1319 1368 1441 1526 
f 1326 1538 1573 1425 
f 1328 1477 1574 1539 
f 1332 1579 1577 1550 
f 1334 1551 1576 1452 
f 1336 1547 1571 1552 
f 1338 1553 1570 1448 
f 1340 1487 1568 1517 
f 1346 1516 1567 1431 
f 1348 1467 1564 1554 
f 1350 1555 1563 1456 
f 1352 1495 1561 1501 
f 1354 1500 1560 1437 
f 1356 1549 1558 1556 
f 1358 1557 1531 1444 
f 1360 1521 1529 1525 
f 1366 1524 1528 1443 
f 1374 1460 1530 1438 
f 1380 1566 1565 1466 
f 1386 1468 1426 
f 1395 1499 1575 1420 
f 1397 1478 1572 1546 
f 1405 1518 1562 1432 
f 1407 1502 1559 1548 
f 1427 1341 1489 1342 
f 1295 1384 1497 1387 
f 1339 1449 1496 1470 
f 1255 1293 1455 1337 
f 1293 1401 1481 1455 
f 1424 1398 1480 1399 
f 1291 1324 1540 1327 
f 1397 1423 1478 
f 1336 1454 1547 
f 1570 1469 1448 
f 1468 1569 1486 1426 
f 1297 1344 1488 1347 
f 1430 1381 1484 1382 
f 1380 1429 1490 1566 
f 1567 1491 1431 
f 1348 1446 1467 
f 1251 1464 1485 1447 
f 1349 1351 1404 1307 
f 1351 1457 1493 1404 
f 1309 1402 1492 1406 
f 1433 1353 1533 1322 
f 1562 1494 1432 
f 1352 1434 1495 
f 1560 1503 1437 
f 1311 1320 1532 1355 
f 1436 1408 1504 1409 
f 1313 1411 1505 1459 
f 1241 1313 1459 1357 
f 1359 1445 1482 1462 
f 1356 1458 1549 
f 1407 1435 1502 
f 1563 1519 1456 
f 1531 1461 1444 
f 1530 1520 1438 
f 1315 1372 1483 1375 
f 1439 1361 1523 1362 
f 1360 1440 1521 
f 1317 1364 1522 1367 
f 1442 1369 1580 1370 
f 1528 1527 1443 
f 1319 1578 1368 
f 1318 1371 1583 1412 
f 1365 1318 1412 1299 
f 1363 1365 1299 1279 
f 1316 1363 1279 1259 
f 1239 1414 1507 1373 
f 1243 1245 1410 1314 
f 1245 1261 1312 1410 
f 1261 1281 1321 1312 
f 1281 1376 1535 1321 
f 1242 1463 1506 
f 1310 1323 1534 1378 
f 1403 1310 1378 1283 
f 1308 1403 1283 1263 
f 1247 1249 1465 1252 
f 1249 1509 1465 
f 1298 1383 1510 1416 
f 1345 1298 1416 1301 
f 1343 1345 1301 1285 
f 1296 1343 1285 1265 
f 1253 1418 1514 1385 
f 1592 1511 1250 
f 1248 1264 1590 1591 
f 1264 1284 1590 
f 1284 1379 1536 1590 
f 1588 1589 1537 1377 
f 1587 1588 1377 1282 
f 1587 1282 1262 
f 1586 1587 1262 1246 
f 1594 1593 1508 1415 
f 1240 1260 1596 1595 
f 1260 1280 1596 
f 1280 1300 1585 1596 
f 1300 1413 1585 
f 1600 1584 1272 
f 1270 1290 1602 1601 
f 1290 1306 1544 1602 
f 1306 1391 1544 
f 1269 1271 1473 1274 
f 1271 1582 1473 
f 1276 1393 1305 1289 
f 1393 1278 1390 1305 
f 1278 1331 1542 1390 
f 1333 1335 1394 1275 
f 1273 1472 1581 1451 
f 1335 1453 1475 1394 
f 1277 1392 1474 1396 
f 1421 1329 1541 1330 
f 1332 1450 1579 
f 1576 1498 1452 
f 1575 1476 1420 
f 1328 1422 1477 
f 1573 1479 1425 
f 1340 1428 1487 
f 1286 1302 1597 
f 1254 1266 1598 1599 
f 1266 1286 1597 1598 
f 1238 1515 1419 
f 1302 1417 1512 1597 
f 1606 1605 1288 1268 
f 1605 1604 1304 1288 
f 1604 1389 1304 
f 1604 1603 1545 1389 
f 1257 1267 1400 1294 
f 1267 1287 1292 1400 
f 1287 1303 1325 1292 
f 1303 1388 1543 1325 
f 1256 1471 1513 
f 2373 2369 2274 2276 
f 2369 2375 2280 2274 
f 2375 2378 2283 2280 
f 2378 2381 2286 2283 
f 2381 2384 2289 2286 
f 2384 2387 2292 2289 
f 2387 2390 2295 2292 
f 2390 2393 2298 2295 
f 2393 2396 2301 2298 
f 2396 2399 2304 2301 
f 2399 2402 2307 2304 
f 2402 2405 2310 2307 
f 2405 2408 2313 2310 
f 2408 2411 2316 2313 
f 2411 2414 2319 2316 
f 2414 2417 2322 2319 
f 2417 2420 2325 2322 
f 2420 2423 2328 2325 
f 2423 2426 2331 2328 
f 2426 2429 2334 2331 
f 2429 2432 2337 2334 
f 2432 2435 2340 2337 
f 2435 2438 2343 2340 
f 2438 2441 2346 2343 
f 2441 2444 2349 2346 
f 2444 2447 2352 2349 
f 2447 2450 2355 2352 
f 2450 2453 2358 2355 
f 2453 2456 2361 2358 
f 2456 2459 2364 2361 
f 2459 2462 2367 2364 
f 2462 2373 2276 2367 
s 2
f 2277 2273 2240 2241 
f 2273 2279 2243 2240 
f 2279 2282 2242 2243 
f 2282 2285 2244 2242 
f 2285 2288 2268 2244 
f 2288 2291 2269 2268 
f 2291 2294 2270 2269 
f 2294 2297 2246 2270 
f 2297 2300 2245 2246 
f 2300 2303 2247 2245 
f 2303 2306 2248 2247 
f 2306 2309 2249 2248 
f 2309 2312 2250 2249 
f 2312 2315 2251 2250 
f 2315 2318 2253 2251 
f 2318 2321 2252 2253 
f 2321 2324 2271 2252 
f 2324 2327 2255 2271 
f 2327 2330 2254 2255 
f 2330 2333 2256 2254 
f 2333 2336 2257 2256 
f 2336 2339 2258 2257 
f 2339 2342 2259 2258 
f 2342 2345 2260 2259 
f 2345 2348 2265 2260 
f 2348 2351 2266 2265 
f 2351 2354 2267 2266 
f 2354 2357 2262 2267 
f 2357 2360 2261 2262 
f 2360 2363 2263 2261 
f 2363 2366 2264 2263 
f 2366 2277 2241 2264 
f 2240 2208 2209 2241 
f 2243 2211 2208 2240 
f 2242 2210 2211 2243 
f 2244 2212 2210 2242 
f 2268 2236 2212 2244 
f 2269 2237 2236 2268 
f 2270 2238 2237 2269 
f 2246 2214 2238 2270 
f 2245 2213 2214 2246 
f 2247 2215 2213 2245 
f 2248 2216 2215 2247 
f 2249 2217 2216 2248 
f 2250 2218 2217 2249 
f 2251 2219 2218 2250 
f 2253 2221 2219 2251 
f 2252 2220 2221 2253 
f 2271 2239 2220 2252 
f 2255 2223 2239 2271 
f 2254 2222 2223 2255 
f 2256 2224 2222 2254 
f 2257 2225 2224 2256 
f 2258 2226 2225 2257 
f 2259 2227 2226 2258 
f 2260 2228 2227 2259 
f 2265 2233 2228 2260 
f 2266 2234 2233 2265 
f 2267 2235 2234 2266 
f 2262 2230 2235 2267 
f 2261 2229 2230 2262 
f 2263 2231 2229 2261 
f 2264 2232 2231 2263 
f 2241 2209 2232 2264 
s 1
f 2276 2274 2272 2275 
f 2274 2280 2278 2272 
f 2280 2283 2281 2278 
f 2283 2286 2284 2281 
f 2286 2289 2287 2284 
f 2289 2292 2290 2287 
f 2292 2295 2293 2290 
f 2295 2298 2296 2293 
f 2298 2301 2299 2296 
f 2301 2304 2302 2299 
f 2304 2307 2305 2302 
f 2307 2310 2308 2305 
f 2310 2313 2311 2308 
f 2313 2316 2314 2311 
f 2316 2319 2317 2314 
f 2319 2322 2320 2317 
f 2322 2325 2323 2320 
f 2325 2328 2326 2323 
f 2328 2331 2329 2326 
f 2331 2334 2332 2329 
f 2334 2337 2335 2332 
f 2337 2340 2338 2335 
f 2340 2343 2341 2338 
f 2343 2346 2344 2341 
f 2346 2349 2347 2344 
f 2349 2352 2350 2347 
f 2352 2355 2353 2350 
f 2355 2358 2356 2353 
f 2358 2361 2359 2356 
f 2361 2364 2362 2359 
f 2364 2367 2365 2362 
f 2367 2276 2275 2365 
s 2
f 2273 2277 2275 2272 
f 2279 2273 2272 2278 
f 2282 2279 2278 2281 
f 2285 2282 2281 2284 
f 2288 2285 2284 2287 
f 2291 2288 2287 2290 
f 2294 2291 2290 2293 
f 2297 2294 2293 2296 
f 2300 2297 2296 2299 
f 2303 2300 2299 2302 
f 2306 2303 2302 2305 
f 2309 2306 2305 2308 
f 2312 2309 2308 2311 
f 2315 2312 2311 2314 
f 2318 2315 2314 2317 
f 2321 2318 2317 2320 
f 2324 2321 2320 2323 
f 2327 2324 2323 2326 
f 2330 2327 2326 2329 
f 2333 2330 2329 2332 
f 2336 2333 2332 2335 
f 2339 2336 2335 2338 
f 2342 2339 2338 2341 
f 2345 2342 2341 2344 
f 2348 2345 2344 2347 
f 2351 2348 2347 2350 
f 2354 2351 2350 2353 
f 2357 2354 2353 2356 
f 2360 2357 2356 2359 
f 2363 2360 2359 2362 
f 2366 2363 2362 2365 
f 2277 2366 2365 2275 
f 2372 2370 2368 2371 
f 2370 2376 2374 2368 
f 2376 2379 2377 2374 
f 2379 2382 2380 2377 
f 2382 2385 2383 2380 
f 2385 2388 2386 2383 
f 2388 2391 2389 2386 
f 2391 2394 2392 2389 
f 2394 2397 2395 2392 
f 2397 2400 2398 2395 
f 2400 2403 2401 2398 
f 2403 2406 2404 2401 
f 2406 2409 2407 2404 
f 2409 2412 2410 2407 
f 2412 2415 2413 2410 
f 2415 2418 2416 2413 
f 2418 2421 2419 2416 
f 2421 2424 2422 2419 
f 2424 2427 2425 2422 
f 2427 2430 2428 2425 
f 2430 2433 2431 2428 
f 2433 2436 2434 2431 
f 2436 2439 2437 2434 
f 2439 2442 2440 2437 
f 2442 2445 2443 2440 
f 2445 2448 2446 2443 
f 2448 2451 2449 2446 
f 2451 2454 2452 2449 
f 2454 2457 2455 2452 
f 2457 2460 2458 2455 
f 2460 2463 2461 2458 
f 2463 2372 2371 2461 
s 1
f 2369 2373 2371 2368 
f 2375 2369 2368 2374 
f 2378 2375 2374 2377 
f 2381 2378 2377 2380 
f 2384 2381 2380 2383 
f 2387 2384 2383 2386 
f 2390 2387 2386 2389 
f 2393 2390 2389 2392 
f 2396 2393 2392 2395 
f 2399 2396 2395 2398 
f 2402 2399 2398 2401 
f 2405 2402 2401 2404 
f 2408 2405 2404 2407 
f 2411 2408 2407 2410 
f 2414 2411 2410 2413 
f 2417 2414 2413 2416 
f 2420 2417 2416 2419 
f 2423 2420 2419 2422 
f 2426 2423 2422 2425 
f 2429 2426 2425 2428 
f 2432 2429 2428 2431 
f 2435 2432 2431 2434 
f 2438 2435 2434 2437 
f 2441 2438 2437 2440 
f 2444 2441 2440 2443 
f 2447 2444 2443 2446 
f 2450 2447 2446 2449 
f 2453 2450 2449 2452 
f 2456 2453 2452 2455 
f 2459 2456 2455 2458 
f 2462 2459 2458 2461 
f 2373 2462 2461 2371 
f 2465 2466 2497 2496 
f 2466 2467 2498 2497 
f 2467 2468 2499 2498 
f 2468 2469 2500 2499 
f 2469 2470 2501 2500 
f 2470 2471 2502 2501 
f 2471 2472 2503 2502 
f 2472 2473 2504 2503 
f 2473 2474 2505 2504 
f 2474 2475 2506 2505 
f 2475 2476 2507 2506 
f 2476 2477 2508 2507 
f 2477 2478 2509 2508 
f 2478 2479 2510 2509 
f 2479 2480 2511 2510 
f 2480 2481 2512 2511 
f 2481 2482 2513 2512 
f 2482 2483 2514 2513 
f 2483 2484 2515 2514 
f 2484 2485 2516 2515 
f 2485 2486 2517 2516 
f 2486 2487 2518 2517 
f 2487 2488 2519 2518 
f 2488 2489 2520 2519 
f 2489 2490 2521 2520 
f 2490 2491 2522 2521 
f 2491 2492 2523 2522 
f 2492 2493 2524 2523 
f 2493 2494 2525 2524 
f 2494 2495 2526 2525 
f 2495 2464 2527 2526 
f 2464 2465 2496 2527 
f 2722 2724 2614 2618 
f 2726 2722 2618 2620 
f 2728 2726 2620 2531 
f 2531 2529 2776 2728 
f 2531 2532 2530 2529 
f 2532 2533 2528 2530 
f 2533 2786 2788 2528 
f 2790 2786 2533 2623 
f 2792 2790 2623 2622 
f 2794 2792 2622 2617 
f 2796 2794 2617 2616 
f 2616 2611 2798 2796 
f 2611 2610 2800 2798 
f 2610 2605 2802 2800 
f 2605 2604 2804 2802 
f 2604 2599 2806 2804 
f 2599 2598 2808 2806 
f 2598 2593 2810 2808 
f 2593 2592 2812 2810 
f 2592 2587 2814 2812 
f 2587 2586 2816 2814 
f 2586 2581 2818 2816 
f 2581 2580 2820 2818 
f 2580 2575 2822 2820 
f 2575 2574 2824 2822 
f 2574 2569 2826 2824 
f 2569 2568 2828 2826 
f 2568 2563 2830 2828 
f 2563 2562 2832 2830 
f 2562 2557 2834 2832 
f 2557 2556 2836 2834 
f 2556 2551 2838 2836 
f 2551 2550 2840 2838 
f 2550 2545 2842 2840 
f 2545 2544 2844 2842 
f 2544 2539 2846 2844 
f 2539 2536 2848 2846 
f 2612 2614 2724 2730 
f 2608 2612 2730 2732 
f 2606 2608 2732 2780 
f 2602 2606 2780 2782 
f 2600 2602 2782 2734 
f 2596 2600 2734 2736 
f 2594 2596 2736 2784 
f 2590 2594 2784 2738 
f 2588 2590 2738 2740 
f 2584 2588 2740 2742 
f 2582 2584 2742 2744 
f 2578 2582 2744 2746 
f 2576 2578 2746 2748 
f 2748 2778 2572 2576 
f 2778 2750 2570 2572 
f 2750 2752 2566 2570 
f 2752 2754 2564 2566 
f 2754 2756 2560 2564 
f 2756 2758 2558 2560 
f 2758 2760 2554 2558 
f 2552 2554 2760 2762 
f 2548 2552 2762 2764 
f 2764 2766 2546 2548 
f 2766 2768 2542 2546 
f 2768 2770 2540 2542 
f 2770 2772 2537 2540 
f 2772 2774 2534 2537 
f 2529 2534 2774 2776 
f 2529 2530 2535 2534 
f 2530 2528 2536 2535 
f 2528 2788 2848 2536 
f 2534 2535 2538 2537 
f 2535 2536 2539 2538 
f 2537 2538 2541 2540 
f 2540 2541 2543 2542 
f 2538 2539 2544 2541 
f 2541 2544 2545 2543 
f 2542 2543 2547 2546 
f 2546 2547 2549 2548 
f 2543 2545 2550 2547 
f 2547 2550 2551 2549 
f 2548 2549 2553 2552 
f 2552 2553 2555 2554 
f 2549 2551 2556 2553 
f 2553 2556 2557 2555 
f 2554 2555 2559 2558 
f 2558 2559 2561 2560 
f 2555 2557 2562 2559 
f 2559 2562 2563 2561 
f 2560 2561 2565 2564 
f 2564 2565 2567 2566 
f 2561 2563 2568 2565 
f 2565 2568 2569 2567 
f 2566 2567 2571 2570 
f 2570 2571 2573 2572 
f 2567 2569 2574 2571 
f 2571 2574 2575 2573 
f 2572 2573 2577 2576 
f 2576 2577 2579 2578 
f 2573 2575 2580 2577 
f 2577 2580 2581 2579 
f 2578 2579 2583 2582 
f 2582 2583 2585 2584 
f 2579 2581 2586 2583 
f 2583 2586 2587 2585 
f 2584 2585 2589 2588 
f 2588 2589 2591 2590 
f 2585 2587 2592 2589 
f 2589 2592 2593 2591 
f 2590 2591 2595 2594 
f 2594 2595 2597 2596 
f 2591 2593 2598 2595 
f 2595 2598 2599 2597 
f 2596 2597 2601 2600 
f 2600 2601 2603 2602 
f 2597 2599 2604 2601 
f 2601 2604 2605 2603 
f 2602 2603 2607 2606 
f 2606 2607 2609 2608 
f 2603 2605 2610 2607 
f 2607 2610 2611 2609 
f 2608 2609 2613 2612 
f 2612 2613 2615 2614 
f 2609 2611 2616 2613 
f 2613 2616 2617 2615 
f 2614 2615 2619 2618 
f 2618 2619 2621 2620 
f 2615 2617 2622 2619 
f 2619 2622 2623 2621 
f 2620 2621 2532 2531 
f 2621 2623 2533 2532 
f 2745 2851 2853 2747 
f 2853 2855 2749 2747 
f 2857 2779 2749 2855 
f 2859 2751 2779 2857 
f 2861 2753 2751 2859 
f 2863 2755 2753 2861 
f 2865 2757 2755 2863 
f 2867 2759 2757 2865 
f 2869 2761 2759 2867 
f 2871 2763 2761 2869 
f 2873 2765 2763 2871 
f 2875 2767 2765 2873 
f 2877 2769 2767 2875 
f 2879 2771 2769 2877 
f 2881 2773 2771 2879 
f 2883 2775 2773 2881 
f 2885 2777 2775 2883 
f 2885 2887 2729 2777 
f 2887 2889 2727 2729 
f 2889 2891 2723 2727 
f 2891 2893 2725 2723 
f 2893 2895 2731 2725 
f 2895 2897 2733 2731 
f 2897 2899 2781 2733 
f 2899 2901 2783 2781 
f 2901 2903 2735 2783 
f 2903 2905 2737 2735 
f 2905 2907 2785 2737 
f 2907 2909 2739 2785 
f 2909 2911 2741 2739 
f 2911 2913 2743 2741 
f 2913 2851 2745 2743 
f 2627 2628 2625 2626 
f 2629 2628 2631 2630 
f 2630 2631 2634 2635 
f 2635 2634 2637 2638 
f 2638 2637 2640 2641 
f 2641 2640 2643 2644 
f 2644 2643 2646 2647 
f 2647 2646 2649 2650 
f 2650 2649 2652 2653 
f 2653 2652 2655 2656 
f 2656 2655 2658 2659 
f 2659 2658 2661 2662 
f 2662 2661 2664 2665 
f 2665 2664 2667 2668 
f 2668 2667 2670 2671 
f 2671 2670 2673 2674 
f 2674 2673 2676 2677 
f 2677 2676 2679 2680 
f 2680 2679 2682 2683 
f 2683 2682 2685 2686 
f 2686 2685 2688 2689 
f 2689 2688 2691 2692 
f 2692 2691 2694 2695 
f 2695 2694 2697 2698 
f 2698 2697 2700 2701 
f 2701 2700 2703 2704 
f 2704 2703 2706 2707 
f 2707 2706 2709 2710 
f 2710 2709 2712 2713 
f 2713 2712 2715 2716 
f 2716 2715 2718 2719 
f 2719 2718 2625 2624 
f 2629 2914 2916 2624 
f 2628 2629 2624 2625 
f 2626 2854 2852 2627 
f 2627 2852 2850 2632 
f 2628 2627 2632 2631 
f 2630 2918 2914 2629 
f 2632 2850 2912 2633 
f 2631 2632 2633 2634 
f 2635 2920 2918 2630 
f 2633 2912 2910 2636 
f 2634 2633 2636 2637 
f 2638 2922 2920 2635 
f 2636 2910 2908 2639 
f 2637 2636 2639 2640 
f 2641 2924 2922 2638 
f 2639 2908 2906 2642 
f 2640 2639 2642 2643 
f 2644 2926 2924 2641 
f 2642 2906 2904 2645 
f 2643 2642 2645 2646 
f 2647 2928 2926 2644 
f 2645 2904 2902 2648 
f 2646 2645 2648 2649 
f 2650 2930 2928 2647 
f 2648 2902 2900 2651 
f 2649 2648 2651 2652 
f 2653 2932 2930 2650 
f 2651 2900 2898 2654 
f 2652 2651 2654 2655 
f 2656 2934 2932 2653 
f 2654 2898 2896 2657 
f 2655 2654 2657 2658 
f 2659 2936 2934 2656 
f 2657 2896 2894 2660 
f 2658 2657 2660 2661 
f 2662 2938 2936 2659 
f 2660 2894 2892 2663 
f 2661 2660 2663 2664 
f 2665 2940 2938 2662 
f 2663 2892 2890 2666 
f 2664 2663 2666 2667 
f 2668 2942 2940 2665 
f 2666 2890 2888 2669 
f 2667 2666 2669 2670 
f 2671 2944 2942 2668 
f 2669 2888 2886 2672 
f 2670 2669 2672 2673 
f 2674 2946 2944 2671 
f 2672 2886 2884 2675 
f 2673 2672 2675 2676 
f 2677 2948 2946 2674 
f 2675 2884 2882 2678 
f 2676 2675 2678 2679 
f 2680 2950 2948 2677 
f 2678 2882 2880 2681 
f 2679 2678 2681 2682 
f 2683 2952 2950 2680 
f 2681 2880 2878 2684 
f 2682 2681 2684 2685 
f 2686 2954 2952 2683 
f 2684 2878 2876 2687 
f 2685 2684 2687 2688 
f 2689 2956 2954 2686 
f 2687 2876 2874 2690 
f 2688 2687 2690 2691 
f 2692 2958 2956 2689 
f 2690 2874 2872 2693 
f 2691 2690 2693 2694 
f 2695 2960 2958 2692 
f 2693 2872 2870 2696 
f 2694 2693 2696 2697 
f 2698 2962 2960 2695 
f 2696 2870 2868 2699 
f 2697 2696 2699 2700 
f 2701 2964 2962 2698 
f 2699 2868 2866 2702 
f 2700 2699 2702 2703 
f 2704 2966 2964 2701 
f 2702 2866 2864 2705 
f 2703 2702 2705 2706 
f 2707 2968 2966 2704 
f 2705 2864 2862 2708 
f 2706 2705 2708 2709 
f 2710 2970 2968 2707 
f 2708 2862 2860 2711 
f 2709 2708 2711 2712 
f 2713 2972 2970 2710 
f 2711 2860 2858 2714 
f 2712 2711 2714 2715 
f 2716 2974 2972 2713 
f 2714 2858 2856 2717 
f 2715 2714 2717 2718 
f 2719 2976 2974 2716 
f 2717 2856 2854 2626 
f 2718 2717 2626 2625 
f 2624 2916 2976 2719 
f 2789 2787 2720 
f 2787 2791 2720 
f 2791 2793 2720 
f 2793 2795 2720 
f 2795 2797 2720 
f 2797 2799 2720 
f 2799 2801 2720 
f 2801 2803 2720 
f 2803 2805 2720 
f 2805 2807 2720 
f 2807 2809 2720 
f 2809 2811 2720 
f 2811 2813 2720 
f 2813 2815 2720 
f 2815 2817 2720 
f 2817 2819 2720 
f 2819 2821 2720 
f 2821 2823 2720 
f 2823 2825 2720 
f 2825 2827 2720 
f 2827 2829 2720 
f 2829 2831 2720 
f 2831 2833 2720 
f 2833 2835 2720 
f 2835 2837 2720 
f 2837 2839 2720 
f 2839 2841 2720 
f 2841 2843 2720 
f 2843 2845 2720 
f 2845 2847 2720 
f 2847 2849 2720 
f 2849 2789 2720 
f 2917 2915 2721 
f 2915 2919 2721 
f 2919 2921 2721 
f 2921 2923 2721 
f 2923 2925 2721 
f 2925 2927 2721 
f 2927 2929 2721 
f 2929 2931 2721 
f 2931 2933 2721 
f 2933 2935 2721 
f 2935 2937 2721 
f 2937 2939 2721 
f 2939 2941 2721 
f 2941 2943 2721 
f 2943 2945 2721 
f 2945 2947 2721 
f 2947 2949 2721 
f 2949 2951 2721 
f 2951 2953 2721 
f 2953 2955 2721 
f 2955 2957 2721 
f 2957 2959 2721 
f 2959 2961 2721 
f 2961 2963 2721 
f 2963 2965 2721 
f 2965 2967 2721 
f 2967 2969 2721 
f 2969 2971 2721 
f 2971 2973 2721 
f 2973 2975 2721 
f 2975 2977 2721 
f 2977 2917 2721 
f 2745 2747 2746 2744 
f 2747 2749 2748 2746 
f 2749 2779 2778 2748 
f 2779 2751 2750 2778 
f 2751 2753 2752 2750 
f 2753 2755 2754 2752 
f 2755 2757 2756 2754 
f 2757 2759 2758 2756 
f 2759 2761 2760 2758 
f 2761 2763 2762 2760 
f 2763 2765 2764 2762 
f 2765 2767 2766 2764 
f 2767 2769 2768 2766 
f 2769 2771 2770 2768 
f 2771 2773 2772 2770 
f 2773 2775 2774 2772 
f 2775 2777 2776 2774 
f 2777 2729 2728 2776 
f 2729 2727 2726 2728 
f 2727 2723 2722 2726 
f 2723 2725 2724 2722 
f 2725 2731 2730 2724 
f 2731 2733 2732 2730 
f 2733 2781 2780 2732 
f 2781 2783 2782 2780 
f 2783 2735 2734 2782 
f 2735 2737 2736 2734 
f 2737 2785 2784 2736 
f 2785 2739 2738 2784 
f 2739 2741 2740 2738 
f 2741 2743 2742 2740 
f 2743 2745 2744 2742 
f 2787 2789 2788 2786 
f 2791 2787 2786 2790 
f 2793 2791 2790 2792 
f 2795 2793 2792 2794 
f 2797 2795 2794 2796 
f 2799 2797 2796 2798 
f 2801 2799 2798 2800 
f 2803 2801 2800 2802 
f 2805 2803 2802 2804 
f 2807 2805 2804 2806 
f 2809 2807 2806 2808 
f 2811 2809 2808 2810 
f 2813 2811 2810 2812 
f 2815 2813 2812 2814 
f 2817 2815 2814 2816 
f 2819 2817 2816 2818 
f 2821 2819 2818 2820 
f 2823 2821 2820 2822 
f 2825 2823 2822 2824 
f 2827 2825 2824 2826 
f 2829 2827 2826 2828 
f 2831 2829 2828 2830 
f 2833 2831 2830 2832 
f 2835 2833 2832 2834 
f 2837 2835 2834 2836 
f 2839 2837 2836 2838 
f 2841 2839 2838 2840 
f 2843 2841 2840 2842 
f 2845 2843 2842 2844 
f 2847 2845 2844 2846 
f 2849 2847 2846 2848 
f 2789 2849 2848 2788 
f 2853 2851 2850 2852 
f 2855 2853 2852 2854 
f 2857 2855 2854 2856 
f 2859 2857 2856 2858 
f 2861 2859 2858 2860 
f 2863 2861 2860 2862 
f 2865 2863 2862 2864 
f 2867 2865 2864 2866 
f 2869 2867 2866 2868 
f 2871 2869 2868 2870 
f 2873 2871 2870 2872 
f 2875 2873 2872 2874 
f 2877 2875 2874 2876 
f 2879 2877 2876 2878 
f 2881 2879 2878 2880 
f 2883 2881 2880 2882 
f 2885 2883 2882 2884 
f 2887 2885 2884 2886 
f 2889 2887 2886 2888 
f 2891 2889 2888 2890 
f 2893 2891 2890 2892 
f 2895 2893 2892 2894 
f 2897 2895 2894 2896 
f 2899 2897 2896 2898 
f 2901 2899 2898 2900 
f 2903 2901 2900 2902 
f 2905 2903 2902 2904 
f 2907 2905 2904 2906 
f 2909 2907 2906 2908 
f 2911 2909 2908 2910 
f 2913 2911 2910 2912 
f 2851 2913 2912 2850 
f 2915 2917 2916 2914 
f 2919 2915 2914 2918 
f 2921 2919 2918 2920 
f 2923 2921 2920 2922 
f 2925 2923 2922 2924 
f 2927 2925 2924 2926 
f 2929 2927 2926 2928 
f 2931 2929 2928 2930 
f 2933 2931 2930 2932 
f 2935 2933 2932 2934 
f 2937 2935 2934 2936 
f 2939 2937 2936 2938 
f 2941 2939 2938 2940 
f 2943 2941 2940 2942 
f 2945 2943 2942 2944 
f 2947 2945 2944 2946 
f 2949 2947 2946 2948 
f 2951 2949 2948 2950 
f 2953 2951 2950 2952 
f 2955 2953 2952 2954 
f 2957 2955 2954 2956 
f 2959 2957 2956 2958 
f 2961 2959 2958 2960 
f 2963 2961 2960 2962 
f 2965 2963 2962 2964 
f 2967 2965 2964 2966 
f 2969 2967 2966 2968 
f 2971 2969 2968 2970 
f 2973 2971 2970 2972 
f 2975 2973 2972 2974 
f 2977 2975 2974 2976 
f 2917 2977 2976 2916 
f 3668 3624 3364 3332 
f 3332 3364 3363 3333 
f 3333 3363 3362 3334 
f 3334 3362 3361 3335 
f 3335 3361 3360 3336 
f 3336 3360 3359 3337 
f 3337 3359 3358 3338 
f 3338 3358 3357 3339 
f 3684 3346 3347 3625 
f 3346 3345 3348 3347 
f 3345 3344 3349 3348 
f 3344 3343 3350 3349 
f 3343 3342 3351 3350 
f 3342 3341 3352 3351 
f 3341 3340 3353 3352 
f 3340 3661 3354 3353 
f 3354 3661 4822 
f 3356 3339 4892 
f 3355 3661 3662 
f 2978 3707 4732 4709 
f 2979 2978 4709 4710 
f 2980 2979 4710 4711 
f 2981 2980 4711 4712 
f 2982 2981 4712 4713 
f 2983 2982 4713 4714 
f 2984 2983 4714 4715 
f 2985 2984 4715 4716 
f 3626 2986 4717 4727 
f 2986 2987 4718 4717 
f 2987 2988 4719 4718 
f 2988 2989 4720 4719 
f 2989 2990 4721 4720 
f 2990 2991 4722 4721 
f 2991 2992 4723 4722 
f 2992 2993 4724 4723 
f 2995 4886 4898 4725 
f 2994 3663 4729 4726 
f 2993 4781 4879 4724 
f 3365 3745 3842 3072 
f 3366 3365 3072 3073 
f 3367 3366 3073 3074 
f 3368 3367 3074 3075 
f 3369 3368 3075 3076 
f 3370 3369 3076 3077 
f 3371 3370 3077 3078 
f 3372 3371 3078 3079 
f 3628 3382 3014 3754 
f 3382 3381 3015 3014 
f 3381 3380 3016 3015 
f 3380 3379 3017 3016 
f 3379 3378 3018 3017 
f 3378 3377 3019 3018 
f 3377 3376 3020 3019 
f 3376 3375 3021 3020 
f 3373 4893 4888 3080 
f 3374 3666 3667 3022 
f 3375 4823 4783 3021 
f 3754 3014 3023 3629 
f 3014 3015 3024 3023 
f 3015 3016 3025 3024 
f 3016 3017 3026 3025 
f 3017 3018 3027 3026 
f 3018 3019 3028 3027 
f 3019 3020 3029 3028 
f 3020 3030 3031 3029 
f 3021 4783 4784 3033 
f 3030 4785 4786 3031 
f 3036 4787 4788 3039 
f 3039 4788 4789 3041 
f 3041 4789 4790 3043 
f 3035 3037 4806 4805 
f 3032 3034 4804 4803 
f 3044 3045 3630 3803 
f 3046 3047 3045 3044 
f 3048 3049 3047 3046 
f 3050 3051 3049 3048 
f 3052 3053 3051 3050 
f 3054 3055 3053 3052 
f 3056 3057 3055 3054 
f 3036 3039 3057 3056 
f 3045 3058 3817 3630 
f 3047 3059 3058 3045 
f 3049 3060 3059 3047 
f 3051 3061 3060 3049 
f 3053 3062 3061 3051 
f 3055 3063 3062 3053 
f 3057 3043 3063 3055 
f 3039 3041 3057 
f 3023 3044 3803 3629 
f 3024 3046 3044 3023 
f 3025 3048 3046 3024 
f 3026 3050 3048 3025 
f 3027 3052 3050 3026 
f 3028 3054 3052 3027 
f 3029 3056 3054 3028 
f 3031 3036 3056 3029 
f 3041 3043 3057 
f 3020 3021 3033 
f 3020 3033 3030 
f 3824 3444 3064 3631 
f 3444 3443 3065 3064 
f 3443 3442 3066 3065 
f 3442 3441 3067 3066 
f 3441 3440 3068 3067 
f 3440 3439 3069 3068 
f 3439 3438 3437 3069 
f 3043 4790 5005 4996 
f 3072 3842 3632 3425 
f 3073 3072 3425 3424 
f 3074 3073 3424 3423 
f 3075 3074 3423 3422 
f 3076 3075 3422 3421 
f 3077 3076 3421 3420 
f 3078 3077 3420 3419 
f 3079 3078 3419 3418 
f 3383 3080 3384 
f 3080 4888 4894 3417 
f 3384 3080 3417 3416 
f 3385 3384 3415 
f 3387 3386 3415 3414 
f 3388 3387 3414 
f 3389 3388 3414 5000 
f 3386 3385 3415 
f 3389 5000 4999 
f 3391 3412 3589 3584 
f 3394 3409 3408 3395 
f 3399 3404 3403 3400 
f 4920 4923 4922 4921 
f 3408 3407 3396 3395 
f 3407 3406 3397 3396 
f 3406 3405 3398 3397 
f 3405 3404 3399 3398 
f 3081 3633 4631 4598 
f 3082 3081 4598 4599 
f 3083 3082 4599 4600 
f 3084 3083 4600 4601 
f 3085 3084 4601 4602 
f 3086 3085 4602 4603 
f 3087 3086 4603 4604 
f 3088 3087 4604 4605 
f 3089 4889 4896 4606 
f 3091 3090 4607 4608 
f 3092 3091 4608 4609 
f 3093 3092 4609 4610 
f 3096 3094 4611 4612 
f 3100 3489 4623 4614 
f 3101 3100 4614 4615 
f 3105 3104 4616 4617 
f 3634 3107 4618 4629 
f 3109 3101 4615 4619 
f 3104 3113 4620 4616 
f 3113 3111 4621 4620 
f 3111 3109 4619 4621 
f 3459 3458 3140 3141 
f 3462 3605 3491 3486 
f 3143 4513 4514 3493 
f 3145 4511 4512 3495 
f 3147 4509 4510 3497 
f 3149 4507 4508 3499 
f 3151 4505 4506 3501 
f 3153 4503 4504 3503 
f 3155 4501 4502 3505 
f 3157 4499 4500 3507 
f 3159 4497 4498 3509 
f 3984 4495 4496 3520 
f 3637 3988 3575 3493 
f 3143 3323 3576 3495 
f 3145 3324 3577 3497 
f 3147 3325 3578 3499 
f 3149 3326 3579 3501 
f 3151 3327 3580 3503 
f 3153 3328 3581 3505 
f 3155 3329 3582 3507 
f 3157 3330 3583 3509 
f 3159 3331 3520 
f 4006 4525 4526 3511 
f 3161 4527 4528 3512 
f 3162 4529 4530 3513 
f 3163 4531 4532 3514 
f 3164 4533 4534 3515 
f 3165 4535 4536 3516 
f 3166 4537 4538 3517 
f 3167 4539 4540 3518 
f 3168 4541 4542 3519 
f 3169 4543 4544 4570 
f 3179 3531 3532 3180 
f 3181 3533 3534 3182 
f 3183 3535 3536 3184 
f 3185 3537 3538 3186 
f 3187 3539 3540 3188 
f 3189 3541 3542 3190 
f 3191 3543 3544 3192 
f 3193 3545 3546 3194 
f 3195 3547 3548 3196 
f 3638 3549 3550 3639 
f 3170 3521 3531 3179 
f 3171 3522 3533 3181 
f 3172 3523 3535 3183 
f 3173 3524 3537 3185 
f 3174 3525 3539 3187 
f 3175 3526 3541 3189 
f 3176 3527 3543 3191 
f 3177 3528 3545 3193 
f 3178 3529 3547 3195 
f 3640 3530 3549 3638 
f 3180 3532 3593 3197 
f 3182 3534 3594 3198 
f 3184 3536 3595 3199 
f 3186 3538 3596 3200 
f 3188 3540 3597 3201 
f 3190 3542 3598 3202 
f 3192 3544 3599 3203 
f 3194 3546 3600 3204 
f 3196 3548 3601 3205 
f 3639 3550 3602 4101 
f 4103 3641 3551 3593 
f 3197 3206 3552 3594 
f 3198 3207 3553 3595 
f 3199 3436 3592 3596 
f 3200 3435 3591 3597 
f 3201 3434 3590 3598 
f 3202 3431 3430 3599 
f 3203 3428 3427 3600 
f 3205 3426 4119 3602 
f 3217 3206 3197 
f 3095 3488 4824 4793 
f 3099 3102 4813 4814 
f 3103 3106 4815 4816 
f 4972 4902 4903 4973 
f 3114 3103 4816 4818 
f 3102 3110 4819 4813 
f 3110 3112 4820 4819 
f 3112 3114 4818 4820 
f 3402 3642 4141 3401 
f 4964 4900 4901 4965 
f 3108 3644 4831 4817 
f 3203 3429 3428 
f 3202 3433 3432 
f 3430 3429 3203 
f 3202 3432 3431 
f 3411 3588 3585 3392 
f 3097 3487 4624 4622 
f 3460 3603 3560 3222 
f 3098 3558 4825 4811 
f 3130 3557 4625 4613 
f 3461 3604 3562 3142 
f 3410 3587 3586 3393 
f 3220 3563 4826 4821 
f 3090 3089 4606 4607 
f 3645 3223 3470 3646 
f 3223 3225 3471 3470 
f 3225 3227 3472 3471 
f 3227 3229 3473 3472 
f 3229 3231 3474 3473 
f 3231 3233 3475 3474 
f 3233 3235 3476 3475 
f 3235 3237 3477 3476 
f 3237 3239 3478 3477 
f 3239 3451 3479 3478 
f 3451 3450 3480 3479 
f 3450 3449 3481 3480 
f 3449 3448 3482 3481 
f 3448 3447 3483 3482 
f 3446 3445 3484 3483 
f 3445 3648 3647 3484 
s 2
f 4384 4383 4416 4415 
f 4383 4414 4417 4416 
f 4414 4413 4418 4417 
f 4413 4412 4419 4418 
f 4412 4411 4420 4419 
f 4411 4410 4421 4420 
f 4410 4409 4422 4421 
f 4409 4408 4423 4422 
f 4408 4407 4424 4423 
f 4407 4406 4425 4424 
f 4406 4405 4426 4425 
f 4405 4404 4427 4426 
f 4404 4403 4428 4427 
f 4403 4402 4429 4428 
f 4402 4401 4430 4429 
f 4401 4400 4431 4430 
s 1
f 3239 3452 3451 
f 3239 3237 3454 3453 
f 3447 3446 3483 
f 3452 3239 3453 
f 3223 3645 3651 3262 
f 3225 3223 3262 3263 
f 3227 3225 3263 3264 
f 3229 3227 3264 3265 
f 3231 3229 3265 3140 
f 3262 3651 4249 3266 
f 3263 3262 3266 3267 
f 3264 3263 3267 3268 
f 3265 3264 3268 3269 
f 3140 3265 3269 3141 
f 3064 3551 3641 3631 
f 3065 3217 3551 3064 
f 3066 3206 3217 3065 
f 3067 3552 3206 3066 
f 3068 3207 3552 3067 
f 3069 3553 3207 3068 
f 3437 3436 3553 3069 
f 3071 3095 4793 4810 
f 3413 3412 3391 3390 
f 3094 3093 4610 4611 
f 3458 3457 3231 3140 
f 3455 3233 3231 3456 
f 3454 3237 3235 
f 3455 3454 3235 3233 
f 3231 3457 3456 
f 3266 4249 4982 4980 
f 3272 4261 4260 3564 
f 3270 3652 3653 3565 
f 4910 4929 4928 4911 
f 4265 4989 4988 3271 
f 4909 4931 4930 4908 
f 3468 3467 3275 
f 4912 4927 4926 4913 
f 3463 3462 3486 3277 
f 3464 3463 3277 3276 
f 3654 3655 3469 3485 
f 3276 3277 4987 3275 
f 3465 3276 3466 
f 3465 3464 3276 
f 3141 3269 3568 3560 
f 3273 3142 3562 3566 
f 3278 3486 3491 3567 
f 3269 3268 4986 3568 
f 3279 3893 4660 4573 
f 3280 3279 4573 4574 
f 3281 3280 4574 4575 
f 3282 3281 4575 4576 
f 3283 3282 4576 4577 
f 3284 3283 4577 4578 
f 3285 3284 4578 4579 
f 3286 3285 4579 4580 
f 3287 4891 4897 4581 
f 3289 3288 4582 4583 
f 3290 3289 4583 4584 
f 3291 3290 4584 4585 
f 3293 3292 4586 4587 
f 3295 3569 4626 4589 
f 3296 3295 4589 4590 
f 3298 3297 4591 4592 
f 3635 3299 4593 4680 
f 3300 3296 4590 4594 
f 3297 3301 4595 4591 
f 3301 3302 4596 4595 
f 3302 3300 4594 4596 
f 4966 4916 4917 4967 
f 3303 3570 4627 4597 
f 3294 3571 4628 4588 
f 3288 3287 4581 4582 
f 3292 3291 4585 4586 
f 3306 3305 4804 4805 
f 3308 3307 4806 4807 
f 3309 3308 4807 4808 
f 3310 3309 4808 4809 
f 3306 3307 4787 4786 
f 3304 3305 4785 4784 
f 3311 4998 5006 4810 
f 3313 3572 4827 4812 
f 3315 3314 4794 4795 
f 3317 3316 4796 4797 
f 4974 4918 4919 4975 
f 3319 3317 4797 4799 
f 3314 3320 4800 4794 
f 3320 3321 4801 4800 
f 3321 3319 4799 4801 
f 3318 3643 4832 4798 
f 3312 3573 4828 4792 
f 3322 3574 4829 4802 
f 3311 3313 4812 4791 
f 3323 3575 3511 3161 
f 3324 3576 3512 3162 
f 3325 3577 3513 3163 
f 3326 3578 3514 3164 
f 3327 3579 3515 3165 
f 3328 3580 3516 3166 
f 3329 3581 3517 3167 
f 3330 3582 3518 3168 
f 3331 3583 3519 3169 
f 4282 3668 3332 
f 4282 3332 3333 
f 4282 3333 3334 
f 4282 3334 3335 
f 4282 3335 3336 
f 4282 3336 3337 
f 4282 3337 3338 
f 4282 3338 3339 
f 4282 3339 3661 
f 4282 3661 3340 
f 4282 3340 3341 
f 4282 3341 3342 
f 4282 3342 3343 
f 4282 3343 3344 
f 4282 3344 3345 
f 4282 3345 3346 
f 4282 3346 3684 
f 3626 3625 3347 2986 
f 2986 3347 3348 2987 
f 2987 3348 3349 2988 
f 2988 3349 3350 2989 
f 2989 3350 3351 2990 
f 2990 3351 3352 2991 
f 2991 3352 3353 2992 
f 2992 3353 3354 2993 
f 2993 3354 4822 4781 
f 2994 3355 3662 3663 
f 2995 3356 4892 4886 
f 2985 3357 3358 2984 
f 2984 3358 3359 2983 
f 2983 3359 3360 2982 
f 2982 3360 3361 2981 
f 2981 3361 3362 2980 
f 2980 3362 3363 2979 
f 2979 3363 3364 2978 
f 2978 3364 3624 3707 
f 4329 3745 3365 2996 
f 2996 3365 3366 2997 
f 2997 3366 3367 2998 
f 2998 3367 3368 2999 
f 2999 3368 3369 3000 
f 3000 3369 3370 3001 
f 3001 3370 3371 3002 
f 3002 3371 3372 3003 
f 3003 3372 4893 4887 
f 3012 3373 3666 3665 
f 3013 3374 4823 4782 
f 3011 3375 3376 3010 
f 3010 3376 3377 3009 
f 3009 3377 3378 3008 
f 3008 3378 3379 3007 
f 3007 3379 3380 3006 
f 3006 3380 3381 3005 
f 3005 3381 3382 3004 
f 3004 3382 3628 3659 
f 3032 3383 3384 3034 
f 3034 3384 3385 3035 
f 3035 3385 3386 3037 
f 3037 3386 3387 3038 
f 3038 3387 3388 3040 
f 3040 3388 3389 3042 
f 3042 3389 4999 4997 
f 3071 3390 3391 3095 
f 3095 3391 3584 3488 
f 3098 3392 3585 3558 
f 3220 3393 3586 3563 
f 3099 3394 3395 3102 
f 3102 3395 3396 3110 
f 3110 3396 3397 3112 
f 3112 3397 3398 3114 
f 3114 3398 3399 3103 
f 3103 3399 3400 3106 
f 4902 4920 4921 4903 
f 3108 3401 4141 3644 
f 3634 3642 3402 3107 
f 4900 4922 4923 4901 
f 3105 3403 3404 3104 
f 3104 3404 3405 3113 
f 3113 3405 3406 3111 
f 3111 3406 3407 3109 
f 3109 3407 3408 3101 
f 3101 3408 3409 3100 
f 3100 3409 3587 3489 
f 3130 3410 3588 3557 
f 3097 3411 3589 3487 
f 3096 3412 3413 3094 
f 3094 3413 5000 3093 
f 3093 5000 3414 3092 
f 3092 3414 3415 3091 
f 3091 3415 3416 3090 
f 3090 3416 3417 3089 
f 3089 3417 4894 4889 
f 3088 3418 3419 3087 
f 3087 3419 3420 3086 
f 3086 3420 3421 3085 
f 3085 3421 3422 3084 
f 3084 3422 3423 3083 
f 3083 3423 3424 3082 
f 3082 3424 3425 3081 
f 3081 3425 3632 3633 
f 3658 4119 3426 3216 
f 4904 4924 4925 4905 
f 3215 3427 3428 3214 
f 3214 3428 3429 3219 
f 3219 3429 3430 3213 
f 3213 3430 3431 3212 
f 3212 3431 3432 3218 
f 3218 3432 3433 3211 
f 3211 3433 3590 3556 
f 3210 3434 3591 3555 
f 3209 3435 3592 3554 
f 3208 3436 3437 3070 
f 3070 3437 3438 4996 
f 3043 3438 3439 3063 
f 3063 3439 3440 3062 
f 3062 3440 3441 3061 
f 3061 3441 3442 3060 
f 3060 3442 3443 3059 
f 3059 3443 3444 3058 
f 3058 3444 3824 3817 
f 3657 3648 3445 3115 
f 3115 3445 3446 3116 
f 3116 3446 3447 3117 
f 3117 3447 3448 3118 
f 3118 3448 3449 3119 
f 3119 3449 3450 3120 
f 3120 3450 3451 3121 
f 3121 3451 3452 3122 
f 3122 3452 4890 
f 3123 3453 3454 3124 
f 3124 3454 3455 3125 
f 3125 3455 3456 3126 
f 3126 3456 3457 3127 
f 3127 3457 3458 3128 
f 3128 3458 3459 3129 
f 3129 3459 3603 3559 
f 3221 3460 3604 3561 
f 3131 3461 3605 3490 
f 3132 3462 3463 3133 
f 3133 3463 3464 3137 
f 3137 3464 3465 3139 
f 3139 3465 3466 3138 
f 3138 3466 3467 3134 
f 3134 3467 3468 3135 
f 4906 4926 4927 4907 
f 3136 3469 3655 4303 
f 4209 3646 3470 3224 
f 3224 3470 3471 3226 
f 3226 3471 3472 3228 
f 3228 3472 3473 3230 
f 3230 3473 3474 3232 
f 3232 3474 3475 3234 
f 3234 3475 3476 3236 
f 3236 3476 3477 3238 
f 3238 3477 3478 3240 
f 3240 3478 3479 3241 
f 3241 3479 3480 3242 
f 3242 3480 3481 3243 
f 3243 3481 3482 3244 
f 3244 3482 3483 3245 
f 3245 3483 3484 3246 
f 3246 3484 3647 4240 
f 3584 3589 3411 3392 
f 3569 4623 4613 3294 
f 3491 3605 3461 3142 
f 3493 4514 4515 3637 
f 3495 4512 4513 3143 
f 3497 4510 4511 3145 
f 3499 4508 4509 3147 
f 3501 4506 4507 3149 
f 3503 4504 4505 3151 
f 3505 4502 4503 3153 
f 3507 4500 4501 3155 
f 3509 4498 4499 3157 
f 3520 4496 4497 3159 
f 3493 3575 3323 3143 
f 3495 3576 3324 3145 
f 3497 3577 3325 3147 
f 3499 3578 3326 3149 
f 3501 3579 3327 3151 
f 3503 3580 3328 3153 
f 3505 3581 3329 3155 
f 3507 3582 3330 3157 
f 3509 3583 3331 3159 
f 3511 4526 4527 3161 
f 3512 4528 4529 3162 
f 3513 4530 4531 3163 
f 3514 4532 4533 3164 
f 3515 4534 4535 3165 
f 3516 4536 4537 3166 
f 3517 4538 4539 3167 
f 3518 4540 4541 3168 
f 3519 4542 4543 3169 
f 3520 4570 4572 3984 
f 3532 3531 3660 4349 
f 3534 3533 3179 3180 
f 3536 3535 3181 3182 
f 3538 3537 3183 3184 
f 3540 3539 3185 3186 
f 3542 3541 3187 3188 
f 3544 3543 3189 3190 
f 3546 3545 3191 3192 
f 3548 3547 3193 3194 
f 3550 3549 3195 3196 
f 3531 3521 4009 3660 
f 3533 3522 3170 3179 
f 3535 3523 3171 3181 
f 3537 3524 3172 3183 
f 3539 3525 3173 3185 
f 3541 3526 3174 3187 
f 3543 3527 3175 3189 
f 3545 3528 3176 3191 
f 3547 3529 3177 3193 
f 3549 3530 3178 3195 
f 3593 3532 4349 4103 
f 3594 3534 3180 3197 
f 3595 3536 3182 3198 
f 3596 3538 3184 3199 
f 3597 3540 3186 3200 
f 3598 3542 3188 3201 
f 3599 3544 3190 3202 
f 3600 3546 3192 3203 
f 3601 3548 3194 3204 
f 3602 3550 3196 3205 
f 3593 3551 3217 3197 
f 3594 3552 3207 3198 
f 3595 3553 3436 3199 
f 3596 3592 3435 3200 
f 3597 3591 3434 3201 
f 3598 3590 3433 3202 
f 3600 3427 4925 3204 
f 3572 4824 4811 3312 
f 3585 3588 3410 3393 
f 3570 4624 4612 3293 
f 3560 3603 3459 3141 
f 3573 4825 4821 3322 
f 3571 4625 4622 3303 
f 3562 3604 3460 3222 
f 3586 3587 3409 3394 
f 3574 4826 4814 3315 
f 4908 4928 4929 4909 
f 4914 4930 4931 4915 
f 3560 3568 3274 3222 
f 3566 3562 3222 3274 
f 3567 3491 3142 3273 
f 3490 4626 4588 3131 
f 3559 4627 4587 3129 
f 3561 4628 4597 3221 
f 3554 4827 4792 3209 
f 3555 4828 4802 3210 
f 3556 4829 4795 3211 
f 3511 3575 3988 4006 
f 3512 3576 3323 3161 
f 3513 3577 3324 3162 
f 3514 3578 3325 3163 
f 3515 3579 3326 3164 
f 3516 3580 3327 3165 
f 3517 3581 3328 3166 
f 3518 3582 3329 3167 
f 3519 3583 3330 3168 
f 3520 3331 3169 4570 
f 3488 3584 3392 3098 
f 3558 3585 3393 3220 
f 3563 3586 3394 3099 
f 3489 3587 3410 3130 
f 3557 3588 3411 3097 
f 3487 3589 3412 3096 
f 3556 3590 3434 3210 
f 3555 3591 3435 3209 
f 3554 3592 3436 3208 
f 3559 3603 3460 3221 
f 3561 3604 3461 3131 
f 3490 3605 3462 3132 
f 3602 4119 4101 
f 3564 4260 4265 3271 
f 3565 3653 4261 3272 
f 3606 3706 4752 4691 
f 3607 3606 4691 4692 
f 3608 3607 4692 4693 
f 3609 3608 4693 4694 
f 3610 3609 4694 4695 
f 3611 3610 4695 4696 
f 3612 3611 4696 4697 
f 3613 3612 4697 4698 
f 3627 3614 4699 4728 
f 3614 3615 4700 4699 
f 3615 3616 4701 4700 
f 3616 3617 4702 4701 
f 3617 3618 4703 4702 
f 3618 3619 4704 4703 
f 3619 3620 4705 4704 
f 3620 3621 4706 4705 
f 3622 4895 4899 4707 
f 3623 3664 4730 4708 
f 3621 4830 4880 4706 
f 3662 3661 3339 3356 
f 3664 4729 4725 3622 
f 3663 3662 3356 2995 
f 3665 3666 3374 3013 
f 3665 4730 4707 3012 
f 3022 3667 3383 3032 
f 3667 3666 3373 3080 
f 3383 3667 3080 
f 3668 3669 3670 3624 
f 3669 3671 3672 3670 
f 3671 3673 3674 3672 
f 3673 3675 3676 3674 
f 3675 3677 3678 3676 
f 3677 3679 3680 3678 
f 3679 3681 3682 3680 
f 3681 3701 3683 3682 
f 3684 3625 3685 3686 
f 3686 3685 3687 3688 
f 3688 3687 3689 3690 
f 3690 3689 3691 3692 
f 3692 3691 3693 3694 
f 3694 3693 3695 3696 
f 3696 3695 3697 3698 
f 3698 3697 4773 3699 
f 3699 4773 3700 
f 3701 3702 4560 
f 3699 3700 3703 
f 3704 4731 4732 3707 
f 3708 4733 4731 3704 
f 3710 4734 4733 3708 
f 3712 4735 4734 3710 
f 3714 4736 4735 3712 
f 3716 4737 4736 3714 
f 3718 4738 4737 3716 
f 3720 4739 4738 3718 
f 3626 4727 4740 3723 
f 3723 4740 4741 3725 
f 3725 4741 4742 3727 
f 3727 4742 4743 3729 
f 3729 4743 4744 3731 
f 3731 4744 4745 3733 
f 3733 4745 4746 3735 
f 3735 4746 4747 3737 
f 3738 4748 4771 4562 
f 3740 4749 4750 3743 
f 3737 4747 4884 4882 
f 3744 3841 3842 3745 
f 3746 3843 3841 3744 
f 3747 3844 3843 3746 
f 3748 3845 3844 3747 
f 3749 3846 3845 3748 
f 3750 3847 3846 3749 
f 3751 3848 3847 3750 
f 3752 3753 3848 3751 
f 3628 3754 3755 3756 
f 3756 3755 3757 3758 
f 3758 3757 3759 3760 
f 3760 3759 3761 3762 
f 3762 3761 3763 3764 
f 3764 3763 3765 3766 
f 3766 3765 3767 3768 
f 3768 3767 3769 3770 
f 3771 3772 4564 4563 
f 3773 3774 3775 3776 
f 3770 3769 4883 4833 
f 3754 3629 3777 3755 
f 3755 3777 3778 3757 
f 3757 3778 3779 3759 
f 3759 3779 3780 3761 
f 3761 3780 3781 3763 
f 3763 3781 3782 3765 
f 3765 3782 3783 3767 
f 3767 3783 3784 3785 
f 3769 3786 4834 4883 
f 3785 3784 4835 4836 
f 3790 3791 4837 4838 
f 3791 3794 4839 4837 
f 3794 3796 4840 4839 
f 3798 4841 4842 3799 
f 3800 4843 4844 3801 
f 3802 3803 3630 3804 
f 3805 3802 3804 3806 
f 3807 3805 3806 3808 
f 3809 3807 3808 3810 
f 3811 3809 3810 3812 
f 3813 3811 3812 3814 
f 3815 3813 3814 3816 
f 3790 3815 3816 3791 
f 3804 3630 3817 3818 
f 3806 3804 3818 3819 
f 3808 3806 3819 3820 
f 3810 3808 3820 3821 
f 3812 3810 3821 3822 
f 3814 3812 3822 3823 
f 3816 3814 3823 3796 
f 3791 3816 3794 
f 3777 3629 3803 3802 
f 3778 3777 3802 3805 
f 3779 3778 3805 3807 
f 3780 3779 3807 3809 
f 3781 3780 3809 3811 
f 3782 3781 3811 3813 
f 3783 3782 3813 3815 
f 3784 3783 3815 3790 
f 3794 3816 3796 
f 3767 3786 3769 
f 3767 3785 3786 
f 3824 3631 3825 3826 
f 3826 3825 3827 3828 
f 3828 3827 3829 3830 
f 3830 3829 3831 3832 
f 3832 3831 3833 3834 
f 3834 3833 3835 3836 
f 3836 3835 3837 3838 
f 3796 5001 5007 4840 
f 3841 3851 3632 3842 
f 3843 3852 3851 3841 
f 3844 3853 3852 3843 
f 3845 3854 3853 3844 
f 3846 3855 3854 3845 
f 3847 3856 3855 3846 
f 3848 3857 3856 3847 
f 3753 3858 3857 3848 
f 3772 3859 4565 4564 
f 3849 3850 3772 
f 3850 3860 3861 
f 3862 3860 3850 
f 3863 3864 3860 3865 
f 3866 3864 3863 
f 3867 3868 3864 3866 
f 3865 3860 3862 
f 3867 5003 3868 
f 3871 3872 3873 3874 
f 3875 3876 3877 3878 
f 3879 3880 3881 3882 
f 4934 4933 4932 4935 
f 3877 3876 3885 3886 
f 3886 3885 3888 3887 
f 3887 3888 3889 3890 
f 3890 3889 3879 3882 
f 3891 4630 4631 3633 
f 3894 4632 4630 3891 
f 3896 4633 4632 3894 
f 3898 4634 4633 3896 
f 3900 4635 4634 3898 
f 3902 4636 4635 3900 
f 3904 4637 4636 3902 
f 3906 4638 4637 3904 
f 3908 4639 4689 4567 
f 3910 4640 4641 3913 
f 3914 4642 4640 3910 
f 3916 4643 4642 3914 
f 3918 4644 4645 3921 
f 3922 4646 4647 3925 
f 3926 4648 4646 3922 
f 3928 4649 4650 3931 
f 3634 4629 4651 3933 
f 3934 4652 4648 3926 
f 3931 4650 4653 3937 
f 3937 4653 4654 3939 
f 3939 4654 4652 3934 
f 3940 3941 3942 3943 
f 3944 3945 3946 3947 
f 3948 3949 4516 4517 
f 3952 3953 4518 4519 
f 3956 3957 4480 4481 
f 3960 3961 4482 4483 
f 3964 3965 4484 4485 
f 3968 3969 4486 4487 
f 3972 3973 4488 4489 
f 3976 3977 4490 4491 
f 3980 3981 4492 4493 
f 3984 3985 4494 4495 
f 3637 3949 3987 3988 
f 3948 3953 3989 3990 
f 3952 3957 3991 3992 
f 3956 3961 3993 3994 
f 3960 3965 3995 3996 
f 3964 3969 3997 3998 
f 3968 3973 3999 4000 
f 3972 3977 4001 4002 
f 3976 3981 4003 4004 
f 3980 3985 4005 
f 4006 4007 4524 4525 
f 4010 4011 4522 4523 
f 4014 4015 4520 4521 
f 4018 4019 4558 4559 
f 4022 4023 4556 4557 
f 4026 4027 4554 4555 
f 4030 4031 4552 4553 
f 4034 4035 4550 4551 
f 4038 4039 4548 4549 
f 4045 4046 4047 4048 
f 4049 4050 4051 4052 
f 4053 4054 4055 4056 
f 4057 4058 4059 4060 
f 4061 4062 4063 4064 
f 4065 4066 4067 4068 
f 4069 4070 4071 4072 
f 4073 4074 4075 4076 
f 4077 4078 4079 4080 
f 3638 3639 4081 4082 
f 4013 4045 4048 4008 
f 4017 4049 4052 4012 
f 4021 4053 4056 4016 
f 4025 4057 4060 4020 
f 4029 4061 4064 4024 
f 4033 4065 4068 4028 
f 4037 4069 4072 4032 
f 4041 4073 4076 4036 
f 4044 4077 4080 4040 
f 3640 3638 4082 4043 
f 4046 4083 4084 4047 
f 4050 4085 4086 4051 
f 4054 4087 4088 4055 
f 4058 4089 4090 4059 
f 4062 4091 4092 4063 
f 4066 4093 4094 4067 
f 4070 4095 4096 4071 
f 4074 4097 4098 4075 
f 4078 4099 4100 4079 
f 3639 4101 4102 4081 
f 4103 4084 4104 3641 
f 4083 4086 4105 4106 
f 4085 4088 4107 4108 
f 4087 4090 4109 4110 
f 4089 4092 4111 4112 
f 4091 4094 4113 4114 
f 4093 4096 4145 4115 
f 4095 4098 4116 4117 
f 4099 4102 4119 4118 
f 4120 4083 4106 
f 4121 4846 4847 4124 
f 4125 4848 4849 4128 
f 4129 4850 4851 4132 
f 4941 4977 4976 4940 
f 4135 4853 4850 4129 
f 4128 4849 4854 4138 
f 4138 4854 4855 4139 
f 4139 4855 4853 4135 
f 3884 3883 4141 3642 
f 4945 4969 4968 4944 
f 4134 4852 4831 3644 
f 4095 4117 4142 
f 4093 4143 4144 
f 4145 4095 4142 
f 4093 4115 4143 
f 4146 4147 4148 4149 
f 4150 4655 4656 4153 
f 4154 4155 4156 4157 
f 4158 4856 4857 4161 
f 4162 4657 4658 4165 
f 4166 4167 4168 4169 
f 4170 4171 4172 4173 
f 4174 4858 4859 4177 
f 3913 4641 4639 3908 
f 3645 3646 4178 4179 
f 4179 4178 4180 4181 
f 4181 4180 4182 4183 
f 4183 4182 4184 4185 
f 4185 4184 4186 4187 
f 4187 4186 4188 4189 
f 4189 4188 4190 4191 
f 4191 4190 4192 4193 
f 4193 4192 4194 4195 
f 4195 4194 4196 4197 
f 4197 4196 4198 4199 
f 4199 4198 4200 4201 
f 4201 4200 4202 4203 
f 4203 4202 4204 4205 
f 4206 4204 4207 4208 
f 4208 4207 3647 3648 
s 2
f 4384 4415 4446 4385 
f 4385 4446 4445 4386 
f 4386 4445 4444 4387 
f 4387 4444 4443 4388 
f 4388 4443 4442 4389 
f 4389 4442 4441 4390 
f 4390 4441 4440 4391 
f 4391 4440 4439 4392 
f 4392 4439 4438 4393 
f 4393 4438 4437 4394 
f 4394 4437 4436 4395 
f 4395 4436 4435 4396 
f 4396 4435 4434 4397 
f 4397 4434 4433 4398 
f 4398 4433 4432 4399 
f 4399 4432 4431 4400 
s 1
f 4195 4197 4241 
f 4195 4242 4243 4193 
f 4205 4204 4206 
f 4241 4242 4195 
f 4179 4244 3651 3645 
f 4181 4245 4244 4179 
f 4183 4246 4245 4181 
f 4185 4247 4246 4183 
f 4187 3942 4247 4185 
f 4244 4248 4249 3651 
f 4245 4250 4248 4244 
f 4246 4251 4250 4245 
f 4247 4252 4251 4246 
f 3942 3941 4252 4247 
f 3825 3631 3641 4104 
f 3827 3825 4104 4120 
f 3829 3827 4120 4106 
f 3831 3829 4106 4105 
f 3833 3831 4105 4108 
f 3835 3833 4108 4107 
f 3837 3835 4107 4110 
f 4253 4860 4846 4121 
f 3870 3869 3871 3874 
f 3921 4645 4643 3916 
f 3943 3942 4187 4254 
f 4255 4256 4187 4189 
f 4243 4191 4193 
f 4255 4189 4191 4243 
f 4187 4256 4254 
f 4248 4981 4982 4249 
f 4258 4259 4260 4261 
f 4257 4262 3653 3652 
f 4948 4947 4946 4949 
f 4265 4266 4991 4989 
f 4952 4950 4951 4953 
f 4270 4271 4272 
f 4956 4955 4954 4957 
f 4276 4277 3945 3944 
f 4278 4274 4277 4276 
f 3654 4267 4273 3655 
f 4274 4271 4990 4277 
f 4280 4275 4274 
f 4280 4274 4278 
f 3941 4156 4281 4252 
f 4268 4264 4168 4167 
f 4269 3946 3945 4279 
f 4252 4281 4983 4251 
f 3699 3701 4282 
f 3892 4659 4660 3893 
f 3895 4661 4659 3892 
f 3897 4662 4661 3895 
f 3899 4663 4662 3897 
f 3901 4664 4663 3899 
f 3903 4665 4664 3901 
f 3905 4666 4665 3903 
f 3907 4667 4666 3905 
f 3909 4668 4690 4566 
f 3911 4669 4670 3912 
f 3915 4671 4669 3911 
f 3917 4672 4671 3915 
f 3919 4673 4674 3920 
f 3923 4675 4676 3924 
f 3927 4677 4675 3923 
f 3929 4678 4679 3930 
f 3635 4680 4681 3932 
f 3935 4682 4677 3927 
f 3930 4679 4683 3936 
f 3936 4683 4684 3938 
f 3938 4684 4682 3935 
f 4943 4971 4970 4942 
f 4151 4685 4686 4152 
f 4163 4687 4688 4164 
f 3912 4670 4668 3909 
f 3920 4674 4672 3917 
f 3788 4841 4844 3789 
f 3792 4861 4842 3793 
f 3795 4862 4861 3792 
f 3797 4863 4862 3795 
f 3788 4835 4838 3793 
f 3787 4834 4836 3789 
f 3840 4860 5008 5002 
f 4122 4864 4865 4123 
f 4126 4866 4867 4127 
f 4130 4868 4869 4131 
f 4939 4979 4978 4938 
f 4136 4871 4868 4130 
f 4127 4867 4872 4137 
f 4137 4872 4873 4140 
f 4140 4873 4871 4136 
f 4133 4870 4832 3643 
f 4159 4874 4875 4160 
f 4175 4876 4877 4176 
f 3840 4845 4864 4122 
f 3990 4010 4007 3987 
f 3992 4014 4011 3989 
f 3994 4018 4015 3991 
f 3996 4022 4019 3993 
f 3998 4026 4023 3995 
f 4000 4030 4027 3997 
f 4002 4034 4031 3999 
f 4004 4038 4035 4001 
f 4005 4042 4039 4003 
f 3668 4282 3669 
f 3669 4282 3671 
f 3671 4282 3673 
f 3673 4282 3675 
f 3675 4282 3677 
f 3677 4282 3679 
f 3679 4282 3681 
f 3681 4282 3701 
f 3699 4282 3698 
f 3698 4282 3696 
f 3696 4282 3694 
f 3694 4282 3692 
f 3692 4282 3690 
f 3690 4282 3688 
f 3688 4282 3686 
f 3686 4282 3684 
f 3626 3723 3685 3625 
f 3723 3725 3687 3685 
f 3725 3727 3689 3687 
f 3727 3729 3691 3689 
f 3729 3731 3693 3691 
f 3731 3733 3695 3693 
f 3733 3735 3697 3695 
f 3735 3737 4773 3697 
f 3737 4882 4775 4773 
f 3740 3743 3703 3700 
f 3738 4562 4560 3702 
f 3720 3718 3682 3683 
f 3718 3716 3680 3682 
f 3716 3714 3678 3680 
f 3714 3712 3676 3678 
f 3712 3710 3674 3676 
f 3710 3708 3672 3674 
f 3708 3704 3670 3672 
f 3704 3707 3624 3670 
f 4329 4330 3744 3745 
f 4330 4331 3746 3744 
f 4331 4332 3747 3746 
f 4332 4333 3748 3747 
f 4333 4334 3749 3748 
f 4334 4335 3750 3749 
f 4335 4336 3751 3750 
f 4336 4337 3752 3751 
f 4337 4569 4563 3752 
f 4338 4339 3776 3771 
f 4340 4778 4777 3773 
f 4341 4342 3768 3770 
f 4342 4343 3766 3768 
f 4343 4344 3764 3766 
f 4344 4345 3762 3764 
f 4345 4346 3760 3762 
f 4346 4347 3758 3760 
f 4347 4348 3756 3758 
f 4348 3659 3628 3756 
f 3800 3801 3850 3849 
f 3801 3798 3862 3850 
f 3798 3799 3865 3862 
f 3799 4312 3863 3865 
f 4312 4313 3866 3863 
f 4313 4314 3867 3866 
f 4314 5004 5003 3867 
f 4253 4121 3871 3869 
f 4121 4124 3872 3871 
f 4158 4161 4148 4147 
f 4174 4177 4172 4171 
f 4125 4128 3876 3875 
f 4128 4138 3885 3876 
f 4138 4139 3888 3885 
f 4139 4135 3889 3888 
f 4135 4129 3879 3889 
f 4129 4132 3880 3879 
f 4933 4941 4940 4932 
f 4134 3644 4141 3883 
f 3634 3933 3884 3642 
f 4935 4945 4944 4934 
f 3928 3931 3882 3881 
f 3931 3937 3890 3882 
f 3937 3939 3887 3890 
f 3939 3934 3886 3887 
f 3934 3926 3877 3886 
f 3926 3922 3878 3877 
f 3922 3925 4173 3878 
f 4162 4165 4149 4170 
f 4150 4153 3873 4146 
f 3918 3921 3870 3874 
f 3921 3916 3868 3870 
f 3916 3914 3864 3868 
f 3914 3910 3860 3864 
f 3910 3913 3861 3860 
f 3913 3908 3859 3861 
f 3908 4567 4565 3859 
f 3906 3904 3857 3858 
f 3904 3902 3856 3857 
f 3902 3900 3855 3856 
f 3900 3898 3854 3855 
f 3898 3896 3853 3854 
f 3896 3894 3852 3853 
f 3894 3891 3851 3852 
f 3891 3633 3632 3851 
f 3658 4321 4118 4119 
f 4937 4961 4960 4936 
f 4320 4319 4117 4116 
f 4319 4322 4142 4117 
f 4322 4324 4145 4142 
f 4324 4323 4115 4145 
f 4323 4318 4143 4115 
f 4318 4317 4144 4143 
f 4317 4328 4113 4144 
f 4327 4326 4111 4114 
f 4325 4316 4109 4112 
f 4315 3839 3837 4110 
f 3839 5001 3838 3837 
f 3796 3823 3836 3838 
f 3823 3822 3834 3836 
f 3822 3821 3832 3834 
f 3821 3820 3830 3832 
f 3820 3819 3828 3830 
f 3819 3818 3826 3828 
f 3818 3817 3824 3826 
f 3657 4283 4208 3648 
f 4283 4284 4206 4208 
f 4284 4285 4205 4206 
f 4285 4286 4203 4205 
f 4286 4287 4201 4203 
f 4287 4288 4199 4201 
f 4288 4289 4197 4199 
f 4289 4290 4241 4197 
f 4290 4568 4242 4241 
f 4291 4293 4243 4242 
f 4293 4292 4255 4243 
f 4292 4294 4256 4255 
f 4294 4295 4254 4256 
f 4295 4297 3943 4254 
f 4297 4296 3940 3943 
f 4296 4309 4157 3940 
f 4308 4311 4169 4154 
f 4310 4299 3947 4166 
f 4298 4300 4276 3944 
f 4300 4305 4278 4276 
f 4305 4307 4280 4278 
f 4307 4306 4275 4280 
f 4306 4302 4272 4275 
f 4302 4301 4270 4272 
f 4957 4959 4958 4956 
f 4304 4303 3655 4273 
f 4209 4211 4178 3646 
f 4211 4213 4180 4178 
f 4213 4215 4182 4180 
f 4215 4217 4184 4182 
f 4217 4219 4186 4184 
f 4219 4221 4188 4186 
f 4221 4223 4190 4188 
f 4223 4225 4192 4190 
f 4225 4227 4194 4192 
f 4227 4229 4196 4194 
f 4229 4231 4198 4196 
f 4231 4233 4200 4198 
f 4233 4235 4202 4200 
f 4235 4237 4204 4202 
f 4237 4239 4207 4204 
f 4239 4240 3647 4207 
f 3872 4147 4146 3873 
f 3924 4163 4657 4647 
f 3946 4167 4166 3947 
f 3949 3637 4515 4516 
f 3953 3948 4517 4518 
f 3957 3952 4519 4480 
f 3961 3956 4481 4482 
f 3965 3960 4483 4484 
f 3969 3964 4485 4486 
f 3973 3968 4487 4488 
f 3977 3972 4489 4490 
f 3981 3976 4491 4492 
f 3985 3980 4493 4494 
f 3949 3948 3990 3987 
f 3953 3952 3992 3989 
f 3957 3956 3994 3991 
f 3961 3960 3996 3993 
f 3965 3964 3998 3995 
f 3969 3968 4000 3997 
f 3973 3972 4002 3999 
f 3977 3976 4004 4001 
f 3981 3980 4005 4003 
f 4007 4010 4523 4524 
f 4011 4014 4521 4522 
f 4015 4018 4559 4520 
f 4019 4022 4557 4558 
f 4023 4026 4555 4556 
f 4027 4030 4553 4554 
f 4031 4034 4551 4552 
f 4035 4038 4549 4550 
f 4039 4042 4547 4548 
f 3985 3984 4572 4571 
f 4047 4349 3660 4048 
f 4051 4046 4045 4052 
f 4055 4050 4049 4056 
f 4059 4054 4053 4060 
f 4063 4058 4057 4064 
f 4067 4062 4061 4068 
f 4071 4066 4065 4072 
f 4075 4070 4069 4076 
f 4079 4074 4073 4080 
f 4081 4078 4077 4082 
f 4048 3660 4009 4008 
f 4052 4045 4013 4012 
f 4056 4049 4017 4016 
f 4060 4053 4021 4020 
f 4064 4057 4025 4024 
f 4068 4061 4029 4028 
f 4072 4065 4033 4032 
f 4076 4069 4037 4036 
f 4080 4073 4041 4040 
f 4082 4077 4044 4043 
f 4084 4103 4349 4047 
f 4086 4083 4046 4051 
f 4088 4085 4050 4055 
f 4090 4087 4054 4059 
f 4092 4089 4058 4063 
f 4094 4091 4062 4067 
f 4096 4093 4066 4071 
f 4098 4095 4070 4075 
f 4100 4097 4074 4079 
f 4102 4099 4078 4081 
f 4084 4083 4120 4104 
f 4086 4085 4108 4105 
f 4088 4087 4110 4107 
f 4090 4089 4112 4109 
f 4092 4091 4114 4111 
f 4094 4093 4144 4113 
f 4096 4095 4145 
f 4098 4097 4936 4116 
f 4123 4159 4856 4847 
f 4148 4171 4170 4149 
f 4152 3919 4644 4656 
f 4156 3941 3940 4157 
f 4160 4175 4858 4857 
f 4164 4151 4655 4658 
f 4168 4155 4154 4169 
f 4172 3875 3878 4173 
f 4176 4126 4848 4859 
f 4949 4951 4950 4948 
f 4953 4963 4962 4952 
f 4156 4155 4263 4281 
f 4264 4263 4155 4168 
f 4269 4268 4167 3946 
f 4299 4310 4687 4676 
f 4309 4296 4673 4686 
f 4311 4308 4685 4688 
f 4316 4325 4874 4865 
f 4326 4327 4876 4875 
f 4328 4317 4866 4877 
f 4007 4006 3988 3987 
f 4011 4010 3990 3989 
f 4015 4014 3992 3991 
f 4019 4018 3994 3993 
f 4023 4022 3996 3995 
f 4027 4026 3998 3997 
f 4031 4030 4000 3999 
f 4035 4034 4002 4001 
f 4039 4038 4004 4003 
f 3985 4571 4042 4005 
f 4124 4158 4147 3872 
f 4161 4174 4171 4148 
f 4177 4125 3875 4172 
f 3925 4162 4170 4173 
f 4165 4150 4146 4149 
f 4153 3918 3874 3873 
f 4328 4327 4114 4113 
f 4326 4325 4112 4111 
f 4316 4315 4110 4109 
f 4309 4308 4154 4157 
f 4311 4310 4166 4169 
f 4299 4298 3944 3947 
f 4102 4101 4119 
f 4259 4266 4265 4260 
f 4262 4258 4261 3653 
f 4955 4993 4992 4954 
f 3705 4751 4752 3706 
f 3709 4753 4751 3705 
f 3711 4754 4753 3709 
f 3713 4755 4754 3711 
f 3715 4756 4755 3713 
f 3717 4757 4756 3715 
f 3719 4758 4757 3717 
f 3721 4759 4758 3719 
f 3627 4728 4760 3722 
f 3722 4760 4761 3724 
f 3724 4761 4762 3726 
f 3726 4762 4763 3728 
f 3728 4763 4764 3730 
f 3730 4764 4765 3732 
f 3732 4765 4766 3734 
f 3734 4766 4767 3736 
f 3739 4768 4772 4561 
f 3741 4769 4770 3742 
f 3736 4767 4885 4881 
f 3703 3702 3701 3699 
f 3742 3739 4748 4750 
f 3743 3738 3702 3703 
f 4339 4340 3773 3776 
f 4339 4338 4768 4770 
f 3774 3800 3849 3775 
f 3775 3772 3771 3776 
f 3849 3772 3775 
f 3599 3430 3203 
f 3247 4457 4456 3649 
f 3248 4458 4457 3247 
f 3249 4459 4458 3248 
f 3250 4460 4459 3249 
f 3251 4461 4460 3250 
f 3252 4462 4461 3251 
f 3253 4463 4462 3252 
f 3254 4464 4463 3253 
f 3255 4465 4464 3254 
f 3256 4466 4465 3255 
f 3257 4467 4466 3256 
f 3258 4468 4467 3257 
f 3259 4469 4468 3258 
f 3260 4470 4469 3259 
f 3261 4471 4470 3260 
f 3650 4472 4471 3261 
f 3649 4456 4455 4210 
f 4210 4455 4454 4212 
f 4212 4454 4453 4214 
f 4214 4453 4452 4216 
f 4216 4452 4451 4218 
f 4218 4451 4450 4220 
f 4220 4450 4449 4222 
f 4222 4449 4448 4224 
f 4224 4448 4447 4226 
f 4226 4447 4478 4228 
f 4228 4478 4477 4230 
f 4230 4477 4476 4232 
f 4232 4476 4475 4234 
f 4234 4475 4474 4236 
f 4236 4474 4473 4238 
f 4238 4473 4472 3650 
f 4350 4382 4365 
f 4351 4382 4350 
f 4352 4382 4351 
f 4353 4382 4352 
f 4354 4382 4353 
f 4355 4382 4354 
f 4356 4382 4355 
f 4357 4382 4356 
f 4358 4382 4357 
f 4359 4382 4358 
f 4360 4382 4359 
f 4361 4382 4360 
f 4362 4382 4361 
f 4363 4382 4362 
f 4364 4382 4363 
f 4366 4382 4364 
f 4365 4382 4367 
f 4367 4382 4368 
f 4368 4382 4369 
f 4369 4382 4370 
f 4370 4382 4371 
f 4371 4382 4372 
f 4372 4382 4373 
f 4373 4382 4374 
f 4374 4382 4375 
f 4375 4382 4376 
f 4376 4382 4377 
f 4377 4382 4378 
f 4378 4382 4379 
f 4379 4382 4380 
f 4380 4382 4381 
f 4381 4382 4366 
s 2
f 3224 4383 4384 4209 
f 4209 4384 4385 4211 
f 4211 4385 4386 4213 
f 4213 4386 4387 4215 
f 4215 4387 4388 4217 
f 4217 4388 4389 4219 
f 4219 4389 4390 4221 
f 4221 4390 4391 4223 
f 4223 4391 4392 4225 
f 4225 4392 4393 4227 
f 4227 4393 4394 4229 
f 4229 4394 4395 4231 
f 4231 4395 4396 4233 
f 4233 4396 4397 4235 
f 4235 4397 4398 4237 
f 4237 4398 4399 4239 
f 4239 4399 4400 4240 
f 4240 4400 4401 3246 
f 3246 4401 4402 3245 
f 3245 4402 4403 3244 
f 3244 4403 4404 3243 
f 3243 4404 4405 3242 
f 3242 4405 4406 3241 
f 3241 4406 4407 3240 
f 3240 4407 4408 3238 
f 3238 4408 4409 3236 
f 3236 4409 4410 3234 
f 3234 4410 4411 3232 
f 3232 4411 4412 3230 
f 3230 4412 4413 3228 
f 3228 4413 4414 3226 
f 3226 4414 4383 3224 
f 3649 4415 4416 3247 
f 3247 4416 4417 3248 
f 3248 4417 4418 3249 
f 3249 4418 4419 3250 
f 3250 4419 4420 3251 
f 3251 4420 4421 3252 
f 3252 4421 4422 3253 
f 3253 4422 4423 3254 
f 3254 4423 4424 3255 
f 3255 4424 4425 3256 
f 3256 4425 4426 3257 
f 3257 4426 4427 3258 
f 3258 4427 4428 3259 
f 3259 4428 4429 3260 
f 3260 4429 4430 3261 
f 3261 4430 4431 3650 
f 3650 4431 4432 4238 
f 4238 4432 4433 4236 
f 4236 4433 4434 4234 
f 4234 4434 4435 4232 
f 4232 4435 4436 4230 
f 4230 4436 4437 4228 
f 4228 4437 4438 4226 
f 4226 4438 4439 4224 
f 4224 4439 4440 4222 
f 4222 4440 4441 4220 
f 4220 4441 4442 4218 
f 4218 4442 4443 4216 
f 4216 4443 4444 4214 
f 4214 4444 4445 4212 
f 4212 4445 4446 4210 
f 4210 4446 4415 3649 
s 1
f 4456 4457 4350 4365 
f 4457 4458 4351 4350 
f 4458 4459 4352 4351 
f 4459 4460 4353 4352 
f 4460 4461 4354 4353 
f 4461 4462 4355 4354 
f 4462 4463 4356 4355 
f 4463 4464 4357 4356 
f 4464 4465 4358 4357 
f 4465 4466 4359 4358 
f 4466 4467 4360 4359 
f 4467 4468 4361 4360 
f 4468 4469 4362 4361 
f 4469 4470 4363 4362 
f 4470 4471 4364 4363 
f 4471 4472 4366 4364 
f 4455 4456 4365 4367 
f 4454 4455 4367 4368 
f 4453 4454 4368 4369 
f 4452 4453 4369 4370 
f 4451 4452 4370 4371 
f 4450 4451 4371 4372 
f 4449 4450 4372 4373 
f 4448 4449 4373 4374 
f 4447 4448 4374 4375 
f 4478 4447 4375 4376 
f 4477 4478 4376 4377 
f 4476 4477 4377 4378 
f 4475 4476 4378 4379 
f 4474 4475 4379 4380 
f 4473 4474 4380 4381 
f 4472 4473 4381 4366 
f 3492 4479 3656 
f 3656 4479 3950 
f 3950 4479 3951 
f 3951 4479 3954 
f 3954 4479 3955 
f 3955 4479 3958 
f 3958 4479 3959 
f 3959 4479 3962 
f 3962 4479 3963 
f 3963 4479 3966 
f 3966 4479 3967 
f 3967 4479 3970 
f 3970 4479 3971 
f 3971 4479 3974 
f 3974 4479 3975 
f 3975 4479 3978 
f 3978 4479 3979 
f 3979 4479 3982 
f 3982 4479 3983 
f 3983 4479 3986 
f 3986 4479 3636 
f 3636 4479 3510 
f 3510 4479 3160 
f 3160 4479 3508 
f 3508 4479 3158 
f 3158 4479 3506 
f 3506 4479 3156 
f 3156 4479 3504 
f 3504 4479 3154 
f 3154 4479 3502 
f 3502 4479 3152 
f 3152 4479 3500 
f 3500 4479 3150 
f 3150 4479 3498 
f 3498 4479 3148 
f 3148 4479 3496 
f 3496 4479 3146 
f 3146 4479 3494 
f 3494 4479 3144 
f 3144 4479 3492 
f 4514 4513 3144 3492 
f 4512 4511 3146 3494 
f 4510 4509 3148 3496 
f 4508 4507 3150 3498 
f 4506 4505 3152 3500 
f 4504 4503 3154 3502 
f 4502 4501 3156 3504 
f 4500 4499 3158 3506 
f 4498 4497 3160 3508 
f 4496 4495 3636 3510 
f 4515 4514 3492 3656 
f 4513 4512 3494 3144 
f 4511 4510 3496 3146 
f 4509 4508 3498 3148 
f 4507 4506 3500 3150 
f 4505 4504 3502 3152 
f 4503 4502 3504 3154 
f 4501 4500 3506 3156 
f 4499 4498 3508 3158 
f 4497 4496 3510 3160 
f 4517 4516 3950 3951 
f 4519 4518 3954 3955 
f 4481 4480 3958 3959 
f 4483 4482 3962 3963 
f 4485 4484 3966 3967 
f 4487 4486 3970 3971 
f 4489 4488 3974 3975 
f 4491 4490 3978 3979 
f 4493 4492 3982 3983 
f 4495 4494 3986 3636 
f 4516 4515 3656 3950 
f 4518 4517 3951 3954 
f 4480 4519 3955 3958 
f 4482 4481 3959 3962 
f 4484 4483 3963 3966 
f 4486 4485 3967 3970 
f 4488 4487 3971 3974 
f 4490 4489 3975 3978 
f 4492 4491 3979 3982 
f 4494 4493 3983 3986 
f 4526 4525 4009 3521 
f 4528 4527 3170 3522 
f 4530 4529 3171 3523 
f 4532 4531 3172 3524 
f 4534 4533 3173 3525 
f 4536 4535 3174 3526 
f 4538 4537 3175 3527 
f 4540 4539 3176 3528 
f 4542 4541 3177 3529 
f 4544 4543 3178 3530 
f 4527 4526 3521 3170 
f 4529 4528 3522 3171 
f 4531 4530 3523 3172 
f 4533 4532 3524 3173 
f 4535 4534 3525 3174 
f 4537 4536 3526 3175 
f 4539 4538 3527 3176 
f 4541 4540 3528 3177 
f 4543 4542 3529 3178 
f 4545 4544 3530 3640 
f 4525 4524 4008 4009 
f 4523 4522 4012 4013 
f 4521 4520 4016 4017 
f 4559 4558 4020 4021 
f 4557 4556 4024 4025 
f 4555 4554 4028 4029 
f 4553 4552 4032 4033 
f 4551 4550 4036 4037 
f 4549 4548 4040 4041 
f 4547 4546 4043 4044 
f 4524 4523 4013 4008 
f 4522 4521 4017 4012 
f 4520 4559 4021 4016 
f 4558 4557 4025 4020 
f 4556 4555 4029 4024 
f 4554 4553 4033 4028 
f 4552 4551 4037 4032 
f 4550 4549 4041 4036 
f 4548 4547 4044 4040 
f 4546 4545 3640 4043 
f 3850 3861 3859 3772 
f 3384 3416 3415 
f 3701 4560 3683 
f 4562 4771 4739 3720 
f 4563 4564 3753 3752 
f 4564 4565 3858 3753 
f 4567 4689 4638 3906 
f 4566 4690 4667 3907 
f 4560 4562 3720 3683 
f 4563 4569 4338 3771 
f 4565 4567 3906 3858 
f 4242 4568 4291 
f 4561 4772 4759 3721 
f 4042 4571 4546 4547 
f 4572 4570 4544 4545 
f 4571 4572 4545 4546 
f 4915 4995 4994 4914 
f 4598 4631 3893 3279 
f 4599 4598 3279 3280 
f 4600 4599 3280 3281 
f 4601 4600 3281 3282 
f 4602 4601 3282 3283 
f 4603 4602 3283 3284 
f 4604 4603 3284 3285 
f 4605 4604 3285 3286 
f 4606 4896 4891 3287 
f 4608 4607 3288 3289 
f 4609 4608 3289 3290 
f 4610 4609 3290 3291 
f 4612 4611 3292 3293 
f 4614 4623 3569 3295 
f 4615 4614 3295 3296 
f 4617 4616 3297 3298 
f 4629 4618 3299 3635 
f 4619 4615 3296 3300 
f 4616 4620 3301 3297 
f 4620 4621 3302 3301 
f 4621 4619 3300 3302 
f 4916 4964 4965 4917 
f 4622 4624 3570 3303 
f 4613 4625 3571 3294 
f 4607 4606 3287 3288 
f 4611 4610 3291 3292 
f 4573 4660 3657 3115 
f 4574 4573 3115 3116 
f 4575 4574 3116 3117 
f 4576 4575 3117 3118 
f 4577 4576 3118 3119 
f 4578 4577 3119 3120 
f 4579 4578 3120 3121 
f 4580 4579 3121 3122 
f 4581 4897 4890 3123 
f 4583 4582 3124 3125 
f 4584 4583 3125 3126 
f 4585 4584 3126 3127 
f 4587 4586 3128 3129 
f 4589 4626 3490 3132 
f 4590 4589 3132 3133 
f 4592 4591 3134 3135 
f 4680 4593 3136 4303 
f 4594 4590 3133 3137 
f 4591 4595 3138 3134 
f 4595 4596 3139 3138 
f 4596 4594 3137 3139 
f 4907 4966 4967 4906 
f 4597 4627 3559 3221 
f 4588 4628 3561 3131 
f 4582 4581 3123 3124 
f 4586 4585 3127 3128 
f 4613 4623 3489 3130 
f 4612 4624 3487 3096 
f 4622 4625 3557 3097 
f 4588 4626 3569 3294 
f 4587 4627 3570 3293 
f 4597 4628 3571 3303 
f 4631 4630 3892 3893 
f 4630 4632 3895 3892 
f 4632 4633 3897 3895 
f 4633 4634 3899 3897 
f 4634 4635 3901 3899 
f 4635 4636 3903 3901 
f 4636 4637 3905 3903 
f 4637 4638 3907 3905 
f 4689 4639 3909 4566 
f 4641 4640 3911 3912 
f 4640 4642 3915 3911 
f 4642 4643 3917 3915 
f 4645 4644 3919 3920 
f 4647 4646 3923 3924 
f 4646 4648 3927 3923 
f 4650 4649 3929 3930 
f 4651 4629 3635 3932 
f 4648 4652 3935 3927 
f 4653 4650 3930 3936 
f 4654 4653 3936 3938 
f 4652 4654 3938 3935 
f 4942 4968 4969 4943 
f 4656 4655 4151 4152 
f 4658 4657 4163 4164 
f 4639 4641 3912 3909 
f 4643 4645 3920 3917 
f 4660 4659 4283 3657 
f 4659 4661 4284 4283 
f 4661 4662 4285 4284 
f 4662 4663 4286 4285 
f 4663 4664 4287 4286 
f 4664 4665 4288 4287 
f 4665 4666 4289 4288 
f 4666 4667 4290 4289 
f 4690 4668 4291 4568 
f 4670 4669 4292 4293 
f 4669 4671 4294 4292 
f 4671 4672 4295 4294 
f 4674 4673 4296 4297 
f 4676 4675 4298 4299 
f 4675 4677 4300 4298 
f 4679 4678 4301 4302 
f 4681 4680 4303 4304 
f 4677 4682 4305 4300 
f 4683 4679 4302 4306 
f 4684 4683 4306 4307 
f 4682 4684 4307 4305 
f 4959 4970 4971 4958 
f 4686 4685 4308 4309 
f 4688 4687 4310 4311 
f 4668 4670 4293 4291 
f 4672 4674 4297 4295 
f 4647 4657 4162 3925 
f 4656 4644 3918 4153 
f 4658 4655 4150 4165 
f 4676 4687 4163 3924 
f 4686 4673 3919 4152 
f 4688 4685 4151 4164 
f 4638 4689 4566 3907 
f 4667 4690 4568 4290 
f 4709 4732 3706 3606 
f 4710 4709 3606 3607 
f 4711 4710 3607 3608 
f 4712 4711 3608 3609 
f 4713 4712 3609 3610 
f 4714 4713 3610 3611 
f 4715 4714 3611 3612 
f 4716 4715 3612 3613 
f 4727 4717 3614 3627 
f 4717 4718 3615 3614 
f 4718 4719 3616 3615 
f 4719 4720 3617 3616 
f 4720 4721 3618 3617 
f 4721 4722 3619 3618 
f 4722 4723 3620 3619 
f 4723 4724 3621 3620 
f 4725 4898 4895 3622 
f 4726 4729 3664 3623 
f 4724 4879 4830 3621 
f 4691 4752 4329 2996 
f 4692 4691 2996 2997 
f 4693 4692 2997 2998 
f 4694 4693 2998 2999 
f 4695 4694 2999 3000 
f 4696 4695 3000 3001 
f 4697 4696 3001 3002 
f 4698 4697 3002 3003 
f 4728 4699 3004 3659 
f 4699 4700 3005 3004 
f 4700 4701 3006 3005 
f 4701 4702 3007 3006 
f 4702 4703 3008 3007 
f 4703 4704 3009 3008 
f 4704 4705 3010 3009 
f 4705 4706 3011 3010 
f 4707 4899 4887 3012 
f 4708 4730 3665 3013 
f 4706 4880 4782 3011 
f 4725 4729 3663 2995 
f 4707 4730 3664 3622 
f 4732 4731 3705 3706 
f 4731 4733 3709 3705 
f 4733 4734 3711 3709 
f 4734 4735 3713 3711 
f 4735 4736 3715 3713 
f 4736 4737 3717 3715 
f 4737 4738 3719 3717 
f 4738 4739 3721 3719 
f 4740 4727 3627 3722 
f 4741 4740 3722 3724 
f 4742 4741 3724 3726 
f 4743 4742 3726 3728 
f 4744 4743 3728 3730 
f 4745 4744 3730 3732 
f 4746 4745 3732 3734 
f 4747 4746 3734 3736 
f 4771 4748 3739 4561 
f 4750 4749 3741 3742 
f 4749 4779 4774 3741 
f 4752 4751 4330 4329 
f 4751 4753 4331 4330 
f 4753 4754 4332 4331 
f 4754 4755 4333 4332 
f 4755 4756 4334 4333 
f 4756 4757 4335 4334 
f 4757 4758 4336 4335 
f 4758 4759 4337 4336 
f 4760 4728 3659 4348 
f 4761 4760 4348 4347 
f 4762 4761 4347 4346 
f 4763 4762 4346 4345 
f 4764 4763 4345 4344 
f 4765 4764 4344 4343 
f 4766 4765 4343 4342 
f 4767 4766 4342 4341 
f 4772 4768 4338 4569 
f 4770 4769 4340 4339 
f 4769 4780 4778 4340 
f 4750 4748 3738 3743 
f 4770 4768 3739 3742 
f 4739 4771 4561 3721 
f 4759 4772 4569 4337 
f 4775 4779 4749 3740 
f 4777 4776 3774 3773 
f 4773 4775 3740 3700 
f 4777 4778 4878 4833 
f 4774 4780 4769 3741 
f 4774 4779 4884 4881 
f 4778 4780 4885 4878 
f 4776 3787 4843 3774 
f 4879 4781 2994 4726 
f 4783 4823 3374 3022 
f 4784 4783 3304 
f 4786 4785 3305 3306 
f 4788 4787 3307 3308 
f 4789 4788 3308 3309 
f 4790 4789 3309 3310 
f 4805 4806 3307 3306 
f 4803 4804 3305 3304 
f 4791 5005 4998 3311 
f 4793 4824 3572 3313 
f 4814 4813 3314 3315 
f 4816 4815 3316 3317 
f 4918 4972 4973 4919 
f 4818 4816 3317 3319 
f 4813 4819 3320 3314 
f 4819 4820 3321 3320 
f 4820 4818 3319 3321 
f 4817 4831 3643 3318 
f 4811 4825 3573 3312 
f 4821 4826 3574 3322 
f 4810 4793 3313 3311 
f 4805 4804 3034 3035 
f 4807 4806 3037 3038 
f 4808 4807 3038 3040 
f 4809 4808 3040 3042 
f 4786 4787 3036 3031 
f 4784 4785 3030 3033 
f 4810 5006 4997 3071 
f 4812 4827 3554 3208 
f 4795 4794 3218 3211 
f 4797 4796 3215 3214 
f 4905 4974 4975 4904 
f 4799 4797 3214 3219 
f 4794 4800 3212 3218 
f 4800 4801 3213 3212 
f 4801 4799 3219 3213 
f 4798 4832 3658 3216 
f 4792 4828 3555 3209 
f 4802 4829 3556 3210 
f 4791 4812 3208 3070 
f 4781 4822 3355 2994 
f 4782 4823 3375 3011 
f 4811 4824 3488 3098 
f 4821 4825 3558 3220 
f 4814 4826 3563 3099 
f 4792 4827 3572 3312 
f 4802 4828 3573 3322 
f 4795 4829 3574 3315 
f 4880 4830 3623 4708 
f 4882 4884 4779 4775 
f 4833 4883 4776 4777 
f 4883 4834 3787 4776 
f 4836 4835 3788 3789 
f 4838 4837 3792 3793 
f 4837 4839 3795 3792 
f 4839 4840 3797 3795 
f 4842 4841 3788 3793 
f 4844 4843 3787 3789 
f 4840 5007 5002 3797 
f 4847 4846 4122 4123 
f 4849 4848 4126 4127 
f 4851 4850 4130 4131 
f 4938 4976 4977 4939 
f 4850 4853 4136 4130 
f 4854 4849 4127 4137 
f 4855 4854 4137 4140 
f 4853 4855 4140 4136 
f 4831 4852 4133 3643 
f 4857 4856 4159 4160 
f 4859 4858 4175 4176 
f 4846 4860 3840 4122 
f 4844 4841 3798 3801 
f 4842 4861 4312 3799 
f 4861 4862 4313 4312 
f 4862 4863 4314 4313 
f 4838 4835 3784 3790 
f 4836 4834 3786 3785 
f 4863 5008 5004 4314 
f 4865 4864 4315 4316 
f 4867 4866 4317 4318 
f 4869 4868 4319 4320 
f 4961 4978 4979 4960 
f 4868 4871 4322 4319 
f 4872 4867 4318 4323 
f 4873 4872 4323 4324 
f 4871 4873 4324 4322 
f 4832 4870 4321 3658 
f 4875 4874 4325 4326 
f 4877 4876 4327 4328 
f 4864 4845 3839 4315 
f 4847 4856 4158 4124 
f 4857 4858 4174 4161 
f 4859 4848 4125 4177 
f 4865 4874 4159 4123 
f 4875 4876 4175 4160 
f 4877 4866 4126 4176 
f 4881 4885 4780 4774 
f 4830 4879 4726 3623 
f 4782 4880 4708 3013 
f 4833 4878 4341 3770 
f 4881 4884 4747 3736 
f 4878 4885 4767 4341 
f 4803 3022 3032 
f 3304 4783 3022 4803 
f 4822 3661 3355 
f 4898 4886 2985 4716 
f 4888 4893 3372 3079 
f 4894 4888 3079 3418 
f 4896 4889 3088 4605 
f 4897 4891 3286 4580 
f 4886 4892 3357 2985 
f 4887 4893 3373 3012 
f 4889 4894 3418 3088 
f 4890 3452 3453 3123 
f 4899 4895 3613 4698 
f 4891 4896 4605 3286 
f 4890 4897 4580 3122 
f 4895 4898 4716 3613 
f 4887 4899 4698 3003 
f 4892 3339 3357 
f 3774 4843 3800 
f 4921 4922 3402 3401 
f 4923 4920 3400 3403 
f 4973 4903 3108 4817 
f 4902 4972 4815 3106 
f 4965 4901 3105 4617 
f 4900 4964 4618 3107 
f 4911 4928 3566 3274 
f 4929 4910 3270 3565 
f 4908 4930 3567 3273 
f 4931 4909 3272 3564 
f 4913 4926 3468 3275 
f 4927 4912 3485 3469 
f 4967 4917 3298 4592 
f 4916 4966 4593 3299 
f 4975 4919 3318 4798 
f 4918 4974 4796 3316 
f 4903 4921 3401 3108 
f 4920 4902 3106 3400 
f 4901 4923 3403 3105 
f 4922 4900 3107 3402 
f 4905 4925 3427 3215 
f 4924 4904 3216 3426 
f 4907 4927 3469 3136 
f 4926 4906 3135 3468 
f 4909 4929 3565 3272 
f 4928 4908 3273 3566 
f 4915 4931 3564 3271 
f 4930 4914 3278 3567 
f 4935 4932 3883 3884 
f 4933 4934 3881 3880 
f 4940 4976 4852 4134 
f 4977 4941 4132 4851 
f 4944 4968 4649 3928 
f 4969 4945 3933 4651 
f 4949 4946 4263 4264 
f 4947 4948 4262 4257 
f 4953 4951 4268 4269 
f 4950 4952 4259 4258 
f 4957 4954 4271 4270 
f 4955 4956 4273 4267 
f 4942 4970 4678 3929 
f 4971 4943 3932 4681 
f 4938 4978 4870 4133 
f 4979 4939 4131 4869 
f 4932 4940 4134 3883 
f 4941 4933 3880 4132 
f 4934 4944 3928 3881 
f 4945 4935 3884 3933 
f 4936 4960 4320 4116 
f 4961 4937 4118 4321 
f 4956 4958 4304 4273 
f 4959 4957 4270 4301 
f 4948 4950 4258 4262 
f 4951 4949 4264 4268 
f 4952 4962 4266 4259 
f 4963 4953 4269 4279 
f 4954 4992 4990 4271 
f 4962 4993 4991 4266 
f 4914 4994 4987 3278 
f 4912 4995 4988 3485 
f 4917 4965 4617 3298 
f 4964 4916 3299 4618 
f 4906 4967 4592 3135 
f 4966 4907 3136 4593 
f 4943 4969 4651 3932 
f 4968 4942 3929 4649 
f 4958 4971 4681 4304 
f 4970 4959 4301 4678 
f 4919 4973 4817 3318 
f 4972 4918 3316 4815 
f 4904 4975 4798 3216 
f 4974 4905 3215 4796 
f 4939 4977 4851 4131 
f 4976 4938 4133 4852 
f 4960 4979 4869 4320 
f 4978 4961 4321 4870 
f 4251 4983 4984 4250 
f 4250 4984 4981 4248 
f 4910 4985 4980 3270 
f 4980 4982 3652 3270 
f 4982 4981 4257 3652 
f 4984 4983 4946 4947 
f 4981 4984 4947 4257 
f 4980 4985 3267 3266 
f 4983 4281 4263 4946 
f 4911 4986 4985 4910 
f 3568 4986 4911 3274 
f 4985 4986 3268 3267 
f 4988 4989 3654 3485 
f 4989 4991 4267 3654 
f 4992 4993 4962 4963 
f 4994 4995 4912 4913 
f 4990 4992 4963 4279 
f 4991 4993 4955 4267 
f 4987 4994 4913 3275 
f 4988 4995 4915 3271 
f 4277 4990 4279 3945 
f 4987 3277 3486 3278 
f 4272 4271 4274 4275 
f 3275 3467 3466 3276 
f 4937 4100 4099 4118 
f 4936 4097 4100 4937 
f 3601 4924 3426 3205 
f 3204 4925 4924 3601 
f 4996 5005 4791 3070 
f 4999 5000 3413 3390 
f 5006 4998 3310 4809 
f 4997 4999 3390 3071 
f 5007 5001 3839 4845 
f 3868 5003 3869 3870 
f 5002 5008 4863 3797 
f 5003 5004 4253 3869 
f 4998 5005 4790 3310 
f 4997 5006 4809 3042 
f 5002 5007 4845 3840 
f 5004 5008 4860 4253 
f 4996 3438 3043 
f 3838 5001 3796 
f 5021 5024 5023 5022 
f 5025 5023 5024 5026 
f 5027 5025 5026 5028 
f 5029 5027 5028 5030 
f 5031 5033 5030 5032 
f 5034 5031 5032 5035 
f 5036 5034 5035 5037 
f 5038 5036 5037 5039 
f 5040 5043 5042 5041 
f 5043 5045 5044 5042 
f 5045 5047 5046 5044 
f 5047 5049 5048 5046 
f 5049 5051 5050 5048 
f 5051 5053 5052 5050 
f 5053 5055 5054 5052 
f 5055 5057 5056 5054 
f 5058 5061 5060 5059 
f 5062 5065 5064 5063 
f 5066 5069 5068 5067 
f 5069 5071 5070 5068 
f 5072 5075 5074 5073 
f 5076 5072 5073 5077 
f 5078 5081 5080 5079 
f 5082 5085 5084 5083 
f 5086 5089 5088 5087 
f 5090 5091 5088 5089 
f 5092 5093 5091 5090 
f 5094 5095 5093 5092 
f 5096 5097 5095 5094 
f 5098 5099 5097 5096 
f 5100 5101 5099 5098 
f 5102 5103 5101 5100 
f 5104 5107 5106 5105 
f 5108 5111 5110 5109 
f 5110 5113 5112 5109 
f 5113 5115 5114 5112 
f 5115 5117 5116 5114 
f 5117 5119 5118 5116 
f 5120 5123 5122 5121 
f 5123 5125 5124 5122 
f 5125 5127 5126 5124 
f 5128 5818 5819 5129 
f 5130 5128 5129 5131 
f 5132 5130 5131 5133 
f 5134 5132 5133 5135 
f 5136 5134 5135 5137 
f 5138 5136 5137 5139 
f 5140 5138 5139 5141 
f 5142 5145 5144 5143 
f 5127 5147 5146 5126 
f 5148 5151 5150 5149 
f 5152 5155 5154 5153 
f 5156 5152 5158 5157 
f 5152 5153 5158 
f 5071 5159 5070 
f 5071 5161 5160 
f 5071 5163 5162 
f 5071 5160 5163 
f 5071 5162 5159 
f 5164 5167 5166 5165 
f 5168 5171 5170 5169 
f 5172 5175 5174 5173 
f 5175 5177 5176 5174 
f 5178 5164 5165 5179 
f 5180 5183 5182 5181 
f 5184 5178 5179 5185 
f 5183 5184 5185 5182 
f 5177 5180 5181 5176 
f 5186 5189 5188 5187 
f 5190 5193 5192 5191 
f 5194 5197 5196 5195 
f 5197 5199 5198 5196 
f 5200 5186 5187 5201 
f 5202 5205 5204 5203 
f 5206 5200 5201 5207 
f 5205 5206 5207 5204 
f 5199 5202 5203 5198 
f 5208 5211 5210 5209 
f 5212 5214 5210 5213 
f 5215 5212 5213 5216 
f 5217 5215 5216 5218 
f 5219 5217 5218 5220 
f 5221 5219 5220 5222 
f 5223 5221 5222 5224 
f 5225 5223 5224 5226 
f 5227 5230 5229 5228 
f 5231 5227 5228 5232 
f 5233 5236 5235 5234 
f 5237 5240 5239 5238 
f 5240 5242 5241 5239 
f 5243 5246 5245 5244 
f 5247 5250 5249 5248 
f 5251 5243 5244 5252 
f 5250 5251 5252 5249 
f 5242 5247 5248 5241 
f 5253 5231 5232 5254 
f 5255 5253 5254 5256 
f 5246 5258 5257 5245 
f 5259 5262 5261 5260 
f 5261 5264 5263 5260 
f 5264 5266 5265 5263 
f 5266 5268 5267 5265 
f 5268 5270 5269 5267 
f 5271 5274 5273 5272 
f 5274 5276 5275 5273 
f 5276 5278 5277 5275 
f 5279 5971 5972 5280 
f 5281 5279 5280 5282 
f 5283 5281 5282 5284 
f 5285 5283 5284 5286 
f 5287 5285 5286 5288 
f 5289 5287 5288 5290 
f 5291 5289 5290 5292 
f 5293 5296 5295 5294 
f 5278 5298 5297 5277 
f 5299 5302 5301 5300 
f 5303 5306 5305 5304 
f 5307 5310 5309 5308 
f 5310 5303 5304 5309 
f 5311 5314 5313 5312 
f 5315 5318 5317 5316 
f 5319 5320 5318 5315 
f 5321 5322 5320 5319 
f 5323 5325 5322 5324 
f 5326 5327 5325 5323 
f 5328 5329 5327 5326 
f 5330 5331 5329 5328 
f 5332 5334 5331 5333 
f 5335 5332 5333 5336 
f 5337 5340 5339 5338 
f 5341 5344 5343 5342 
f 5111 5022 5023 5110 
f 5110 5023 5025 5113 
f 5113 5025 5027 5115 
f 5115 5027 5029 5117 
f 5117 5029 5033 5119 
f 5120 5031 5034 5123 
f 5123 5034 5036 5125 
f 5125 5036 5038 5127 
f 5127 5038 5061 5147 
f 5156 5058 5345 5152 
f 5152 5345 5346 5155 
f 5142 5151 5065 5062 
f 5142 5062 5057 5145 
f 5140 5055 5053 5138 
f 5138 5053 5051 5136 
f 5136 5051 5049 5134 
f 5134 5049 5047 5132 
f 5132 5047 5045 5130 
f 5130 5045 5043 5128 
f 5128 5043 5040 5818 
f 5347 6040 5349 5348 
f 5348 5349 5351 5350 
f 5350 5351 5353 5352 
f 5352 5353 5355 5354 
f 5354 5355 5357 5356 
f 5356 5357 5359 5358 
f 5358 5359 5361 5360 
f 5360 5361 5363 5362 
f 5364 5367 5366 5365 
f 5368 5371 5370 5369 
f 5369 5370 5373 5372 
f 5372 5373 5375 5374 
f 5376 5379 5378 5377 
f 5377 5378 5381 5380 
f 5380 5381 5383 5382 
f 5382 5383 5385 5384 
f 5386 5389 5388 5387 
f 5387 5388 5391 5390 
f 5390 5391 5393 5392 
f 5394 5392 5393 5395 
f 5336 5333 5396 
f 5397 5333 5331 5330 
f 5324 5322 5398 
f 5340 5337 5399 
f 5399 5337 5400 
f 5400 5337 5401 
f 5401 5337 5402 
f 5402 5337 5403 
f 5403 5337 5404 
f 5405 5337 5407 5406 
f 5299 5149 5150 5302 
f 5408 5300 5301 5365 
f 5408 5411 5410 5409 
f 5412 5415 5414 5413 
f 5075 5412 5413 5074 
f 5108 5109 5261 5262 
f 5112 5264 5261 5109 
f 5114 5266 5264 5112 
f 5116 5268 5266 5114 
f 5121 5271 5270 5118 
f 5122 5274 5271 5121 
f 5124 5276 5274 5122 
f 5126 5278 5276 5124 
f 5819 5971 5279 5129 
f 5129 5279 5281 5131 
f 5131 5281 5283 5133 
f 5133 5283 5285 5135 
f 5135 5285 5287 5137 
f 5137 5287 5289 5139 
f 5139 5289 5291 5141 
f 5141 5291 5296 5144 
f 5157 5307 5298 5146 
f 5149 5299 5306 5154 
f 5158 5310 5307 5157 
f 5153 5303 5310 5158 
f 5259 5260 5392 5394 
f 5263 5390 5392 5260 
f 5265 5387 5390 5263 
f 5267 5386 5387 5265 
f 5272 5382 5384 5269 
f 5273 5380 5382 5272 
f 5275 5377 5380 5273 
f 5277 5376 5377 5275 
f 5972 5347 5348 5280 
f 5280 5348 5350 5282 
f 5282 5350 5352 5284 
f 5284 5352 5354 5286 
f 5286 5354 5356 5288 
f 5288 5356 5358 5290 
f 5290 5358 5360 5292 
f 5292 5360 5362 5295 
f 5308 5372 5374 5297 
f 5300 5408 5409 5305 
f 5309 5369 5372 5308 
f 5304 5368 5369 5309 
f 5119 5120 5121 5118 
f 5270 5271 5272 5269 
f 5033 5031 5120 5119 
f 5385 5389 5386 5384 
f 5270 5268 5116 5118 
f 5384 5386 5267 5269 
f 5033 5029 5030 
f 5416 5417 5313 5314 
f 5418 5317 5318 5419 
f 5419 5318 5320 5420 
f 5420 5320 5322 5421 
f 5421 5322 5325 5422 
f 5422 5325 5327 5423 
f 5423 5327 5329 5424 
f 5424 5329 5331 5334 
f 5337 5338 5425 5407 
f 5344 5427 5426 5343 
f 5428 5429 5069 5066 
f 5429 5430 5071 5069 
f 5430 5431 5071 
f 5432 5434 5257 5433 
f 5312 5313 5338 5339 
f 5425 5338 5313 5417 
f 5082 5083 5436 5435 
f 5314 5311 5316 5317 
f 5418 5416 5314 5317 
f 5437 5432 5433 5256 
f 5021 5022 6131 6132 
f 5086 5087 6133 6134 
f 5111 5108 5014 5010 
f 5173 5168 5169 5172 
f 6135 5170 5171 5438 
f 5191 5192 5440 5439 
f 5441 5442 5019 6140 
f 6141 5208 5209 6142 
f 5443 5233 5234 5238 
f 5016 5444 5235 6145 
f 5262 5259 5015 5011 
f 5334 5332 6146 6147 
f 5332 5335 5017 6146 
f 5342 5343 5066 5067 
f 5344 5341 6148 5009 
f 5022 5111 5010 6131 
f 5394 5395 5013 6149 
f 5406 5407 5445 6150 
f 5337 5405 5404 
f 5108 5262 5011 5014 
f 5259 5394 6149 5015 
f 5417 5416 5446 6151 
f 5418 5419 6152 6153 
f 5419 5420 6154 6152 
f 5420 5421 5018 6154 
f 5421 5422 5447 5018 
f 5422 5423 5448 5447 
f 5423 5424 5449 5448 
f 5424 5334 6147 5449 
f 5407 5425 5450 5445 
f 5343 5426 5428 5066 
f 5427 5344 5009 5451 
f 5425 5417 6151 5450 
f 5416 5418 6153 5446 
f 5167 5453 5452 5166 
f 5453 5455 5454 5452 
f 5455 5457 5456 5454 
f 5457 5459 5458 5456 
f 5459 5461 5460 5458 
f 5461 5462 5460 
f 5071 5431 5463 5161 
f 5464 6168 5466 5465 
f 5467 5470 5469 5468 
f 5470 5472 5471 5469 
f 5472 5474 5473 5471 
f 5474 5476 5475 5473 
f 5476 5478 5477 5475 
f 5478 5464 5465 5477 
f 5479 5481 5480 
f 5482 6186 6187 5483 
f 5484 5485 6186 5482 
f 5486 6191 5485 5484 
f 5465 5466 6191 5486 
f 6192 5489 5488 5487 
f 6195 5490 5489 6192 
f 6168 5464 5490 6195 
f 5491 5493 5492 5479 
f 5494 5495 5493 5491 
f 5496 5497 5495 5494 
f 5468 5469 5497 5496 
f 5498 5501 5500 5499 
f 5502 5503 5501 5498 
f 5470 5467 5503 5502 
f 5493 5505 5504 5492 
f 5495 5506 5505 5493 
f 5497 5507 5506 5495 
f 5469 5471 5507 5497 
f 5508 5498 5499 5509 
f 5510 5502 5498 5508 
f 5472 5470 5502 5510 
f 5505 5512 5511 5504 
f 5506 5513 5512 5505 
f 5507 5514 5513 5506 
f 5471 5473 5514 5507 
f 5515 5508 5509 5516 
f 5517 5510 5508 5515 
f 5474 5472 5510 5517 
f 5512 5519 5518 5511 
f 5513 5520 5519 5512 
f 5514 5521 5520 5513 
f 5473 5475 5521 5514 
f 5522 5515 5516 5523 
f 5524 5517 5515 5522 
f 5476 5474 5517 5524 
f 5519 5526 5525 5518 
f 5520 5527 5526 5519 
f 5521 5528 5527 5520 
f 5475 5477 5528 5521 
f 5529 5522 5523 5530 
f 5531 5524 5522 5529 
f 5478 5476 5524 5531 
f 5526 5482 5483 5525 
f 5527 5484 5482 5526 
f 5528 5486 5484 5527 
f 5477 5465 5486 5528 
f 5489 5529 5530 5488 
f 5490 5531 5529 5489 
f 5464 5478 5531 5490 
f 5501 5532 5500 
f 5503 5533 5532 5501 
f 5467 5534 5533 5503 
f 5468 5535 5534 5467 
f 5496 5536 5535 5468 
f 5494 5537 5536 5496 
f 5491 5538 5537 5494 
f 5539 5541 5540 
f 5540 5064 5415 5412 
f 5150 5151 5142 5143 
f 5301 5302 5293 5294 
f 5065 5151 5148 5542 
f 5365 5366 5411 5408 
f 5302 5150 5143 5293 
f 5365 5301 5294 5364 
f 5539 5540 5412 
f 5060 5061 5038 5039 
f 5105 5106 5103 5102 
f 5146 5147 5156 5157 
f 5543 5544 5229 5226 
f 5297 5298 5307 5308 
f 5147 5061 5058 5156 
f 5374 5375 5379 5376 
f 5398 5322 5321 
f 5146 5298 5278 5126 
f 5297 5374 5376 5277 
f 5165 5166 5189 5186 
f 5167 5164 5546 5545 
f 5169 5170 5548 5547 
f 5171 5168 5549 5441 
f 5173 5174 5197 5194 
f 5175 5172 5551 5550 
f 5174 5176 5199 5197 
f 5177 5175 5550 5552 
f 5179 5165 5186 5200 
f 5164 5178 5553 5546 
f 5181 5182 5205 5202 
f 5183 5180 5555 5554 
f 5185 5179 5200 5206 
f 5178 5184 5556 5553 
f 5182 5185 5206 5205 
f 5184 5183 5554 5556 
f 5176 5181 5202 5199 
f 5180 5177 5552 5555 
f 5172 5169 5547 5551 
f 5168 5173 5194 5549 
f 5438 5171 5441 6140 
f 5170 6135 5557 5548 
f 5166 5452 5558 5189 
f 5453 5167 5545 5559 
f 5452 5454 5078 5558 
f 5455 5453 5559 5560 
f 5454 5456 5081 5078 
f 5457 5455 5560 5561 
f 5456 5458 5562 5081 
f 5459 5457 5561 5563 
f 5458 5460 5076 5562 
f 5461 5459 5563 5564 
f 5460 5462 5072 5076 
f 5462 5461 5564 5565 
f 5462 5566 5075 5072 
f 5566 5462 5565 5567 
f 5566 5412 5075 
f 5412 5566 5567 5539 
f 5568 5214 5089 5086 
f 5209 5210 5214 5568 
f 5211 5208 5570 5569 
f 5571 5211 5569 5572 
f 5213 5210 5211 5571 
f 5214 5212 5090 5089 
f 5573 5571 5572 5574 
f 5216 5213 5571 5573 
f 5212 5215 5092 5090 
f 5575 5573 5574 5576 
f 5218 5216 5573 5575 
f 5215 5217 5094 5092 
f 5577 5575 5576 5578 
f 5220 5218 5575 5577 
f 5217 5219 5096 5094 
f 5579 5577 5578 5580 
f 5222 5220 5577 5579 
f 5219 5221 5098 5096 
f 5581 5579 5580 5582 
f 5224 5222 5579 5581 
f 5221 5223 5100 5098 
f 5543 5581 5582 5583 
f 5226 5224 5581 5543 
f 5223 5225 5102 5100 
f 5584 5544 5586 5585 
f 5228 5229 5544 5584 
f 5230 5227 5104 5105 
f 5587 5584 5585 5588 
f 5232 5228 5584 5587 
f 5227 5231 5589 5104 
f 5590 5444 5190 5191 
f 5234 5235 5444 5590 
f 5236 5233 5592 5591 
f 5443 5595 5594 5593 
f 5238 5239 5595 5443 
f 5240 5237 5439 5596 
f 5595 5598 5597 5594 
f 5239 5241 5598 5595 
f 5242 5240 5596 5599 
f 5600 5603 5602 5601 
f 5244 5245 5603 5600 
f 5246 5243 5605 5604 
f 5606 5609 5608 5607 
f 5248 5249 5609 5606 
f 5250 5247 5611 5610 
f 5612 5600 5601 5613 
f 5252 5244 5600 5612 
f 5243 5251 5614 5605 
f 5609 5612 5613 5608 
f 5249 5252 5612 5609 
f 5251 5250 5610 5614 
f 5598 5606 5607 5597 
f 5241 5248 5606 5598 
f 5247 5242 5599 5611 
f 5615 5587 5588 5616 
f 5254 5232 5587 5615 
f 5231 5253 5617 5589 
f 5437 5615 5616 5618 
f 5256 5254 5615 5437 
f 5253 5255 5435 5617 
f 5603 5434 5619 5602 
f 5245 5257 5434 5603 
f 5258 5246 5604 5085 
f 5620 5258 5085 5082 
f 5433 5257 5258 5620 
f 5434 5432 5621 5619 
f 5255 5620 5082 5435 
f 5256 5433 5620 5255 
f 5432 5437 5618 5621 
f 6327 5568 5086 6134 
f 6142 5209 5568 6327 
f 5208 6141 6328 5570 
f 5237 5590 5191 5439 
f 5238 5234 5590 5237 
f 5233 5443 5593 5592 
f 5622 5236 5591 5623 
f 6145 5235 5236 5622 
f 5444 5016 5012 5190 
f 5225 5230 5105 5102 
f 5226 5229 5230 5225 
f 5544 5543 5583 5586 
f 6328 5017 5335 5570 
f 5570 5335 5336 5569 
f 5569 5336 5396 5572 
f 5572 5396 5397 5574 
f 5574 5397 5330 5576 
f 5576 5330 5328 5578 
f 5578 5328 5326 5580 
f 5580 5326 5323 5582 
f 5582 5323 5324 5583 
f 5583 5324 5398 5586 
f 5586 5398 5321 5585 
f 5585 5321 5319 5588 
f 5588 5319 5315 5616 
f 5616 5315 5316 5618 
f 5618 5316 5311 5621 
f 5621 5311 5312 5619 
f 5619 5312 5339 5602 
f 5602 5339 5340 5601 
f 5601 5340 5399 5613 
f 5613 5399 5400 5608 
f 5608 5400 5401 5607 
f 5607 5401 5402 5597 
f 5597 5402 5403 5594 
f 5594 5403 5404 5593 
f 5593 5404 5405 5592 
f 5592 5405 5406 5591 
f 5591 5406 6150 5623 
f 5396 5333 5397 
f 5436 5624 5617 5435 
f 5083 5084 5188 5625 
f 5626 5084 5085 5604 
f 5192 5193 5442 5627 
f 5440 5628 5596 5439 
f 5628 5629 5599 5596 
f 5630 5626 5604 5605 
f 5631 5632 5610 5611 
f 5633 5630 5605 5614 
f 5632 5633 5614 5610 
f 5629 5631 5611 5599 
f 5436 5083 5625 5079 
f 5440 5192 5627 5195 
f 5634 5193 5190 5012 
f 5624 5635 5589 5617 
f 5087 5088 5024 5021 
f 5088 5091 5026 5024 
f 5091 5093 5028 5026 
f 5093 5095 5030 5028 
f 5095 5097 5032 5030 
f 5097 5099 5035 5032 
f 5099 5101 5037 5035 
f 5101 5103 5039 5037 
f 5106 5107 5059 5060 
f 6133 5087 5021 6132 
f 5103 5106 5060 5039 
f 5635 5107 5104 5589 
f 5077 5636 5562 5076 
f 5636 5080 5081 5562 
f 5154 5155 5148 5149 
f 5305 5306 5299 5300 
f 5155 5346 5542 5148 
f 5409 5410 5371 5368 
f 5154 5306 5303 5153 
f 5305 5409 5368 5304 
f 5079 5080 5624 5436 
f 5187 5188 5084 5626 
f 5195 5196 5628 5440 
f 5196 5198 5629 5628 
f 5201 5187 5626 5630 
f 5203 5204 5632 5631 
f 5207 5201 5630 5633 
f 5204 5207 5633 5632 
f 5198 5203 5631 5629 
f 5019 5442 5193 5634 
f 5625 5188 5189 5558 
f 5627 5442 5441 5549 
f 5079 5625 5558 5078 
f 5195 5627 5549 5194 
f 5080 5636 5624 
f 5636 5077 5624 
f 5077 5073 5635 5624 
f 5073 5059 5107 5635 
f 5073 5074 5059 
f 5074 5413 5059 
f 5413 5637 5059 
f 5413 5414 5637 
f 5547 5342 5067 5551 
f 5551 5067 5068 5550 
f 5550 5068 5070 5552 
f 5552 5070 5159 5555 
f 5555 5159 5162 5554 
f 5554 5162 5163 5556 
f 5556 5163 5160 5553 
f 5553 5160 5161 5546 
f 5546 5161 5463 5545 
f 5500 5463 5431 5499 
f 5499 5431 5430 5509 
f 5509 5430 5429 5516 
f 5516 5429 5428 5523 
f 5523 5428 5426 5530 
f 5530 5426 5427 5488 
f 5488 5427 5451 5487 
f 5557 6148 5341 5548 
f 5548 5341 5342 5547 
f 5532 5533 5560 5559 
f 5533 5534 5561 5560 
f 5534 5535 5563 5561 
f 5535 5536 5564 5563 
f 5536 5537 5565 5564 
f 5537 5538 5567 5565 
f 5463 5500 5545 
f 5500 5532 5559 5545 
f 5479 5480 5538 5491 
f 5538 5480 5539 5567 
f 5480 5481 5541 5539 
f 5144 5145 5140 5141 
f 5295 5296 5291 5292 
f 5145 5057 5055 5140 
f 5362 5363 5367 5364 
f 5144 5296 5293 5143 
f 5295 5362 5364 5294 
f 5481 5056 5063 5541 
f 5041 5042 5483 6187 
f 5042 5044 5525 5483 
f 5044 5046 5518 5525 
f 5046 5048 5511 5518 
f 5048 5050 5504 5511 
f 5050 5052 5492 5504 
f 5052 5054 5479 5492 
f 5054 5056 5481 5479 
f 5063 5064 5540 5541 
f 5414 5415 5542 5346 
f 5415 5064 5065 5542 
f 5063 5056 5057 5062 
f 5059 5637 5345 5058 
f 5637 5414 5346 5345 
f 5371 6794 6795 5370 
f 5370 6795 6796 5373 
f 5373 6796 6797 5375 
f 5375 6797 6798 5379 
f 5379 6798 6799 5378 
f 5378 6799 6800 5381 
f 5381 6800 6801 5383 
f 5383 6801 6802 5385 
f 5385 6802 6803 5389 
f 5389 6803 6804 5388 
f 5388 6804 6805 5391 
f 5391 6805 6806 5393 
f 5393 6806 6807 5395 
f 5395 6807 6808 5013 
f 6040 5020 5652 5349 
f 5349 5652 5653 5351 
f 5351 5653 5654 5353 
f 5353 5654 5655 5355 
f 5355 5655 5656 5357 
f 5357 5656 5657 5359 
f 5359 5657 5658 5361 
f 5361 5658 5659 5363 
f 5363 5659 5660 5367 
f 5367 5660 5366 
f 5366 5660 6792 5411 
f 5411 6792 6793 5410 
f 5410 6793 6794 5371 
f 5651 5650 6695 6694 
f 5650 5649 6696 6695 
f 5649 5648 6697 6696 
f 5648 5647 6698 6697 
f 5647 5646 6699 6698 
f 5646 5645 6700 6699 
f 5645 5644 6701 6700 
f 5644 5643 6702 6701 
f 5643 5642 6703 6702 
f 5642 5641 6704 6703 
f 5641 5640 6705 6704 
f 5640 5638 6706 6705 
f 5638 5639 6707 6706 
f 5639 5661 6708 6707 
f 5661 5660 6709 6708 
f 5660 5659 6710 6709 
f 5659 5658 6711 6710 
f 5658 5657 6712 6711 
f 5657 5656 6713 6712 
f 5656 5655 6714 6713 
f 5655 5654 6715 6714 
f 5654 5653 6716 6715 
f 5653 5652 6717 6716 
f 5652 5020 6743 6717 
f 5662 5663 6749 6748 
f 5663 5664 6750 6749 
f 5664 5665 6751 6750 
f 5665 5666 6752 6751 
f 5666 5667 6753 6752 
f 5667 5668 6754 6753 
f 5668 5669 6755 6754 
f 5669 5670 6756 6755 
f 5670 5671 6757 6756 
f 5671 5672 6758 6757 
f 5672 5673 6759 6758 
f 5673 5674 6760 6759 
f 5674 5675 6761 6760 
f 5675 5676 6762 6761 
f 5676 5677 6763 6762 
f 5677 5678 6764 6763 
f 5678 5679 6765 6764 
f 5679 5680 6766 6765 
f 5680 5681 6767 6766 
f 5681 5682 6768 6767 
f 5682 5683 6769 6768 
f 5683 5684 6770 6769 
f 5684 6389 6771 6770 
f 5709 5651 6694 6718 
f 5710 5662 6748 6747 
f 5712 5715 5714 5713 
f 5716 5717 5713 5714 
f 5718 5719 5717 5716 
f 5720 5721 5719 5718 
f 5722 5724 5721 5723 
f 5725 5726 5724 5722 
f 5727 5728 5726 5725 
f 5729 5730 5728 5727 
f 5040 5041 5732 5731 
f 5731 5732 5734 5733 
f 5733 5734 5736 5735 
f 5735 5736 5738 5737 
f 5737 5738 5740 5739 
f 5739 5740 5742 5741 
f 5741 5742 5744 5743 
f 5743 5744 5746 5745 
f 5747 5750 5749 5748 
f 5751 5754 5753 5752 
f 5755 5758 5757 5756 
f 5756 5757 5760 5759 
f 5761 5764 5763 5762 
f 5765 5766 5764 5761 
f 5767 5770 5769 5768 
f 5771 5774 5773 5772 
f 5775 5778 5777 5776 
f 5779 5776 5777 5780 
f 5781 5779 5780 5782 
f 5783 5781 5782 5784 
f 5785 5783 5784 5786 
f 5787 5785 5786 5788 
f 5789 5787 5788 5790 
f 5791 5789 5790 5792 
f 5793 5796 5795 5794 
f 5797 5800 5799 5798 
f 5799 5800 5802 5801 
f 5801 5802 5804 5803 
f 5803 5804 5806 5805 
f 5805 5806 5808 5807 
f 5809 5812 5811 5810 
f 5810 5811 5814 5813 
f 5813 5814 5816 5815 
f 5817 5820 5819 5818 
f 5821 5822 5820 5817 
f 5823 5824 5822 5821 
f 5825 5826 5824 5823 
f 5827 5828 5826 5825 
f 5829 5830 5828 5827 
f 5831 5832 5830 5829 
f 5833 5836 5835 5834 
f 5815 5816 5838 5837 
f 5839 5842 5841 5840 
f 5843 5846 5845 5844 
f 5847 5849 5848 5843 
f 5843 5848 5846 
f 5759 5760 5850 
f 5759 5852 5851 
f 5759 5854 5853 
f 5759 5853 5852 
f 5759 5850 5854 
f 5855 5858 5857 5856 
f 5859 5862 5861 5860 
f 5863 5866 5865 5864 
f 5864 5865 5868 5867 
f 5869 5870 5858 5855 
f 5871 5874 5873 5872 
f 5875 5876 5870 5869 
f 5872 5873 5876 5875 
f 5867 5868 5874 5871 
f 5877 5880 5879 5878 
f 5881 5884 5883 5882 
f 5885 5888 5887 5886 
f 5886 5887 5890 5889 
f 5891 5892 5880 5877 
f 5893 5896 5895 5894 
f 5897 5898 5892 5891 
f 5894 5895 5898 5897 
f 5889 5890 5896 5893 
f 5899 5902 5901 5900 
f 5903 5905 5901 5904 
f 5906 5907 5905 5903 
f 5908 5909 5907 5906 
f 5910 5911 5909 5908 
f 5912 5913 5911 5910 
f 5914 5915 5913 5912 
f 5916 5917 5915 5914 
f 5918 5921 5920 5919 
f 5922 5923 5921 5918 
f 5924 5927 5926 5925 
f 5928 5931 5930 5929 
f 5929 5930 5933 5932 
f 5934 5937 5936 5935 
f 5938 5941 5940 5939 
f 5942 5943 5937 5934 
f 5939 5940 5943 5942 
f 5932 5933 5941 5938 
f 5944 5945 5923 5922 
f 5946 5947 5945 5944 
f 5935 5936 5949 5948 
f 5950 5953 5952 5951 
f 5952 5953 5955 5954 
f 5954 5955 5957 5956 
f 5956 5957 5959 5958 
f 5958 5959 5961 5960 
f 5962 5965 5964 5963 
f 5963 5964 5967 5966 
f 5966 5967 5969 5968 
f 5970 5973 5972 5971 
f 5974 5975 5973 5970 
f 5976 5977 5975 5974 
f 5978 5979 5977 5976 
f 5980 5981 5979 5978 
f 5982 5983 5981 5980 
f 5984 5985 5983 5982 
f 5986 5989 5988 5987 
f 5968 5969 5991 5990 
f 5992 5995 5994 5993 
f 5996 5999 5998 5997 
f 6000 6003 6002 6001 
f 6001 6002 5999 5996 
f 6004 6007 6006 6005 
f 6008 6011 6010 6009 
f 6012 6008 6009 6013 
f 6014 6012 6013 6015 
f 6016 6018 6015 6017 
f 6019 6016 6017 6020 
f 6021 6019 6020 6022 
f 6023 6021 6022 6024 
f 6025 6027 6024 6026 
f 6028 6029 6027 6025 
f 6030 6033 6032 6031 
f 6034 6037 6036 6035 
f 5798 5799 5714 5715 
f 5799 5801 5716 5714 
f 5801 5803 5718 5716 
f 5803 5805 5720 5718 
f 5805 5807 5723 5720 
f 5809 5810 5725 5722 
f 5810 5813 5727 5725 
f 5813 5815 5729 5727 
f 5815 5837 5748 5729 
f 5847 5843 6038 5747 
f 5843 5844 6039 6038 
f 5833 5751 5752 5840 
f 5833 5834 5745 5751 
f 5831 5829 5741 5743 
f 5829 5827 5739 5741 
f 5827 5825 5737 5739 
f 5825 5823 5735 5737 
f 5823 5821 5733 5735 
f 5821 5817 5731 5733 
f 5817 5818 5040 5731 
f 5347 6042 6041 6040 
f 6042 6044 6043 6041 
f 6044 6046 6045 6043 
f 6046 6048 6047 6045 
f 6048 6050 6049 6047 
f 6050 6052 6051 6049 
f 6052 6054 6053 6051 
f 6054 6056 6055 6053 
f 6057 6060 6059 6058 
f 6061 6064 6063 6062 
f 6064 6066 6065 6063 
f 6066 6068 6067 6065 
f 6069 6072 6071 6070 
f 6072 6074 6073 6071 
f 6074 6076 6075 6073 
f 6076 6078 6077 6075 
f 6079 6082 6081 6080 
f 6082 6084 6083 6081 
f 6084 6086 6085 6083 
f 6087 6088 6085 6086 
f 6029 6089 6027 
f 6090 6023 6024 6027 
f 6018 6091 6015 
f 6031 6092 6030 
f 6092 6093 6030 
f 6093 6094 6030 
f 6094 6095 6030 
f 6095 6096 6030 
f 6096 6097 6030 
f 6098 6100 6099 6030 
f 5992 5993 5841 5842 
f 6101 6060 5994 5995 
f 6101 6104 6103 6102 
f 6105 6108 6107 6106 
f 5762 5763 6108 6105 
f 5797 5951 5952 5800 
f 5802 5800 5952 5954 
f 5804 5802 5954 5956 
f 5806 5804 5956 5958 
f 5812 5808 5960 5962 
f 5811 5812 5962 5963 
f 5814 5811 5963 5966 
f 5816 5814 5966 5968 
f 5819 5820 5970 5971 
f 5820 5822 5974 5970 
f 5822 5824 5976 5974 
f 5824 5826 5978 5976 
f 5826 5828 5980 5978 
f 5828 5830 5982 5980 
f 5830 5832 5984 5982 
f 5832 5835 5987 5984 
f 5849 5838 5990 6000 
f 5842 5845 5997 5992 
f 5848 5849 6000 6001 
f 5846 5848 6001 5996 
f 5950 6087 6086 5953 
f 5955 5953 6086 6084 
f 5957 5955 6084 6082 
f 5959 5957 6082 6079 
f 5965 5961 6078 6076 
f 5964 5965 6076 6074 
f 5967 5964 6074 6072 
f 5969 5967 6072 6069 
f 5972 5973 6042 5347 
f 5973 5975 6044 6042 
f 5975 5977 6046 6044 
f 5977 5979 6048 6046 
f 5979 5981 6050 6048 
f 5981 5983 6052 6050 
f 5983 5985 6054 6052 
f 5985 5988 6056 6054 
f 6003 5991 6068 6066 
f 5995 5998 6104 6101 
f 6002 6003 6066 6064 
f 5999 6002 6064 6061 
f 5807 5808 5812 5809 
f 5960 5961 5965 5962 
f 5723 5807 5809 5722 
f 6077 6078 6079 6080 
f 5960 5808 5806 5958 
f 6078 5961 5959 6079 
f 5723 5721 5720 
f 6109 6005 6006 6110 
f 6111 6112 6009 6010 
f 6112 6113 6013 6009 
f 6113 6114 6015 6013 
f 6114 6115 6017 6015 
f 6115 6116 6020 6017 
f 6116 6117 6022 6020 
f 6117 6026 6024 6022 
f 6030 6099 6118 6033 
f 6035 6036 6120 6119 
f 6121 5755 5756 6122 
f 6122 5756 5759 6123 
f 6123 5759 6124 
f 6125 6127 5949 6126 
f 6007 6032 6033 6006 
f 6118 6110 6006 6033 
f 5771 6129 6128 5774 
f 6005 6010 6011 6004 
f 6111 6010 6005 6109 
f 6130 5947 6127 6125 
f 5712 6132 6131 5715 
f 5775 6134 6133 5778 
f 5798 5010 5014 5797 
f 5866 5863 5862 5859 
f 6135 5438 5860 5861 
f 5884 6137 6136 5883 
f 6138 6140 5019 6139 
f 6141 6142 5902 5899 
f 6143 5931 5927 5924 
f 5016 6145 5926 6144 
f 5951 5011 5015 5950 
f 6026 6147 6146 6025 
f 6025 6146 5017 6028 
f 6037 5758 5755 6036 
f 6035 5009 6148 6034 
f 5715 6131 5010 5798 
f 6087 6149 5013 6088 
f 6100 6150 5445 6099 
f 6030 6097 6098 
f 5797 5014 5011 5951 
f 5950 5015 6149 6087 
f 6110 6151 5446 6109 
f 6111 6153 6152 6112 
f 6112 6152 6154 6113 
f 6113 6154 5018 6114 
f 6114 5018 5447 6115 
f 6115 5447 5448 6116 
f 6116 5448 5449 6117 
f 6117 5449 6147 6026 
f 6099 5445 5450 6118 
f 6036 5755 6121 6120 
f 6119 5451 5009 6035 
f 6118 5450 6151 6110 
f 6109 5446 6153 6111 
f 5856 5857 6156 6155 
f 6155 6156 6158 6157 
f 6157 6158 6160 6159 
f 6159 6160 6162 6161 
f 6161 6162 6164 6163 
f 6163 6164 6165 
f 5759 5851 6166 6124 
f 6167 6169 5466 6168 
f 6170 6173 6172 6171 
f 6171 6172 6175 6174 
f 6174 6175 6177 6176 
f 6176 6177 6179 6178 
f 6178 6179 6181 6180 
f 6180 6181 6169 6167 
f 6182 6184 6183 
f 6185 6188 6187 6186 
f 6189 6185 6186 5485 
f 6190 6189 5485 6191 
f 6169 6190 6191 5466 
f 6192 5487 6194 6193 
f 6195 6192 6193 6196 
f 6168 6195 6196 6167 
f 6197 6182 6199 6198 
f 6200 6197 6198 6201 
f 6202 6200 6201 6203 
f 6173 6202 6203 6172 
f 6204 6207 6206 6205 
f 6208 6204 6205 6209 
f 6171 6208 6209 6170 
f 6198 6199 6211 6210 
f 6201 6198 6210 6212 
f 6203 6201 6212 6213 
f 6172 6203 6213 6175 
f 6214 6215 6207 6204 
f 6216 6214 6204 6208 
f 6174 6216 6208 6171 
f 6210 6211 6218 6217 
f 6212 6210 6217 6219 
f 6213 6212 6219 6220 
f 6175 6213 6220 6177 
f 6221 6222 6215 6214 
f 6223 6221 6214 6216 
f 6176 6223 6216 6174 
f 6217 6218 6225 6224 
f 6219 6217 6224 6226 
f 6220 6219 6226 6227 
f 6177 6220 6227 6179 
f 6228 6229 6222 6221 
f 6230 6228 6221 6223 
f 6178 6230 6223 6176 
f 6224 6225 6232 6231 
f 6226 6224 6231 6233 
f 6227 6226 6233 6234 
f 6179 6227 6234 6181 
f 6235 6236 6229 6228 
f 6237 6235 6228 6230 
f 6180 6237 6230 6178 
f 6231 6232 6188 6185 
f 6233 6231 6185 6189 
f 6234 6233 6189 6190 
f 6181 6234 6190 6169 
f 6193 6194 6236 6235 
f 6196 6193 6235 6237 
f 6167 6196 6237 6180 
f 6205 6206 6238 
f 6209 6205 6238 6239 
f 6170 6209 6239 6240 
f 6173 6170 6240 6241 
f 6202 6173 6241 6242 
f 6200 6202 6242 6243 
f 6197 6200 6243 6244 
f 6245 6247 6246 
f 6247 6105 6106 5753 
f 5841 5836 5833 5840 
f 5994 5989 5986 5993 
f 5752 6248 5839 5840 
f 6060 6101 6102 6059 
f 5993 5986 5836 5841 
f 6060 6057 5989 5994 
f 6245 6105 6247 
f 5749 5730 5729 5748 
f 5796 5791 5792 5795 
f 5838 5849 5847 5837 
f 6249 5917 5920 6250 
f 5991 6003 6000 5990 
f 5837 5847 5747 5748 
f 6068 6069 6070 6067 
f 6091 6014 6015 
f 5838 5816 5968 5990 
f 5991 5969 6069 6068 
f 5858 5877 5878 5857 
f 5856 6252 6251 5855 
f 5862 6254 6253 5861 
f 5860 6138 6255 5859 
f 5866 5885 5886 5865 
f 5864 6257 6256 5863 
f 5865 5886 5889 5868 
f 5867 6258 6257 5864 
f 5870 5891 5877 5858 
f 5855 6251 6259 5869 
f 5874 5893 5894 5873 
f 5872 6261 6260 5871 
f 5876 5897 5891 5870 
f 5869 6259 6262 5875 
f 5873 5894 5897 5876 
f 5875 6262 6261 5872 
f 5868 5889 5893 5874 
f 5871 6260 6258 5867 
f 5863 6256 6254 5862 
f 5859 6255 5885 5866 
f 5438 6140 6138 5860 
f 5861 6253 5557 6135 
f 5857 5878 6263 6156 
f 6155 6264 6252 5856 
f 6156 6263 5767 6158 
f 6157 6265 6264 6155 
f 6158 5767 5768 6160 
f 6159 6266 6265 6157 
f 6160 5768 6267 6162 
f 6161 6268 6266 6159 
f 6162 6267 5765 6164 
f 6163 6269 6268 6161 
f 6164 5765 5761 6165 
f 6165 6270 6269 6163 
f 6165 5761 5762 6271 
f 6271 6272 6270 6165 
f 6271 5762 6105 
f 6105 6245 6272 6271 
f 6273 5775 5776 5904 
f 5902 6273 5904 5901 
f 5900 6275 6274 5899 
f 6276 6277 6275 5900 
f 5905 6276 5900 5901 
f 5904 5776 5779 5903 
f 6278 6279 6277 6276 
f 5907 6278 6276 5905 
f 5903 5779 5781 5906 
f 6280 6281 6279 6278 
f 5909 6280 6278 5907 
f 5906 5781 5783 5908 
f 6282 6283 6281 6280 
f 5911 6282 6280 5909 
f 5908 5783 5785 5910 
f 6284 6285 6283 6282 
f 5913 6284 6282 5911 
f 5910 5785 5787 5912 
f 6286 6287 6285 6284 
f 5915 6286 6284 5913 
f 5912 5787 5789 5914 
f 6249 6288 6287 6286 
f 5917 6249 6286 5915 
f 5914 5789 5791 5916 
f 6289 6291 6290 6250 
f 5921 6289 6250 5920 
f 5919 5796 5793 5918 
f 6292 6293 6291 6289 
f 5923 6292 6289 5921 
f 5918 5793 6294 5922 
f 6295 5884 5881 6144 
f 5927 6295 6144 5926 
f 5925 6297 6296 5924 
f 6143 6300 6299 6298 
f 5931 6143 6298 5930 
f 5929 6301 6137 5928 
f 6298 6299 6303 6302 
f 5930 6298 6302 5933 
f 5932 6304 6301 5929 
f 6305 6308 6307 6306 
f 5937 6305 6306 5936 
f 5935 6310 6309 5934 
f 6311 6314 6313 6312 
f 5941 6311 6312 5940 
f 5939 6316 6315 5938 
f 6317 6318 6308 6305 
f 5943 6317 6305 5937 
f 5934 6309 6319 5942 
f 6312 6313 6318 6317 
f 5940 6312 6317 5943 
f 5942 6319 6316 5939 
f 6302 6303 6314 6311 
f 5933 6302 6311 5941 
f 5938 6315 6304 5932 
f 6320 6321 6293 6292 
f 5945 6320 6292 5923 
f 5922 6294 6322 5944 
f 6130 6323 6321 6320 
f 5947 6130 6320 5945 
f 5944 6322 6129 5946 
f 6306 6307 6324 6126 
f 5936 6306 6126 5949 
f 5948 5772 6310 5935 
f 6325 5771 5772 5948 
f 6127 6325 5948 5949 
f 6126 6324 6326 6125 
f 5946 6129 5771 6325 
f 5947 5946 6325 6127 
f 6125 6326 6323 6130 
f 6327 6134 5775 6273 
f 6142 6327 6273 5902 
f 5899 6274 6328 6141 
f 5928 6137 5884 6295 
f 5931 5928 6295 5927 
f 5924 6296 6300 6143 
f 5622 5623 6297 5925 
f 6145 5622 5925 5926 
f 6144 5881 5012 5016 
f 5916 5791 5796 5919 
f 5917 5916 5919 5920 
f 6250 6290 6288 6249 
f 6328 6274 6028 5017 
f 6274 6275 6029 6028 
f 6275 6277 6089 6029 
f 6277 6279 6090 6089 
f 6279 6281 6023 6090 
f 6281 6283 6021 6023 
f 6283 6285 6019 6021 
f 6285 6287 6016 6019 
f 6287 6288 6018 6016 
f 6288 6290 6091 6018 
f 6290 6291 6014 6091 
f 6291 6293 6012 6014 
f 6293 6321 6008 6012 
f 6321 6323 6011 6008 
f 6323 6326 6004 6011 
f 6326 6324 6007 6004 
f 6324 6307 6032 6007 
f 6307 6308 6031 6032 
f 6308 6318 6092 6031 
f 6318 6313 6093 6092 
f 6313 6314 6094 6093 
f 6314 6303 6095 6094 
f 6303 6299 6096 6095 
f 6299 6300 6097 6096 
f 6300 6296 6098 6097 
f 6296 6297 6100 6098 
f 6297 5623 6150 6100 
f 6089 6090 6027 
f 6128 6129 6322 6329 
f 5774 6330 5879 5773 
f 6331 6310 5772 5773 
f 5883 6332 6139 5882 
f 6136 6137 6301 6333 
f 6333 6301 6304 6334 
f 6335 6309 6310 6331 
f 6336 6315 6316 6337 
f 6338 6319 6309 6335 
f 6337 6316 6319 6338 
f 6334 6304 6315 6336 
f 6128 5770 6330 5774 
f 6136 5888 6332 5883 
f 5634 5012 5881 5882 
f 6329 6322 6294 6339 
f 5778 5712 5713 5777 
f 5777 5713 5717 5780 
f 5780 5717 5719 5782 
f 5782 5719 5721 5784 
f 5784 5721 5724 5786 
f 5786 5724 5726 5788 
f 5788 5726 5728 5790 
f 5790 5728 5730 5792 
f 5795 5749 5750 5794 
f 6133 6132 5712 5778 
f 5792 5730 5749 5795 
f 6339 6294 5793 5794 
f 5766 5765 6267 6340 
f 6340 6267 5768 5769 
f 5845 5842 5839 5844 
f 5998 5995 5992 5997 
f 5844 5839 6248 6039 
f 6104 6061 6062 6103 
f 5845 5846 5996 5997 
f 5998 5999 6061 6104 
f 5770 6128 6329 5769 
f 5880 6331 5773 5879 
f 5888 6136 6333 5887 
f 5887 6333 6334 5890 
f 5892 6335 6331 5880 
f 5896 6336 6337 5895 
f 5898 6338 6335 5892 
f 5895 6337 6338 5898 
f 5890 6334 6336 5896 
f 5019 5634 5882 6139 
f 6330 6263 5878 5879 
f 6332 6255 6138 6139 
f 5770 5767 6263 6330 
f 5888 5885 6255 6332 
f 5769 6329 6340 
f 6340 6329 5766 
f 5766 6329 6339 5764 
f 5764 6339 5794 5750 
f 5764 5750 5763 
f 5763 5750 6108 
f 6108 5750 6341 
f 6108 6341 6107 
f 6254 6256 5758 6037 
f 6256 6257 5757 5758 
f 6257 6258 5760 5757 
f 6258 6260 5850 5760 
f 6260 6261 5854 5850 
f 6261 6262 5853 5854 
f 6262 6259 5852 5853 
f 6259 6251 5851 5852 
f 6251 6252 6166 5851 
f 6206 6207 6124 6166 
f 6207 6215 6123 6124 
f 6215 6222 6122 6123 
f 6222 6229 6121 6122 
f 6229 6236 6120 6121 
f 6236 6194 6119 6120 
f 6194 5487 5451 6119 
f 5557 6253 6034 6148 
f 6253 6254 6037 6034 
f 6238 6264 6265 6239 
f 6239 6265 6266 6240 
f 6240 6266 6268 6241 
f 6241 6268 6269 6242 
f 6242 6269 6270 6243 
f 6243 6270 6272 6244 
f 6166 6252 6206 
f 6206 6252 6264 6238 
f 6182 6197 6244 6184 
f 6244 6272 6245 6184 
f 6184 6245 6246 6183 
f 5835 5832 5831 5834 
f 5988 5985 5984 5987 
f 5834 5831 5743 5745 
f 6056 6057 6058 6055 
f 5835 5836 5986 5987 
f 5988 5989 6057 6056 
f 6183 6246 5754 5746 
f 5041 6187 6188 5732 
f 5732 6188 6232 5734 
f 5734 6232 6225 5736 
f 5736 6225 6218 5738 
f 5738 6218 6211 5740 
f 5740 6211 6199 5742 
f 5742 6199 6182 5744 
f 5744 6182 6183 5746 
f 5754 6246 6247 5753 
f 6107 6039 6248 6106 
f 6106 6248 5752 5753 
f 5754 5751 5745 5746 
f 5750 5747 6038 6341 
f 6341 6038 6039 6107 
f 6062 6063 6821 6822 
f 6063 6065 6820 6821 
f 6065 6067 6819 6820 
f 6067 6070 6818 6819 
f 6070 6071 6817 6818 
f 6071 6073 6816 6817 
f 6073 6075 6815 6816 
f 6075 6077 6814 6815 
f 6077 6080 6813 6814 
f 6080 6081 6812 6813 
f 6081 6083 6811 6812 
f 6083 6085 6810 6811 
f 6085 6088 6809 6810 
f 6088 5013 6808 6809 
f 6040 6041 6356 5020 
f 6041 6043 6357 6356 
f 6043 6045 6358 6357 
f 6045 6047 6359 6358 
f 6047 6049 6360 6359 
f 6049 6051 6361 6360 
f 6051 6053 6362 6361 
f 6053 6055 6363 6362 
f 6055 6058 6364 6363 
f 6058 6059 6364 
f 6059 6102 6824 6364 
f 6102 6103 6823 6824 
f 6103 6062 6822 6823 
f 6355 6720 6719 6354 
f 6354 6719 6721 6353 
f 6353 6721 6722 6352 
f 6352 6722 6723 6351 
f 6351 6723 6724 6350 
f 6350 6724 6725 6349 
f 6349 6725 6726 6348 
f 6348 6726 6727 6347 
f 6347 6727 6728 6346 
f 6346 6728 6729 6345 
f 6345 6729 6730 6344 
f 6344 6730 6731 6343 
f 6343 6731 6732 6342 
f 6342 6732 6733 6365 
f 6365 6733 6734 6364 
f 6364 6734 6735 6363 
f 6363 6735 6736 6362 
f 6362 6736 6737 6361 
f 6361 6737 6738 6360 
f 6360 6738 6739 6359 
f 6359 6739 6740 6358 
f 6358 6740 6741 6357 
f 6357 6741 6742 6356 
f 6356 6742 6743 5020 
f 6367 6746 6745 6366 
f 6366 6745 6744 6368 
f 6368 6744 6791 6369 
f 6369 6791 6790 6370 
f 6370 6790 6789 6371 
f 6371 6789 6788 6372 
f 6372 6788 6787 6373 
f 6373 6787 6786 6374 
f 6374 6786 6785 6375 
f 6375 6785 6784 6376 
f 6376 6784 6783 6377 
f 6377 6783 6782 6378 
f 6378 6782 6781 6379 
f 6379 6781 6780 6380 
f 6380 6780 6779 6381 
f 6381 6779 6778 6382 
f 6382 6778 6777 6383 
f 6383 6777 6776 6384 
f 6384 6776 6775 6385 
f 6385 6775 6774 6386 
f 6386 6774 6773 6387 
f 6387 6773 6772 6388 
f 6388 6772 6771 6389 
f 5709 6718 6720 6355 
f 5710 6747 6746 6367 
f 5711 5685 6510 6509 
f 5685 5686 6511 6510 
f 5686 5687 6512 6511 
f 5687 5688 6513 6512 
f 5688 5689 6514 6513 
f 5689 5690 6515 6514 
f 5690 5691 6516 6515 
f 5691 5692 6517 6516 
f 5692 5693 6518 6517 
f 5693 5694 6519 6518 
f 5694 5695 6520 6519 
f 5695 5696 6521 6520 
f 5696 5697 6522 6521 
f 5697 5698 6523 6522 
f 5698 5699 6524 6523 
f 5699 5700 6525 6524 
f 5700 5701 6526 6525 
f 5701 5702 6527 6526 
f 5702 5703 6528 6527 
f 5703 5704 6529 6528 
f 5704 5705 6530 6529 
f 5705 5706 6531 6530 
f 5706 5707 6532 6531 
f 5707 5708 6533 6532 
f 5708 6412 6534 6533 
f 6412 6411 6535 6534 
f 6411 6410 6536 6535 
f 6410 6409 6537 6536 
f 6409 6408 6538 6537 
f 6408 6407 6539 6538 
f 6407 6406 6540 6539 
f 6406 6405 6541 6540 
f 6405 6404 6542 6541 
f 6404 6403 6543 6542 
f 6403 6402 6544 6543 
f 6402 6401 6545 6544 
f 6401 6400 6546 6545 
f 6400 6399 6547 6546 
f 6399 6398 6548 6547 
f 6398 6397 6549 6548 
f 6397 6396 6550 6549 
f 6396 6395 6551 6550 
f 6395 6394 6552 6551 
f 6394 6393 6553 6552 
f 6393 6392 6554 6553 
f 6392 6390 6555 6554 
f 6390 6391 6556 6555 
f 6391 5711 6509 6556 
f 6462 6558 6557 6461 
f 6463 6559 6558 6462 
f 6464 6560 6559 6463 
f 6465 6561 6560 6464 
f 6466 6562 6561 6465 
f 6467 6563 6562 6466 
f 6468 6564 6563 6467 
f 6469 6565 6564 6468 
f 6470 6566 6565 6469 
f 6471 6567 6566 6470 
f 6472 6568 6567 6471 
f 6473 6569 6568 6472 
f 6474 6570 6569 6473 
f 6475 6571 6570 6474 
f 6476 6572 6571 6475 
f 6477 6573 6572 6476 
f 6478 6574 6573 6477 
f 6479 6575 6574 6478 
f 6480 6576 6575 6479 
f 6481 6577 6576 6480 
f 6482 6578 6577 6481 
f 6483 6579 6578 6482 
f 6484 6580 6579 6483 
f 6485 6581 6580 6484 
f 6486 6582 6581 6485 
f 6487 6583 6582 6486 
f 6488 6584 6583 6487 
f 6489 6585 6584 6488 
f 6490 6586 6585 6489 
f 6491 6587 6586 6490 
f 6492 6588 6587 6491 
f 6493 6589 6588 6492 
f 6494 6590 6589 6493 
f 6495 6591 6590 6494 
f 6496 6592 6591 6495 
f 6497 6593 6592 6496 
f 6498 6594 6593 6497 
f 6499 6595 6594 6498 
f 6500 6596 6595 6499 
f 6501 6597 6596 6500 
f 6502 6598 6597 6501 
f 6503 6599 6598 6502 
f 6504 6600 6599 6503 
f 6505 6601 6600 6504 
f 6506 6602 6601 6505 
f 6507 6603 6602 6506 
f 6508 6604 6603 6507 
f 6461 6557 6604 6508 
f 6510 6462 6461 6509 
f 6511 6463 6462 6510 
f 6512 6464 6463 6511 
f 6513 6465 6464 6512 
f 6514 6466 6465 6513 
f 6515 6467 6466 6514 
f 6516 6468 6467 6515 
f 6517 6469 6468 6516 
f 6518 6470 6469 6517 
f 6519 6471 6470 6518 
f 6520 6472 6471 6519 
f 6521 6473 6472 6520 
f 6522 6474 6473 6521 
f 6523 6475 6474 6522 
f 6524 6476 6475 6523 
f 6525 6477 6476 6524 
f 6526 6478 6477 6525 
f 6527 6479 6478 6526 
f 6528 6480 6479 6527 
f 6529 6481 6480 6528 
f 6530 6482 6481 6529 
f 6531 6483 6482 6530 
f 6532 6484 6483 6531 
f 6533 6485 6484 6532 
f 6534 6486 6485 6533 
f 6535 6487 6486 6534 
f 6536 6488 6487 6535 
f 6537 6489 6488 6536 
f 6538 6490 6489 6537 
f 6539 6491 6490 6538 
f 6540 6492 6491 6539 
f 6541 6493 6492 6540 
f 6542 6494 6493 6541 
f 6543 6495 6494 6542 
f 6544 6496 6495 6543 
f 6545 6497 6496 6544 
f 6546 6498 6497 6545 
f 6547 6499 6498 6546 
f 6548 6500 6499 6547 
f 6549 6501 6500 6548 
f 6550 6502 6501 6549 
f 6551 6503 6502 6550 
f 6552 6504 6503 6551 
f 6553 6505 6504 6552 
f 6554 6506 6505 6553 
f 6555 6507 6506 6554 
f 6556 6508 6507 6555 
f 6509 6461 6508 6556 
f 6558 6414 6413 6557 
f 6559 6415 6414 6558 
f 6560 6416 6415 6559 
f 6561 6417 6416 6560 
f 6562 6418 6417 6561 
f 6563 6419 6418 6562 
f 6564 6420 6419 6563 
f 6565 6421 6420 6564 
f 6566 6422 6421 6565 
f 6567 6423 6422 6566 
f 6568 6424 6423 6567 
f 6569 6425 6424 6568 
f 6570 6426 6425 6569 
f 6571 6427 6426 6570 
f 6572 6428 6427 6571 
f 6573 6429 6428 6572 
f 6574 6430 6429 6573 
f 6575 6431 6430 6574 
f 6576 6432 6431 6575 
f 6577 6433 6432 6576 
f 6578 6434 6433 6577 
f 6579 6435 6434 6578 
f 6580 6436 6435 6579 
f 6581 6437 6436 6580 
f 6582 6438 6437 6581 
f 6583 6439 6438 6582 
f 6584 6440 6439 6583 
f 6585 6441 6440 6584 
f 6586 6442 6441 6585 
f 6587 6443 6442 6586 
f 6588 6444 6443 6587 
f 6589 6445 6444 6588 
f 6590 6446 6445 6589 
f 6591 6447 6446 6590 
f 6592 6448 6447 6591 
f 6593 6449 6448 6592 
f 6594 6450 6449 6593 
f 6595 6451 6450 6594 
f 6596 6452 6451 6595 
f 6597 6453 6452 6596 
f 6598 6454 6453 6597 
f 6599 6455 6454 6598 
f 6600 6456 6455 6599 
f 6601 6457 6456 6600 
f 6602 6458 6457 6601 
f 6603 6459 6458 6602 
f 6604 6460 6459 6603 
f 6557 6413 6460 6604 
f 6413 6414 6606 6605 
f 6414 6415 6607 6606 
f 6415 6416 6608 6607 
f 6416 6417 6609 6608 
f 6417 6418 6610 6609 
f 6418 6419 6611 6610 
f 6419 6420 6612 6611 
f 6420 6421 6613 6612 
f 6421 6422 6614 6613 
f 6422 6423 6615 6614 
f 6423 6424 6615 
f 6424 6425 6615 
f 6425 6426 6616 6615 
f 6426 6427 6617 6616 
f 6427 6428 6617 
f 6428 6429 6617 
f 6429 6430 6618 6617 
f 6430 6431 6619 6618 
f 6431 6432 6620 6619 
f 6432 6433 6621 6620 
f 6433 6434 6622 6621 
f 6434 6435 6623 6622 
f 6435 6436 6624 6623 
f 6436 6437 6625 6624 
f 6437 6438 6626 6625 
f 6438 6439 6627 6626 
f 6439 6440 6628 6627 
f 6440 6441 6629 6628 
f 6441 6442 6630 6629 
f 6442 6443 6631 6630 
f 6443 6444 6632 6631 
f 6444 6445 6633 6632 
f 6445 6446 6633 
f 6446 6447 6633 
f 6447 6448 6634 6633 
f 6448 6449 6635 6634 
f 6449 6450 6635 
f 6450 6451 6635 
f 6451 6452 6636 6635 
f 6452 6453 6637 6636 
f 6453 6454 6638 6637 
f 6454 6455 6639 6638 
f 6455 6456 6640 6639 
f 6456 6457 6641 6640 
f 6457 6458 6642 6641 
f 6458 6459 6643 6642 
f 6459 6460 6644 6643 
f 6460 6413 6605 6644 
f 6605 6606 6645 
f 6606 6607 6645 
f 6607 6608 6645 
f 6608 6609 6645 
f 6609 6610 6645 
f 6610 6611 6645 
f 6611 6612 6645 
f 6612 6613 6645 
f 6613 6614 6645 
f 6614 6615 6645 
f 6615 6616 6645 
f 6616 6617 6645 
f 6617 6618 6645 
f 6618 6619 6645 
f 6619 6620 6645 
f 6620 6621 6645 
f 6621 6622 6645 
f 6622 6623 6645 
f 6623 6624 6645 
f 6624 6625 6645 
f 6625 6626 6645 
f 6626 6627 6645 
f 6627 6628 6645 
f 6628 6629 6645 
f 6629 6630 6645 
f 6630 6631 6645 
f 6631 6632 6645 
f 6632 6633 6645 
f 6633 6634 6645 
f 6634 6635 6645 
f 6635 6636 6645 
f 6636 6637 6645 
f 6637 6638 6645 
f 6638 6639 6645 
f 6639 6640 6645 
f 6640 6641 6645 
f 6641 6642 6645 
f 6642 6643 6645 
f 6643 6644 6645 
f 6644 6605 6645 
f 6657 5686 5685 6656 
f 6658 5687 5686 6657 
f 6659 5688 5687 6658 
f 6660 5689 5688 6659 
f 6661 5690 5689 6660 
f 6662 5691 5690 6661 
f 6663 5692 5691 6662 
f 6664 5693 5692 6663 
f 6665 5694 5693 6664 
f 6666 5695 5694 6665 
f 6667 5696 5695 6666 
f 6668 5697 5696 6667 
f 6669 5698 5697 6668 
f 6670 5699 5698 6669 
f 6671 5700 5699 6670 
f 6672 5701 5700 6671 
f 6673 5702 5701 6672 
f 6674 5703 5702 6673 
f 6675 5704 5703 6674 
f 6676 5705 5704 6675 
f 6677 5706 5705 6676 
f 6678 5707 5706 6677 
f 6679 5708 5707 6678 
f 6656 5685 5711 6655 
f 6654 6391 6390 6653 
f 6653 6390 6392 6652 
f 6652 6392 6393 6651 
f 6651 6393 6394 6650 
f 6650 6394 6395 6649 
f 6649 6395 6396 6648 
f 6648 6396 6397 6647 
f 6647 6397 6398 6646 
f 6646 6398 6399 6693 
f 6693 6399 6400 6692 
f 6692 6400 6401 6691 
f 6691 6401 6402 6690 
f 6690 6402 6403 6689 
f 6689 6403 6404 6688 
f 6688 6404 6405 6687 
f 6687 6405 6406 6686 
f 6686 6406 6407 6685 
f 6685 6407 6408 6684 
f 6684 6408 6409 6683 
f 6683 6409 6410 6682 
f 6682 6410 6411 6681 
f 6681 6411 6412 6680 
f 6680 6412 5708 6679 
f 6655 5711 6391 6654 
f 6695 5663 5662 6694 
f 6696 5664 5663 6695 
f 6697 5665 5664 6696 
f 6698 5666 5665 6697 
f 6699 5667 5666 6698 
f 6700 5668 5667 6699 
f 6701 5669 5668 6700 
f 6702 5670 5669 6701 
f 6703 5671 5670 6702 
f 6704 5672 5671 6703 
f 6705 5673 5672 6704 
f 6706 5674 5673 6705 
f 6707 5674 6706 
f 6708 5675 5674 6707 
f 6709 5676 5675 6708 
f 6710 5677 5676 6709 
f 6711 5678 5677 6710 
f 6712 5679 5678 6711 
f 6713 5680 5679 6712 
f 6714 5681 5680 6713 
f 6715 5682 5681 6714 
f 6716 5683 5682 6715 
f 6717 5684 5683 6716 
f 6743 6389 5684 6717 
f 6694 5662 5710 6718 
f 6720 6367 6366 6719 
f 6719 6366 6368 6721 
f 6721 6368 6369 6722 
f 6722 6369 6370 6723 
f 6723 6370 6371 6724 
f 6724 6371 6372 6725 
f 6725 6372 6373 6726 
f 6726 6373 6374 6727 
f 6727 6374 6375 6728 
f 6728 6375 6376 6729 
f 6729 6376 6377 6730 
f 6730 6377 6378 6731 
f 6731 6378 6732 
f 6732 6378 6379 6733 
f 6733 6379 6380 6734 
f 6734 6380 6381 6735 
f 6735 6381 6382 6736 
f 6736 6382 6383 6737 
f 6737 6383 6384 6738 
f 6738 6384 6385 6739 
f 6739 6385 6386 6740 
f 6740 6386 6387 6741 
f 6741 6387 6388 6742 
f 6742 6388 6389 6743 
f 6718 5710 6367 6720 
f 6749 6657 6656 6748 
f 6750 6658 6657 6749 
f 6751 6659 6658 6750 
f 6752 6660 6659 6751 
f 6753 6661 6660 6752 
f 6754 6662 6661 6753 
f 6755 6663 6662 6754 
f 6756 6664 6663 6755 
f 6757 6665 6664 6756 
f 6758 6666 6665 6757 
f 6759 6667 6666 6758 
f 6760 6668 6667 6759 
f 6761 6669 6668 6760 
f 6762 6670 6669 6761 
f 6763 6671 6670 6762 
f 6764 6672 6671 6763 
f 6765 6673 6672 6764 
f 6766 6674 6673 6765 
f 6767 6675 6674 6766 
f 6768 6676 6675 6767 
f 6769 6677 6676 6768 
f 6770 6678 6677 6769 
f 6771 6679 6678 6770 
f 6748 6656 6655 6747 
f 6746 6654 6653 6745 
f 6745 6653 6652 6744 
f 6744 6652 6651 6791 
f 6791 6651 6650 6790 
f 6790 6650 6649 6789 
f 6789 6649 6648 6788 
f 6788 6648 6647 6787 
f 6787 6647 6646 6786 
f 6786 6646 6693 6785 
f 6785 6693 6692 6784 
f 6784 6692 6691 6783 
f 6783 6691 6690 6782 
f 6782 6690 6689 6781 
f 6781 6689 6688 6780 
f 6780 6688 6687 6779 
f 6779 6687 6686 6778 
f 6778 6686 6685 6777 
f 6777 6685 6684 6776 
f 6776 6684 6683 6775 
f 6775 6683 6682 6774 
f 6774 6682 6681 6773 
f 6773 6681 6680 6772 
f 6772 6680 6679 6771 
f 6747 6655 6654 6746 
f 6794 5639 5638 6795 
f 6795 5638 5640 6796 
f 6796 5640 5641 6797 
f 6797 5641 5642 6798 
f 6798 5642 5643 6799 
f 6799 5643 5644 6800 
f 6800 5644 5645 6801 
f 6801 5645 5646 6802 
f 6802 5646 5647 6803 
f 6803 5647 5648 6804 
f 6804 5648 5649 6805 
f 6805 5649 5650 6806 
f 6806 5650 5651 6807 
f 6807 5651 5709 6808 
f 6792 5660 5661 6793 
f 6793 5661 5639 6794 
f 6821 6343 6342 6822 
f 6820 6344 6343 6821 
f 6819 6345 6344 6820 
f 6818 6346 6345 6819 
f 6817 6347 6346 6818 
f 6816 6348 6347 6817 
f 6815 6349 6348 6816 
f 6814 6350 6349 6815 
f 6813 6351 6350 6814 
f 6812 6352 6351 6813 
f 6811 6353 6352 6812 
f 6810 6354 6353 6811 
f 6809 6355 6354 6810 
f 6808 5709 6355 6809 
f 6823 6365 6364 6824 
f 6822 6342 6365 6823 
f 6893 6894 6897 6898 
f 6880 6879 6885 6886 
f 6923 6924 6927 6928 
f 6881 6882 6891 6890 
f 6890 6891 6894 6893 
f 6878 6879 6897 6896 
f 6889 6888 6900 6901 
f 6901 6900 6912 6913 
f 6904 6903 6909 6910 
f 6914 6915 6909 6908 
f 6902 6903 6912 6911 
f 6905 6906 6915 6914 
f 6843 6839 6849 6851 
f 6848 6843 6851 6852 
f 6839 6845 6849 
f 6841 6848 6852 6850 
f 6835 6825 6859 6877 
f 6836 6835 6877 6876 
f 6837 6836 6876 6875 
f 6826 6837 6875 6853 
f 6875 6876 6870 6869 
f 6860 6861 6867 6866 
f 6866 6867 6873 6872 
f 6869 6870 6861 6860 
f 6872 6873 6864 6865 
f 6877 6859 6857 6871 
f 6876 6877 6871 6870 
f 6869 6845 6853 6875 
f 6862 6854 6856 6868 
f 6861 6862 6868 6867 
f 6866 6851 6849 6860 
f 6868 6856 6858 6874 
f 6867 6868 6874 6873 
f 6872 6852 6851 6866 
f 6871 6857 6854 6862 
f 6870 6871 6862 6861 
f 6860 6849 6845 6869 
f 6874 6858 6855 6863 
f 6873 6874 6863 6864 
f 6865 6850 6852 6872 
f 7568 7569 6896 6895 
f 6894 6895 6896 6897 
f 6898 6835 6836 6893 
f 7570 7571 6884 6878 
f 6879 6878 6884 6885 
f 6886 6828 6825 6880 
f 7593 7594 6921 6920 
f 6920 6921 6924 6923 
f 6881 6826 6926 
f 7596 7597 6892 6883 
f 6882 6883 6892 6891 
f 6890 6837 6826 6881 
f 7597 7568 6895 6892 
f 6891 6892 6895 6894 
f 6893 6836 6837 6890 
f 6880 6825 6835 6898 
f 6879 6880 6898 6897 
f 7569 7570 6878 6896 
f 6887 6826 6853 6899 
f 6888 6887 6899 6900 
f 7591 7592 6889 6901 
f 6899 6853 6845 6911 
f 6900 6899 6911 6912 
f 7590 7591 6901 6913 
f 6902 6839 6843 6908 
f 6903 6902 6908 6909 
f 7588 7589 6904 6910 
f 7587 7588 6910 6916 
f 6915 6916 6910 6909 
f 6908 6843 6848 6914 
f 7589 7590 6913 6904 
f 6903 6904 6913 6912 
f 6911 6845 6839 6902 
f 7586 7587 6916 6907 
f 6906 6907 6916 6915 
f 6914 6848 6841 6905 
f 6925 6882 6881 6926 
f 6924 6925 6926 6927 
f 6928 6887 6888 6923 
f 7595 7596 6883 6922 
f 7594 7595 6922 6921 
f 6920 6889 7592 7593 
f 6922 6883 6882 6925 
f 6921 6922 6925 6924 
f 6923 6888 6889 6920 
f 6826 6887 6928 
f 6826 6928 6927 
f 6826 6927 6926 
f 6929 6932 6931 6930 
f 6933 6886 6885 6934 
f 6935 6938 6937 6936 
f 6939 6942 6941 6940 
f 6942 6929 6930 6941 
f 6943 6944 6931 6934 
f 6945 6948 6947 6946 
f 6948 6950 6949 6947 
f 6951 6954 6953 6952 
f 6955 6957 6953 6956 
f 6958 6959 6949 6952 
f 6905 6955 6956 6906 
f 6962 6965 6964 6963 
f 6966 6967 6965 6962 
f 6963 6964 6961 
f 6841 6850 6967 6966 
f 6968 6971 6970 6969 
f 6972 6973 6971 6968 
f 6974 6975 6973 6972 
f 6976 6960 6975 6974 
f 6975 6978 6977 6973 
f 6979 6982 6981 6980 
f 6982 6984 6983 6981 
f 6978 6979 6980 6977 
f 6984 6865 6864 6983 
f 6971 6986 6985 6970 
f 6973 6977 6986 6971 
f 6978 6975 6960 6961 
f 6987 6990 6989 6988 
f 6980 6981 6990 6987 
f 6982 6979 6964 6965 
f 6990 6992 6991 6989 
f 6981 6983 6992 6990 
f 6984 6982 6965 6967 
f 6986 6987 6988 6985 
f 6977 6980 6987 6986 
f 6979 6978 6961 6964 
f 6992 6863 6855 6991 
f 6983 6864 6863 6992 
f 6865 6984 6967 6850 
f 6993 6944 7573 7574 
f 6930 6931 6944 6993 
f 6932 6929 6972 6968 
f 6943 6884 7571 7572 
f 6934 6885 6884 6943 
f 6886 6933 6969 6828 
f 7579 7000 6999 7578 
f 7000 6935 6936 6999 
f 6939 7001 6976 
f 7002 7005 7575 7576 
f 6940 6941 7005 7002 
f 6942 6939 6976 6974 
f 7005 6993 7574 7575 
f 6941 6930 6993 7005 
f 6929 6942 6974 6972 
f 6933 6932 6968 6969 
f 6934 6931 6932 6933 
f 6944 6943 7572 7573 
f 7006 7007 6960 6976 
f 6946 6947 7007 7006 
f 6948 6945 7580 7581 
f 7007 6959 6961 6960 
f 6947 6949 6959 7007 
f 6950 6948 7581 7582 
f 6958 6957 6962 6963 
f 6952 6953 6957 6958 
f 6954 6951 7583 7584 
f 7013 6954 7584 7585 
f 6956 6953 6954 7013 
f 6957 6955 6966 6962 
f 6951 6950 7582 7583 
f 6952 6949 6950 6951 
f 6959 6958 6963 6961 
f 6907 7013 7585 7586 
f 6906 6956 7013 6907 
f 6955 6905 6841 6966 
f 7015 7001 6939 6940 
f 6936 6937 7001 7015 
f 6938 6935 6946 7006 
f 7577 7017 7002 7576 
f 7578 6999 7017 7577 
f 7579 7580 6945 7000 
f 7017 7015 6940 7002 
f 6999 6936 7015 7017 
f 6935 7000 6945 6946 
f 6976 6938 7006 
f 6976 6937 6938 
f 6976 7001 6937 
f 7161 7162 7152 7153 
f 7157 7158 7188 
f 7153 7154 7192 7161 
s 2
f 7019 7018 7198 7199 
f 7020 7019 7199 7200 
f 7021 7020 7200 7201 
f 7022 7021 7201 7202 
f 7024 7023 7204 7205 
f 7025 7024 7205 7206 
f 7026 7025 7206 7207 
f 7049 7026 7207 7208 
f 7018 7027 7197 7198 
f 7027 7028 7196 7197 
f 7028 7029 7195 7196 
f 7029 7030 7194 7195 
f 7030 7031 7193 7194 
f 7031 7032 7224 7193 
f 7032 7033 7223 7224 
f 7033 7034 7222 7223 
f 7034 7035 7221 7222 
f 7035 7036 7220 7221 
f 7036 7037 7219 7220 
f 7037 7038 7218 7219 
f 7038 7039 7217 7218 
f 7039 7040 7216 7217 
f 7040 7041 7215 7216 
f 7041 7042 7214 7215 
f 7042 7043 7213 7214 
f 7043 7044 7212 7213 
f 7044 7045 7211 7212 
f 7045 7046 7210 7211 
f 7046 7047 7209 7210 
f 7048 7022 7202 7203 
f 7023 7048 7203 7204 
f 7047 7049 7208 7209 
s 1
f 7053 7055 7050 
f 7055 7082 7050 
f 7082 7085 7050 
f 7085 7088 7050 
f 7088 7091 7050 
f 7091 7094 7050 
f 7094 7097 7050 
f 7097 7100 7050 
f 7100 7103 7050 
f 7103 7106 7050 
f 7106 7109 7050 
f 7109 7112 7050 
f 7112 7115 7050 
f 7115 7118 7050 
f 7118 7121 7050 
f 7121 7124 7050 
f 7124 7127 7050 
f 7127 7130 7050 
f 7130 7133 7050 
f 7133 7136 7050 
f 7136 7139 7050 
f 7139 7142 7050 
f 7142 7080 7050 
f 7080 7077 7050 
f 7077 7074 7050 
f 7074 7068 7050 
f 7068 7070 7050 
f 7070 7146 7050 
f 7146 7065 7050 
f 7065 7062 7050 
f 7062 7059 7050 
f 7059 7053 7050 
s 2
f 7052 7056 7054 7051 
f 7058 7052 7051 7057 
f 7061 7058 7057 7060 
f 7064 7061 7060 7063 
f 7067 7071 7069 7066 
f 7073 7067 7066 7072 
f 7076 7073 7072 7075 
f 7079 7076 7075 7078 
f 7056 7083 7081 7054 
f 7083 7086 7084 7081 
f 7086 7089 7087 7084 
f 7089 7092 7090 7087 
f 7092 7095 7093 7090 
f 7095 7098 7096 7093 
f 7098 7101 7099 7096 
f 7101 7104 7102 7099 
f 7104 7107 7105 7102 
f 7107 7110 7108 7105 
f 7110 7113 7111 7108 
f 7113 7116 7114 7111 
f 7116 7119 7117 7114 
f 7119 7122 7120 7117 
f 7122 7125 7123 7120 
f 7125 7128 7126 7123 
f 7128 7131 7129 7126 
f 7131 7134 7132 7129 
f 7134 7137 7135 7132 
f 7137 7140 7138 7135 
f 7140 7143 7141 7138 
f 7145 7064 7063 7144 
f 7071 7145 7144 7069 
f 7143 7079 7078 7141 
s 1
f 7055 7053 7051 7054 
f 7082 7055 7054 7081 
f 7085 7082 7081 7084 
f 7088 7085 7084 7087 
f 7091 7088 7087 7090 
f 7094 7091 7090 7093 
f 7097 7094 7093 7096 
f 7100 7097 7096 7099 
f 7103 7100 7099 7102 
f 7106 7103 7102 7105 
f 7109 7106 7105 7108 
f 7112 7109 7108 7111 
f 7115 7112 7111 7114 
f 7118 7115 7114 7117 
f 7121 7118 7117 7120 
f 7124 7121 7120 7123 
f 7127 7124 7123 7126 
f 7130 7127 7126 7129 
f 7133 7130 7129 7132 
f 7136 7133 7132 7135 
f 7139 7136 7135 7138 
f 7142 7139 7138 7141 
f 7080 7142 7141 7078 
f 7077 7080 7078 7075 
f 7074 7077 7075 7072 
f 7068 7074 7072 7066 
f 7070 7068 7066 7069 
f 7146 7070 7069 7144 
f 7065 7146 7144 7063 
f 7062 7065 7063 7060 
f 7059 7062 7060 7057 
f 7053 7059 7057 7051 
f 6825 6828 7148 7147 
f 6828 6969 7149 7148 
f 6969 6970 7150 7149 
f 6970 6985 7151 7150 
f 6985 6988 7152 7151 
f 6988 6989 7153 7152 
f 6989 6991 7154 7153 
f 6991 6855 7155 7154 
f 6855 6858 7156 7155 
f 6858 6856 7157 7156 
f 6856 6854 7158 7157 
f 6854 6857 7159 7158 
f 6857 6859 7160 7159 
f 6859 6825 7147 7160 
f 7049 7047 7162 7161 
f 7047 7046 7163 7162 
f 7046 7045 7164 7163 
f 7045 7044 7165 7164 
f 7044 7043 7166 7165 
f 7043 7042 7167 7166 
f 7042 7041 7168 7167 
f 7041 7040 7169 7168 
f 7040 7039 7170 7169 
f 7039 7038 7171 7170 
f 7038 7037 7172 7171 
f 7037 7036 7173 7172 
f 7036 7035 7174 7173 
f 7035 7034 7175 7174 
f 7034 7033 7176 7175 
f 7033 7032 7177 7176 
f 7032 7031 7178 7177 
f 7031 7030 7179 7178 
f 7030 7029 7180 7179 
f 7029 7028 7181 7180 
f 7028 7027 7182 7181 
f 7027 7018 7183 7182 
f 7018 7019 7184 7183 
f 7019 7020 7185 7184 
f 7020 7021 7186 7185 
f 7021 7022 7187 7186 
f 7022 7048 7188 7187 
f 7048 7023 7189 7188 
f 7023 7024 7190 7189 
f 7024 7025 7191 7190 
f 7025 7026 7192 7191 
f 7026 7049 7161 7192 
f 7158 7186 7187 
f 7158 7159 7186 
f 7158 7187 7188 
f 7159 7184 7185 
f 7160 7147 7183 7184 
f 7159 7160 7184 
f 7159 7185 7186 
f 7175 7176 7148 
f 7176 7177 7148 
f 7177 7178 7147 7148 
f 7178 7179 7147 
f 7179 7180 7147 
f 7180 7181 7147 
f 7181 7182 7183 7147 
f 7156 7157 7188 7189 
f 7156 7189 7190 
f 7155 7156 7190 7191 
f 7154 7155 7191 7192 
f 7162 7163 7152 
f 7163 7164 7151 7152 
f 7164 7165 7150 7151 
f 7166 7167 7150 
f 7165 7166 7150 
f 7167 7168 7150 
f 7174 7175 7148 
f 7173 7174 7148 
f 7172 7173 7148 
f 7171 7172 7148 7149 
f 7170 7171 7149 
f 7169 7170 7149 
f 7168 7169 7149 7150 
s 2
f 7198 7056 7052 7199 
f 7199 7052 7058 7200 
f 7200 7058 7061 7201 
f 7201 7061 7064 7202 
f 7204 7071 7067 7205 
f 7205 7067 7073 7206 
f 7206 7073 7076 7207 
f 7207 7076 7079 7208 
f 7197 7083 7056 7198 
f 7196 7086 7083 7197 
f 7195 7089 7086 7196 
f 7194 7092 7089 7195 
f 7193 7095 7092 7194 
f 7224 7098 7095 7193 
f 7223 7101 7098 7224 
f 7222 7104 7101 7223 
f 7221 7107 7104 7222 
f 7220 7110 7107 7221 
f 7219 7113 7110 7220 
f 7218 7116 7113 7219 
f 7217 7119 7116 7218 
f 7216 7122 7119 7217 
f 7215 7125 7122 7216 
f 7214 7128 7125 7215 
f 7213 7131 7128 7214 
f 7212 7134 7131 7213 
f 7211 7137 7134 7212 
f 7210 7140 7137 7211 
f 7209 7143 7140 7210 
f 7202 7064 7145 7203 
f 7203 7145 7071 7204 
f 7208 7079 7143 7209 
s 1
f 7273 7274 7280 7281 
f 7264 7265 7268 7267 
f 7267 7268 7271 7270 
f 7270 7271 7274 7273 
f 7261 7262 7277 7276 
f 7276 7277 7280 7279 
f 7263 7262 7283 7284 
f 7284 7283 7321 7322 
f 7288 7289 7286 7285 
f 7290 7289 7326 7327 
f 7293 7292 7295 7296 
f 7266 7265 7380 7381 
f 7296 7295 7298 7299 
f 7309 7310 7316 7317 
f 7300 7301 7304 7303 
f 7303 7304 7307 7306 
f 7306 7307 7310 7309 
f 7299 7298 7313 7312 
f 7312 7313 7316 7315 
f 7302 7301 7398 7399 
f 7528 7529 7279 7275 
f 7274 7275 7279 7280 
f 7281 7235 7236 7273 
f 7525 7526 7269 7266 
f 7265 7266 7269 7268 
f 7267 7238 7226 7264 
f 7526 7527 7272 7269 
f 7268 7269 7272 7271 
f 7270 7237 7238 7267 
f 7527 7528 7275 7272 
f 7271 7272 7275 7274 
f 7273 7236 7237 7270 
f 7263 7225 7234 7278 
f 7262 7263 7278 7277 
f 7530 7531 7261 7276 
f 7278 7234 7235 7281 
f 7277 7278 7281 7280 
f 7529 7530 7276 7279 
f 7531 7532 7282 7261 
f 7262 7261 7282 7283 
f 7284 7239 7225 7263 
f 7532 7533 7320 7282 
f 7283 7282 7320 7321 
f 7287 7242 7318 7322 
f 7290 7242 7287 
f 7289 7290 7287 7286 
f 7534 7535 7288 7285 
f 7535 7536 7325 7288 
f 7289 7288 7325 7326 
f 7293 7244 7323 7327 
f 7291 7245 7294 
f 7292 7291 7294 7295 
f 7296 7246 7244 7293 
f 7264 7226 7436 7437 
f 7265 7264 7437 7380 
f 7567 7525 7266 7381 
f 7538 7539 7297 7294 
f 7295 7294 7297 7298 
f 7299 7248 7246 7296 
f 7311 7258 7259 7315 
f 7310 7311 7315 7316 
f 7541 7542 7309 7317 
f 7302 7250 7256 7305 
f 7301 7302 7305 7304 
f 7544 7545 7300 7303 
f 7305 7256 7257 7308 
f 7304 7305 7308 7307 
f 7543 7544 7303 7306 
f 7308 7257 7258 7311 
f 7307 7308 7311 7310 
f 7542 7543 7306 7309 
f 7539 7540 7314 7297 
f 7298 7297 7314 7313 
f 7312 7260 7248 7299 
f 7540 7541 7317 7314 
f 7313 7314 7317 7316 
f 7315 7259 7260 7312 
f 7545 7546 7459 7300 
f 7301 7300 7459 7398 
f 7399 7460 7250 7302 
f 7321 7286 7287 7322 
f 7533 7534 7285 7320 
f 7320 7285 7286 7321 
f 7318 7239 7284 7322 
f 7326 7292 7293 7327 
f 7536 7537 7291 7325 
f 7325 7291 7292 7326 
f 7323 7242 7290 7327 
f 7234 7225 7494 7493 
f 7235 7234 7493 7492 
f 7236 7235 7492 7491 
f 7237 7236 7491 7490 
f 7238 7237 7490 7489 
f 7226 7238 7489 7488 
f 7225 7239 7495 7494 
f 7318 7242 7497 7496 
f 7323 7244 7499 7498 
f 7244 7246 7500 7499 
f 7436 7226 7488 7487 
f 7246 7248 7501 7500 
f 7256 7250 7507 7506 
f 7257 7256 7506 7505 
f 7258 7257 7505 7504 
f 7259 7258 7504 7503 
f 7260 7259 7503 7502 
f 7248 7260 7502 7501 
f 7250 7460 7508 7507 
f 7239 7318 7496 7495 
f 7242 7323 7498 7497 
f 7348 7351 7350 7349 
f 7352 7355 7354 7353 
f 7355 7357 7356 7354 
f 7357 7348 7349 7356 
f 7358 7361 7360 7359 
f 7361 7362 7350 7360 
f 7363 7365 7364 7359 
f 7365 7367 7366 7364 
f 7368 7371 7370 7369 
f 7372 7374 7373 7369 
f 7375 7378 7377 7376 
f 7379 7381 7380 7353 
f 7378 7383 7382 7377 
f 7384 7387 7386 7385 
f 7388 7391 7390 7389 
f 7391 7393 7392 7390 
f 7393 7384 7385 7392 
f 7383 7395 7394 7382 
f 7395 7396 7386 7394 
f 7397 7399 7398 7389 
f 7400 7362 7562 7563 
f 7349 7350 7362 7400 
f 7351 7348 7404 7403 
f 7379 7407 7565 7566 
f 7353 7354 7407 7379 
f 7355 7352 7409 7408 
f 7407 7411 7564 7565 
f 7354 7356 7411 7407 
f 7357 7355 7408 7412 
f 7411 7400 7563 7564 
f 7356 7349 7400 7411 
f 7348 7357 7412 7404 
f 7363 7415 7414 7413 
f 7359 7360 7415 7363 
f 7361 7358 7560 7561 
f 7415 7351 7403 7414 
f 7360 7350 7351 7415 
f 7362 7361 7561 7562 
f 7358 7419 7559 7560 
f 7359 7364 7419 7358 
f 7365 7363 7413 7420 
f 7419 7422 7558 7559 
f 7364 7366 7422 7419 
f 7423 7367 7425 7424 
f 7372 7423 7424 
f 7369 7370 7423 7372 
f 7371 7368 7556 7557 
f 7368 7429 7555 7556 
f 7369 7373 7429 7368 
f 7375 7374 7431 7430 
f 7432 7434 7554 
f 7376 7377 7434 7432 
f 7378 7375 7430 7435 
f 7352 7437 7436 7409 
f 7353 7380 7437 7352 
f 7381 7379 7566 7567 
f 7434 7440 7553 7554 
f 7377 7382 7440 7434 
f 7383 7378 7435 7441 
f 7442 7396 7444 7443 
f 7385 7386 7396 7442 
f 7387 7384 7550 7551 
f 7397 7449 7448 7447 
f 7389 7390 7449 7397 
f 7391 7388 7547 7548 
f 7449 7453 7452 7448 
f 7390 7392 7453 7449 
f 7393 7391 7548 7549 
f 7453 7442 7443 7452 
f 7392 7385 7442 7453 
f 7384 7393 7549 7550 
f 7440 7456 7552 7553 
f 7382 7394 7456 7440 
f 7395 7383 7441 7457 
f 7456 7387 7551 7552 
f 7394 7386 7387 7456 
f 7396 7395 7457 7444 
f 7388 7459 7546 7547 
f 7389 7398 7459 7388 
f 7399 7397 7447 7460 
f 7366 7367 7423 7370 
f 7558 7422 7371 7557 
f 7422 7366 7370 7371 
f 7425 7367 7365 7420 
f 7373 7374 7375 7376 
f 7555 7429 7432 7554 
f 7429 7373 7376 7432 
f 7431 7374 7372 7424 
f 7414 7523 7522 7413 
f 7403 7524 7523 7414 
f 7404 7483 7524 7403 
f 7412 7484 7483 7404 
f 7408 7485 7484 7412 
f 7409 7486 7485 7408 
f 7413 7522 7521 7420 
f 7425 7520 7519 7424 
f 7431 7518 7517 7430 
f 7430 7517 7516 7435 
f 7436 7487 7486 7409 
f 7435 7516 7515 7441 
f 7448 7510 7509 7447 
f 7452 7511 7510 7448 
f 7443 7512 7511 7452 
f 7444 7513 7512 7443 
f 7457 7514 7513 7444 
f 7441 7515 7514 7457 
f 7447 7509 7508 7460 
f 7420 7521 7520 7425 
f 7424 7519 7518 7431 
f 7494 7328 7330 7493 
f 7493 7330 7331 7492 
f 7492 7331 7332 7491 
f 7491 7332 7333 7490 
f 7490 7333 7334 7489 
f 7489 7334 7329 7488 
f 7495 7335 7328 7494 
f 7497 7336 7346 7496 
f 7499 7337 7347 7498 
f 7500 7338 7337 7499 
f 7488 7329 7474 7487 
f 7501 7339 7338 7500 
f 7507 7340 7341 7506 
f 7506 7341 7342 7505 
f 7505 7342 7343 7504 
f 7504 7343 7344 7503 
f 7503 7344 7345 7502 
f 7502 7345 7339 7501 
f 7508 7482 7340 7507 
f 7496 7346 7335 7495 
f 7498 7347 7336 7497 
f 7523 7462 7461 7522 
f 7524 7463 7462 7523 
f 7483 7464 7463 7524 
f 7484 7465 7464 7483 
f 7485 7466 7465 7484 
f 7486 7467 7466 7485 
f 7522 7461 7468 7521 
f 7520 7470 7469 7519 
f 7518 7472 7471 7517 
f 7517 7471 7473 7516 
f 7487 7474 7467 7486 
f 7516 7473 7475 7515 
f 7510 7477 7476 7509 
f 7511 7478 7477 7510 
f 7512 7479 7478 7511 
f 7513 7480 7479 7512 
f 7514 7481 7480 7513 
f 7515 7475 7481 7514 
f 7509 7476 7482 7508 
f 7521 7468 7470 7520 
f 7519 7469 7472 7518 
f 7228 7229 7526 7525 
f 7229 7230 7527 7526 
f 7230 7231 7528 7527 
f 7231 7232 7529 7528 
f 7232 7233 7530 7529 
f 7233 7227 7531 7530 
f 7227 7240 7532 7531 
f 7240 7319 7533 7532 
f 7319 7241 7534 7533 
f 7241 7243 7535 7534 
f 7243 7324 7536 7535 
f 7324 7245 7537 7536 
f 7245 7291 7537 
f 7294 7245 7538 
f 7245 7247 7539 7538 
f 7247 7251 7540 7539 
f 7251 7252 7541 7540 
f 7252 7253 7542 7541 
f 7253 7254 7543 7542 
f 7254 7255 7544 7543 
f 7255 7249 7545 7544 
f 7249 7458 7546 7545 
f 7458 7451 7547 7546 
f 7451 7450 7548 7547 
f 7450 7454 7549 7548 
f 7454 7446 7550 7549 
f 7446 7445 7551 7550 
f 7445 7455 7552 7551 
f 7455 7439 7553 7552 
f 7439 7433 7554 7553 
f 7433 7428 7555 7554 
f 7428 7427 7556 7555 
f 7427 7426 7557 7556 
f 7426 7421 7558 7557 
f 7421 7418 7559 7558 
f 7418 7417 7560 7559 
f 7417 7416 7561 7560 
f 7416 7402 7562 7561 
f 7402 7401 7563 7562 
f 7401 7410 7564 7563 
f 7410 7406 7565 7564 
f 7406 7405 7566 7565 
f 7405 7438 7567 7566 
f 7438 7228 7525 7567 
f 6833 6834 7569 7568 
f 6834 6827 7570 7569 
f 6827 6829 7571 7570 
f 6829 6996 7572 7571 
f 6996 6995 7573 7572 
f 6995 6994 7574 7573 
f 6994 7004 7575 7574 
f 7004 7003 7576 7575 
f 7003 7016 7577 7576 
f 7016 6998 7578 7577 
f 6998 6997 7579 7578 
f 6997 7009 7580 7579 
f 7009 7008 7581 7580 
f 7008 7010 7582 7581 
f 7010 7012 7583 7582 
f 7012 7011 7584 7583 
f 7011 7014 7585 7584 
f 7014 6842 7586 7585 
f 6842 6847 7587 7586 
f 6847 6844 7588 7587 
f 6844 6840 7589 7588 
f 6840 6846 7590 7589 
f 6846 6838 7591 7590 
f 6838 6830 7592 7591 
f 6830 6917 7593 7592 
f 6917 6918 7594 7593 
f 6918 6919 7595 7594 
f 6919 6831 7596 7595 
f 6831 6832 7597 7596 
f 6832 6833 7568 7597 
# 7161 polygons - 590 triangles

