# 3ds Max Wavefront OBJ Exporter v0.97b - (c)2007 guruware
# File Created: 23.12.2021 11:13:20

#
# object 27412
#

v  0.0526 -0.2296 -1.2810
v  0.0663 -0.1142 -1.2810
v  0.0014 -0.2517 -1.2810
v  0.0014 -0.2572 -1.2810
v  0.0707 -0.1236 -1.2810
v  0.0506 -0.1873 -1.2810
v  0.0741 -0.1351 -1.2810
v  0.0774 -0.1439 -1.2810
v  0.0797 -0.1528 -1.2810
v  0.0809 -0.1624 -1.2810
v  0.0810 -0.1709 -1.2810
v  0.0799 -0.1811 -1.2810
v  0.0778 -0.1902 -1.2810
v  0.0747 -0.1990 -1.2810
v  0.0612 -0.1049 -1.2810
v  0.0506 -0.1304 -1.2810
v  0.0537 -0.0965 -1.2810
v  0.0462 -0.0897 -1.2810
v  0.0373 -0.0834 -1.2810
v  0.0198 -0.0756 -1.2810
v  0.0044 -0.0718 -1.2810
v  -0.0108 -0.0710 -1.2810
v  0.0014 -0.1020 -1.2810
v  -0.0246 -0.0727 -1.2810
v  -0.0368 -0.0760 -1.2810
v  -0.0474 -0.0805 -1.2810
v  -0.0568 -0.0859 -1.2810
v  -0.0649 -0.0919 -1.2810
v  -0.0718 -0.0982 -1.2810
v  -0.0837 -0.1127 -1.2810
v  -0.0478 -0.1304 -1.2810
v  -0.0925 -0.1293 -1.2810
v  -0.0954 -0.1408 -1.2808
v  -0.0968 -0.1580 -1.2810
v  -0.0954 -0.1767 -1.2810
v  -0.0932 -0.1859 -1.2810
v  -0.0901 -0.1951 -1.2810
v  -0.0860 -0.2040 -1.2810
v  -0.0811 -0.2126 -1.2810
v  -0.0747 -0.2212 -1.2810
v  -0.0478 -0.1873 -1.2810
v  -0.0599 -0.2354 -1.2810
v  -0.0495 -0.2427 -1.2810
v  -0.0408 -0.2473 -1.2810
v  -0.0257 -0.2533 -1.2810
v  -0.0166 -0.2554 -1.2810
v  0.0069 -0.2510 -1.2810
v  0.0014 -0.2157 -1.2810
v  0.0178 -0.2485 -1.2810
v  0.0347 -0.2418 -1.2810
v  0.0706 -0.2074 -1.2810
v  0.0664 -0.2144 -1.2810
v  0.0506 -0.1679 -1.2810
v  0.0506 -0.1494 -1.2810
v  0.0257 -0.1161 -1.2810
v  -0.0157 -0.1119 -1.2810
v  -0.0478 -0.1571 -1.2810
v  -0.0237 -0.2012 -1.2810
v  0.0142 -0.2083 -1.2810
v  0.0335 -0.1971 -1.2810
v  0.0506 -0.1873 -1.2150
v  0.0506 -0.1304 -1.2150
v  0.0014 -0.1020 -1.2150
v  -0.0478 -0.1304 -1.2150
v  -0.0478 -0.1873 -1.2150
v  0.0014 -0.2157 -1.2150
v  0.0506 -0.1679 -1.2150
v  0.0506 -0.1494 -1.2150
v  0.0257 -0.1161 -1.2150
v  -0.0157 -0.1119 -1.2150
v  -0.0478 -0.1571 -1.2150
v  -0.0237 -0.2012 -1.2150
v  0.0142 -0.2083 -1.2150
v  0.0335 -0.1971 -1.2150
v  0.0449 -0.1839 -1.2150
v  0.0449 -0.1345 -1.2150
v  0.0021 -0.1098 -1.2150
v  -0.0407 -0.1345 -1.2150
v  -0.0407 -0.1839 -1.2150
v  0.0021 -0.2086 -1.2150
v  0.0449 -0.1671 -1.2150
v  0.0449 -0.1509 -1.2150
v  0.0233 -0.1220 -1.2150
v  -0.0128 -0.1184 -1.2150
v  -0.0407 -0.1577 -1.2150
v  -0.0197 -0.1960 -1.2150
v  0.0132 -0.2022 -1.2150
v  0.0300 -0.1925 -1.2150
v  0.0068 -0.1616 -1.2150
v  0.0077 -0.2570 -1.2775
v  0.0199 -0.2554 -1.2769
v  0.0382 -0.2499 -1.2759
v  0.0592 -0.2380 -1.2747
v  0.0761 -0.2226 -1.2735
v  0.0823 -0.2146 -1.2730
v  0.0876 -0.2063 -1.2723
v  0.0924 -0.1961 -1.2719
v  0.0965 -0.1839 -1.2713
v  0.0988 -0.1716 -1.2706
v  0.0997 -0.1619 -1.2701
v  0.0994 -0.1512 -1.2696
v  0.0981 -0.1406 -1.2690
v  0.0951 -0.1289 -1.2683
v  0.0903 -0.1172 -1.2679
v  0.0588 -0.1078 -1.2790
v  0.0509 -0.1005 -1.2783
v  0.0426 -0.0944 -1.2776
v  0.0341 -0.0895 -1.2770
v  0.0165 -0.0837 -1.2758
v  0.0039 -0.0824 -1.2749
v  -0.0111 -0.0833 -1.2739
v  -0.0251 -0.0868 -1.2730
v  -0.0362 -0.0921 -1.2722
v  -0.0463 -0.0989 -1.2713
v  -0.0535 -0.1056 -1.2708
v  -0.0598 -0.1126 -1.2702
v  -0.0677 -0.1256 -1.2692
v  -0.0733 -0.1421 -1.2680
v  -0.0752 -0.1577 -1.2670
v  -0.0740 -0.1732 -1.2660
v  -0.0970 -0.1584 -1.2796
v  -0.0954 -0.1769 -1.2786
v  -0.0933 -0.1858 -1.2781
v  -0.0901 -0.1948 -1.2775
v  -0.0722 -0.1800 -1.2654
v  -0.0693 -0.1888 -1.2650
v  -0.0861 -0.2038 -1.2771
v  -0.0812 -0.2123 -1.2766
v  -0.0746 -0.2212 -1.2759
v  -0.0605 -0.2353 -1.2750
v  -0.0504 -0.2425 -1.2745
v  -0.0415 -0.2474 -1.2739
v  -0.0265 -0.2532 -1.2731
v  -0.0170 -0.2555 -1.2727
v  -0.0076 -0.2569 -1.2810
v  -0.0083 -0.2568 -1.2722
v  -0.0673 -0.1928 -1.2646
v  -0.0648 -0.1977 -1.2643
v  -0.0592 -0.2059 -1.2636
v  -0.0512 -0.2147 -1.2629
v  -0.0439 -0.2211 -1.2624
v  -0.0339 -0.2271 -1.2615
v  -0.0214 -0.2320 -1.2605
v  -0.0136 -0.2339 -1.2599
v  -0.0067 -0.2350 -1.2594
v  0.0009 -0.2355 -1.2591
v  0.0079 -0.2570 -1.2713
v  0.0007 -0.2573 -1.2718
v  0.0013 -0.2572 -1.2768
v  -0.0080 -0.2568 -1.2762
v  0.0194 -0.2556 -1.2708
v  0.0381 -0.2500 -1.2697
v  0.0587 -0.2385 -1.2686
v  0.0759 -0.2232 -1.2674
v  0.0821 -0.2152 -1.2668
v  0.0875 -0.2065 -1.2663
v  0.0924 -0.1964 -1.2659
v  0.0965 -0.1843 -1.2652
v  0.0990 -0.1716 -1.2646
v  0.0997 -0.1624 -1.2640
v  0.0995 -0.1517 -1.2634
v  0.0982 -0.1410 -1.2629
v  0.0952 -0.1292 -1.2623
v  0.0906 -0.1174 -1.2618
v  0.0058 -0.2355 -1.2585
v  0.0141 -0.2343 -1.2581
v  0.0292 -0.2301 -1.2572
v  0.0443 -0.2224 -1.2562
v  0.0591 -0.2095 -1.2549
v  0.0649 -0.2018 -1.2542
v  0.0688 -0.1951 -1.2536
v  0.0717 -0.1892 -1.2532
v  0.0746 -0.1812 -1.2526
v  0.0767 -0.1726 -1.2520
v  0.0780 -0.1644 -1.2516
v  0.0782 -0.1552 -1.2510
v  0.0771 -0.1460 -1.2504
v  0.0752 -0.1364 -1.2500
v  0.0714 -0.1266 -1.2492
v  0.0654 -0.1165 -1.2485
v  0.0588 -0.1078 -1.2481
v  0.0512 -0.1002 -1.2470
v  0.0429 -0.0941 -1.2463
v  0.0343 -0.0892 -1.2457
v  0.0166 -0.0834 -1.2444
v  0.0039 -0.0821 -1.2435
v  -0.0111 -0.0831 -1.2425
v  -0.0251 -0.0866 -1.2417
v  -0.0363 -0.0919 -1.2408
v  -0.0464 -0.0987 -1.2400
v  -0.0537 -0.1054 -1.2393
v  -0.0599 -0.1125 -1.2388
v  -0.0679 -0.1255 -1.2378
v  -0.0736 -0.1420 -1.2366
v  -0.0755 -0.1577 -1.2356
v  -0.0743 -0.1732 -1.2347
v  -0.0724 -0.1801 -1.2341
v  -0.0695 -0.1889 -1.2336
v  -0.0676 -0.1928 -1.2332
v  -0.0648 -0.1977 -1.2334
v  -0.0592 -0.2059 -1.2327
v  -0.0514 -0.2149 -1.2316
v  -0.0441 -0.2214 -1.2311
v  -0.0341 -0.2274 -1.2302
v  -0.0215 -0.2323 -1.2292
v  -0.0137 -0.2342 -1.2286
v  -0.0067 -0.2353 -1.2282
v  0.0009 -0.2357 -1.2277
v  0.0058 -0.2356 -1.2274
v  0.0141 -0.2345 -1.2268
v  0.0292 -0.2303 -1.2259
v  0.0445 -0.2226 -1.2249
v  0.0592 -0.2097 -1.2235
v  0.0651 -0.2020 -1.2228
v  0.0690 -0.1952 -1.2222
v  0.0719 -0.1893 -1.2218
v  0.0814 -0.1018 -1.2669
v  0.0815 -0.1019 -1.2608
v  0.0732 -0.0916 -1.2662
v  0.0651 -0.0844 -1.2658
v  0.0544 -0.0763 -1.2651
v  0.0430 -0.0699 -1.2644
v  0.0218 -0.0626 -1.2629
v  0.0055 -0.0607 -1.2624
v  -0.0141 -0.0617 -1.2613
v  -0.0320 -0.0662 -1.2603
v  -0.0468 -0.0731 -1.2593
v  -0.0600 -0.0820 -1.2587
v  -0.0694 -0.0905 -1.2576
v  -0.0771 -0.0995 -1.2574
v  -0.0872 -0.1160 -1.2564
v  -0.0945 -0.1371 -1.2554
v  -0.0968 -0.1575 -1.2544
v  -0.0951 -0.1768 -1.2534
v  -0.0929 -0.1860 -1.2529
v  -0.0898 -0.1957 -1.2523
v  -0.0866 -0.2025 -1.2520
v  -0.0834 -0.2087 -1.2515
v  -0.0755 -0.2194 -1.2511
v  -0.0668 -0.2298 -1.2500
v  -0.0564 -0.2379 -1.2497
v  -0.0440 -0.2457 -1.2489
v  -0.0278 -0.2528 -1.2478
v  -0.0173 -0.2554 -1.2473
v  -0.0094 -0.2560 -1.2472
v  0.0003 -0.2572 -1.2464
v  0.0072 -0.2569 -1.2461
v  0.0181 -0.2555 -1.2456
v  0.0360 -0.2507 -1.2445
v  0.0556 -0.2407 -1.2433
v  0.0743 -0.2243 -1.2423
v  0.0830 -0.2137 -1.2414
v  0.0874 -0.2056 -1.2412
v  0.0909 -0.1989 -1.2407
v  0.0725 -0.0909 -1.2601
v  0.0646 -0.0834 -1.2594
v  0.0546 -0.0761 -1.2587
v  0.0432 -0.0698 -1.2581
v  0.0221 -0.0626 -1.2572
v  0.0056 -0.0605 -1.2564
v  -0.0131 -0.0615 -1.2551
v  -0.0304 -0.0658 -1.2542
v  -0.0465 -0.0729 -1.2534
v  -0.0593 -0.0814 -1.2528
v  -0.0687 -0.0899 -1.2518
v  -0.0766 -0.0989 -1.2514
v  -0.0870 -0.1159 -1.2502
v  -0.0944 -0.1364 -1.2492
v  -0.0970 -0.1568 -1.2481
v  -0.0954 -0.1764 -1.2472
v  -0.0934 -0.1845 -1.2465
v  -0.0898 -0.1959 -1.2462
v  -0.0869 -0.2023 -1.2459
v  -0.0834 -0.2088 -1.2453
v  -0.0764 -0.2190 -1.2450
v  -0.0672 -0.2294 -1.2441
v  -0.0576 -0.2376 -1.2434
v  -0.0457 -0.2453 -1.2426
v  -0.0298 -0.2522 -1.2418
v  -0.0177 -0.2554 -1.2411
v  -0.0093 -0.2566 -1.2406
v  -0.0002 -0.2572 -1.2402
v  0.0073 -0.2571 -1.2398
v  0.0182 -0.2557 -1.2392
v  0.0356 -0.2509 -1.2385
v  0.0565 -0.2401 -1.2372
v  0.0749 -0.2243 -1.2362
v  0.0833 -0.2134 -1.2352
v  0.0878 -0.2058 -1.2349
v  0.0910 -0.1992 -1.2343
v  0.0506 -0.1679 -1.2760
v  0.0506 -0.1873 -1.2760
v  0.0335 -0.1971 -1.2760
v  0.0142 -0.2083 -1.2760
v  0.0014 -0.2157 -1.2760
v  -0.0237 -0.2012 -1.2760
v  -0.0478 -0.1873 -1.2760
v  -0.0478 -0.1571 -1.2760
v  -0.0478 -0.1304 -1.2760
v  -0.0157 -0.1119 -1.2760
v  0.0014 -0.1020 -1.2760
v  0.0257 -0.1161 -1.2760
v  0.0506 -0.1304 -1.2760
v  0.0506 -0.1494 -1.2760
v  0.0599 -0.1200 -1.2810
v  0.0623 -0.1261 -1.2810
v  0.0645 -0.1334 -1.2810
v  0.0691 -0.1462 -1.2810
v  0.0710 -0.1529 -1.2810
v  0.0722 -0.1637 -1.2810
v  0.0723 -0.1702 -1.2810
v  0.0706 -0.1825 -1.2810
v  0.0689 -0.1891 -1.2810
v  0.0667 -0.1954 -1.2810
v  0.0638 -0.2016 -1.2810
v  0.0609 -0.2069 -1.2810
v  0.0474 -0.2224 -1.2810
v  0.0303 -0.2341 -1.2810
v  0.0140 -0.2403 -1.2810
v  0.0053 -0.2423 -1.2810
v  0.0007 -0.2429 -1.2810
v  -0.0142 -0.2465 -1.2810
v  -0.0210 -0.2451 -1.2810
v  -0.0374 -0.2389 -1.2810
v  -0.0447 -0.2350 -1.2810
v  -0.0536 -0.2288 -1.2810
v  -0.0686 -0.2144 -1.2810
v  -0.0738 -0.2072 -1.2810
v  -0.0778 -0.2002 -1.2810
v  -0.0813 -0.1928 -1.2810
v  -0.0841 -0.1852 -1.2810
v  -0.0861 -0.1776 -1.2810
v  -0.0877 -0.1580 -1.2810
v  -0.0866 -0.1433 -1.2810
v  -0.0843 -0.1336 -1.2810
v  -0.0757 -0.1172 -1.2810
v  -0.0660 -0.1053 -1.2810
v  -0.0605 -0.1001 -1.2810
v  -0.0539 -0.0950 -1.2810
v  -0.0461 -0.0901 -1.2810
v  -0.0330 -0.0842 -1.2810
v  -0.0230 -0.0816 -1.2810
v  -0.0084 -0.0799 -1.2810
v  0.0032 -0.0806 -1.2810
v  0.0148 -0.0835 -1.2810
v  0.0292 -0.0892 -1.2810
v  0.0406 -0.0966 -1.2810
v  0.0466 -0.1020 -1.2810
v  0.0567 -0.1130 -1.2810
v  0.0556 -0.1901 -1.2810
v  0.0556 -0.1679 -1.2810
v  0.0556 -0.1494 -1.2810
v  0.0556 -0.1275 -1.2810
v  0.0282 -0.1117 -1.2810
v  0.0014 -0.0962 -1.2810
v  -0.0182 -0.1076 -1.2810
v  -0.0528 -0.1275 -1.2810
v  -0.0528 -0.1571 -1.2810
v  -0.0528 -0.1901 -1.2810
v  -0.0262 -0.2055 -1.2810
v  0.0014 -0.2214 -1.2810
v  0.0167 -0.2126 -1.2810
v  0.0360 -0.2015 -1.2810
v  -0.6032 -3.9666 0.0000
v  -0.5888 -3.9721 0.0000
v  -0.6214 -3.7453 0.0000
v  -0.6216 -3.7614 0.0000
v  -0.5553 -2.4208 0.0000
v  -0.5536 -2.6614 0.0000
v  -0.8561 -0.7148 0.0000
v  -0.8466 -0.7592 0.0000
v  -1.1590 -0.3965 -0.0000
v  -1.2986 -0.3364 0.0002
v  -1.1477 -0.5788 -0.0000
v  -0.9307 -0.6250 0.0000
v  -0.8821 -0.6652 0.0000
v  -1.0564 -0.5848 0.0000
v  -0.9911 -0.5986 0.0000
v  -0.6216 -3.8129 0.0000
v  -0.6216 -3.8636 0.0000
v  -1.1575 -0.5670 -0.0000
v  -1.1289 -0.5814 -0.0000
v  -1.2557 -0.3364 0.0000
v  -1.2177 -0.3364 -0.0003
v  -1.1590 -0.5514 0.0000
v  -0.2135 -4.0174 0.0000
v  -0.4162 -3.9981 0.0000
v  -0.7293 -1.2289 0.0000
v  -0.6725 -1.4664 0.0000
v  -0.5536 -3.3505 0.0000
v  -0.5536 -3.2250 0.0000
v  -0.5670 -3.6587 0.0000
v  -0.5536 -3.5362 0.0000
v  -1.3290 -0.0014 0.0000
v  -1.3289 -0.3065 0.0000
v  -0.5867 -3.6831 0.0000
v  -0.6088 -3.7019 0.0000
v  -0.5536 -2.9593 0.0000
v  -0.5536 -2.8241 -0.0000
v  -0.6246 -1.7053 0.0000
v  -0.5888 -1.9423 0.0000
v  -0.7911 -0.9927 0.0000
v  -1.3252 -0.3208 0.0001
v  -1.3153 -0.3315 0.0001
v  -0.6168 -3.7146 0.0000
v  -0.6204 -3.7295 0.0000
v  -0.6216 -3.9335 0.0000
v  -0.6197 -3.9453 0.0000
v  -0.6135 -3.9571 0.0000
v  -0.5641 -3.9763 0.0000
v  -0.6019 -3.9640 -0.1338
v  -0.5874 -3.9697 -0.1333
v  -0.6198 -3.7431 -0.1328
v  -0.6201 -3.7590 -0.1331
v  -0.5521 -2.6614 -0.1251
v  -0.5540 -2.4207 -0.1278
v  -0.5934 -1.7066 -0.5813
v  -0.6074 -1.7043 -0.4388
v  -0.6515 -1.4640 -0.4676
v  -0.6345 -1.4668 -0.6187
v  -0.7377 -0.9927 -0.7070
v  -0.7361 -0.9926 -0.7150
v  -0.6821 -1.2289 -0.6679
v  -0.6833 -1.2289 -0.6610
v  0.0012 -1.7064 -0.6530
v  0.0012 -1.9439 -0.6161
v  -0.1308 -1.9441 -0.6142
v  -0.1389 -1.7074 -0.6507
v  -0.8526 -0.7155 -0.1928
v  -0.8431 -0.7590 -0.1930
v  -0.8061 -0.7120 -0.7605
v  -0.8049 -0.7106 -0.7711
v  -0.7906 -0.7595 -0.7670
v  -0.7917 -0.7594 -0.7603
v  -1.0812 -0.5814 -0.7858
v  -1.1019 -0.5814 -0.5884
v  -0.1963 -0.5814 -1.1257
v  0.0012 -0.5814 -1.1300
v  -0.5591 -1.7086 -0.6167
v  -0.6004 -1.4682 -0.6537
v  -0.4500 -1.4671 -0.6718
v  -0.4173 -1.7086 -0.6326
v  -0.5281 -1.9433 -0.5847
v  -0.5341 -1.9433 -0.5836
v  -0.5649 -1.7082 -0.6156
v  -0.7595 -0.7154 -0.8095
v  -0.5741 -0.7172 -0.8321
v  -0.5723 -0.7595 -0.8168
v  -0.7593 -0.7592 -0.7931
v  -0.7842 -0.4727 -1.1124
v  -0.8574 -0.4722 -1.1033
v  -0.8562 -0.3947 -1.1034
v  -0.7833 -0.3959 -1.1125
v  0.0012 -2.9593 -0.5550
v  -0.1218 -2.9593 -0.5536
v  -0.1222 -2.8232 -0.5536
v  0.0012 -2.8233 -0.5550
v  -0.5304 -3.3500 -0.4956
v  -0.5405 -3.3503 -0.3717
v  -0.5406 -3.2246 -0.3709
v  -0.5303 -3.2242 -0.4958
v  -0.5303 -2.8237 -0.4957
v  -0.5295 -2.8237 -0.5033
v  -0.5295 -2.9593 -0.5033
v  -0.5303 -2.9593 -0.4958
v  -0.1254 -3.6522 -0.5645
v  -0.5410 -3.7197 -0.5984
v  -0.5402 -3.7049 -0.5978
v  -0.5254 -3.7077 -0.5998
v  -0.5259 -3.7219 -0.6000
v  -0.5551 -3.6501 -0.3784
v  -0.5405 -3.5362 -0.3727
v  -0.5304 -3.5361 -0.4954
v  -0.5434 -3.6393 -0.5019
v  -0.3817 -3.6668 -0.5717
v  -0.5081 -3.6565 -0.5610
v  -0.5002 -3.6370 -0.5435
v  -0.3763 -3.6444 -0.5533
v  -0.5089 -3.6363 -0.5422
v  -0.5016 -3.5361 -0.5309
v  -0.4940 -3.5361 -0.5318
v  -0.5836 -1.7076 -0.6081
v  -0.6246 -1.4684 -0.6448
v  -0.6190 -1.4684 -0.6488
v  -0.5779 -1.7078 -0.6120
v  -0.7908 -0.7095 -0.8041
v  -0.7773 -0.7596 -0.7880
v  -0.7823 -0.7596 -0.7844
v  -0.7976 -0.7081 -0.7986
v  -0.5533 -1.9434 -0.5756
v  -0.5577 -1.9434 -0.5697
v  -0.5879 -1.7074 -0.6027
v  -1.0809 -0.4717 -1.0010
v  -1.0806 -0.3952 -1.0024
v  -1.0540 -0.3977 -1.0589
v  -1.0548 -0.4723 -1.0581
v  -0.5213 -3.2243 -0.5227
v  -0.5156 -3.2243 -0.5268
v  -0.5155 -3.3500 -0.5269
v  -0.5212 -3.3501 -0.5227
v  -0.5527 -3.6536 -0.5391
v  -0.5367 -3.6356 -0.5262
v  -0.5317 -3.6349 -0.5327
v  -0.5463 -3.6530 -0.5472
v  -0.5254 -3.5361 -0.5170
v  -0.5212 -3.5361 -0.5227
v  -1.1556 -0.3964 -0.2018
v  -0.5879 -0.3974 -1.1333
v  -0.9975 -0.3955 -1.0827
v  -1.1000 -0.3931 -0.8708
v  -1.1089 -0.3940 -0.8040
v  -1.2950 -0.3364 -0.2079
v  -0.5986 -0.3364 -1.2729
v  -0.7973 -0.3364 -1.2503
v  -1.0905 -0.3364 -1.2093
v  -1.1733 -0.3364 -1.1746
v  -1.2334 -0.3364 -0.9179
v  -1.2459 -0.3364 -0.8271
v  -1.2996 -0.3063 -0.6230
v  -1.2999 -0.0014 -0.6202
v  -1.2776 -0.0014 -0.8248
v  -1.2770 -0.3063 -0.8295
v  -0.2006 -0.3064 -1.3272
v  -0.2029 -0.0014 -1.3272
v  0.0012 -0.3063 -1.3303
v  -0.9094 -0.3059 -1.2675
v  -0.9150 -0.0014 -1.2667
v  -0.8099 -0.0014 -1.2804
v  -0.8032 -0.3063 -1.2811
v  -1.2340 -0.3065 -1.1151
v  -1.2329 -0.0014 -1.1110
v  -1.1968 -0.0014 -1.1930
v  -1.1938 -0.3078 -1.1964
v  -1.1309 -0.4723 -0.6015
v  -1.1092 -0.4716 -0.8007
v  -1.1100 -0.5513 -0.7958
v  -1.1310 -0.5513 -0.5978
v  -0.1964 -0.5515 -1.1573
v  -0.1959 -0.4734 -1.1572
v  0.0012 -0.4725 -1.1603
v  0.0012 -0.5514 -1.1603
v  -1.0000 -0.5512 -1.0818
v  -0.9979 -0.5679 -1.0804
v  -1.0551 -0.5684 -1.0552
v  -1.0559 -0.5517 -1.0571
v  -1.0995 -0.5676 -0.8619
v  -1.1085 -0.5678 -0.7935
v  -1.1011 -0.5511 -0.8647
v  -0.9631 -0.5987 -0.5792
v  -1.0293 -0.5853 -0.5834
v  -1.0130 -0.5841 -0.7780
v  -0.9480 -0.5970 -0.7722
v  -0.9970 -0.5839 -0.9332
v  -0.9219 -0.5947 -0.9199
v  -0.9376 -0.5941 -0.8900
v  -0.1953 -0.5853 -1.0589
v  0.0012 -0.5845 -1.0633
v  0.0012 -0.5989 -1.0002
v  -0.1943 -0.5994 -0.9962
v  -0.8143 -0.5972 -0.9467
v  -0.8333 -0.5845 -1.0096
v  -0.7786 -0.5843 -1.0146
v  -0.7721 -0.5982 -0.9503
v  -0.1333 -3.8129 -0.6215
v  -0.1319 -3.7591 -0.6215
v  0.0012 -3.7627 -0.6230
v  0.0012 -3.8161 -0.6230
v  -0.3980 -3.8464 -0.6098
v  -0.3992 -3.9113 -0.6097
v  -0.5255 -3.8949 -0.6000
v  -0.5262 -3.8290 -0.6000
v  -0.6085 -3.7902 -0.3976
v  -0.5986 -3.7752 -0.5273
v  -0.5986 -3.8276 -0.5279
v  -0.6085 -3.8406 -0.3984
v  -0.5365 -3.9322 -0.5670
v  -0.5387 -3.9267 -0.5801
v  -0.5290 -3.9284 -0.5808
v  -0.5284 -3.9335 -0.5676
v  -0.5787 -3.8910 -0.5837
v  -0.5881 -3.8911 -0.5721
v  -0.5885 -3.8223 -0.5714
v  -0.5797 -3.8218 -0.5828
v  -0.5688 -3.7696 -0.5905
v  -0.5682 -3.8226 -0.5908
v  -0.5800 -3.7689 -0.5825
v  -0.5970 -3.7731 -0.5426
v  -0.5969 -3.8257 -0.5431
v  -0.2787 -1.7080 -0.6438
v  -0.2628 -1.9439 -0.6083
v  -0.3940 -1.9439 -0.5985
v  -0.3941 -0.5671 -1.1467
v  -0.5904 -0.5669 -1.1317
v  -0.5899 -0.5516 -1.1335
v  -0.3938 -0.5515 -1.1479
v  -0.3024 -1.4667 -0.6845
v  -0.1507 -1.4674 -0.6921
v  -0.1925 -0.7136 -0.8615
v  -0.1909 -0.7592 -0.8446
v  -0.3823 -0.7592 -0.8341
v  -0.3858 -0.7114 -0.8519
v  -0.2447 -2.9593 -0.5493
v  -0.3691 -2.9593 -0.5420
v  -0.3692 -2.8232 -0.5420
v  -0.2456 -2.8231 -0.5492
v  -0.2519 -3.6492 -0.5602
v  -0.3715 -3.5361 -0.5418
v  -0.2488 -3.5361 -0.5491
v  -0.2635 -3.7361 -0.6168
v  -0.1313 -3.7427 -0.6212
v  -0.2647 -3.7521 -0.6171
v  -0.1955 -0.3972 -1.1570
v  -0.3920 -0.3979 -1.1482
v  -0.1991 -0.3364 -1.2955
v  -0.4000 -0.3364 -1.2864
v  -0.6029 -0.3063 -1.3028
v  -0.6085 -0.0014 -1.3018
v  -0.4067 -0.0014 -1.3176
v  -0.4021 -0.3063 -1.3180
v  -0.3928 -0.4738 -1.1482
v  -0.5887 -0.4736 -1.1334
v  -0.3915 -0.5852 -1.0504
v  -0.5853 -0.5851 -1.0354
v  -0.5895 -0.5814 -1.1028
v  -0.3936 -0.5814 -1.1174
v  -0.3971 -3.7931 -0.6099
v  -0.3956 -3.7390 -0.6100
v  -0.2674 -3.8060 -0.6170
v  -0.2719 -3.9570 -0.5974
v  -0.1355 -3.9647 -0.6020
v  -0.1354 -3.9695 -0.5888
v  -0.2716 -3.9619 -0.5844
v  -0.5974 -3.6872 -0.3921
v  -0.5752 -3.6708 -0.3840
v  -0.5616 -3.6578 -0.5090
v  -0.5846 -3.6722 -0.5207
v  -0.5185 -3.6555 -0.5596
v  -0.5179 -3.6713 -0.5847
v  -0.5306 -3.6696 -0.5826
v  -0.3912 -3.6960 -0.6048
v  -0.5224 -3.6808 -0.5940
v  -0.3886 -3.6851 -0.5965
v  -0.5821 -3.6703 -0.5329
v  -0.5909 -3.6794 -0.5376
v  -0.5931 -3.6817 -0.5241
v  -0.1287 -3.6987 -0.6074
v  -0.1269 -3.6779 -0.5828
v  0.0012 -3.6799 -0.5849
v  0.0012 -3.7011 -0.6094
v  -0.2467 -3.3494 -0.5492
v  -0.2449 -3.2232 -0.5493
v  -0.1219 -3.2233 -0.5536
v  -0.5406 -2.9593 -0.3713
v  -0.5405 -2.8239 -0.3720
v  -0.5295 -3.2243 -0.5031
v  -0.5295 -3.3500 -0.5030
v  -0.4933 -2.9593 -0.5318
v  -0.5009 -2.9593 -0.5310
v  -0.5003 -2.8236 -0.5310
v  -0.4925 -2.8235 -0.5319
v  -0.4941 -3.2239 -0.5318
v  -0.3696 -3.2233 -0.5420
v  -0.3705 -3.3495 -0.5419
v  -0.4940 -3.3498 -0.5318
v  -0.5423 -2.1814 -0.5217
v  -0.5525 -2.1809 -0.3936
v  -0.5743 -1.9417 -0.4128
v  -0.5627 -1.9431 -0.5479
v  -0.2466 -2.6614 -0.5492
v  -0.2484 -2.4206 -0.5572
v  -0.1237 -2.4209 -0.5618
v  -0.1227 -2.6614 -0.5535
v  -0.5224 -2.4205 -0.5308
v  -0.5166 -2.4205 -0.5346
v  -0.5146 -2.6614 -0.5273
v  -0.5205 -2.6614 -0.5233
v  -0.5324 -2.4208 -0.5034
v  -0.5312 -2.4208 -0.5110
v  -0.5295 -2.6614 -0.5034
v  -0.5304 -2.6614 -0.4957
v  -0.4940 -2.6612 -0.5318
v  -0.4970 -2.4204 -0.5392
v  -0.3717 -2.4204 -0.5497
v  -0.3692 -2.6613 -0.5420
v  -0.7030 -1.2288 -0.5005
v  -0.7599 -0.9926 -0.5420
v  -0.6332 -1.4671 -0.6258
v  -0.5922 -1.7068 -0.5888
v  -0.3602 -0.9924 -0.7769
v  -0.5351 -0.9925 -0.7610
v  -0.7047 -0.9927 -0.7395
v  -0.7110 -0.9926 -0.7382
v  -0.7656 -0.7593 -0.7921
v  0.0012 -0.7604 -0.8477
v  0.0012 -0.9927 -0.7896
v  -0.1799 -0.9925 -0.7866
v  -0.5597 -3.6566 -0.5195
v  -0.9023 -0.6258 -0.5763
v  -0.8874 -0.6223 -0.7674
v  -0.8369 -0.6619 -0.7624
v  -0.8530 -0.6675 -0.5740
v  -0.8813 -0.6168 -0.8492
v  -0.8711 -0.6170 -0.8699
v  -0.8263 -0.6553 -0.8261
v  -0.8325 -0.6556 -0.8135
v  -0.5774 -0.6267 -0.9118
v  -0.3881 -0.6258 -0.9297
v  -0.3870 -0.6655 -0.8820
v  -0.5751 -0.6683 -0.8629
v  -0.7813 -0.6643 -0.8398
v  -0.7964 -0.6237 -0.8887
v  -0.7660 -0.6253 -0.8911
v  -0.7616 -0.6663 -0.8415
v  -0.1936 -0.6267 -0.9388
v  0.0012 -0.6271 -0.9426
v  0.0012 -0.6684 -0.8952
v  -0.1931 -0.6674 -0.8920
v  -1.2279 -0.3364 -0.6174
v  -1.2067 -0.3364 -0.8214
v  -1.1666 -0.3364 -0.8147
v  -1.1879 -0.3364 -0.6125
v  -0.5945 -0.3364 -1.2311
v  -0.3962 -0.3364 -1.2457
v  -0.3943 -0.3364 -1.2065
v  -0.5914 -0.3364 -1.1915
v  0.0012 -0.3364 -1.2191
v  -0.1967 -0.3364 -1.2148
v  -0.1976 -0.3364 -1.2543
v  0.0012 -0.3364 -1.2591
v  0.2001 -0.3364 -1.2543
v  0.1991 -0.3364 -1.2148
v  -0.5982 -3.9563 -0.2673
v  -0.5914 -3.9438 -0.3993
v  -0.5761 -3.9503 -0.3984
v  -0.5834 -3.9624 -0.2661
v  -0.6155 -3.7367 -0.2652
v  -0.6083 -3.7249 -0.3964
v  -0.6086 -3.7392 -0.3966
v  -0.6158 -3.7522 -0.2657
v  -0.5405 -2.6614 -0.3730
v  -0.5477 -2.6614 -0.2500
v  -0.5495 -2.4204 -0.2555
v  -0.5424 -2.4207 -0.3796
v  -0.7263 -1.2289 -0.1701
v  -0.7172 -1.2288 -0.3397
v  -0.6632 -1.4642 -0.3158
v  -0.6702 -1.4659 -0.1581
v  -0.8257 -0.7184 -0.5739
v  -0.8157 -0.7583 -0.5733
v  -0.8327 -0.7584 -0.3855
v  -0.8421 -0.7174 -0.3852
v  -1.1452 -0.5670 -0.3983
v  -1.1542 -0.5670 -0.1990
v  -1.1555 -0.5514 -0.1999
v  -1.1466 -0.5514 -0.3994
v  -0.5479 -3.2251 -0.2457
v  -0.5478 -3.3506 -0.2475
v  -0.5522 -3.3505 -0.1239
v  -0.5522 -3.2250 -0.1229
v  -0.5657 -3.6579 -0.1272
v  -0.5521 -3.5362 -0.1249
v  -0.5477 -3.5362 -0.2497
v  -0.5621 -3.6557 -0.2541
v  -1.1306 -0.3952 -0.6039
v  -1.1461 -0.3960 -0.4033
v  -1.2687 -0.3364 -0.6217
v  -1.2859 -0.3364 -0.4142
v  -1.3159 -0.3064 -0.4159
v  -1.3254 -0.3065 -0.2081
v  -1.3254 -0.0014 -0.2077
v  -1.3159 -0.0014 -0.4150
v  -1.1464 -0.4728 -0.4017
v  -1.1556 -0.4729 -0.2010
v  -1.0419 -0.5856 -0.3885
v  -1.0527 -0.5855 -0.1943
v  -1.1259 -0.5814 -0.1958
v  -1.1169 -0.5814 -0.3942
v  -0.6157 -3.8020 -0.2675
v  -0.6201 -3.8101 -0.1339
v  -0.6075 -3.7002 -0.1311
v  -0.5857 -3.6819 -0.1291
v  -0.5828 -3.6786 -0.2579
v  -0.6037 -3.6953 -0.2620
v  -0.5479 -2.9593 -0.2465
v  -0.5522 -2.9593 -0.1233
v  -0.5522 -2.8241 -0.1241
v  -0.5478 -2.8241 -0.2481
v  -0.6228 -1.7049 -0.1473
v  -0.6171 -1.7038 -0.2944
v  -0.5824 -1.9411 -0.2773
v  -0.5872 -1.9420 -0.1387
v  -0.7767 -0.9926 -0.3671
v  -0.7874 -0.9927 -0.1839
v  -0.9268 -0.6254 -0.1923
v  -0.9871 -0.5988 -0.1929
v  -0.9760 -0.5994 -0.3857
v  -0.9156 -0.6268 -0.3845
v  -1.2434 -0.3364 -0.4130
v  -1.2525 -0.3364 -0.2066
v  -0.5714 -1.7080 -0.6143
v  -0.5408 -1.9434 -0.5822
v  -0.5474 -1.9434 -0.5797
v  -0.9292 -0.4719 -1.0932
v  -0.9985 -0.4720 -1.0822
v  -0.9279 -0.3940 -1.0934
v  -0.5492 -3.6761 -0.5891
v  -0.5623 -3.6742 -0.5836
v  -0.5546 -3.6659 -0.5739
v  -0.5429 -3.6674 -0.5793
v  -0.5174 -3.6354 -0.5406
v  -0.5251 -3.6348 -0.5375
v  -0.5155 -3.5361 -0.5269
v  -0.5089 -3.5361 -0.5295
v  -0.6126 -1.4683 -0.6513
v  -0.6061 -1.4682 -0.6526
v  -0.7712 -0.7138 -0.8082
v  -0.7717 -0.7594 -0.7905
v  -0.7819 -0.7116 -0.8070
v  -0.5090 -3.2242 -0.5294
v  -0.5017 -3.2240 -0.5309
v  -0.5016 -3.3499 -0.5309
v  -0.5089 -3.3500 -0.5295
v  -0.8978 -0.3364 -1.2391
v  -0.9942 -0.3363 -1.2251
v  -1.1136 -0.3065 -1.2350
v  -1.1133 -0.0014 -1.2339
v  -1.0176 -0.0014 -1.2519
v  -1.0139 -0.3057 -1.2524
v  -0.8506 -0.5814 -1.0728
v  -0.9158 -0.5814 -1.0646
v  -0.9364 -0.5841 -0.9955
v  -0.9802 -0.5813 -1.0559
v  -0.8868 -0.5842 -1.0045
v  -0.5665 -3.8913 -0.5916
v  -0.5552 -3.8244 -0.5957
v  -0.5536 -3.8920 -0.5961
v  -0.5413 -3.7736 -0.5984
v  -0.5409 -3.8267 -0.5984
v  -0.5558 -3.7713 -0.5955
v  -0.5380 -3.6533 -0.5533
v  -0.5286 -3.6542 -0.5574
v  -0.5084 -2.9593 -0.5296
v  -0.5152 -2.9593 -0.5270
v  -0.5148 -2.8237 -0.5272
v  -0.5079 -2.8236 -0.5297
v  -0.5078 -2.6614 -0.5297
v  -0.5101 -2.4204 -0.5369
v  -0.5033 -2.4204 -0.5381
v  -0.5007 -2.6613 -0.5310
v  -0.7161 -0.9926 -0.7371
v  -0.7211 -0.9927 -0.7354
v  -0.8513 -0.6181 -0.8819
v  -0.8929 -0.5947 -0.9369
v  -0.8554 -0.5958 -0.9432
v  -0.8255 -0.6208 -0.8865
v  -0.7304 -0.9927 -0.7284
v  -0.6778 -1.2290 -0.6808
v  -0.8018 -0.7080 -0.7908
v  -0.7862 -0.7596 -0.7795
v  -0.5251 -2.8237 -0.5175
v  -0.5253 -2.9593 -0.5172
v  -0.5616 -1.9431 -0.5554
v  -1.1006 -0.4714 -0.8684
v  -0.5419 -3.6383 -0.5103
v  -0.5295 -3.5361 -0.5029
v  -1.2077 -0.3363 -1.0962
v  -1.2639 -0.3059 -0.9264
v  -1.2646 -0.0014 -0.9222
v  -1.0549 -0.5814 -0.9762
v  -1.0100 -0.5843 -0.8309
v  -1.0727 -0.5814 -0.8497
v  -0.5969 -3.8934 -0.5427
v  -0.5886 -3.7695 -0.5712
v  -0.5887 -3.7008 -0.5699
v  -0.5889 -3.7160 -0.5706
v  -0.5254 -3.2244 -0.5170
v  -0.5254 -3.3501 -0.5170
v  -0.5270 -2.4206 -0.5253
v  -0.5250 -2.6614 -0.5177
v  -0.6290 -1.4681 -0.6393
v  -0.5729 -3.6661 -0.5560
v  -0.8863 -0.6208 -0.7954
v  -0.9460 -0.5961 -0.8124
v  -1.1298 -0.5669 -0.5958
v  -1.0995 -0.5788 -0.7901
v  -1.1204 -0.5788 -0.5926
v  -0.1966 -0.5790 -1.1454
v  -0.1966 -0.5672 -1.1555
v  0.0012 -0.5669 -1.1590
v  0.0012 -0.5788 -1.1492
v  -0.9919 -0.5788 -1.0722
v  -1.0486 -0.5791 -1.0473
v  -1.0910 -0.5786 -0.8570
v  -0.7860 -0.5788 -1.1012
v  -0.5903 -0.5788 -1.1220
v  -1.1445 -0.5788 -0.1976
v  -0.8562 -0.5782 -1.0929
v  -0.8583 -0.5661 -1.1016
v  -0.7862 -0.5670 -1.1109
v  -1.0797 -0.5680 -0.9960
v  -1.0716 -0.5788 -0.9888
v  -0.5811 -0.5988 -0.9708
v  -0.3896 -0.5986 -0.9873
v  -0.8784 -0.6659 -0.1921
v  -0.8150 -0.6574 -0.8342
v  -0.8361 -0.6603 -0.7801
v  -1.0371 -0.5813 -1.0342
v  -0.7848 -0.5814 -1.0819
v  -1.3117 -0.3314 -0.2082
v  -1.3216 -0.3207 -0.2082
v  -1.3123 -0.3206 -0.4158
v  -1.3025 -0.3313 -0.4153
v  -0.6006 -0.3313 -1.2896
v  -0.6021 -0.3205 -1.2993
v  -0.4017 -0.3207 -1.3141
v  -0.4009 -0.3316 -1.3039
v  -1.1024 -0.3315 -1.2234
v  -1.1098 -0.3210 -1.2318
v  -1.0105 -0.3199 -1.2493
v  -1.0043 -0.3307 -1.2409
v  -1.2605 -0.3200 -0.9255
v  -1.2511 -0.3310 -0.9230
v  -0.1998 -0.3317 -1.3129
v  -0.2002 -0.3210 -1.3230
v  0.0012 -0.3208 -1.3266
v  0.0012 -0.3313 -1.3169
v  -1.2858 -0.3313 -0.6228
v  -1.2957 -0.3205 -0.6231
v  -1.2731 -0.3205 -0.8296
v  -1.2632 -0.3313 -0.8289
v  -0.9038 -0.3308 -1.2555
v  -0.9075 -0.3201 -1.2645
v  -0.8020 -0.3207 -1.2776
v  -0.8001 -0.3315 -1.2678
v  -1.2306 -0.3208 -1.1124
v  -1.1906 -0.3223 -1.1931
v  -1.1831 -0.3326 -1.1852
v  -1.2220 -0.3314 -1.1064
v  -0.6188 -3.7275 -0.1324
v  -0.6153 -3.7127 -0.1319
v  -0.6113 -3.7074 -0.2636
v  -0.6146 -3.7216 -0.2645
v  -0.5385 -3.6912 -0.5966
v  -0.5354 -3.6788 -0.5919
v  -0.5253 -3.6932 -0.5985
v  -0.1305 -3.7266 -0.6201
v  -0.1296 -3.7114 -0.6162
v  0.0012 -3.7142 -0.6180
v  0.0012 -3.7296 -0.6217
v  -0.3932 -3.7096 -0.6086
v  -0.3947 -3.7241 -0.6096
v  -0.5964 -3.7053 -0.5416
v  -0.5985 -3.7077 -0.5267
v  -0.5973 -3.6941 -0.5258
v  -0.5952 -3.6916 -0.5402
v  -0.6074 -3.7109 -0.3956
v  -0.6043 -3.6978 -0.3944
v  -0.5669 -3.6865 -0.5889
v  -0.5684 -3.7006 -0.5902
v  -0.5801 -3.7000 -0.5817
v  -0.5789 -3.6857 -0.5802
v  -0.5876 -3.6867 -0.5683
v  -0.5824 -3.6744 -0.5637
v  -0.5738 -3.6735 -0.5749
v  -0.1342 -3.8658 -0.6215
v  -0.2692 -3.8590 -0.6169
v  -0.5987 -3.7220 -0.5269
v  -0.5689 -3.7160 -0.5905
v  -0.5556 -3.7176 -0.5956
v  -0.5971 -3.7198 -0.5420
v  -0.5262 -3.7759 -0.6000
v  -0.6201 -3.8604 -0.1343
v  -0.5804 -3.7154 -0.5822
v  -0.6156 -3.8512 -0.2685
v  -0.6157 -3.9235 -0.2673
v  -0.6201 -3.9309 -0.1337
v  -0.4000 -3.9240 -0.6075
v  -0.5275 -3.9080 -0.5977
v  -0.5398 -3.8933 -0.5985
v  -0.5862 -3.9037 -0.5712
v  -0.1353 -3.9305 -0.6214
v  0.0012 -3.8688 -0.6230
v  0.0012 -3.9332 -0.6230
v  -0.5986 -3.8954 -0.5273
v  -0.6085 -3.9117 -0.3977
v  -0.5655 -3.9037 -0.5899
v  -0.5773 -3.9034 -0.5823
v  -0.5944 -3.9060 -0.5434
v  -0.5963 -3.9079 -0.5289
v  -0.9292 -0.5670 -1.0918
v  -0.9255 -0.5779 -1.0842
v  -1.1682 -0.3364 -1.0671
v  -0.5649 -3.6654 -0.5660
v  -0.5210 -2.9593 -0.5229
v  -0.5207 -2.8237 -0.5231
v  -0.7259 -0.9927 -0.7326
v  -1.1264 -0.3364 -1.1311
v  -1.0583 -0.3364 -1.1721
v  -0.6737 -1.2290 -0.6858
v  -1.0812 -0.5512 -0.9994
v  -0.7996 -0.6610 -0.8381
v  -0.5549 -3.7025 -0.5953
v  -0.5620 -3.9300 -0.5552
v  -0.5727 -3.9244 -0.5625
v  -0.5664 -3.9241 -0.5709
v  -0.5578 -3.9297 -0.5614
v  -0.5520 -3.9300 -0.5650
v  -0.5577 -3.9243 -0.5763
v  -0.5484 -3.9253 -0.5789
v  -0.5445 -3.9310 -0.5663
v  -0.8587 -0.5513 -1.1031
v  -0.7855 -0.5515 -1.1121
v  -0.9306 -0.5511 -1.0930
v  0.0012 -3.7459 -0.6227
v  -0.5531 -3.6885 -0.5942
v  -1.2131 -0.3364 -0.2051
v  -1.2043 -0.3364 -0.4099
v  -1.0967 -0.3364 -1.1006
v  -1.0296 -0.3364 -1.1364
v  -1.1572 -0.3364 -0.8906
v  -0.8698 -0.3364 -1.1613
v  -0.7880 -0.3364 -1.1713
v  -1.1331 -0.3364 -1.0378
v  -0.9500 -0.3364 -1.1504
v  -0.8677 -0.6680 -0.3841
v  0.0012 -0.7164 -0.8638
v  0.0012 -0.3955 -1.1603
v  -0.6120 -3.9546 -0.1340
v  -0.6182 -3.9428 -0.1339
v  -0.6138 -3.9355 -0.2675
v  -0.6077 -3.9472 -0.2675
v  -0.5400 -3.9176 -0.5899
v  -0.5404 -3.9060 -0.5961
v  -0.5285 -3.9194 -0.5911
v  -0.1356 -3.9554 -0.6128
v  -0.1354 -3.9428 -0.6195
v  0.0012 -3.9462 -0.6208
v  0.0012 -3.9582 -0.6141
v  -0.6007 -3.9349 -0.3991
v  -0.6067 -3.9232 -0.3985
v  -0.5898 -3.9193 -0.5301
v  -0.4006 -3.9356 -0.6011
v  -0.4007 -3.9450 -0.5903
v  -0.5810 -3.9155 -0.5679
v  -0.5625 -3.9153 -0.5846
v  -0.5731 -3.9151 -0.5779
v  -0.5882 -3.9174 -0.5430
v  -0.5788 -3.9263 -0.5415
v  -0.5801 -3.9279 -0.5306
v  -0.5533 -3.9046 -0.5940
v  -0.5515 -3.9162 -0.5881
v  0.0012 -3.9672 -0.6036
v  -0.4003 -3.9499 -0.5774
v  -0.5655 -3.9321 -0.5388
v  -0.5661 -3.9335 -0.5301
v  -0.9737 -0.3364 -1.1915
v  -0.8837 -0.3364 -1.2025
v  -1.1996 -0.3364 -0.9054
v  -0.5598 -3.9664 -0.2661
v  -0.5630 -3.9738 -0.1333
v  -0.2713 -3.9665 -0.5574
v  -0.4012 -3.9544 -0.5498
v  0.0012 -3.9769 -0.5621
v  -0.1353 -3.9742 -0.5610
v  0.0012 -3.9720 -0.5908
v  -0.5505 -3.9545 -0.3996
v  -0.4101 -3.9923 -0.2115
v  -0.4146 -3.9966 -0.1060
v  -0.2119 -3.9911 -0.4191
v  -0.1054 -3.9956 -0.4242
v  0.0013 -3.9971 -0.4252
v  -0.3925 -3.9768 -0.4007
v  -0.2122 -4.0170 -0.0570
v  -0.2007 -4.0117 -0.2076
v  -0.1109 -4.0155 -0.2146
v  -0.0548 -4.0168 -0.2180
v  -0.2084 -4.0158 -0.1135
v  -1.1355 -0.5788 -0.3965
v  0.0012 -1.4684 -0.6944
v  0.0012 -0.3364 -1.2999
v  -0.2583 -3.6936 -0.6033
v  -0.2548 -3.6739 -0.5788
v  0.0012 -3.2235 -0.5550
v  0.0012 -2.4213 -0.5634
v  0.0012 -2.6614 -0.5550
v  -0.3941 -0.5788 -1.1368
v  -0.2619 -3.7205 -0.6158
v  -0.2602 -3.7058 -0.6120
v  -0.2712 -3.9224 -0.6168
v  -0.2720 -3.9479 -0.6080
v  -0.2717 -3.9357 -0.6147
v  0.0012 -4.0172 -0.2187
v  -0.7923 -0.3364 -1.2111
v  0.6049 -3.9673 0.0000
v  0.5908 -3.9723 0.0000
v  0.6242 -3.7460 0.0000
v  0.6244 -3.7623 0.0000
v  0.5564 -2.6614 0.0000
v  0.5583 -2.4208 0.0000
v  0.8494 -0.7593 -0.0000
v  0.8590 -0.7149 0.0000
v  1.1617 -0.3966 0.0000
v  1.3017 -0.3364 0.0006
v  1.1492 -0.5794 -0.0000
v  0.8847 -0.6651 -0.0000
v  0.9331 -0.6248 -0.0000
v  0.9936 -0.5985 0.0000
v  1.0589 -0.5848 0.0000
v  0.6244 -3.8684 0.0000
v  0.6244 -3.8158 0.0000
v  1.1601 -0.5676 -0.0000
v  1.1286 -0.5814 0.0000
v  1.2215 -0.3364 0.0008
v  1.2581 -0.3364 0.0000
v  0.2155 -4.0174 0.0000
v  0.4178 -3.9982 0.0000
v  0.7286 -1.2289 0.0000
v  0.6732 -1.4660 0.0000
v  1.1617 -0.5515 -0.0000
v  0.5692 -3.6576 0.0000
v  0.5564 -3.5361 0.0000
v  1.3317 -0.3066 0.0000
v  1.3317 -0.0014 -0.0000
v  0.6117 -3.7019 0.0000
v  0.5880 -3.6818 0.0000
v  0.6267 -1.7052 0.0000
v  0.5916 -1.9424 0.0000
v  0.7904 -0.9926 0.0000
v  1.3181 -0.3315 0.0003
v  1.3280 -0.3208 0.0001
v  0.6232 -3.7300 0.0000
v  0.6197 -3.7149 0.0000
v  0.6244 -3.9330 0.0000
v  0.6156 -3.9581 0.0000
v  0.6220 -3.9467 0.0000
v  0.5653 -3.9766 0.0000
v  0.5899 -3.9698 -0.1333
v  0.6045 -3.9641 -0.1338
v  0.6229 -3.7590 -0.1331
v  0.6226 -3.7431 -0.1328
v  0.5549 -2.6614 -0.1251
v  0.5568 -2.4207 -0.1275
v  0.5960 -1.7067 -0.5811
v  0.6362 -1.4667 -0.6186
v  0.6526 -1.4637 -0.4675
v  0.6097 -1.7043 -0.4388
v  0.6826 -1.2289 -0.6664
v  0.7362 -0.9927 -0.7143
v  0.7383 -0.9927 -0.7046
v  0.6842 -1.2289 -0.6588
v  0.1333 -1.9441 -0.6141
v  0.1413 -1.7074 -0.6504
v  0.8556 -0.7157 -0.1928
v  0.8459 -0.7591 -0.1930
v  0.8094 -0.7127 -0.7600
v  0.7945 -0.7595 -0.7603
v  0.7933 -0.7596 -0.7672
v  0.8081 -0.7113 -0.7719
v  1.1013 -0.5814 -0.5900
v  1.0828 -0.5814 -0.7860
v  0.1988 -0.5814 -1.1257
v  0.5578 -1.7081 -0.6162
v  0.4197 -1.7085 -0.6319
v  0.4523 -1.4669 -0.6705
v  0.5993 -1.4678 -0.6525
v  0.5348 -1.9433 -0.5834
v  0.5272 -1.9434 -0.5845
v  0.5653 -1.7079 -0.6150
v  0.7642 -0.7161 -0.8110
v  0.7618 -0.7592 -0.7932
v  0.5756 -0.7592 -0.8168
v  0.5767 -0.7178 -0.8333
v  0.7866 -0.4727 -1.1124
v  0.7857 -0.3959 -1.1124
v  0.8588 -0.3947 -1.1033
v  0.8600 -0.4722 -1.1033
v  0.1243 -2.9593 -0.5536
v  0.1247 -2.8232 -0.5536
v  0.5433 -3.3503 -0.3718
v  0.5331 -3.3500 -0.4956
v  0.5331 -3.2242 -0.4958
v  0.5434 -3.2246 -0.3709
v  0.5322 -2.8237 -0.5035
v  0.5331 -2.8237 -0.4958
v  0.5331 -2.9593 -0.4958
v  0.5322 -2.9593 -0.5034
v  0.1263 -3.5361 -0.5535
v  0.1279 -3.6522 -0.5645
v  0.5435 -3.7197 -0.5985
v  0.5284 -3.7219 -0.6000
v  0.5277 -3.7073 -0.5999
v  0.5427 -3.7050 -0.5978
v  0.5578 -3.6499 -0.3785
v  0.5461 -3.6391 -0.5019
v  0.5331 -3.5361 -0.4955
v  0.5432 -3.5361 -0.3727
v  0.3842 -3.6668 -0.5717
v  0.3788 -3.6444 -0.5533
v  0.5027 -3.6369 -0.5435
v  0.5106 -3.6565 -0.5610
v  0.5114 -3.6363 -0.5422
v  0.4965 -3.5361 -0.5318
v  0.5041 -3.5361 -0.5310
v  0.6203 -1.4680 -0.6474
v  0.6259 -1.4680 -0.6437
v  0.5856 -1.7075 -0.6076
v  0.5798 -1.7077 -0.6113
v  0.7952 -0.7102 -0.8051
v  0.8016 -0.7086 -0.7995
v  0.7849 -0.7597 -0.7846
v  0.7800 -0.7596 -0.7881
v  0.5602 -1.9434 -0.5700
v  0.5556 -1.9434 -0.5757
v  0.5900 -1.7073 -0.6025
v  1.0832 -0.4723 -1.0024
v  1.0592 -0.4722 -1.0566
v  1.0586 -0.3971 -1.0572
v  1.0830 -0.3948 -1.0036
v  0.5184 -3.2243 -0.5268
v  0.5240 -3.2243 -0.5227
v  0.5240 -3.3501 -0.5228
v  0.5184 -3.3500 -0.5269
v  0.5552 -3.6534 -0.5392
v  0.5489 -3.6529 -0.5473
v  0.5344 -3.6348 -0.5327
v  0.5394 -3.6354 -0.5263
v  0.5240 -3.5361 -0.5228
v  0.5282 -3.5361 -0.5171
v  1.1582 -0.3964 -0.2018
v  0.5904 -0.3975 -1.1335
v  1.0009 -0.3956 -1.0826
v  1.1117 -0.3941 -0.8040
v  1.1026 -0.3936 -0.8717
v  1.2953 -0.3364 -0.2078
v  0.7999 -0.3364 -1.2515
v  0.6008 -0.3364 -1.2717
v  1.1770 -0.3364 -1.1736
v  1.0962 -0.3363 -1.2090
v  1.2502 -0.3363 -0.8274
v  1.2385 -0.3363 -0.9198
v  1.3024 -0.3064 -0.6230
v  1.2796 -0.3063 -0.8295
v  1.2802 -0.0014 -0.8248
v  1.3022 -0.0014 -0.6201
v  0.2031 -0.3064 -1.3270
v  0.2054 -0.0014 -1.3269
v  0.9122 -0.3060 -1.2676
v  0.8057 -0.3063 -1.2812
v  0.8124 -0.0014 -1.2806
v  0.9175 -0.0014 -1.2668
v  1.2366 -0.3059 -1.1159
v  1.1994 -0.3072 -1.1936
v  1.1997 -0.0014 -1.1933
v  1.2371 -0.0014 -1.1137
v  1.1336 -0.4723 -0.6015
v  1.1340 -0.5514 -0.5979
v  1.1125 -0.5513 -0.7958
v  1.1120 -0.4716 -0.8007
v  0.1989 -0.5515 -1.1570
v  0.1984 -0.4734 -1.1572
v  1.0038 -0.5513 -1.0820
v  1.0603 -0.5515 -1.0554
v  1.0593 -0.5673 -1.0541
v  1.0018 -0.5670 -1.0804
v  1.1022 -0.5669 -0.8637
v  1.1036 -0.5513 -0.8667
v  1.1115 -0.5670 -0.7936
v  0.9657 -0.5988 -0.5792
v  0.9507 -0.5972 -0.7722
v  1.0155 -0.5841 -0.7780
v  1.0318 -0.5853 -0.5834
v  1.0030 -0.5836 -0.9375
v  0.9429 -0.5936 -0.8933
v  0.9270 -0.5947 -0.9208
v  0.9805 -0.5843 -0.9738
v  0.1977 -0.5853 -1.0590
v  0.1968 -0.5992 -0.9962
v  0.8171 -0.5981 -0.9474
v  0.7748 -0.5990 -0.9509
v  0.7811 -0.5844 -1.0146
v  0.8358 -0.5841 -1.0096
v  0.1358 -3.8129 -0.6215
v  0.1344 -3.7591 -0.6215
v  0.4005 -3.8464 -0.6098
v  0.5287 -3.8290 -0.6000
v  0.5280 -3.8949 -0.6001
v  0.4017 -3.9113 -0.6097
v  0.6113 -3.7902 -0.3976
v  0.6112 -3.8406 -0.3984
v  0.6013 -3.8276 -0.5280
v  0.6014 -3.7752 -0.5273
v  0.5389 -3.9323 -0.5670
v  0.5309 -3.9335 -0.5676
v  0.5315 -3.9284 -0.5808
v  0.5413 -3.9267 -0.5801
v  0.5814 -3.8909 -0.5838
v  0.5826 -3.8218 -0.5827
v  0.5911 -3.8222 -0.5717
v  0.5905 -3.8912 -0.5727
v  0.5723 -3.7696 -0.5901
v  0.5831 -3.7689 -0.5822
v  0.5714 -3.8225 -0.5906
v  0.5997 -3.8257 -0.5433
v  0.5997 -3.7731 -0.5432
v  0.2812 -1.7079 -0.6433
v  0.3965 -1.9438 -0.5982
v  0.2652 -1.9439 -0.6081
v  0.3966 -0.5671 -1.1467
v  0.3963 -0.5516 -1.1482
v  0.5924 -0.5516 -1.1331
v  0.5929 -0.5670 -1.1317
v  0.1532 -1.4674 -0.6917
v  0.3048 -1.4665 -0.6837
v  0.1950 -0.7138 -0.8619
v  0.3883 -0.7119 -0.8528
v  0.3873 -0.7589 -0.8340
v  0.1936 -0.7583 -0.8449
v  0.3716 -2.9593 -0.5420
v  0.2472 -2.9593 -0.5493
v  0.2481 -2.8231 -0.5492
v  0.3716 -2.8232 -0.5420
v  0.2544 -3.6492 -0.5602
v  0.2513 -3.5361 -0.5491
v  0.3740 -3.5361 -0.5419
v  0.2660 -3.7361 -0.6169
v  0.2672 -3.7521 -0.6172
v  0.1338 -3.7427 -0.6212
v  0.3945 -0.3978 -1.1481
v  0.1980 -0.3972 -1.1571
v  0.4012 -0.3364 -1.2876
v  0.2014 -0.3364 -1.2969
v  0.6054 -0.3063 -1.3027
v  0.4046 -0.3063 -1.3179
v  0.4092 -0.0014 -1.3177
v  0.6110 -0.0014 -1.3023
v  0.3952 -0.4738 -1.1482
v  0.5912 -0.4736 -1.1334
v  0.3940 -0.5853 -1.0504
v  0.3961 -0.5814 -1.1174
v  0.5920 -0.5814 -1.1028
v  0.5878 -0.5852 -1.0354
v  0.3996 -3.7931 -0.6099
v  0.2699 -3.8060 -0.6170
v  0.3981 -3.7390 -0.6100
v  0.2744 -3.9570 -0.5974
v  0.2741 -3.9619 -0.5844
v  0.1379 -3.9696 -0.5888
v  0.1380 -3.9647 -0.6020
v  0.6000 -3.6870 -0.3921
v  0.5872 -3.6720 -0.5207
v  0.5642 -3.6577 -0.5090
v  0.5778 -3.6706 -0.3840
v  0.5210 -3.6555 -0.5597
v  0.5330 -3.6696 -0.5826
v  0.5204 -3.6713 -0.5847
v  0.3937 -3.6960 -0.6048
v  0.3911 -3.6851 -0.5965
v  0.5239 -3.6808 -0.5940
v  0.5846 -3.6701 -0.5324
v  0.5955 -3.6810 -0.5247
v  0.5936 -3.6793 -0.5370
v  0.1311 -3.6987 -0.6074
v  0.1293 -3.6779 -0.5828
v  0.2473 -3.2232 -0.5493
v  0.2492 -3.3494 -0.5492
v  0.1253 -3.3494 -0.5535
v  0.1243 -3.2233 -0.5536
v  0.5434 -2.9593 -0.3713
v  0.5434 -2.8256 -0.3711
v  0.5323 -3.2243 -0.5033
v  0.5323 -3.3500 -0.5032
v  0.5034 -2.9593 -0.5310
v  0.4957 -2.9593 -0.5319
v  0.4950 -2.8235 -0.5319
v  0.5028 -2.8236 -0.5311
v  0.3729 -3.3495 -0.5419
v  0.3721 -3.2233 -0.5420
v  0.4966 -3.2239 -0.5318
v  0.4965 -3.3498 -0.5318
v  0.5456 -2.1815 -0.5217
v  0.5657 -1.9434 -0.5488
v  0.5772 -1.9418 -0.4128
v  0.5555 -2.1810 -0.3936
v  0.2491 -2.6614 -0.5492
v  0.1252 -2.6614 -0.5535
v  0.1261 -2.4209 -0.5618
v  0.2509 -2.4206 -0.5572
v  0.5171 -2.6614 -0.5275
v  0.5191 -2.4205 -0.5348
v  0.5250 -2.4206 -0.5310
v  0.5231 -2.6614 -0.5235
v  0.5322 -2.6614 -0.5036
v  0.5341 -2.4209 -0.5112
v  0.5355 -2.4209 -0.5035
v  0.5331 -2.6614 -0.4957
v  0.4941 -2.6614 -0.5320
v  0.3717 -2.6613 -0.5420
v  0.3742 -2.4204 -0.5496
v  0.4972 -2.4204 -0.5391
v  0.7595 -0.9926 -0.5416
v  0.7030 -1.2288 -0.5002
v  0.5945 -1.7068 -0.5889
v  0.6347 -1.4669 -0.6255
v  0.5373 -0.9925 -0.7588
v  0.3625 -0.9924 -0.7755
v  0.7681 -0.7594 -0.7921
v  0.7118 -0.9927 -0.7355
v  0.7050 -0.9927 -0.7368
v  0.1824 -0.9925 -0.7859
v  0.5622 -3.6564 -0.5195
v  0.9051 -0.6261 -0.5763
v  0.8562 -0.6680 -0.5741
v  0.8412 -0.6637 -0.7622
v  0.8903 -0.6228 -0.7672
v  0.8863 -0.6169 -0.8515
v  0.8380 -0.6571 -0.8152
v  0.8321 -0.6578 -0.8280
v  0.8762 -0.6182 -0.8710
v  0.5799 -0.6280 -0.9130
v  0.5777 -0.6701 -0.8649
v  0.3891 -0.6668 -0.8836
v  0.3903 -0.6266 -0.9304
v  0.7852 -0.6669 -0.8426
v  0.7659 -0.6686 -0.8440
v  0.7693 -0.6272 -0.8926
v  0.7996 -0.6258 -0.8903
v  0.1960 -0.6271 -0.9392
v  0.1956 -0.6678 -0.8925
v  1.2303 -0.3364 -0.6174
v  1.1904 -0.3364 -0.6125
v  1.1690 -0.3364 -0.8147
v  1.2092 -0.3364 -0.8214
v  0.5970 -0.3364 -1.2311
v  0.5939 -0.3364 -1.1915
v  0.3968 -0.3364 -1.2065
v  0.3987 -0.3364 -1.2457
v  0.6007 -3.9564 -0.2673
v  0.5858 -3.9624 -0.2661
v  0.5786 -3.9504 -0.3984
v  0.5940 -3.9440 -0.3993
v  0.6183 -3.7367 -0.2653
v  0.6185 -3.7522 -0.2657
v  0.6114 -3.7392 -0.3966
v  0.6111 -3.7248 -0.3964
v  0.5432 -2.6614 -0.3730
v  0.5453 -2.4144 -0.3814
v  0.5524 -2.4204 -0.2556
v  0.5505 -2.6614 -0.2501
v  0.7256 -1.2289 -0.1700
v  0.6709 -1.4655 -0.1580
v  0.6641 -1.4638 -0.3157
v  0.7168 -1.2288 -0.3395
v  0.8289 -0.7187 -0.5740
v  0.8452 -0.7176 -0.3853
v  0.8355 -0.7584 -0.3855
v  0.8185 -0.7584 -0.5733
v  1.1477 -0.5680 -0.3982
v  1.1491 -0.5514 -0.3994
v  1.1586 -0.5514 -0.1999
v  1.1568 -0.5677 -0.1992
v  0.5684 -3.6578 -0.1272
v  0.5648 -3.6556 -0.2541
v  0.5505 -3.5361 -0.2497
v  0.5549 -3.5361 -0.1249
v  1.1491 -0.3961 -0.4033
v  1.1332 -0.3953 -0.6039
v  1.2861 -0.3364 -0.4155
v  1.2712 -0.3364 -0.6217
v  1.3187 -0.3064 -0.4159
v  1.3186 -0.0014 -0.4150
v  1.3285 -0.0014 -0.2077
v  1.3281 -0.3065 -0.2081
v  1.1491 -0.4728 -0.4017
v  1.1584 -0.4729 -0.2010
v  1.0444 -0.5856 -0.3885
v  1.1148 -0.5814 -0.3935
v  1.1250 -0.5814 -0.1968
v  1.0552 -0.5854 -0.1943
v  0.6185 -3.8020 -0.2675
v  0.6229 -3.8101 -0.1339
v  0.6101 -3.7001 -0.1311
v  0.6063 -3.6952 -0.2620
v  0.5854 -3.6785 -0.2579
v  0.5883 -3.6818 -0.1291
v  0.6249 -1.7048 -0.1473
v  0.5901 -1.9421 -0.1387
v  0.5853 -1.9412 -0.2773
v  0.6193 -1.7038 -0.2944
v  0.7868 -0.9927 -0.1838
v  0.7762 -0.9926 -0.3669
v  0.9294 -0.6253 -0.1923
v  0.9183 -0.6269 -0.3845
v  0.9785 -0.5993 -0.3857
v  0.9896 -0.5987 -0.1929
v  1.2459 -0.3364 -0.4130
v  1.2550 -0.3364 -0.2066
v  0.5495 -1.9434 -0.5797
v  0.5424 -1.9433 -0.5821
v  0.5727 -1.7078 -0.6137
v  0.9318 -0.4719 -1.0933
v  0.9304 -0.3940 -1.0934
v  1.0024 -0.4719 -1.0823
v  0.5516 -3.6761 -0.5892
v  0.5454 -3.6674 -0.5794
v  0.5569 -3.6659 -0.5740
v  0.5645 -3.6741 -0.5838
v  0.5199 -3.6354 -0.5407
v  0.5114 -3.5361 -0.5296
v  0.5183 -3.5361 -0.5269
v  0.5279 -3.6348 -0.5375
v  0.6065 -1.4679 -0.6512
v  0.6136 -1.4680 -0.6498
v  0.7752 -0.7146 -0.8101
v  0.7857 -0.7125 -0.8086
v  0.7743 -0.7595 -0.7906
v  0.5042 -3.2240 -0.5310
v  0.5115 -3.2242 -0.5295
v  0.5114 -3.3500 -0.5295
v  0.5041 -3.3499 -0.5310
v  0.9972 -0.3364 -1.2242
v  0.8991 -0.3364 -1.2380
v  1.1186 -0.3069 -1.2347
v  1.0165 -0.3058 -1.2525
v  1.0145 -0.0014 -1.2526
v  1.1210 -0.0014 -1.2337
v  0.9179 -0.5814 -1.0653
v  0.8533 -0.5814 -1.0733
v  0.9411 -0.5845 -0.9929
v  0.8893 -0.5840 -1.0044
v  0.9858 -0.5814 -1.0548
v  0.5699 -3.8911 -0.5913
v  0.5565 -3.8920 -0.5960
v  0.5578 -3.8244 -0.5957
v  0.5439 -3.7736 -0.5984
v  0.5585 -3.7713 -0.5955
v  0.5435 -3.8267 -0.5985
v  0.5312 -3.6542 -0.5575
v  0.5406 -3.6533 -0.5534
v  0.5179 -2.9593 -0.5271
v  0.5109 -2.9593 -0.5297
v  0.5104 -2.8236 -0.5298
v  0.5175 -2.8237 -0.5273
v  0.5047 -2.4204 -0.5381
v  0.5121 -2.4204 -0.5370
v  0.5097 -2.6614 -0.5299
v  0.5020 -2.6614 -0.5312
v  0.7221 -0.9926 -0.7326
v  0.7171 -0.9927 -0.7345
v  0.8567 -0.6205 -0.8817
v  0.8288 -0.6232 -0.8880
v  0.8582 -0.5968 -0.9439
v  0.8979 -0.5958 -0.9353
v  0.7302 -0.9927 -0.7266
v  0.7337 -0.9927 -0.7214
v  0.6810 -1.2289 -0.6732
v  0.6781 -1.2289 -0.6790
v  0.8074 -0.7096 -0.7822
v  0.7915 -0.7597 -0.7738
v  0.7887 -0.7597 -0.7798
v  0.8055 -0.7083 -0.7915
v  0.5278 -2.8237 -0.5176
v  0.5307 -2.8237 -0.5109
v  0.5307 -2.9593 -0.5107
v  0.5280 -2.9593 -0.5174
v  0.5645 -1.9433 -0.5559
v  0.5631 -1.9433 -0.5632
v  0.5930 -1.7071 -0.5962
v  1.0936 -0.4710 -0.9374
v  1.0934 -0.3929 -0.9392
v  1.1032 -0.4714 -0.8697
v  0.5597 -3.6547 -0.5298
v  0.5427 -3.6367 -0.5187
v  0.5445 -3.6381 -0.5104
v  0.5308 -3.5361 -0.5104
v  0.5323 -3.5361 -0.5031
v  1.2238 -0.3364 -1.0091
v  1.2103 -0.3363 -1.0970
v  1.2665 -0.3064 -0.9284
v  1.2523 -0.3056 -1.0249
v  1.2528 -0.0014 -1.0218
v  1.2670 -0.0014 -0.9245
v  1.0659 -0.5814 -0.9138
v  1.0583 -0.5813 -0.9768
v  1.0080 -0.5840 -0.8859
v  1.0746 -0.5814 -0.8516
v  1.0096 -0.5845 -0.8317
v  0.5966 -3.8918 -0.5582
v  0.5966 -3.8237 -0.5581
v  0.5997 -3.8932 -0.5426
v  0.5966 -3.7710 -0.5580
v  0.5913 -3.7694 -0.5714
v  0.5967 -3.7026 -0.5564
v  0.5969 -3.7176 -0.5571
v  0.5916 -3.7160 -0.5707
v  0.5913 -3.7007 -0.5701
v  0.5281 -3.2244 -0.5171
v  0.5308 -3.2243 -0.5105
v  0.5308 -3.3501 -0.5105
v  0.5281 -3.3501 -0.5172
v  0.5296 -2.4207 -0.5257
v  0.5327 -2.4208 -0.5188
v  0.5306 -2.6614 -0.5111
v  0.5277 -2.6614 -0.5179
v  0.6303 -1.4677 -0.6385
v  0.6332 -1.4674 -0.6324
v  0.5812 -3.6677 -0.5445
v  0.5754 -3.6660 -0.5561
v  0.8878 -0.6192 -0.8249
v  0.9459 -0.5951 -0.8545
v  0.9465 -0.5967 -0.8135
v  0.8878 -0.6219 -0.7966
v  1.1324 -0.5675 -0.5962
v  1.1217 -0.5793 -0.5934
v  1.1019 -0.5789 -0.7903
v  0.1991 -0.5790 -1.1454
v  0.1991 -0.5672 -1.1555
v  0.9962 -0.5789 -1.0715
v  1.0521 -0.5790 -1.0469
v  1.0931 -0.5788 -0.8587
v  0.5928 -0.5788 -1.1220
v  0.7885 -0.5788 -1.1012
v  1.1457 -0.5794 -0.1982
v  0.8583 -0.5787 -1.0922
v  0.7887 -0.5670 -1.1109
v  0.8607 -0.5666 -1.1015
v  1.0826 -0.5665 -0.9975
v  1.0749 -0.5784 -0.9902
v  0.5835 -0.5998 -0.9714
v  0.3920 -0.5990 -0.9876
v  0.8811 -0.6659 -0.1922
v  0.8208 -0.6605 -0.8360
v  0.8397 -0.6623 -0.7815
v  1.0388 -0.5814 -1.0340
v  0.7873 -0.5814 -1.0819
v  1.3135 -0.3321 -0.2082
v  1.3043 -0.3320 -0.4161
v  1.3148 -0.3211 -0.4161
v  1.3241 -0.3211 -0.2082
v  0.6029 -0.3316 -1.2892
v  0.4027 -0.3313 -1.3044
v  0.4038 -0.3205 -1.3142
v  0.6045 -0.3208 -1.2992
v  1.1076 -0.3318 -1.2224
v  1.0072 -0.3309 -1.2405
v  1.0132 -0.3200 -1.2492
v  1.1149 -0.3213 -1.2311
v  1.2629 -0.3202 -0.9273
v  1.2539 -0.3309 -0.9246
v  1.2406 -0.3307 -1.0179
v  1.2493 -0.3198 -1.0227
v  0.2021 -0.3313 -1.3134
v  0.2026 -0.3208 -1.3231
v  1.2885 -0.3314 -0.6228
v  1.2665 -0.3310 -0.8291
v  1.2759 -0.3203 -0.8296
v  1.2984 -0.3206 -0.6232
v  0.9058 -0.3312 -1.2552
v  0.8026 -0.3312 -1.2682
v  0.8046 -0.3205 -1.2777
v  0.9099 -0.3203 -1.2644
v  1.2336 -0.3200 -1.1134
v  1.2254 -0.3308 -1.1077
v  1.1885 -0.3321 -1.1840
v  1.1962 -0.3216 -1.1909
v  0.6216 -3.7274 -0.1324
v  0.6173 -3.7216 -0.2645
v  0.6140 -3.7073 -0.2636
v  0.6181 -3.7126 -0.1319
v  0.5409 -3.6912 -0.5966
v  0.5261 -3.6935 -0.5986
v  0.5379 -3.6788 -0.5919
v  0.1330 -3.7266 -0.6201
v  0.1321 -3.7114 -0.6162
v  0.3957 -3.7096 -0.6086
v  0.3972 -3.7241 -0.6097
v  0.5992 -3.7052 -0.5416
v  0.5980 -3.6916 -0.5399
v  0.6000 -3.6937 -0.5266
v  0.6012 -3.7079 -0.5271
v  0.6102 -3.7108 -0.3956
v  0.6070 -3.6977 -0.3944
v  0.5693 -3.6865 -0.5891
v  0.5814 -3.6857 -0.5804
v  0.5829 -3.7000 -0.5817
v  0.5713 -3.7007 -0.5901
v  0.5901 -3.6865 -0.5685
v  0.5762 -3.6734 -0.5752
v  0.5849 -3.6742 -0.5638
v  0.2716 -3.8590 -0.6169
v  0.1366 -3.8658 -0.6215
v  0.6014 -3.7220 -0.5269
v  0.5582 -3.7176 -0.5956
v  0.5720 -3.7160 -0.5903
v  0.5998 -3.7198 -0.5423
v  0.5287 -3.7759 -0.6000
v  0.6229 -3.8604 -0.1344
v  0.5833 -3.7154 -0.5820
v  0.6229 -3.9309 -0.1337
v  0.6185 -3.9235 -0.2673
v  0.6184 -3.8512 -0.2685
v  0.4025 -3.9241 -0.6075
v  0.5300 -3.9080 -0.5977
v  0.5424 -3.8933 -0.5986
v  0.5885 -3.9039 -0.5719
v  0.5944 -3.9046 -0.5579
v  0.1378 -3.9305 -0.6214
v  0.6113 -3.9117 -0.3977
v  0.6014 -3.8954 -0.5273
v  0.5798 -3.9035 -0.5825
v  0.5686 -3.9037 -0.5897
v  0.5991 -3.9080 -0.5290
v  0.5972 -3.9061 -0.5431
v  0.9313 -0.5665 -1.0920
v  0.9267 -0.5785 -1.0834
v  0.8395 -0.6596 -0.7991
v  1.1759 -0.3364 -1.0696
v  1.1916 -0.3364 -0.9902
v  0.5673 -3.6654 -0.5662
v  0.5237 -2.9593 -0.5230
v  0.5234 -2.8237 -0.5232
v  0.7263 -0.9926 -0.7302
v  1.1329 -0.3364 -1.1321
v  1.0627 -0.3364 -1.1688
v  0.6743 -1.2289 -0.6836
v  1.0833 -0.5510 -1.0008
v  1.0939 -0.5509 -0.9357
v  1.0931 -0.5666 -0.9319
v  0.8036 -0.6639 -0.8408
v  0.5574 -3.7025 -0.5954
v  0.5907 -3.6764 -0.5507
v  0.5649 -3.9299 -0.5556
v  0.5605 -3.9298 -0.5608
v  0.5688 -3.9242 -0.5710
v  0.5751 -3.9245 -0.5630
v  0.5544 -3.9303 -0.5640
v  0.5468 -3.9312 -0.5660
v  0.5511 -3.9254 -0.5789
v  0.5605 -3.9244 -0.5761
v  1.0847 -0.5786 -0.9251
v  0.7880 -0.5515 -1.1124
v  0.8614 -0.5513 -1.1031
v  0.9332 -0.5511 -1.0931
v  0.5555 -3.6885 -0.5943
v  0.5956 -3.6887 -0.5545
v  1.2156 -0.3364 -0.2051
v  1.2067 -0.3364 -0.4099
v  1.0341 -0.3364 -1.1359
v  1.1000 -0.3364 -1.1004
v  1.1601 -0.3364 -0.8915
v  1.1493 -0.3364 -0.9663
v  0.7905 -0.3364 -1.1713
v  0.8721 -0.3364 -1.1608
v  1.1352 -0.3364 -1.0393
v  0.9529 -0.3364 -1.1494
v  0.8706 -0.6683 -0.3842
v  0.6147 -3.9547 -0.1340
v  0.6104 -3.9474 -0.2675
v  0.6165 -3.9356 -0.2675
v  0.6209 -3.9429 -0.1339
v  0.5426 -3.9176 -0.5899
v  0.5310 -3.9195 -0.5912
v  0.5430 -3.9060 -0.5961
v  0.1381 -3.9554 -0.6128
v  0.1379 -3.9428 -0.6195
v  0.6033 -3.9351 -0.3991
v  0.5925 -3.9194 -0.5301
v  0.6094 -3.9233 -0.3985
v  0.4032 -3.9450 -0.5903
v  0.4031 -3.9356 -0.6011
v  0.5832 -3.9156 -0.5685
v  0.5884 -3.9163 -0.5560
v  0.5792 -3.9253 -0.5526
v  0.5654 -3.9154 -0.5845
v  0.5755 -3.9152 -0.5781
v  0.5909 -3.9177 -0.5427
v  0.5826 -3.9280 -0.5306
v  0.5812 -3.9266 -0.5414
v  0.5543 -3.9163 -0.5881
v  0.5562 -3.9045 -0.5940
v  0.4028 -3.9500 -0.5774
v  0.5668 -3.9309 -0.5477
v  0.5679 -3.9321 -0.5391
v  0.5685 -3.9335 -0.5301
v  0.8862 -0.3364 -1.2025
v  0.9762 -0.3364 -1.1915
v  1.1987 -0.3364 -0.9056
v  0.5623 -3.9665 -0.2662
v  0.5655 -3.9738 -0.1333
v  0.2738 -3.9666 -0.5574
v  0.4037 -3.9545 -0.5498
v  0.5400 -3.9367 -0.5396
v  0.1377 -3.9742 -0.5610
v  0.5530 -3.9545 -0.3996
v  0.4126 -3.9923 -0.2115
v  0.4171 -3.9967 -0.1060
v  0.3951 -3.9769 -0.4007
v  0.2144 -3.9912 -0.4192
v  0.1079 -3.9956 -0.4242
v  0.2146 -4.0170 -0.0570
v  0.2032 -4.0117 -0.2076
v  0.1134 -4.0155 -0.2146
v  0.0573 -4.0168 -0.2180
v  0.2109 -4.0158 -0.1135
v  1.1362 -0.5796 -0.3961
v  0.2572 -3.6739 -0.5788
v  0.2608 -3.6936 -0.6033
v  0.3966 -0.5789 -1.1368
v  0.2627 -3.7058 -0.6120
v  0.2644 -3.7205 -0.6158
v  0.2737 -3.9224 -0.6168
v  0.2742 -3.9357 -0.6147
v  0.2745 -3.9479 -0.6080
v  0.7948 -0.3364 -1.2111
v  0.5564 -3.4448 0.0000
v  0.5549 -3.4423 -0.1245
v  0.5499 -3.4317 -0.2622
v  0.5453 -2.8293 -0.3426
v  0.5447 -2.9596 -0.3522
v  0.5549 -2.7395 -0.1252
v  0.5499 -2.7500 -0.2626
v  0.5564 -2.7363 0.0000
v  0.5453 -3.3521 -0.3419
v  0.5447 -3.2245 -0.3520
v  0.5487 -2.7536 -0.2851
v  0.5470 -2.7677 -0.3153
v  0.5458 -3.3867 -0.3346
v  0.5468 -3.4115 -0.3180
v  0.5483 -3.4256 -0.2929
v  0.5458 -2.7938 -0.3345
v  0.5350 -3.4225 -0.1222
v  0.5298 -3.4122 -0.2590
v  0.5311 -2.7696 -0.2596
v  0.5294 -2.7715 -0.2740
v  0.5353 -2.7592 -0.1203
v  0.5368 -2.7562 -0.0000
v  0.5256 -3.3502 -0.3212
v  0.5259 -3.3649 -0.3193
v  0.5268 -3.3898 -0.3096
v  0.5286 -3.4074 -0.2850
v  0.5246 -3.2153 -0.3315
v  0.5251 -2.9596 -0.3312
v  0.5258 -2.8316 -0.3213
v  0.5266 -2.8086 -0.3173
v  0.5277 -2.7830 -0.3012
v  -0.5536 -3.0995 0.0000
v  -0.5406 -3.0990 -0.3705
v  -0.5303 -3.0985 -0.4958
v  -0.5213 -3.0986 -0.5227
v  -0.5156 -3.0985 -0.5268
v  -0.2438 -3.0970 -0.5493
v  -0.1213 -3.0971 -0.5536
v  -0.5295 -3.0985 -0.5032
v  -0.4940 -3.0980 -0.5318
v  -0.3690 -3.0972 -0.5420
v  -0.5522 -3.0996 -0.1225
v  -0.5479 -3.0997 -0.2449
v  -0.5089 -3.0983 -0.5295
v  -0.5016 -3.0982 -0.5309
v  -0.5254 -3.0986 -0.5170
v  0.0012 -3.0975 -0.5550
v  0.5331 -3.0985 -0.4959
v  0.5434 -3.0990 -0.3705
v  0.5184 -3.0985 -0.5268
v  0.5240 -3.0986 -0.5227
v  0.1238 -3.0971 -0.5536
v  0.2463 -3.0970 -0.5493
v  0.5323 -3.0985 -0.5034
v  0.3715 -3.0972 -0.5420
v  0.4965 -3.0980 -0.5318
v  0.5041 -3.0982 -0.5310
v  0.5114 -3.0983 -0.5295
v  0.5281 -3.0986 -0.5172
v  0.5308 -3.0986 -0.5106
v  0.5444 -3.0990 -0.3556
v  0.5248 -3.0997 -0.3346
v  -0.5657 -2.1809 0.0000
v  -0.5642 -2.1807 -0.1326
v  0.0012 -2.1821 -0.5852
v  -0.1265 -2.1815 -0.5835
v  -0.6503 -1.2289 -0.6945
v  -0.4898 -1.2289 -0.7143
v  -0.5070 -2.1806 -0.5581
v  -0.5141 -2.1805 -0.5567
v  -0.6685 -1.2290 -0.6895
v  -0.5331 -2.1808 -0.5488
v  -0.5373 -2.1810 -0.5431
v  -0.2541 -2.1809 -0.5783
v  -0.3807 -2.1805 -0.5697
v  -0.3305 -1.2289 -0.7285
v  -0.1649 -1.2289 -0.7373
v  -0.5276 -2.1807 -0.5528
v  -0.5412 -2.1813 -0.5291
v  -0.6563 -1.2289 -0.6932
v  0.0012 -1.2290 -0.7400
v  -0.5597 -2.1802 -0.2651
v  -0.5212 -2.1806 -0.5554
v  -0.6626 -1.2290 -0.6920
v  0.5687 -2.1809 0.0000
v  0.5672 -2.1807 -0.1326
v  0.1290 -2.1815 -0.5835
v  0.4921 -1.2289 -0.7124
v  0.6510 -1.2289 -0.6921
v  0.5166 -2.1805 -0.5565
v  0.5094 -2.1805 -0.5577
v  0.6696 -1.2289 -0.6870
v  0.5400 -2.1810 -0.5435
v  0.5358 -2.1809 -0.5489
v  0.3832 -2.1805 -0.5697
v  0.2566 -2.1809 -0.5783
v  0.1674 -1.2289 -0.7366
v  0.3329 -1.2288 -0.7272
v  0.5303 -2.1807 -0.5528
v  0.5442 -2.1814 -0.5293
v  0.6575 -1.2289 -0.6908
v  0.5627 -2.1802 -0.2651
v  0.5237 -2.1806 -0.5554
v  0.6638 -1.2290 -0.6895
v  0.5428 -2.1812 -0.5367
v  0.0002 -0.0565 -1.3303
v  0.0225 -0.0587 -1.3303
v  0.0426 -0.0652 -1.3303
v  0.0607 -0.0756 -1.3303
v  0.0763 -0.0892 -1.3303
v  0.0893 -0.1066 -1.3303
v  0.0990 -0.1281 -1.3303
v  0.1035 -0.1539 -1.3303
v  0.1014 -0.1803 -1.3303
v  0.0934 -0.2035 -1.3303
v  0.0808 -0.2234 -1.3303
v  0.0642 -0.2395 -1.3303
v  0.0447 -0.2515 -1.3303
v  0.0230 -0.2588 -1.3303
v  0.0002 -0.2611 -1.3303
v  -0.0225 -0.2582 -1.3303
v  -0.0440 -0.2505 -1.3303
v  -0.0630 -0.2383 -1.3303
v  -0.0788 -0.2224 -1.3303
v  -0.0908 -0.2034 -1.3303
v  -0.0983 -0.1815 -1.3303
v  -0.1011 -0.1586 -1.3303
v  -0.0972 -0.1317 -1.3303
v  -0.0886 -0.1101 -1.3303
v  -0.0761 -0.0921 -1.3303
v  -0.0606 -0.0775 -1.3303
v  -0.0425 -0.0665 -1.3303
v  -0.0221 -0.0593 -1.3303
v  -0.0415 -0.0660 -1.2242
v  -0.0209 -0.0591 -1.2244
v  0.0014 -0.0565 -1.2247
v  0.0236 -0.0590 -1.2251
v  0.0437 -0.0658 -1.2256
v  0.0614 -0.0761 -1.2259
v  0.0768 -0.0898 -1.2261
v  0.0895 -0.1071 -1.2261
v  0.0990 -0.1284 -1.2260
v  0.1035 -0.1539 -1.2260
v  0.1014 -0.1801 -1.2261
v  0.0936 -0.2031 -1.2260
v  0.0812 -0.2228 -1.2259
v  0.0650 -0.2390 -1.2256
v  0.0456 -0.2510 -1.2253
v  0.0241 -0.2585 -1.2250
v  0.0014 -0.2612 -1.2247
v  -0.0214 -0.2585 -1.2244
v  -0.0430 -0.2510 -1.2241
v  -0.0623 -0.2389 -1.2239
v  -0.0784 -0.2230 -1.2238
v  -0.0905 -0.2038 -1.2237
v  -0.0983 -0.1817 -1.2235
v  -0.1009 -0.1566 -1.2233
v  -0.0972 -0.1314 -1.2233
v  -0.0883 -0.1097 -1.2235
v  -0.0756 -0.0915 -1.2237
v  -0.0599 -0.0770 -1.2240
v  -0.0364 -0.0773 -1.2036
v  -0.0184 -0.0710 -1.2037
v  0.0014 -0.0686 -1.2038
v  0.0212 -0.0705 -1.2042
v  0.0391 -0.0761 -1.2046
v  0.0549 -0.0850 -1.2049
v  0.0685 -0.0970 -1.2050
v  0.0798 -0.1123 -1.2048
v  0.0881 -0.1314 -1.2046
v  0.0921 -0.1543 -1.2045
v  0.0903 -0.1777 -1.2046
v  0.0834 -0.1981 -1.2046
v  0.0724 -0.2156 -1.2045
v  0.0579 -0.2298 -1.2043
v  0.0406 -0.2404 -1.2041
v  0.0215 -0.2468 -1.2039
v  0.0013 -0.2489 -1.2036
v  -0.0188 -0.2463 -1.2035
v  -0.0377 -0.2395 -1.2033
v  -0.0547 -0.2288 -1.2033
v  -0.0687 -0.2148 -1.2033
v  -0.0792 -0.1981 -1.2033
v  -0.0858 -0.1789 -1.2032
v  -0.0879 -0.1569 -1.2029
v  -0.0846 -0.1347 -1.2029
v  -0.0769 -0.1156 -1.2031
v  -0.0660 -0.0997 -1.2033
v  -0.0524 -0.0869 -1.2035
v  -0.0344 -0.0816 -0.6359
v  -0.0173 -0.0757 -0.6360
v  0.0014 -0.0734 -0.6362
v  0.0202 -0.0752 -0.6365
v  0.0371 -0.0806 -0.6369
v  0.0520 -0.0890 -0.6371
v  0.0649 -0.1003 -0.6372
v  0.0755 -0.1148 -0.6371
v  0.0833 -0.1328 -0.6368
v  0.0871 -0.1546 -0.6367
v  0.0854 -0.1767 -0.6369
v  0.0789 -0.1960 -0.6369
v  0.0685 -0.2125 -0.6368
v  0.0548 -0.2259 -0.6367
v  0.0384 -0.2358 -0.6365
v  0.0204 -0.2419 -0.6363
v  0.0014 -0.2439 -0.6361
v  -0.0176 -0.2415 -0.6359
v  -0.0356 -0.2351 -0.6358
v  -0.0516 -0.2250 -0.6358
v  -0.0649 -0.2118 -0.6358
v  -0.0748 -0.1960 -0.6358
v  -0.0811 -0.1779 -0.6357
v  -0.0831 -0.1570 -0.6354
v  -0.0799 -0.1360 -0.6353
v  -0.0727 -0.1179 -0.6355
v  -0.0624 -0.1029 -0.6357
v  -0.0495 -0.0908 -0.6358
v  -1.3290 -0.1567 0.0000
v  -1.2998 -0.1557 -0.6216
v  -1.2773 -0.1555 -0.8271
v  -0.9121 -0.1564 -1.2672
v  -0.8065 -0.1565 -1.2808
v  -1.2341 -0.1556 -1.1144
v  -1.1949 -0.1558 -1.1953
v  -0.6057 -0.1564 -1.3022
v  -0.4044 -0.1561 -1.3178
v  -1.3254 -0.1565 -0.2079
v  -1.3159 -0.1560 -0.4155
v  -1.1152 -0.1561 -1.2349
v  -1.0160 -0.1563 -1.2521
v  -1.2644 -0.1555 -0.9243
v  -0.2017 -0.1558 -1.3272
v  1.3317 -0.1567 -0.0000
v  1.2801 -0.1555 -0.8272
v  1.3021 -0.1557 -0.6216
v  0.8090 -0.1565 -1.2810
v  0.9148 -0.1564 -1.2673
v  1.2003 -0.1558 -1.1928
v  1.2368 -0.1557 -1.1148
v  0.4069 -0.1561 -1.3179
v  0.6082 -0.1564 -1.3025
v  1.3187 -0.1560 -0.4155
v  1.3283 -0.1565 -0.2079
v  1.0185 -0.1563 -1.2521
v  1.1200 -0.1561 -1.2343
v  1.2526 -0.1554 -1.0234
v  1.2668 -0.1555 -0.9265
v  0.2042 -0.1558 -1.3270
v  0.0002 -0.0565 -1.3237
v  0.0225 -0.0587 -1.3233
v  0.0426 -0.0652 -1.3235
v  0.0606 -0.0755 -1.3230
v  0.0762 -0.0891 -1.3226
v  0.0892 -0.1064 -1.3219
v  0.0989 -0.1280 -1.3211
v  0.1035 -0.1539 -1.3209
v  0.1014 -0.1804 -1.3213
v  0.0933 -0.2036 -1.3218
v  0.0807 -0.2235 -1.3222
v  0.0641 -0.2396 -1.3227
v  0.0446 -0.2515 -1.3232
v  0.0229 -0.2589 -1.3237
v  0.0002 -0.2611 -1.3243
v  -0.0225 -0.2583 -1.3240
v  -0.0439 -0.2505 -1.3238
v  -0.0630 -0.2383 -1.3238
v  -0.0788 -0.2224 -1.3238
v  -0.0907 -0.2034 -1.3237
v  -0.0983 -0.1815 -1.3234
v  -0.1010 -0.1587 -1.3236
v  -0.0972 -0.1317 -1.3227
v  -0.0886 -0.1100 -1.3230
v  -0.0761 -0.0921 -1.3233
v  -0.0606 -0.0775 -1.3234
v  -0.0425 -0.0665 -1.3235
v  -0.0220 -0.0593 -1.3235
v  -0.0174 -0.0757 -0.6420
v  -0.0344 -0.0816 -0.6419
v  -0.0495 -0.0908 -0.6418
v  -0.0624 -0.1029 -0.6417
v  -0.0727 -0.1180 -0.6415
v  -0.0799 -0.1360 -0.6413
v  -0.0831 -0.1570 -0.6414
v  -0.0811 -0.1778 -0.6417
v  -0.0748 -0.1960 -0.6418
v  -0.0649 -0.2118 -0.6418
v  -0.0516 -0.2250 -0.6418
v  -0.0356 -0.2351 -0.6418
v  -0.0177 -0.2415 -0.6419
v  0.0013 -0.2439 -0.6421
v  0.0203 -0.2420 -0.6423
v  0.0384 -0.2359 -0.6425
v  0.0547 -0.2259 -0.6427
v  0.0685 -0.2125 -0.6428
v  0.0789 -0.1960 -0.6429
v  0.0854 -0.1767 -0.6429
v  0.0871 -0.1546 -0.6427
v  0.0833 -0.1329 -0.6428
v  0.0755 -0.1148 -0.6431
v  0.0649 -0.1003 -0.6432
v  0.0520 -0.0889 -0.6431
v  0.0370 -0.0805 -0.6429
v  0.0200 -0.0752 -0.6425
v  0.0013 -0.0734 -0.6422
v  -0.0404 -0.0684 -1.2175
v  -0.0203 -0.0615 -1.2176
v  0.0015 -0.0589 -1.2177
v  0.0232 -0.0612 -1.2179
v  0.0430 -0.0676 -1.2182
v  0.0605 -0.0776 -1.2184
v  0.0756 -0.0909 -1.2185
v  0.0881 -0.1079 -1.2185
v  0.0974 -0.1288 -1.2184
v  0.1018 -0.1540 -1.2184
v  0.0998 -0.1797 -1.2184
v  0.0921 -0.2023 -1.2184
v  0.0799 -0.2217 -1.2183
v  0.0639 -0.2374 -1.2182
v  0.0448 -0.2491 -1.2180
v  0.0237 -0.2563 -1.2179
v  0.0015 -0.2588 -1.2177
v  -0.0207 -0.2560 -1.2175
v  -0.0418 -0.2485 -1.2174
v  -0.0605 -0.2367 -1.2173
v  -0.0761 -0.2212 -1.2172
v  -0.0879 -0.2026 -1.2172
v  -0.0954 -0.1811 -1.2171
v  -0.0978 -0.1567 -1.2170
v  -0.0942 -0.1322 -1.2170
v  -0.0856 -0.1110 -1.2171
v  -0.0734 -0.0934 -1.2172
v  -0.0582 -0.0792 -1.2173
v  -0.0188 -0.0691 -1.2098
v  -0.0372 -0.0755 -1.2097
v  -0.0535 -0.0854 -1.2096
v  -0.0674 -0.0985 -1.2094
v  -0.0785 -0.1147 -1.2091
v  -0.0864 -0.1342 -1.2089
v  -0.0897 -0.1568 -1.2089
v  -0.0877 -0.1793 -1.2092
v  -0.0809 -0.1989 -1.2093
v  -0.0701 -0.2160 -1.2093
v  -0.0558 -0.2303 -1.2093
v  -0.0386 -0.2412 -1.2094
v  -0.0192 -0.2482 -1.2095
v  0.0013 -0.2508 -1.2097
v  0.0219 -0.2487 -1.2100
v  0.0414 -0.2421 -1.2102
v  0.0590 -0.2314 -1.2104
v  0.0739 -0.2168 -1.2107
v  0.0852 -0.1990 -1.2108
v  0.0923 -0.1781 -1.2108
v  0.0941 -0.1542 -1.2107
v  0.0900 -0.1308 -1.2108
v  0.0815 -0.1113 -1.2111
v  0.0700 -0.0956 -1.2112
v  0.0561 -0.0833 -1.2111
v  0.0399 -0.0742 -1.2108
v  0.0215 -0.0685 -1.2104
v  0.0014 -0.0666 -1.2100
v  1.1617 -0.4729 -0.0000
v  -1.1590 -0.4729 0.0000
v  -0.8212 -0.8750 0.0000
v  -0.3738 -0.8750 -0.8038
v  -0.5563 -0.8750 -0.7871
v  -0.7327 -0.8753 -0.7644
v  -0.7390 -0.8751 -0.7632
v  0.0012 -0.8750 -0.8172
v  -0.1868 -0.8750 -0.8139
v  -0.8063 -0.8750 -0.3790
v  -0.8174 -0.8751 -0.1898
v  -0.7440 -0.8751 -0.7623
v  -0.7488 -0.8750 -0.7607
v  -0.7534 -0.8750 -0.7582
v  -0.7886 -0.8750 -0.5611
v  0.8217 -0.8752 0.0000
v  0.5586 -0.8750 -0.7855
v  0.3762 -0.8750 -0.8027
v  0.7419 -0.8754 -0.7608
v  0.7343 -0.8754 -0.7622
v  0.1892 -0.8750 -0.8134
v  0.8180 -0.8752 -0.1897
v  0.8069 -0.8752 -0.3788
v  0.7459 -0.8754 -0.7601
v  0.7500 -0.8754 -0.7586
v  0.7541 -0.8753 -0.7564
v  0.7893 -0.8752 -0.5609
v  -0.7638 -0.8750 -0.7410
v  -0.7657 -0.8750 -0.7318
v  -0.7575 -0.8750 -0.7545
v  0.7639 -0.8752 -0.7433
v  0.7667 -0.8749 -0.7305
v  0.7614 -0.8752 -0.7487
v  0.7580 -0.8752 -0.7532
v  0.0012 -4.0244 0.0000
v  -0.6019 -3.9640 0.1338
v  -0.5874 -3.9697 0.1333
v  -0.6198 -3.7431 0.1328
v  -0.6201 -3.7590 0.1331
v  -0.5521 -2.6614 0.1251
v  -0.5540 -2.4207 0.1278
v  -0.5936 -1.7067 0.5813
v  -0.6074 -1.7043 0.4388
v  -0.6515 -1.4640 0.4676
v  -0.6347 -1.4669 0.6187
v  -0.7378 -0.9927 0.7071
v  -0.7361 -0.9926 0.7150
v  -0.6821 -1.2289 0.6678
v  -0.6835 -1.2290 0.6610
v  0.0012 -1.7064 0.6530
v  0.0012 -1.9439 0.6161
v  -0.1308 -1.9441 0.6142
v  -0.1389 -1.7074 0.6506
v  -0.8526 -0.7155 0.1928
v  -0.8431 -0.7590 0.1930
v  -0.8061 -0.7120 0.7605
v  -0.8049 -0.7106 0.7711
v  -0.7906 -0.7595 0.7670
v  -0.7917 -0.7594 0.7603
v  -1.0803 -0.5814 0.7860
v  -1.0988 -0.5814 0.5900
v  -0.1963 -0.5814 1.1257
v  0.0012 -0.5814 1.1300
v  -0.5591 -1.7085 0.6166
v  -0.6004 -1.4682 0.6537
v  -0.4500 -1.4671 0.6718
v  -0.4173 -1.7086 0.6326
v  -0.5281 -1.9433 0.5846
v  -0.5340 -1.9433 0.5835
v  -0.5649 -1.7082 0.6156
v  -0.7595 -0.7154 0.8095
v  -0.5741 -0.7172 0.8321
v  -0.5723 -0.7595 0.8168
v  -0.7593 -0.7592 0.7931
v  -0.7842 -0.4727 1.1124
v  -0.8574 -0.4722 1.1033
v  -0.8562 -0.3947 1.1033
v  -0.7832 -0.3958 1.1124
v  0.0012 -2.9593 0.5550
v  -0.1218 -2.9593 0.5536
v  -0.1222 -2.8232 0.5536
v  0.0012 -2.8233 0.5550
v  -0.5304 -3.3500 0.4956
v  -0.5405 -3.3503 0.3717
v  -0.5406 -3.2246 0.3709
v  -0.5303 -3.2242 0.4958
v  0.0012 -3.6542 0.5663
v  -0.1254 -3.6522 0.5645
v  -0.1238 -3.5361 0.5535
v  0.0012 -3.5361 0.5550
v  -0.5410 -3.7197 0.5984
v  -0.5402 -3.7049 0.5978
v  -0.5252 -3.7073 0.5998
v  -0.5259 -3.7219 0.6000
v  -0.5551 -3.6500 0.3784
v  -0.5405 -3.5362 0.3727
v  -0.5304 -3.5361 0.4954
v  -0.5434 -3.6393 0.5019
v  -0.3817 -3.6668 0.5717
v  -0.5081 -3.6565 0.5610
v  -0.5002 -3.6370 0.5435
v  -0.3763 -3.6444 0.5533
v  -0.5089 -3.6363 0.5422
v  -0.5016 -3.5361 0.5309
v  -0.4940 -3.5361 0.5318
v  -0.5836 -1.7076 0.6081
v  -0.6246 -1.4684 0.6448
v  -0.6190 -1.4684 0.6488
v  -0.5779 -1.7078 0.6120
v  -0.7908 -0.7095 0.8041
v  -0.7773 -0.7596 0.7880
v  -0.7823 -0.7596 0.7844
v  -0.7976 -0.7081 0.7986
v  -0.5533 -1.9434 0.5756
v  -0.5577 -1.9434 0.5697
v  -0.5879 -1.7074 0.6027
v  -1.0807 -0.4717 1.0010
v  -1.0806 -0.3952 1.0024
v  -1.0540 -0.3977 1.0589
v  -1.0548 -0.4723 1.0581
v  -0.5213 -3.2243 0.5227
v  -0.5156 -3.2243 0.5268
v  -0.5156 -3.3500 0.5269
v  -0.5212 -3.3501 0.5227
v  -0.5527 -3.6536 0.5391
v  -0.5367 -3.6356 0.5262
v  -0.5317 -3.6349 0.5327
v  -0.5463 -3.6530 0.5472
v  -0.5255 -3.5361 0.5170
v  -0.5212 -3.5361 0.5227
v  -1.1555 -0.3964 0.2018
v  -0.5879 -0.3975 1.1335
v  -0.9975 -0.3955 1.0827
v  -1.1000 -0.3931 0.8708
v  -1.1089 -0.3940 0.8040
v  -1.2928 -0.3364 0.2078
v  -0.5983 -0.3364 1.2717
v  -0.7974 -0.3364 1.2515
v  -1.0890 -0.3364 1.2086
v  -1.1715 -0.3363 1.1767
v  -1.2350 -0.3364 0.9166
v  -1.2469 -0.3363 0.8270
v  -1.2996 -0.3063 0.6230
v  -1.2993 -0.1557 0.6215
v  -1.2773 -0.1555 0.8271
v  -1.2768 -0.3063 0.8295
v  -0.9094 -0.3059 1.2676
v  -0.9121 -0.1564 1.2673
v  -0.8065 -0.1565 1.2809
v  -0.8032 -0.3063 1.2811
v  -1.2340 -0.3065 1.1151
v  -1.2342 -0.1556 1.1144
v  -1.1950 -0.1558 1.1953
v  -1.1938 -0.3078 1.1964
v  -1.1308 -0.4723 0.6015
v  -1.1092 -0.4716 0.8007
v  -1.1097 -0.5513 0.7957
v  -1.1313 -0.5513 0.5978
v  -0.1964 -0.5515 1.1570
v  -0.1959 -0.4734 1.1571
v  0.0012 -0.4725 1.1603
v  0.0012 -0.5514 1.1603
v  -1.0001 -0.5513 1.0821
v  -0.9980 -0.5668 1.0807
v  -1.0551 -0.5676 1.0557
v  -1.0559 -0.5517 1.0571
v  -1.0999 -0.5659 0.8622
v  -1.1087 -0.5669 0.7936
v  -1.1011 -0.5511 0.8647
v  -0.9631 -0.5987 0.5792
v  -1.0293 -0.5853 0.5834
v  -1.0130 -0.5841 0.7780
v  -0.9480 -0.5970 0.7722
v  -0.9970 -0.5839 0.9332
v  -0.9219 -0.5947 0.9199
v  -0.9376 -0.5941 0.8900
v  -0.1953 -0.5853 1.0589
v  0.0012 -0.5845 1.0633
v  0.0012 -0.5989 1.0002
v  -0.1943 -0.5994 0.9962
v  -0.8143 -0.5975 0.9468
v  -0.8333 -0.5845 1.0096
v  -0.7786 -0.5843 1.0146
v  -0.7721 -0.5981 0.9503
v  -0.1333 -3.8129 0.6215
v  -0.1319 -3.7616 0.6215
v  0.0012 -3.7627 0.6230
v  0.0012 -3.8161 0.6230
v  -0.3980 -3.8464 0.6098
v  -0.3992 -3.9113 0.6097
v  -0.5255 -3.8949 0.6000
v  -0.5262 -3.8290 0.6000
v  -0.6085 -3.7902 0.3976
v  -0.5986 -3.7752 0.5273
v  -0.5986 -3.8276 0.5279
v  -0.6085 -3.8406 0.3984
v  -0.5365 -3.9322 0.5670
v  -0.5387 -3.9267 0.5801
v  -0.5290 -3.9284 0.5808
v  -0.5284 -3.9335 0.5676
v  -0.5787 -3.8910 0.5837
v  -0.5881 -3.8911 0.5721
v  -0.5885 -3.8223 0.5714
v  -0.5797 -3.8218 0.5828
v  -0.5688 -3.7696 0.5905
v  -0.5682 -3.8226 0.5908
v  -0.5800 -3.7689 0.5825
v  -0.5970 -3.7731 0.5426
v  -0.5969 -3.8257 0.5431
v  -0.2787 -1.7080 0.6438
v  -0.2628 -1.9439 0.6083
v  -0.3940 -1.9439 0.5985
v  -0.3941 -0.5670 1.1467
v  -0.5904 -0.5670 1.1317
v  -0.5899 -0.5516 1.1331
v  -0.3938 -0.5516 1.1482
v  -0.3024 -1.4667 0.6845
v  -0.1507 -1.4674 0.6921
v  -0.1925 -0.7136 0.8615
v  -0.1909 -0.7592 0.8446
v  -0.3823 -0.7592 0.8341
v  -0.3858 -0.7114 0.8519
v  -0.2447 -2.9593 0.5493
v  -0.3691 -2.9593 0.5420
v  -0.3692 -2.8232 0.5420
v  -0.2456 -2.8231 0.5492
v  -0.2519 -3.6492 0.5602
v  -0.3715 -3.5361 0.5418
v  -0.2488 -3.5361 0.5491
v  -0.2635 -3.7361 0.6168
v  -0.1313 -3.7427 0.6212
v  -0.2647 -3.7545 0.6171
v  -0.1955 -0.3972 1.1571
v  -0.3920 -0.3978 1.1481
v  -0.1989 -0.3364 1.2965
v  -0.3994 -0.3364 1.2872
v  -0.6029 -0.3063 1.3027
v  -0.6057 -0.1564 1.3025
v  -0.4044 -0.1561 1.3178
v  -0.4021 -0.3063 1.3179
v  -0.3928 -0.4738 1.1482
v  -0.5887 -0.4736 1.1334
v  -0.3915 -0.5852 1.0504
v  -0.5853 -0.5851 1.0354
v  -0.5895 -0.5814 1.1028
v  -0.3936 -0.5814 1.1174
v  -0.3971 -3.7931 0.6099
v  -0.3956 -3.7390 0.6100
v  -0.2674 -3.8060 0.6170
v  -0.2719 -3.9570 0.5974
v  -0.1355 -3.9647 0.6020
v  -0.1354 -3.9695 0.5888
v  -0.2716 -3.9619 0.5844
v  -0.5974 -3.6872 0.3921
v  -0.5752 -3.6708 0.3840
v  -0.5613 -3.6576 0.5100
v  -0.5846 -3.6722 0.5207
v  -0.5185 -3.6555 0.5596
v  -0.5179 -3.6713 0.5847
v  -0.5306 -3.6696 0.5826
v  -0.3912 -3.6960 0.6048
v  -0.5214 -3.6808 0.5940
v  -0.3886 -3.6851 0.5965
v  -0.5821 -3.6703 0.5329
v  -0.5909 -3.6794 0.5376
v  -0.5930 -3.6816 0.5250
v  -0.1287 -3.6987 0.6074
v  -0.1269 -3.6779 0.5828
v  0.0012 -3.6799 0.5849
v  0.0012 -3.7011 0.6094
v  -0.1228 -3.3494 0.5535
v  -0.2467 -3.3494 0.5492
v  -0.2449 -3.2232 0.5493
v  -0.1219 -3.2233 0.5536
v  -0.5303 -2.9593 0.4958
v  -0.5406 -2.9593 0.3713
v  -0.5405 -2.8239 0.3720
v  -0.5303 -2.8237 0.4957
v  -0.5295 -3.2243 0.5031
v  -0.5295 -3.3500 0.5030
v  -0.4933 -2.9593 0.5318
v  -0.5009 -2.9593 0.5310
v  -0.5003 -2.8236 0.5311
v  -0.4925 -2.8235 0.5319
v  -0.4941 -3.2239 0.5318
v  -0.3696 -3.2233 0.5420
v  -0.3705 -3.3495 0.5419
v  -0.4940 -3.3498 0.5318
v  -0.5426 -2.1815 0.5217
v  -0.5525 -2.1809 0.3936
v  -0.5743 -1.9417 0.4128
v  -0.5629 -1.9431 0.5479
v  -0.2466 -2.6614 0.5492
v  -0.2484 -2.4206 0.5572
v  -0.1237 -2.4209 0.5618
v  -0.1227 -2.6614 0.5535
v  -0.5224 -2.4205 0.5308
v  -0.5166 -2.4205 0.5346
v  -0.5146 -2.6614 0.5273
v  -0.5205 -2.6614 0.5233
v  -0.5326 -2.4209 0.5034
v  -0.5313 -2.4208 0.5110
v  -0.5295 -2.6614 0.5034
v  -0.5304 -2.6614 0.4957
v  -0.4940 -2.6612 0.5318
v  -0.4969 -2.4204 0.5388
v  -0.3717 -2.4204 0.5496
v  -0.3692 -2.6613 0.5420
v  -0.7030 -1.2288 0.5005
v  -0.7599 -0.9926 0.5421
v  -0.6333 -1.4671 0.6258
v  -0.5922 -1.7068 0.5888
v  -0.3738 -0.8750 0.8038
v  -0.5563 -0.8750 0.7871
v  -0.7329 -0.8750 0.7644
v  -0.7391 -0.8749 0.7633
v  -0.7656 -0.7593 0.7921
v  0.0012 -0.7604 0.8477
v  0.0012 -0.8750 0.8172
v  -0.1868 -0.8750 0.8139
v  -0.5597 -3.6566 0.5195
v  -0.9023 -0.6258 0.5763
v  -0.8874 -0.6223 0.7674
v  -0.8369 -0.6619 0.7624
v  -0.8530 -0.6675 0.5740
v  -0.8812 -0.6167 0.8492
v  -0.8711 -0.6170 0.8699
v  -0.8263 -0.6553 0.8262
v  -0.8324 -0.6555 0.8134
v  -0.5774 -0.6269 0.9120
v  -0.3881 -0.6258 0.9297
v  -0.3870 -0.6659 0.8825
v  -0.5752 -0.6689 0.8635
v  -0.7813 -0.6643 0.8398
v  -0.7964 -0.6238 0.8888
v  -0.7660 -0.6257 0.8913
v  -0.7616 -0.6663 0.8415
v  -0.1936 -0.6267 0.9388
v  0.0012 -0.6271 0.9426
v  0.0012 -0.6684 0.8952
v  -0.1931 -0.6674 0.8920
v  -1.2279 -0.3364 0.6174
v  -1.2067 -0.3364 0.8214
v  -1.1666 -0.3364 0.8147
v  -1.1879 -0.3364 0.6125
v  -0.3943 -0.3364 1.2065
v  -0.3962 -0.3364 1.2457
v  -0.1976 -0.3364 1.2543
v  -0.1967 -0.3364 1.2148
v  0.0012 -0.3364 1.2191
v  0.0012 -0.3364 1.2591
v  0.2001 -0.3364 1.2543
v  0.1991 -0.3364 1.2148
v  -0.5982 -3.9563 0.2673
v  -0.5914 -3.9438 0.3993
v  -0.5761 -3.9503 0.3984
v  -0.5833 -3.9624 0.2661
v  -0.6155 -3.7367 0.2652
v  -0.6083 -3.7249 0.3964
v  -0.6086 -3.7392 0.3966
v  -0.6158 -3.7522 0.2657
v  -0.5405 -2.6614 0.3730
v  -0.5477 -2.6614 0.2500
v  -0.5495 -2.4204 0.2555
v  -0.5424 -2.4207 0.3796
v  -0.7263 -1.2289 0.1701
v  -0.7172 -1.2289 0.3397
v  -0.6632 -1.4642 0.3158
v  -0.6702 -1.4659 0.1581
v  -0.8257 -0.7184 0.5739
v  -0.8157 -0.7583 0.5733
v  -0.8327 -0.7584 0.3855
v  -0.8421 -0.7174 0.3852
v  -1.1451 -0.5673 0.3982
v  -1.1542 -0.5669 0.1993
v  -1.1558 -0.5514 0.1999
v  -1.1463 -0.5514 0.3994
v  -0.5479 -3.2251 0.2458
v  -0.5478 -3.3506 0.2476
v  -0.5522 -3.3505 0.1239
v  -0.5522 -3.2250 0.1229
v  -0.5657 -3.6579 0.1272
v  -0.5521 -3.5362 0.1249
v  -0.5477 -3.5362 0.2497
v  -0.5621 -3.6557 0.2541
v  -1.1305 -0.3952 0.6039
v  -1.1464 -0.3961 0.4033
v  -1.2687 -0.3364 0.6217
v  -1.2846 -0.3364 0.4154
v  -1.3159 -0.3064 0.4159
v  -1.3254 -0.3065 0.2081
v  -1.3255 -0.1565 0.2079
v  -1.3159 -0.1560 0.4155
v  -1.1463 -0.4728 0.4017
v  -1.1556 -0.4729 0.2010
v  -1.0419 -0.5856 0.3885
v  -1.0527 -0.5855 0.1943
v  -1.1260 -0.5814 0.1971
v  -1.1160 -0.5814 0.3936
v  -0.6157 -3.8020 0.2675
v  -0.6201 -3.8101 0.1339
v  -0.6075 -3.7002 0.1311
v  -0.5857 -3.6819 0.1291
v  -0.5828 -3.6786 0.2579
v  -0.6037 -3.6953 0.2620
v  -0.5478 -2.9593 0.2465
v  -0.5522 -2.9593 0.1233
v  -0.5522 -2.8241 0.1241
v  -0.5478 -2.8241 0.2481
v  -0.6228 -1.7049 0.1473
v  -0.6171 -1.7038 0.2944
v  -0.5824 -1.9411 0.2773
v  -0.5872 -1.9420 0.1387
v  -0.8063 -0.8750 0.3790
v  -0.8174 -0.8751 0.1898
v  -0.9268 -0.6254 0.1923
v  -0.9871 -0.5988 0.1929
v  -0.9760 -0.5994 0.3857
v  -0.9156 -0.6268 0.3845
v  -0.5715 -1.7080 0.6144
v  -0.5408 -1.9434 0.5823
v  -0.5474 -1.9434 0.5797
v  -0.9292 -0.4719 1.0933
v  -0.9986 -0.4720 1.0825
v  -0.9279 -0.3940 1.0934
v  -0.5492 -3.6761 0.5891
v  -0.5623 -3.6742 0.5836
v  -0.5546 -3.6659 0.5739
v  -0.5429 -3.6674 0.5793
v  -0.5174 -3.6354 0.5406
v  -0.5251 -3.6348 0.5375
v  -0.5155 -3.5361 0.5269
v  -0.5089 -3.5361 0.5295
v  -0.6126 -1.4683 0.6513
v  -0.6061 -1.4682 0.6526
v  -0.7712 -0.7138 0.8082
v  -0.7717 -0.7594 0.7905
v  -0.7819 -0.7117 0.8070
v  -0.5090 -3.2242 0.5294
v  -0.5017 -3.2240 0.5309
v  -0.5016 -3.3499 0.5309
v  -0.5089 -3.3500 0.5295
v  -0.8968 -0.3364 1.2378
v  -0.9939 -0.3364 1.2242
v  -1.1137 -0.3065 1.2353
v  -1.1151 -0.1561 1.2346
v  -1.0160 -0.1563 1.2521
v  -1.0139 -0.3057 1.2525
v  -0.8517 -0.5814 1.0730
v  -0.9168 -0.5813 1.0652
v  -0.9364 -0.5841 0.9955
v  -0.9802 -0.5813 1.0559
v  -0.8868 -0.5843 1.0045
v  -0.5665 -3.8913 0.5917
v  -0.5552 -3.8244 0.5957
v  -0.5536 -3.8920 0.5960
v  -0.5413 -3.7736 0.5984
v  -0.5409 -3.8267 0.5985
v  -0.5558 -3.7713 0.5955
v  -0.5380 -3.6533 0.5533
v  -0.5286 -3.6542 0.5574
v  -0.5084 -2.9593 0.5296
v  -0.5152 -2.9593 0.5270
v  -0.5148 -2.8237 0.5272
v  -0.5079 -2.8236 0.5297
v  -0.5078 -2.6613 0.5297
v  -0.5101 -2.4204 0.5369
v  -0.5033 -2.4204 0.5379
v  -0.5007 -2.6613 0.5310
v  -0.7441 -0.8750 0.7623
v  -0.7489 -0.8750 0.7607
v  -0.8513 -0.6182 0.8819
v  -0.8929 -0.5948 0.9369
v  -0.8554 -0.5959 0.9433
v  -0.8255 -0.6210 0.8865
v  -0.6806 -1.2290 0.6747
v  -0.7339 -0.9927 0.7227
v  -0.7304 -0.9927 0.7284
v  -0.6778 -1.2290 0.6807
v  -0.8039 -0.7092 0.7816
v  -0.8017 -0.7080 0.7908
v  -0.7862 -0.7596 0.7795
v  -0.7889 -0.7596 0.7735
v  -0.5280 -2.8237 0.5107
v  -0.5251 -2.8237 0.5175
v  -0.5253 -2.9593 0.5172
v  -0.5280 -2.9593 0.5105
v  -0.5908 -1.7071 0.5962
v  -0.5604 -1.9433 0.5628
v  -0.5617 -1.9431 0.5554
v  -1.0911 -0.4714 0.9356
v  -1.1006 -0.4714 0.8684
v  -1.0909 -0.3932 0.9373
v  -0.5418 -3.6383 0.5103
v  -0.5401 -3.6368 0.5186
v  -0.5571 -3.6548 0.5297
v  -0.5296 -3.5361 0.5029
v  -0.5281 -3.5361 0.5102
v  -1.2053 -0.3364 1.0956
v  -1.2216 -0.3364 1.0098
v  -1.2640 -0.3059 0.9264
v  -1.2643 -0.1555 0.9243
v  -1.2502 -0.1555 1.0208
v  -1.2499 -0.3058 1.0225
v  -1.0543 -0.5814 0.9758
v  -1.0635 -0.5814 0.9121
v  -1.0054 -0.5840 0.8835
v  -1.0100 -0.5843 0.8309
v  -1.0756 -0.5813 0.8512
v  -0.5939 -3.8918 0.5578
v  -0.5970 -3.8934 0.5427
v  -0.5939 -3.8238 0.5578
v  -0.5940 -3.7711 0.5577
v  -0.5886 -3.7695 0.5712
v  -0.5939 -3.7027 0.5562
v  -0.5887 -3.7008 0.5699
v  -0.5889 -3.7160 0.5706
v  -0.5942 -3.7176 0.5568
v  -0.5281 -3.2243 0.5103
v  -0.5254 -3.2244 0.5170
v  -0.5254 -3.3501 0.5170
v  -0.5281 -3.3501 0.5103
v  -0.5279 -2.6614 0.5108
v  -0.5299 -2.4207 0.5185
v  -0.5270 -2.4206 0.5253
v  -0.5250 -2.6614 0.5177
v  -0.6319 -1.4677 0.6328
v  -0.6290 -1.4681 0.6393
v  -0.5729 -3.6661 0.5560
v  -0.5785 -3.6678 0.5446
v  -0.8847 -0.6188 0.8234
v  -0.8863 -0.6207 0.7954
v  -0.9459 -0.5961 0.8124
v  -0.9431 -0.5950 0.8525
v  -1.1297 -0.5674 0.5961
v  -1.0994 -0.5788 0.7903
v  -1.1191 -0.5793 0.5934
v  -0.1966 -0.5790 1.1454
v  -0.1966 -0.5672 1.1555
v  0.0012 -0.5669 1.1590
v  0.0012 -0.5788 1.1492
v  -0.9919 -0.5787 1.0723
v  -1.0482 -0.5790 1.0482
v  -1.0922 -0.5779 0.8577
v  -0.7860 -0.5788 1.1011
v  -0.5903 -0.5788 1.1220
v  -1.1445 -0.5788 0.1983
v  -0.8562 -0.5787 1.0921
v  -0.8583 -0.5666 1.1014
v  -0.7862 -0.5670 1.1109
v  -1.0800 -0.5671 0.9961
v  -1.0716 -0.5789 0.9888
v  -0.5811 -0.5991 0.9709
v  -0.3896 -0.5989 0.9874
v  -0.8784 -0.6659 0.1921
v  -0.8149 -0.6574 0.8343
v  -0.8361 -0.6603 0.7801
v  -1.0362 -0.5813 1.0356
v  -0.7848 -0.5814 1.0819
v  -1.3109 -0.3319 0.2082
v  -1.3214 -0.3210 0.2082
v  -1.3122 -0.3208 0.4161
v  -1.3021 -0.3316 0.4160
v  -0.6005 -0.3316 1.2892
v  -0.6020 -0.3208 1.2992
v  -0.4015 -0.3206 1.3141
v  -0.4006 -0.3314 1.3042
v  -1.1016 -0.3318 1.2232
v  -1.1095 -0.3212 1.2318
v  -1.0105 -0.3200 1.2492
v  -1.0043 -0.3309 1.2406
v  -1.2607 -0.3198 0.9251
v  -1.2468 -0.3198 1.0210
v  -1.2380 -0.3307 1.0172
v  -1.2517 -0.3307 0.9222
v  -0.1997 -0.3314 1.3133
v  -0.2002 -0.3206 1.3232
v  0.0012 -0.3206 1.3268
v  0.0012 -0.3313 1.3169
v  -1.2858 -0.3313 0.6228
v  -1.2957 -0.3205 0.6231
v  -1.2731 -0.3203 0.8295
v  -1.2636 -0.3310 0.8288
v  -0.9033 -0.3312 1.2551
v  -0.9073 -0.3203 1.2644
v  -0.8021 -0.3205 1.2777
v  -0.8001 -0.3312 1.2682
v  -1.2304 -0.3212 1.1124
v  -1.1902 -0.3223 1.1934
v  -1.1822 -0.3325 1.1862
v  -1.2211 -0.3320 1.1063
v  -0.6188 -3.7275 0.1324
v  -0.6153 -3.7127 0.1319
v  -0.6113 -3.7074 0.2636
v  -0.6146 -3.7216 0.2645
v  -0.5385 -3.6912 0.5966
v  -0.5354 -3.6788 0.5919
v  -0.5236 -3.6935 0.5986
v  -0.1305 -3.7266 0.6201
v  -0.1296 -3.7114 0.6162
v  0.0012 -3.7142 0.6180
v  0.0012 -3.7296 0.6217
v  -0.3932 -3.7096 0.6086
v  -0.3947 -3.7241 0.6096
v  -0.5964 -3.7053 0.5416
v  -0.5985 -3.7077 0.5267
v  -0.5972 -3.6937 0.5267
v  -0.5952 -3.6916 0.5402
v  -0.6074 -3.7109 0.3956
v  -0.6043 -3.6978 0.3944
v  -0.5669 -3.6865 0.5889
v  -0.5684 -3.7006 0.5902
v  -0.5801 -3.7000 0.5817
v  -0.5789 -3.6857 0.5802
v  -0.5875 -3.6867 0.5683
v  -0.5824 -3.6744 0.5637
v  -0.5738 -3.6735 0.5749
v  -0.1342 -3.8658 0.6215
v  -0.2692 -3.8590 0.6169
v  -0.5987 -3.7220 0.5269
v  -0.5689 -3.7160 0.5905
v  -0.5556 -3.7176 0.5956
v  -0.5971 -3.7198 0.5420
v  -0.5262 -3.7759 0.6000
v  -0.6201 -3.8604 0.1343
v  -0.5804 -3.7154 0.5822
v  -0.6156 -3.8512 0.2685
v  -0.6157 -3.9235 0.2673
v  -0.6201 -3.9309 0.1337
v  -0.4000 -3.9240 0.6075
v  -0.5275 -3.9080 0.5977
v  -0.5398 -3.8933 0.5986
v  -0.5861 -3.9037 0.5711
v  -0.5917 -3.9046 0.5577
v  -0.1353 -3.9305 0.6214
v  0.0012 -3.8688 0.6230
v  0.0012 -3.9332 0.6230
v  -0.5986 -3.8954 0.5273
v  -0.6085 -3.9117 0.3977
v  -0.5655 -3.9037 0.5899
v  -0.5773 -3.9034 0.5823
v  -0.5944 -3.9060 0.5434
v  -0.5963 -3.9079 0.5289
v  -0.9291 -0.5665 1.0920
v  -0.9249 -0.5785 1.0833
v  -0.8349 -0.6579 0.7977
v  -1.1682 -0.3364 1.0671
v  -1.1883 -0.3364 0.9886
v  -0.5649 -3.6654 0.5660
v  -0.5210 -2.9593 0.5229
v  -0.5207 -2.8237 0.5231
v  -0.7534 -0.8750 0.7582
v  -1.1264 -0.3364 1.1311
v  -1.0583 -0.3364 1.1721
v  -0.7259 -0.9927 0.7326
v  -0.6737 -1.2290 0.6858
v  -0.5254 -3.0986 0.5170
v  -0.5213 -3.0986 0.5227
v  -1.0906 -0.5666 0.9297
v  -1.0915 -0.5510 0.9332
v  -1.0808 -0.5511 0.9993
v  -0.7995 -0.6610 0.8381
v  -0.5549 -3.7025 0.5953
v  -0.5880 -3.6765 0.5508
v  -0.5620 -3.9300 0.5552
v  -0.5727 -3.9244 0.5625
v  -0.5664 -3.9241 0.5709
v  -0.5578 -3.9296 0.5614
v  -0.5520 -3.9300 0.5650
v  -0.5577 -3.9243 0.5763
v  -0.5484 -3.9253 0.5789
v  -0.5445 -3.9310 0.5663
v  -1.0821 -0.5786 0.9231
v  -0.8587 -0.5513 1.1031
v  -0.7856 -0.5515 1.1124
v  -0.9306 -0.5511 1.0930
v  -0.2006 -0.3064 1.3270
v  0.0012 -0.3063 1.3303
v  0.0012 -3.7459 0.6227
v  -0.5531 -3.6885 0.5942
v  -0.5928 -3.6888 0.5545
v  -1.2131 -0.3364 0.2051
v  -1.2043 -0.3364 0.4099
v  -0.5914 -0.3364 1.1915
v  -1.0949 -0.3364 1.1018
v  -1.0299 -0.3364 1.1365
v  -1.1572 -0.3364 0.8888
v  -1.1472 -0.3364 0.9633
v  -0.8686 -0.3364 1.1606
v  -0.7880 -0.3364 1.1713
v  -1.1335 -0.3364 1.0383
v  -0.9481 -0.3364 1.1495
v  -1.2525 -0.3364 0.2066
v  -0.8677 -0.6680 0.3841
v  0.0012 -0.7164 0.8638
v  0.0012 -0.3955 1.1603
v  -0.6120 -3.9546 0.1340
v  -0.6182 -3.9428 0.1339
v  -0.6138 -3.9355 0.2675
v  -0.6077 -3.9472 0.2675
v  -0.5400 -3.9176 0.5899
v  -0.5404 -3.9060 0.5961
v  -0.5285 -3.9194 0.5911
v  -0.1356 -3.9554 0.6128
v  -0.1354 -3.9428 0.6195
v  0.0012 -3.9462 0.6208
v  0.0012 -3.9582 0.6141
v  -0.6007 -3.9349 0.3991
v  -0.6067 -3.9232 0.3985
v  -0.5898 -3.9193 0.5301
v  -0.4006 -3.9356 0.6011
v  -0.4007 -3.9450 0.5903
v  -0.5766 -3.9252 0.5523
v  -0.5858 -3.9163 0.5557
v  -0.5810 -3.9155 0.5679
v  -0.5625 -3.9153 0.5846
v  -0.5731 -3.9151 0.5779
v  -0.5882 -3.9174 0.5430
v  -0.5788 -3.9263 0.5415
v  -0.5801 -3.9279 0.5306
v  -0.5533 -3.9046 0.5940
v  -0.5515 -3.9162 0.5881
v  0.0012 -3.9672 0.6036
v  -0.4003 -3.9499 0.5774
v  -0.5644 -3.9309 0.5473
v  -0.5655 -3.9321 0.5388
v  -0.5661 -3.9335 0.5301
v  -0.5295 -2.8237 0.5033
v  -0.5295 -2.9593 0.5033
v  -0.9737 -0.3364 1.1915
v  -0.8837 -0.3364 1.2025
v  -1.1996 -0.3364 0.9054
v  -0.5598 -3.9665 0.2662
v  -0.5630 -3.9738 0.1333
v  -0.2713 -3.9665 0.5574
v  -0.4012 -3.9544 0.5498
v  -0.5375 -3.9366 0.5396
v  0.0012 -3.9769 0.5621
v  -0.1353 -3.9742 0.5610
v  0.0012 -3.9720 0.5908
v  -0.5505 -3.9545 0.3996
v  -0.4101 -3.9923 0.2115
v  -0.4146 -3.9966 0.1060
v  -0.3925 -3.9768 0.4007
v  -0.2119 -3.9912 0.4192
v  -0.1054 -3.9956 0.4242
v  0.0013 -3.9971 0.4252
v  -0.2006 -4.0117 0.2076
v  -0.1107 -4.0155 0.2146
v  -0.0547 -4.0168 0.2180
v  -0.2084 -4.0158 0.1135
v  -0.2122 -4.0170 0.0570
v  -1.1351 -0.5790 0.3961
v  -1.2434 -0.3364 0.4130
v  -0.7886 -0.8750 0.5611
v  -0.2017 -0.1558 1.3270
v  0.0012 -1.4684 0.6944
v  0.0012 -0.3364 1.2999
v  -0.2583 -3.6936 0.6033
v  -0.2548 -3.6739 0.5788
v  0.0012 -3.2235 0.5550
v  0.0012 -3.3496 0.5550
v  0.0012 -2.4213 0.5634
v  0.0012 -2.6614 0.5550
v  -0.3941 -0.5789 1.1368
v  -0.2619 -3.7205 0.6158
v  -0.2602 -3.7058 0.6120
v  -0.2712 -3.9224 0.6168
v  -0.2720 -3.9479 0.6080
v  -0.2717 -3.9357 0.6147
v  0.0014 -4.0172 0.2187
v  -0.7923 -0.3364 1.2111
v  -0.5945 -0.3364 1.2311
v  0.5899 -3.9697 0.1333
v  0.6045 -3.9641 0.1338
v  0.6229 -3.7590 0.1331
v  0.6226 -3.7431 0.1328
v  0.5549 -2.6614 0.1251
v  0.5568 -2.4207 0.1275
v  0.5958 -1.7066 0.5811
v  0.6360 -1.4666 0.6185
v  0.6526 -1.4637 0.4675
v  0.6096 -1.7043 0.4388
v  0.6826 -1.2288 0.6661
v  0.7364 -0.9926 0.7132
v  0.7381 -0.9926 0.7046
v  0.6840 -1.2289 0.6588
v  0.1333 -1.9441 0.6141
v  0.1413 -1.7074 0.6504
v  0.8555 -0.7157 0.1928
v  0.8459 -0.7591 0.1930
v  0.8094 -0.7127 0.7600
v  0.7945 -0.7595 0.7603
v  0.7933 -0.7596 0.7672
v  0.8083 -0.7112 0.7711
v  1.1013 -0.5814 0.5900
v  1.0837 -0.5814 0.7872
v  0.1988 -0.5814 1.1257
v  0.5578 -1.7081 0.6163
v  0.4197 -1.7085 0.6319
v  0.4523 -1.4669 0.6706
v  0.5993 -1.4679 0.6526
v  0.5349 -1.9433 0.5835
v  0.5273 -1.9434 0.5847
v  0.5653 -1.7079 0.6151
v  0.7642 -0.7161 0.8110
v  0.7618 -0.7592 0.7932
v  0.5756 -0.7592 0.8168
v  0.5767 -0.7178 0.8333
v  0.7866 -0.4727 1.1125
v  0.7857 -0.3959 1.1125
v  0.8582 -0.3945 1.1035
v  0.8594 -0.4723 1.1034
v  0.5433 -3.3503 0.3718
v  0.5331 -3.3500 0.4956
v  0.5331 -3.2242 0.4958
v  0.5434 -3.2246 0.3709
v  0.5322 -2.8237 0.5034
v  0.5331 -2.8237 0.4958
v  0.5331 -2.9593 0.4958
v  0.5322 -2.9593 0.5033
v  0.1263 -3.5361 0.5535
v  0.1279 -3.6522 0.5645
v  0.5434 -3.7197 0.5985
v  0.5284 -3.7219 0.6000
v  0.5277 -3.7073 0.5999
v  0.5426 -3.7049 0.5978
v  0.5578 -3.6499 0.3785
v  0.5461 -3.6392 0.5019
v  0.5331 -3.5361 0.4955
v  0.5432 -3.5361 0.3727
v  0.3842 -3.6668 0.5717
v  0.3788 -3.6444 0.5533
v  0.5027 -3.6369 0.5435
v  0.5106 -3.6565 0.5610
v  0.5114 -3.6363 0.5422
v  0.4965 -3.5361 0.5318
v  0.5040 -3.5361 0.5310
v  0.6202 -1.4680 0.6475
v  0.6259 -1.4680 0.6437
v  0.5855 -1.7075 0.6077
v  0.5796 -1.7077 0.6114
v  0.7946 -0.7104 0.8055
v  0.8014 -0.7090 0.7996
v  0.7849 -0.7597 0.7845
v  0.7799 -0.7596 0.7881
v  0.5602 -1.9434 0.5700
v  0.5556 -1.9434 0.5757
v  0.5900 -1.7073 0.6025
v  1.0836 -0.4717 1.0012
v  1.0573 -0.4723 1.0584
v  1.0565 -0.3977 1.0591
v  1.0834 -0.3954 1.0027
v  0.5182 -3.2243 0.5269
v  0.5239 -3.2243 0.5228
v  0.5239 -3.3501 0.5228
v  0.5182 -3.3500 0.5269
v  0.5552 -3.6534 0.5391
v  0.5488 -3.6529 0.5472
v  0.5344 -3.6348 0.5327
v  0.5394 -3.6355 0.5262
v  0.5239 -3.5361 0.5228
v  0.5282 -3.5361 0.5171
v  1.1583 -0.3964 0.2018
v  0.5904 -0.3974 1.1333
v  0.9998 -0.3955 1.0828
v  1.1116 -0.3940 0.8040
v  1.1026 -0.3930 0.8716
v  1.2986 -0.3363 0.2087
v  0.7999 -0.3364 1.2515
v  0.6008 -0.3364 1.2717
v  1.1756 -0.3364 1.1749
v  1.0913 -0.3364 1.2091
v  1.2502 -0.3363 0.8274
v  1.2370 -0.3364 0.9175
v  1.3024 -0.3064 0.6230
v  1.2797 -0.3064 0.8295
v  1.2801 -0.1555 0.8272
v  1.3026 -0.1557 0.6216
v  0.9114 -0.3058 1.2676
v  0.8057 -0.3063 1.2811
v  0.8090 -0.1565 1.2808
v  0.9141 -0.1565 1.2673
v  1.2366 -0.3066 1.1159
v  1.1966 -0.3079 1.1964
v  1.1975 -0.1558 1.1955
v  1.2369 -0.1556 1.1146
v  1.1336 -0.4723 0.6015
v  1.1338 -0.5513 0.5978
v  1.1127 -0.5513 0.7958
v  1.1120 -0.4716 0.8007
v  0.1989 -0.5515 1.1573
v  0.1984 -0.4734 1.1572
v  1.0022 -0.5512 1.0819
v  1.0584 -0.5517 1.0574
v  1.0577 -0.5675 1.0559
v  1.0001 -0.5670 1.0808
v  1.1024 -0.5665 0.8631
v  1.1037 -0.5511 0.8658
v  1.1115 -0.5668 0.7938
v  0.9657 -0.5988 0.5792
v  0.9507 -0.5972 0.7722
v  1.0159 -0.5841 0.7801
v  1.0318 -0.5853 0.5834
v  0.9992 -0.5840 0.9333
v  0.9401 -0.5945 0.8902
v  0.9247 -0.5951 0.9203
v  0.1977 -0.5853 1.0590
v  0.1968 -0.5992 0.9962
v  0.8166 -0.5978 0.9481
v  0.7748 -0.5989 0.9509
v  0.7811 -0.5844 1.0146
v  0.8354 -0.5840 1.0106
v  0.1358 -3.8129 0.6215
v  0.1344 -3.7591 0.6215
v  0.4005 -3.8464 0.6098
v  0.5287 -3.8290 0.6000
v  0.5280 -3.8949 0.6001
v  0.4017 -3.9113 0.6097
v  0.6113 -3.7902 0.3976
v  0.6112 -3.8406 0.3984
v  0.6013 -3.8276 0.5280
v  0.6014 -3.7752 0.5273
v  0.5389 -3.9323 0.5670
v  0.5309 -3.9335 0.5676
v  0.5315 -3.9284 0.5808
v  0.5414 -3.9268 0.5802
v  0.5816 -3.8910 0.5836
v  0.5825 -3.8219 0.5827
v  0.5912 -3.8224 0.5714
v  0.5907 -3.8911 0.5719
v  0.5717 -3.7697 0.5905
v  0.5829 -3.7690 0.5824
v  0.5711 -3.8226 0.5908
v  0.5997 -3.8257 0.5432
v  0.5997 -3.7731 0.5429
v  0.2812 -1.7079 0.6434
v  0.3965 -1.9438 0.5983
v  0.2652 -1.9439 0.6081
v  0.3966 -0.5671 1.1467
v  0.3963 -0.5515 1.1479
v  0.5924 -0.5516 1.1335
v  0.5929 -0.5669 1.1317
v  0.1532 -1.4674 0.6917
v  0.3048 -1.4665 0.6837
v  0.1950 -0.7138 0.8619
v  0.3883 -0.7119 0.8528
v  0.3873 -0.7589 0.8340
v  0.1936 -0.7583 0.8449
v  0.3716 -2.9593 0.5420
v  0.2472 -2.9593 0.5493
v  0.2481 -2.8231 0.5492
v  0.3716 -2.8232 0.5420
v  0.2544 -3.6492 0.5602
v  0.2513 -3.5361 0.5491
v  0.3740 -3.5361 0.5419
v  0.2660 -3.7361 0.6169
v  0.2672 -3.7521 0.6172
v  0.1338 -3.7427 0.6212
v  0.3945 -0.3979 1.1483
v  0.1980 -0.3972 1.1570
v  0.4012 -0.3364 1.2859
v  0.2013 -0.3364 1.2947
v  0.6054 -0.3063 1.3028
v  0.4046 -0.3063 1.3180
v  0.4069 -0.1561 1.3178
v  0.6082 -0.1564 1.3023
v  0.3952 -0.4738 1.1482
v  0.5912 -0.4736 1.1334
v  0.3940 -0.5853 1.0504
v  0.3961 -0.5814 1.1174
v  0.5920 -0.5814 1.1028
v  0.5878 -0.5852 1.0354
v  0.3996 -3.7931 0.6099
v  0.2699 -3.8060 0.6170
v  0.3981 -3.7390 0.6100
v  0.2744 -3.9570 0.5974
v  0.2741 -3.9619 0.5844
v  0.1379 -3.9696 0.5888
v  0.1380 -3.9647 0.6020
v  0.6000 -3.6870 0.3921
v  0.5872 -3.6720 0.5207
v  0.5642 -3.6577 0.5090
v  0.5778 -3.6706 0.3840
v  0.5210 -3.6556 0.5596
v  0.5331 -3.6696 0.5826
v  0.5204 -3.6713 0.5847
v  0.3937 -3.6960 0.6048
v  0.3911 -3.6851 0.5965
v  0.5239 -3.6808 0.5940
v  0.5847 -3.6702 0.5329
v  0.5955 -3.6810 0.5247
v  0.5934 -3.6791 0.5379
v  0.1311 -3.6987 0.6074
v  0.1293 -3.6779 0.5828
v  0.2473 -3.2232 0.5493
v  0.2492 -3.3494 0.5492
v  0.1253 -3.3494 0.5535
v  0.1243 -3.2233 0.5536
v  0.5434 -2.8284 0.3713
v  0.5434 -2.9593 0.3713
v  0.5323 -3.2243 0.5032
v  0.5323 -3.3500 0.5031
v  0.5034 -2.9593 0.5310
v  0.4957 -2.9593 0.5319
v  0.4950 -2.8235 0.5319
v  0.5028 -2.8236 0.5311
v  0.3729 -3.3495 0.5419
v  0.4965 -3.3498 0.5318
v  0.5453 -2.1815 0.5217
v  0.5655 -1.9433 0.5488
v  0.5772 -1.9418 0.4128
v  0.5555 -2.1810 0.3936
v  0.2491 -2.6614 0.5492
v  0.1252 -2.6614 0.5535
v  0.1261 -2.4209 0.5618
v  0.2509 -2.4206 0.5572
v  0.5169 -2.6614 0.5276
v  0.5190 -2.4205 0.5348
v  0.5250 -2.4206 0.5310
v  0.5231 -2.6614 0.5236
v  0.5322 -2.6614 0.5035
v  0.5340 -2.4209 0.5112
v  0.5352 -2.4209 0.5034
v  0.5331 -2.6614 0.4957
v  0.4941 -2.6614 0.5320
v  0.3717 -2.6613 0.5420
v  0.3742 -2.4204 0.5497
v  0.4972 -2.4204 0.5394
v  0.7595 -0.9926 0.5416
v  0.7030 -1.2288 0.5002
v  0.5946 -1.7068 0.5887
v  0.6347 -1.4669 0.6255
v  0.5586 -0.8750 0.7855
v  0.3762 -0.8750 0.8027
v  0.7681 -0.7593 0.7921
v  0.7397 -0.8755 0.7612
v  0.7335 -0.8757 0.7623
v  0.1892 -0.8750 0.8134
v  0.5624 -3.6564 0.5196
v  0.9051 -0.6261 0.5763
v  0.8562 -0.6680 0.5741
v  0.8401 -0.6627 0.7621
v  0.8903 -0.6228 0.7672
v  0.8842 -0.6177 0.8496
v  0.8359 -0.6567 0.8141
v  0.8300 -0.6569 0.8274
v  0.8742 -0.6183 0.8707
v  0.5799 -0.6280 0.9129
v  0.5776 -0.6698 0.8646
v  0.3891 -0.6664 0.8832
v  0.3903 -0.6267 0.9305
v  0.7848 -0.6662 0.8423
v  0.7659 -0.6683 0.8437
v  0.7693 -0.6271 0.8925
v  0.7992 -0.6253 0.8906
v  0.1960 -0.6272 0.9392
v  0.1955 -0.6674 0.8921
v  1.2303 -0.3364 0.6174
v  1.1904 -0.3364 0.6125
v  1.1690 -0.3364 0.8147
v  1.2092 -0.3364 0.8214
v  0.3987 -0.3364 1.2457
v  0.3968 -0.3364 1.2065
v  0.6007 -3.9564 0.2673
v  0.5858 -3.9624 0.2661
v  0.5786 -3.9504 0.3984
v  0.5940 -3.9440 0.3993
v  0.6183 -3.7367 0.2653
v  0.6185 -3.7522 0.2657
v  0.6114 -3.7392 0.3966
v  0.6111 -3.7248 0.3964
v  0.5432 -2.6614 0.3730
v  0.5451 -2.4222 0.3811
v  0.5524 -2.4204 0.2556
v  0.5500 -2.6602 0.2582
v  0.7256 -1.2289 0.1700
v  0.6709 -1.4655 0.1580
v  0.6641 -1.4638 0.3157
v  0.7168 -1.2288 0.3395
v  0.8289 -0.7187 0.5740
v  0.8452 -0.7176 0.3853
v  0.8355 -0.7584 0.3855
v  0.8185 -0.7584 0.5733
v  1.1479 -0.5672 0.3983
v  1.1494 -0.5514 0.3994
v  1.1583 -0.5514 0.1999
v  1.1569 -0.5670 0.1995
v  0.5684 -3.6578 0.1272
v  0.5648 -3.6556 0.2541
v  0.5505 -3.5361 0.2497
v  0.5549 -3.5361 0.1249
v  1.1489 -0.3961 0.4033
v  1.1334 -0.3953 0.6039
v  1.2883 -0.3364 0.4166
v  1.2712 -0.3364 0.6217
v  1.3187 -0.3064 0.4159
v  1.3187 -0.1560 0.4155
v  1.3282 -0.1565 0.2079
v  1.3281 -0.3065 0.2081
v  1.1492 -0.4728 0.4017
v  1.1584 -0.4729 0.2010
v  1.0444 -0.5856 0.3885
v  1.1191 -0.5814 0.3943
v  1.1290 -0.5814 0.1982
v  1.0552 -0.5854 0.1943
v  0.6185 -3.8020 0.2675
v  0.6229 -3.8101 0.1339
v  0.6101 -3.7001 0.1311
v  0.6063 -3.6952 0.2620
v  0.5854 -3.6785 0.2579
v  0.5883 -3.6818 0.1291
v  0.6249 -1.7048 0.1473
v  0.5901 -1.9421 0.1387
v  0.5853 -1.9412 0.2773
v  0.6193 -1.7038 0.2944
v  0.8180 -0.8752 0.1897
v  0.8069 -0.8752 0.3788
v  0.9294 -0.6253 0.1923
v  0.9183 -0.6269 0.3845
v  0.9785 -0.5993 0.3857
v  0.9896 -0.5987 0.1929
v  0.5495 -1.9434 0.5797
v  0.5424 -1.9433 0.5821
v  0.5727 -1.7078 0.6136
v  0.9314 -0.4720 1.0933
v  0.9301 -0.3939 1.0935
v  1.0007 -0.4720 1.0823
v  0.5516 -3.6761 0.5892
v  0.5454 -3.6675 0.5794
v  0.5571 -3.6659 0.5740
v  0.5648 -3.6742 0.5837
v  0.5199 -3.6354 0.5407
v  0.5114 -3.5361 0.5296
v  0.5181 -3.5361 0.5269
v  0.5277 -3.6348 0.5376
v  0.6065 -1.4679 0.6513
v  0.6136 -1.4680 0.6498
v  0.7751 -0.7146 0.8101
v  0.7856 -0.7125 0.8087
v  0.7743 -0.7595 0.7906
v  0.5041 -3.2240 0.5310
v  0.5115 -3.2242 0.5295
v  0.5114 -3.3500 0.5296
v  0.5040 -3.3499 0.5310
v  0.9959 -0.3364 1.2244
v  0.8991 -0.3363 1.2395
v  1.1157 -0.3064 1.2352
v  1.0160 -0.3056 1.2525
v  1.0181 -0.1564 1.2522
v  1.1174 -0.1561 1.2350
v  0.9181 -0.5814 1.0651
v  0.8537 -0.5814 1.0730
v  0.9388 -0.5842 0.9958
v  0.8891 -0.5838 1.0051
v  0.9814 -0.5814 1.0554
v  0.5697 -3.8911 0.5914
v  0.5565 -3.8919 0.5960
v  0.5578 -3.8243 0.5957
v  0.5438 -3.7736 0.5984
v  0.5584 -3.7713 0.5956
v  0.5434 -3.8267 0.5984
v  0.5312 -3.6542 0.5575
v  0.5406 -3.6533 0.5534
v  0.5177 -2.9593 0.5272
v  0.5109 -2.9593 0.5297
v  0.5103 -2.8236 0.5298
v  0.5173 -2.8237 0.5274
v  0.5047 -2.4204 0.5383
v  0.5121 -2.4204 0.5370
v  0.5097 -2.6614 0.5299
v  0.5020 -2.6614 0.5312
v  0.7217 -0.9927 0.7328
v  0.7167 -0.9926 0.7345
v  0.7450 -0.8754 0.7602
v  0.7498 -0.8754 0.7587
v  0.8545 -0.6197 0.8830
v  0.8285 -0.6225 0.8880
v  0.8580 -0.5965 0.9443
v  0.8956 -0.5954 0.9375
v  0.7305 -0.9927 0.7262
v  0.7343 -0.9927 0.7201
v  0.6812 -1.2289 0.6727
v  0.6782 -1.2289 0.6788
v  0.8074 -0.7097 0.7814
v  0.7916 -0.7597 0.7736
v  0.7888 -0.7597 0.7796
v  0.8054 -0.7087 0.7914
v  0.5279 -2.8237 0.5176
v  0.5307 -2.8237 0.5108
v  0.5308 -2.9593 0.5106
v  0.5280 -2.9593 0.5174
v  0.5643 -1.9433 0.5560
v  0.5631 -1.9434 0.5633
v  0.5931 -1.7071 0.5959
v  1.0939 -0.4712 0.9355
v  1.0936 -0.3929 0.9374
v  1.1032 -0.4711 0.8692
v  0.5597 -3.6547 0.5297
v  0.5428 -3.6367 0.5186
v  0.5445 -3.6382 0.5104
v  0.5309 -3.5361 0.5103
v  0.5323 -3.5361 0.5030
v  1.2243 -0.3364 1.0086
v  1.2099 -0.3364 1.0975
v  1.2666 -0.3059 0.9273
v  1.2528 -0.3056 1.0221
v  1.2530 -0.1554 1.0204
v  1.2670 -0.1554 0.9254
v  1.0672 -0.5813 0.9150
v  1.0579 -0.5813 0.9775
v  1.0092 -0.5839 0.8837
v  1.0747 -0.5814 0.8515
v  1.0119 -0.5842 0.8320
v  0.5966 -3.8919 0.5579
v  0.5968 -3.8238 0.5577
v  0.5997 -3.8934 0.5429
v  0.5968 -3.7711 0.5574
v  0.5914 -3.7696 0.5711
v  0.5967 -3.7027 0.5563
v  0.5970 -3.7176 0.5568
v  0.5917 -3.7161 0.5706
v  0.5914 -3.7008 0.5700
v  0.5281 -3.2243 0.5171
v  0.5308 -3.2243 0.5104
v  0.5308 -3.3501 0.5104
v  0.5282 -3.3501 0.5171
v  0.5297 -2.4207 0.5255
v  0.5327 -2.4208 0.5187
v  0.5306 -2.6614 0.5110
v  0.5277 -2.6614 0.5179
v  0.6302 -1.4677 0.6385
v  0.6332 -1.4673 0.6323
v  0.5811 -3.6677 0.5449
v  0.5753 -3.6660 0.5560
v  0.8883 -0.6190 0.8233
v  0.9468 -0.5949 0.8525
v  0.9482 -0.5963 0.8133
v  0.8889 -0.6214 0.7961
v  1.1324 -0.5675 0.5962
v  1.1218 -0.5793 0.5934
v  1.1022 -0.5787 0.7908
v  0.1991 -0.5790 1.1454
v  0.1991 -0.5672 1.1556
v  0.9937 -0.5788 1.0723
v  1.0512 -0.5789 1.0485
v  1.0935 -0.5786 0.8585
v  0.5928 -0.5788 1.1220
v  0.7885 -0.5788 1.1012
v  1.1473 -0.5788 0.1989
v  0.8583 -0.5787 1.0922
v  0.7887 -0.5670 1.1109
v  0.8604 -0.5665 1.1016
v  1.0828 -0.5666 0.9965
v  1.0751 -0.5784 0.9896
v  0.5835 -0.5996 0.9714
v  0.3920 -0.5990 0.9876
v  0.8811 -0.6660 0.1922
v  0.8188 -0.6594 0.8360
v  0.8390 -0.6608 0.7804
v  1.0387 -0.5814 1.0351
v  0.7873 -0.5814 1.0819
v  1.3147 -0.3312 0.2086
v  1.3051 -0.3314 0.4167
v  1.3150 -0.3207 0.4164
v  1.3244 -0.3206 0.2084
v  0.6029 -0.3316 1.2892
v  0.4027 -0.3318 1.3038
v  0.4039 -0.3208 1.3140
v  0.6045 -0.3208 1.2992
v  1.1039 -0.3316 1.2236
v  1.0064 -0.3307 1.2409
v  1.0126 -0.3198 1.2494
v  1.1117 -0.3210 1.2320
v  1.2632 -0.3200 0.9261
v  1.2540 -0.3309 0.9231
v  1.2410 -0.3305 1.0165
v  1.2497 -0.3196 1.0204
v  0.2021 -0.3319 1.3126
v  0.2027 -0.3209 1.3230
v  1.2885 -0.3314 0.6229
v  1.2665 -0.3310 0.8291
v  1.2759 -0.3202 0.8296
v  1.2984 -0.3206 0.6232
v  0.9054 -0.3306 1.2560
v  0.8026 -0.3312 1.2682
v  0.8046 -0.3205 1.2777
v  0.9093 -0.3198 1.2647
v  1.2331 -0.3210 1.1133
v  1.2243 -0.3316 1.1074
v  1.1857 -0.3326 1.1853
v  1.1933 -0.3224 1.1931
v  0.6216 -3.7274 0.1324
v  0.6173 -3.7216 0.2645
v  0.6140 -3.7073 0.2636
v  0.6181 -3.7126 0.1319
v  0.5409 -3.6912 0.5966
v  0.5261 -3.6935 0.5986
v  0.5379 -3.6788 0.5919
v  0.1330 -3.7266 0.6201
v  0.1321 -3.7114 0.6162
v  0.3957 -3.7096 0.6086
v  0.3972 -3.7241 0.6097
v  0.5992 -3.7053 0.5418
v  0.5979 -3.6914 0.5407
v  0.6000 -3.6937 0.5266
v  0.6012 -3.7079 0.5271
v  0.6101 -3.7108 0.3956
v  0.6070 -3.6977 0.3944
v  0.5694 -3.6865 0.5890
v  0.5815 -3.6857 0.5803
v  0.5829 -3.7000 0.5818
v  0.5711 -3.7007 0.5902
v  0.5902 -3.6866 0.5684
v  0.5762 -3.6734 0.5751
v  0.5849 -3.6743 0.5638
v  0.2716 -3.8590 0.6169
v  0.1366 -3.8658 0.6215
v  0.6014 -3.7220 0.5269
v  0.5581 -3.7176 0.5956
v  0.5717 -3.7160 0.5904
v  0.5999 -3.7197 0.5422
v  0.5287 -3.7759 0.6000
v  0.6229 -3.8604 0.1344
v  0.5832 -3.7155 0.5821
v  0.6229 -3.9309 0.1338
v  0.6185 -3.9235 0.2673
v  0.6184 -3.8512 0.2685
v  0.4025 -3.9240 0.6075
v  0.5300 -3.9080 0.5977
v  0.5423 -3.8932 0.5985
v  0.5885 -3.9037 0.5709
v  0.5943 -3.9047 0.5578
v  0.1378 -3.9305 0.6214
v  0.6113 -3.9117 0.3977
v  0.6014 -3.8954 0.5273
v  0.5797 -3.9034 0.5820
v  0.5687 -3.9037 0.5897
v  0.5991 -3.9080 0.5290
v  0.5975 -3.9061 0.5436
v  0.9312 -0.5664 1.0921
v  0.9267 -0.5785 1.0835
v  0.8386 -0.6584 0.7976
v  1.1702 -0.3364 1.0671
v  1.1925 -0.3364 0.9888
v  0.5673 -3.6653 0.5661
v  0.5236 -2.9593 0.5231
v  0.5234 -2.8237 0.5233
v  0.7263 -0.9927 0.7302
v  0.7541 -0.8753 0.7564
v  1.1288 -0.3364 1.1312
v  1.0607 -0.3364 1.1725
v  0.6743 -1.2290 0.6836
v  0.5239 -3.0986 0.5228
v  0.5281 -3.0986 0.5171
v  1.0839 -0.5512 0.9996
v  1.0943 -0.5509 0.9329
v  1.0935 -0.5662 0.9301
v  0.8032 -0.6631 0.8403
v  0.5574 -3.7025 0.5954
v  0.5905 -3.6763 0.5513
v  0.5645 -3.9300 0.5549
v  0.5604 -3.9297 0.5608
v  0.5688 -3.9240 0.5706
v  0.5751 -3.9244 0.5623
v  0.5540 -3.9302 0.5642
v  0.5468 -3.9311 0.5661
v  0.5512 -3.9254 0.5789
v  0.5605 -3.9243 0.5760
v  1.0853 -0.5783 0.9245
v  0.7880 -0.5515 1.1122
v  0.8608 -0.5512 1.1032
v  0.9329 -0.5510 1.0931
v  0.2031 -0.3064 1.3273
v  0.5555 -3.6885 0.5943
v  0.5955 -3.6887 0.5549
v  1.2156 -0.3364 0.2051
v  1.2067 -0.3364 0.4099
v  0.5939 -0.3364 1.1915
v  1.0309 -0.3364 1.1363
v  1.0999 -0.3364 1.0997
v  1.1598 -0.3364 0.8911
v  1.1486 -0.3364 0.9646
v  0.7905 -0.3364 1.1713
v  0.8715 -0.3364 1.1614
v  1.1347 -0.3364 1.0387
v  0.9536 -0.3364 1.1498
v  1.2550 -0.3364 0.2066
v  0.8706 -0.6683 0.3842
v  0.6147 -3.9547 0.1340
v  0.6104 -3.9474 0.2675
v  0.6165 -3.9356 0.2675
v  0.6209 -3.9429 0.1339
v  0.5427 -3.9176 0.5900
v  0.5310 -3.9195 0.5912
v  0.5431 -3.9060 0.5961
v  0.1381 -3.9554 0.6128
v  0.1379 -3.9428 0.6195
v  0.6033 -3.9351 0.3991
v  0.5925 -3.9194 0.5301
v  0.6094 -3.9233 0.3985
v  0.4032 -3.9450 0.5903
v  0.4031 -3.9356 0.6011
v  0.5833 -3.9154 0.5677
v  0.5884 -3.9163 0.5559
v  0.5792 -3.9253 0.5524
v  0.5655 -3.9153 0.5842
v  0.5754 -3.9150 0.5775
v  0.5912 -3.9177 0.5432
v  0.5826 -3.9279 0.5306
v  0.5814 -3.9265 0.5417
v  0.5543 -3.9162 0.5881
v  0.5562 -3.9046 0.5940
v  0.4028 -3.9500 0.5774
v  0.5670 -3.9309 0.5472
v  0.5679 -3.9322 0.5389
v  0.5685 -3.9335 0.5301
v  0.7111 -0.9926 0.7358
v  0.8859 -0.3364 1.2037
v  0.9761 -0.3364 1.1923
v  0.4966 -3.2239 0.5318
v  1.2018 -0.3364 0.9060
v  0.5623 -3.9665 0.2662
v  0.5655 -3.9738 0.1333
v  0.2738 -3.9666 0.5574
v  0.4037 -3.9545 0.5498
v  0.5400 -3.9367 0.5396
v  0.1377 -3.9742 0.5610
v  0.5530 -3.9545 0.3996
v  0.4127 -3.9923 0.2115
v  0.4171 -3.9966 0.1060
v  0.2144 -3.9912 0.4192
v  0.1079 -3.9956 0.4242
v  0.3950 -3.9769 0.4007
v  0.2033 -4.0117 0.2076
v  0.1135 -4.0155 0.2146
v  0.0575 -4.0168 0.2180
v  0.2109 -4.0158 0.1135
v  0.2146 -4.0170 0.0570
v  1.1379 -0.5790 0.3965
v  1.2459 -0.3364 0.4130
v  0.7893 -0.8752 0.5609
v  0.1243 -2.9593 0.5536
v  0.1247 -2.8232 0.5536
v  0.2042 -0.1558 1.3272
v  0.2572 -3.6739 0.5788
v  0.2608 -3.6936 0.6033
v  0.3966 -0.5788 1.1369
v  0.2627 -3.7058 0.6120
v  0.2644 -3.7205 0.6158
v  0.2737 -3.9224 0.6168
v  0.2742 -3.9357 0.6147
v  0.2745 -3.9479 0.6080
v  0.3721 -3.2233 0.5420
v  0.5970 -0.3364 1.2311
v  0.7948 -0.3364 1.2111
v  0.5549 -3.4423 0.1245
v  0.5499 -3.4317 0.2622
v  0.5549 -2.7395 0.1252
v  0.5499 -2.7499 0.2623
v  0.5453 -3.3521 0.3419
v  0.5446 -3.2233 0.3524
v  0.5487 -2.7537 0.2854
v  0.5470 -2.7680 0.3152
v  0.5458 -3.3867 0.3347
v  0.5469 -3.4117 0.3176
v  0.5484 -3.4263 0.2912
v  0.5447 -2.9592 0.3522
v  0.5453 -2.8298 0.3420
v  0.5458 -2.7937 0.3346
v  0.5369 -3.4256 -0.0003
v  0.5349 -3.4225 0.1209
v  0.5306 -3.4121 0.2594
v  0.5300 -2.7696 0.2592
v  0.5290 -2.7730 0.2805
v  0.5350 -2.7594 0.1257
v  0.5258 -3.3497 0.3213
v  0.5267 -3.3763 0.3164
v  0.5272 -3.3947 0.3056
v  0.5290 -3.4085 0.2813
v  0.5245 -3.2186 0.3314
v  0.5247 -2.9605 0.3313
v  0.5258 -2.8319 0.3213
v  0.5261 -2.8066 0.3168
v  0.5275 -2.7821 0.3001
v  -0.5406 -3.0990 0.3705
v  -0.5303 -3.0985 0.4958
v  -0.5156 -3.0985 0.5268
v  -0.2438 -3.0970 0.5493
v  -0.1213 -3.0971 0.5536
v  -0.5295 -3.0985 0.5032
v  -0.4940 -3.0980 0.5318
v  -0.3690 -3.0972 0.5420
v  -0.5522 -3.0996 0.1225
v  -0.5479 -3.0997 0.2449
v  -0.5089 -3.0983 0.5295
v  -0.5016 -3.0982 0.5309
v  -0.5281 -3.0986 0.5104
v  0.0012 -3.0975 0.5550
v  0.5331 -3.0985 0.4959
v  0.5434 -3.0990 0.3705
v  0.5182 -3.0985 0.5269
v  0.1238 -3.0971 0.5536
v  0.2463 -3.0970 0.5493
v  0.5323 -3.0985 0.5033
v  0.3715 -3.0972 0.5420
v  0.4965 -3.0980 0.5318
v  0.5040 -3.0982 0.5310
v  0.5114 -3.0983 0.5296
v  0.5308 -3.0986 0.5104
v  0.5444 -3.0990 0.3556
v  0.5255 -3.0990 0.3346
v  -0.5642 -2.1807 0.1326
v  -0.7638 -0.8750 0.7409
v  -0.7657 -0.8751 0.7318
v  0.0012 -2.1821 0.5852
v  -0.1265 -2.1815 0.5835
v  -0.6502 -1.2289 0.6944
v  -0.4898 -1.2289 0.7143
v  -0.5069 -2.1805 0.5578
v  -0.5141 -2.1805 0.5566
v  -0.6685 -1.2290 0.6895
v  -0.5331 -2.1808 0.5488
v  -0.5373 -2.1810 0.5431
v  -0.2541 -2.1809 0.5783
v  -0.3807 -2.1805 0.5697
v  -0.3305 -1.2289 0.7285
v  -0.1649 -1.2289 0.7373
v  -0.5276 -2.1807 0.5528
v  -0.5413 -2.1813 0.5291
v  -0.3602 -0.9924 0.7769
v  -0.5351 -0.9925 0.7609
v  -0.7047 -0.9926 0.7393
v  -0.6563 -1.2289 0.6932
v  -0.7110 -0.9926 0.7381
v  0.0012 -0.9927 0.7896
v  0.0012 -1.2290 0.7400
v  -0.1799 -0.9925 0.7866
v  -0.5597 -2.1802 0.2651
v  -0.7874 -0.9927 0.1839
v  -0.7767 -0.9926 0.3672
v  -0.5212 -2.1806 0.5554
v  -0.6626 -1.2290 0.6920
v  -0.7161 -0.9927 0.7371
v  -0.7211 -0.9927 0.7354
v  -0.7575 -0.8750 0.7545
v  -0.7609 -0.8750 0.7497
v  -0.5400 -2.1812 0.5364
v  0.5672 -2.1807 0.1326
v  0.7647 -0.8752 0.7397
v  0.7667 -0.8754 0.7301
v  0.1290 -2.1815 0.5835
v  0.4921 -1.2289 0.7124
v  0.6510 -1.2290 0.6922
v  0.5166 -2.1805 0.5567
v  0.5094 -2.1805 0.5580
v  0.6694 -1.2289 0.6871
v  0.5401 -2.1811 0.5433
v  0.5358 -2.1809 0.5489
v  0.3832 -2.1805 0.5697
v  0.2566 -2.1809 0.5783
v  0.1674 -1.2289 0.7366
v  0.3329 -1.2288 0.7272
v  0.5302 -2.1807 0.5529
v  0.5441 -2.1814 0.5292
v  0.3625 -0.9924 0.7755
v  0.5373 -0.9925 0.7588
v  0.6574 -1.2289 0.6909
v  0.7050 -0.9927 0.7371
v  0.1824 -0.9925 0.7859
v  0.5627 -2.1802 0.2651
v  0.7868 -0.9927 0.1838
v  0.7762 -0.9926 0.3669
v  0.5236 -2.1806 0.5554
v  0.6637 -1.2290 0.6895
v  0.7624 -0.8752 0.7469
v  0.7582 -0.8752 0.7530
v  0.5429 -2.1812 0.5365
v  -0.2029 -0.0014 1.3269
v  0.0012 -0.0014 1.3292
v  -1.2994 -0.0014 0.6201
v  -1.2774 -0.0014 0.8247
v  -0.9150 -0.0014 1.2667
v  -0.8099 -0.0014 1.2805
v  -1.2347 -0.0014 1.1113
v  -1.1983 -0.0014 1.1910
v  -0.6086 -0.0014 1.3023
v  -0.4067 -0.0014 1.3177
v  -1.3257 -0.0014 0.2077
v  -1.3158 -0.0014 0.4150
v  -1.1137 -0.0014 1.2349
v  -1.0176 -0.0014 1.2517
v  -1.2645 -0.0014 0.9222
v  -1.2505 -0.0014 1.0190
v  1.2804 -0.0014 0.8248
v  1.3027 -0.0014 0.6202
v  0.8123 -0.0014 1.2804
v  0.9140 -0.0014 1.2667
v  1.1963 -0.0014 1.1963
v  1.2367 -0.0014 1.1151
v  0.4092 -0.0014 1.3176
v  0.6109 -0.0014 1.3018
v  1.3186 -0.0014 0.4150
v  1.3282 -0.0014 0.2077
v  1.0106 -0.0014 1.2534
v  1.1164 -0.0014 1.2354
v  1.2534 -0.0014 1.0180
v  1.2672 -0.0014 0.9234
v  0.2054 -0.0014 1.3272
v  0.0047 -0.1505 1.3303
v  0.0016 -0.0014 -1.3296
v  -1.1672 -0.3655 -0.0001
v  -1.1867 -0.3454 -0.0002
v  -0.7835 -0.3650 -1.1210
v  -0.7851 -0.3452 -1.1406
v  -1.0155 -0.3449 -1.1079
v  -1.0051 -0.3645 -1.0897
v  -1.0602 -0.3651 -1.0645
v  -1.0746 -0.3449 -1.0785
v  -1.1177 -0.3641 -0.8063
v  -1.1369 -0.3449 -0.8099
v  -1.1580 -0.3453 -0.6086
v  -1.1389 -0.3648 -0.6057
v  -0.8638 -0.3447 -1.1312
v  -0.8592 -0.3641 -1.1118
v  -1.1053 -0.3449 -1.0225
v  -1.0875 -0.3644 -1.0110
v  -1.1738 -0.3454 -0.4070
v  -1.1545 -0.3654 -0.4048
v  -1.1636 -0.3656 -0.2025
v  -1.1828 -0.3456 -0.2036
v  -0.3929 -0.3458 -1.1755
v  -0.3921 -0.3664 -1.1561
v  -0.5880 -0.3660 -1.1412
v  -0.5892 -0.3456 -1.1606
v  -1.1088 -0.3634 -0.8760
v  -1.1278 -0.3445 -0.8826
v  0.0012 -0.3452 -1.1883
v  0.0012 -0.3650 -1.1688
v  -0.1956 -0.3660 -1.1649
v  -0.1959 -0.3457 -1.1842
v  -0.9410 -0.3447 -1.1208
v  -0.9337 -0.3638 -1.1017
v  1.1900 -0.3451 0.0005
v  1.1701 -0.3652 0.0003
v  1.1663 -0.3657 -0.2025
v  1.1854 -0.3457 -0.2036
v  0.7876 -0.3452 -1.1406
v  0.7860 -0.3651 -1.1210
v  0.5905 -0.3659 -1.1412
v  0.5916 -0.3456 -1.1606
v  1.0784 -0.3448 -1.0780
v  1.0644 -0.3648 -1.0635
v  1.0088 -0.3645 -1.0895
v  1.0197 -0.3449 -1.1075
v  1.1395 -0.3450 -0.8099
v  1.1204 -0.3642 -0.8063
v  1.1113 -0.3636 -0.8768
v  1.1305 -0.3445 -0.8835
v  0.3953 -0.3458 -1.1755
v  0.3946 -0.3664 -1.1561
v  1.1764 -0.3455 -0.4070
v  1.1573 -0.3655 -0.4048
v  0.9438 -0.3449 -1.1202
v  0.9364 -0.3641 -1.1016
v  0.8617 -0.3643 -1.1117
v  0.8662 -0.3449 -1.1309
v  1.1205 -0.3446 -0.9557
v  1.1018 -0.3634 -0.9467
v  1.0901 -0.3643 -1.0123
v  1.1077 -0.3449 -1.0239
v  0.1984 -0.3457 -1.1842
v  0.1981 -0.3660 -1.1649
v  1.1606 -0.3454 -0.6086
v  1.1416 -0.3650 -0.6057
v  -1.1636 -0.3656 0.2025
v  -1.1828 -0.3456 0.2036
v  -0.5880 -0.3659 1.1412
v  -0.5892 -0.3456 1.1606
v  -0.7851 -0.3452 1.1405
v  -0.7835 -0.3651 1.1210
v  -1.0052 -0.3645 1.0897
v  -1.0158 -0.3448 1.1078
v  -1.0735 -0.3450 1.0793
v  -1.0597 -0.3652 1.0649
v  -1.1088 -0.3634 0.8754
v  -1.1279 -0.3446 0.8814
v  -0.1956 -0.3660 1.1649
v  -0.1959 -0.3457 1.1842
v  -0.3929 -0.3458 1.1755
v  -0.3921 -0.3664 1.1561
v  -1.1738 -0.3454 0.4070
v  -1.1546 -0.3653 0.4048
v  -0.8588 -0.3644 1.1117
v  -0.8630 -0.3450 1.1309
v  -0.9398 -0.3450 1.1203
v  -0.9331 -0.3642 1.1016
v  -1.0876 -0.3643 1.0111
v  -1.1055 -0.3447 1.0228
v  -1.1181 -0.3445 0.9531
v  -1.0993 -0.3635 0.9445
v  -1.1177 -0.3641 0.8063
v  -1.1369 -0.3449 0.8099
v  -1.1580 -0.3453 0.6086
v  -1.1389 -0.3649 0.6057
v  0.0012 -0.3650 1.1688
v  0.0012 -0.3452 1.1883
v  0.7860 -0.3650 1.1211
v  0.7876 -0.3452 1.1406
v  1.0630 -0.3653 1.0644
v  1.0776 -0.3451 1.0780
v  1.1204 -0.3642 0.8063
v  1.1395 -0.3450 0.8099
v  1.1606 -0.3454 0.6086
v  1.1416 -0.3650 0.6057
v  0.8656 -0.3447 1.1313
v  0.8611 -0.3640 1.1119
v  1.1073 -0.3451 1.0233
v  1.0900 -0.3648 1.0115
v  1.1663 -0.3657 0.2025
v  1.1855 -0.3457 0.2036
v  1.1764 -0.3455 0.4070
v  1.1572 -0.3655 0.4048
v  0.5905 -0.3660 1.1412
v  0.5916 -0.3456 1.1606
v  0.3953 -0.3458 1.1755
v  0.3946 -0.3664 1.1561
v  1.0172 -0.3450 1.1079
v  1.0071 -0.3647 1.0898
v  1.1115 -0.3634 0.8767
v  1.1305 -0.3445 0.8832
v  1.1202 -0.3448 0.9540
v  1.1019 -0.3637 0.9450
v  0.1981 -0.3660 1.1649
v  0.1984 -0.3457 1.1842
v  0.9442 -0.3448 1.1205
v  0.9364 -0.3639 1.1017
v  0.0012 -0.3003 -1.3304
v  -0.2006 -0.3003 -1.3272
v  0.0016 -0.0074 -1.3297
v  0.2052 -0.0196 -1.3269
v  0.0237 -0.0528 -1.3302
v  0.0001 -0.0505 -1.3303
v  -0.0235 -0.0534 -1.3302
v  -0.0451 -0.0611 -1.3302
v  -0.0643 -0.0727 -1.3302
v  -0.0807 -0.0882 -1.3302
v  -0.0939 -0.1072 -1.3302
v  -0.1030 -0.1301 -1.3302
v  -0.1072 -0.1585 -1.3302
v  -0.1042 -0.1828 -1.3302
v  -0.0962 -0.2060 -1.3302
v  -0.0835 -0.2261 -1.3302
v  -0.0668 -0.2430 -1.3302
v  -0.0466 -0.2559 -1.3302
v  -0.0239 -0.2641 -1.3303
v  0.0001 -0.2672 -1.3303
v  0.0243 -0.2647 -1.3303
v  0.0472 -0.2569 -1.3302
v  0.0679 -0.2443 -1.3302
v  0.0855 -0.2272 -1.3302
v  0.0988 -0.2061 -1.3302
v  0.1073 -0.1815 -1.3301
v  0.1095 -0.1536 -1.3301
v  0.1047 -0.1263 -1.3301
v  0.0945 -0.1035 -1.3302
v  0.0807 -0.0851 -1.3302
v  0.0642 -0.0706 -1.3302
v  0.0451 -0.0597 -1.3302
v  -1.3290 -0.0200 0.0000
v  -1.2997 -0.3002 -0.6229
v  -1.2776 -0.0194 -0.8250
v  -0.9095 -0.3004 -1.2675
v  -0.8095 -0.0199 -1.2804
v  -1.2340 -0.3003 -1.1151
v  -1.1966 -0.0207 -1.1932
v  -0.6030 -0.3006 -1.3028
v  -0.4064 -0.0197 -1.3176
v  -1.3254 -0.3007 -0.2081
v  -1.3159 -0.0197 -0.4151
v  -1.1137 -0.3006 -1.2350
v  -1.0174 -0.0198 -1.2519
v  -1.2640 -0.2999 -0.9263
v  -0.2028 -0.0196 -1.3272
v  1.3317 -0.3009 0.0000
v  1.2796 -0.3002 -0.8294
v  1.3022 -0.0195 -0.6203
v  0.8058 -0.3006 -1.2812
v  0.9172 -0.0199 -1.2668
v  1.1995 -0.3008 -1.1935
v  1.2371 -0.0195 -1.1138
v  0.4047 -0.3005 -1.3179
v  0.6107 -0.0199 -1.3023
v  1.3187 -0.3005 -0.4159
v  1.3285 -0.0199 -0.2077
v  1.0165 -0.3003 -1.2525
v  1.1209 -0.0202 -1.2338
v  1.2523 -0.2998 -1.0248
v  1.2670 -0.0195 -0.9248
v  0.2031 -0.3003 -1.3270
v  -1.3290 -0.3008 0.0000
v  -1.2999 -0.0195 -0.6203
v  -1.2770 -0.3002 -0.8294
v  -0.9147 -0.0199 -1.2668
v  -0.8033 -0.3006 -1.2811
v  -1.2346 -0.0195 -1.1119
v  -1.1939 -0.3011 -1.1964
v  -0.6082 -0.0199 -1.3018
v  -0.4022 -0.3005 -1.3180
v  -1.3254 -0.0199 -0.2077
v  -1.3159 -0.3004 -0.4159
v  -1.1140 -0.0197 -1.2353
v  -1.0140 -0.3003 -1.2524
v  -1.2645 -0.0194 -0.9225
v  1.3317 -0.0200 -0.0000
v  1.2802 -0.0194 -0.8250
v  1.3023 -0.3003 -0.6229
v  0.8120 -0.0199 -1.2806
v  0.9123 -0.3005 -1.2676
v  1.1998 -0.0203 -1.1933
v  1.2366 -0.3000 -1.1159
v  0.4089 -0.0197 -1.3177
v  0.6055 -0.3006 -1.3027
v  1.3186 -0.0197 -0.4151
v  1.3281 -0.3007 -0.2081
v  1.0150 -0.0199 -1.2526
v  1.1187 -0.3007 -1.2348
v  1.2528 -0.0194 -1.0220
v  1.2665 -0.3002 -0.9283
v  -1.2996 -0.3002 0.6229
v  -1.2768 -0.3001 0.8294
v  -0.9095 -0.3004 1.2676
v  -0.8033 -0.3006 1.2811
v  -1.2340 -0.3003 1.1151
v  -1.1939 -0.3011 1.1964
v  -0.6030 -0.3006 1.3027
v  -0.4022 -0.3005 1.3179
v  -1.3254 -0.3007 0.2081
v  -1.3159 -0.3004 0.4159
v  -1.1138 -0.3006 1.2353
v  -1.0140 -0.3003 1.2524
v  -1.2640 -0.2999 0.9263
v  -1.2499 -0.2999 1.0225
v  -0.2006 -0.3003 1.3270
v  1.2798 -0.3002 0.8294
v  1.3024 -0.3003 0.6229
v  0.8058 -0.3006 1.2811
v  0.9115 -0.3004 1.2676
v  1.1967 -0.3011 1.1964
v  1.2366 -0.3003 1.1159
v  0.4047 -0.3005 1.3180
v  0.6055 -0.3006 1.3028
v  1.3187 -0.3005 0.4159
v  1.3281 -0.3007 0.2081
v  1.0161 -0.3002 1.2525
v  1.1158 -0.3005 1.2352
v  1.2528 -0.2998 1.0220
v  1.2666 -0.2999 0.9272
v  0.2031 -0.3003 1.3273
v  0.0016 -0.0169 1.3303
v  0.0014 -0.2977 1.3303
v  -1.2994 -0.0195 0.6203
v  -1.2774 -0.0194 0.8250
v  -0.9147 -0.0199 1.2668
v  -0.8095 -0.0199 1.2806
v  -1.2348 -0.0195 1.1117
v  -1.1982 -0.0196 1.1918
v  -0.6082 -0.0199 1.3023
v  -0.4064 -0.0197 1.3177
v  -1.3257 -0.0199 0.2077
v  -1.3158 -0.0197 0.4151
v  -1.1138 -0.0198 1.2348
v  -1.0174 -0.0198 1.2518
v  -1.2645 -0.0194 0.9225
v  -1.2505 -0.0194 1.0192
v  -0.2028 -0.0196 1.3269
v  1.2804 -0.0194 0.8251
v  1.3027 -0.0195 0.6204
v  0.8119 -0.0199 1.2805
v  0.9141 -0.0199 1.2672
v  1.1966 -0.0196 1.1963
v  1.2367 -0.0197 1.1151
v  0.4089 -0.0197 1.3177
v  0.6106 -0.0199 1.3019
v  1.3186 -0.0197 0.4151
v  1.3282 -0.0199 0.2077
v  1.0115 -0.0199 1.2533
v  1.1165 -0.0201 1.2354
v  1.2534 -0.0194 1.0182
v  1.2672 -0.0194 0.9236
v  0.2053 -0.0196 1.3272
v  -1.2716 -0.0014 -0.8240
v  -1.2939 -0.0014 -0.6196
v  -1.3099 -0.0014 -0.4147
v  -1.3194 -0.0014 -0.2075
v  -1.3230 -0.0014 0.0000
v  -1.3197 -0.0014 0.2075
v  -1.3099 -0.0014 0.4146
v  -1.2935 -0.0014 0.6196
v  -1.2714 -0.0014 0.8240
v  -1.2586 -0.0014 0.9214
v  -1.2446 -0.0014 1.0181
v  -1.2289 -0.0014 1.1095
v  -1.1937 -0.0014 1.1866
v  -1.1117 -0.0014 1.2291
v  -1.0166 -0.0014 1.2458
v  -0.9142 -0.0014 1.2608
v  -0.8092 -0.0014 1.2746
v  -0.6080 -0.0014 1.2963
v  -0.4063 -0.0014 1.3117
v  -0.2027 -0.0014 1.3209
v  0.0012 -0.0014 1.3232
v  0.2052 -0.0014 1.3212
v  0.4088 -0.0014 1.3117
v  0.6104 -0.0014 1.2959
v  0.8116 -0.0014 1.2745
v  0.9132 -0.0014 1.2607
v  1.0096 -0.0014 1.2475
v  1.1145 -0.0014 1.2296
v  1.1919 -0.0014 1.1918
v  1.2309 -0.0014 1.1133
v  1.2475 -0.0014 1.0170
v  1.2612 -0.0014 0.9226
v  1.2744 -0.0014 0.8241
v  1.2967 -0.0014 0.6196
v  1.3126 -0.0014 0.4147
v  1.3222 -0.0014 0.2075
v  1.3257 -0.0014 -0.0000
v  1.3225 -0.0014 -0.2075
v  1.3126 -0.0014 -0.4147
v  1.2962 -0.0014 -0.6196
v  1.2742 -0.0014 -0.8241
v  1.2610 -0.0014 -0.9237
v  1.2469 -0.0014 -1.0209
v  1.2313 -0.0014 -1.1119
v  1.1951 -0.0014 -1.1889
v  1.1190 -0.0014 -1.2280
v  1.0135 -0.0014 -1.2467
v  0.9167 -0.0014 -1.2608
v  0.8116 -0.0014 -1.2746
v  0.6105 -0.0014 -1.2963
v  0.4088 -0.0014 -1.3117
v  0.2052 -0.0014 -1.3209
v  0.0016 -0.0014 -1.3236
v  -0.2027 -0.0014 -1.3212
v  -0.4063 -0.0014 -1.3116
v  -0.6080 -0.0014 -1.2958
v  -0.8092 -0.0014 -1.2744
v  -0.9142 -0.0014 -1.2608
v  -1.0166 -0.0014 -1.2460
v  -1.1114 -0.0014 -1.2281
v  -1.1922 -0.0014 -1.1886
v  -1.2271 -0.0014 -1.1092
v  -1.2586 -0.0014 -0.9214
v  -0.6805 -1.2289 -0.6746
v  -0.7339 -0.9928 -0.7226
v  -0.7889 -0.7596 -0.7735
v  -0.8039 -0.7092 -0.7816
v  -0.5280 -2.9593 -0.5105
v  -0.5280 -2.8237 -0.5107
v  -0.5908 -1.7072 -0.5962
v  -0.5604 -1.9433 -0.5628
v  -1.0909 -0.3932 -0.9373
v  -1.0911 -0.4714 -0.9356
v  -0.5401 -3.6367 -0.5186
v  -0.5571 -3.6548 -0.5297
v  -0.5281 -3.5361 -0.5103
v  -1.2505 -0.0014 -1.0190
v  -1.2505 -0.0194 -1.0192
v  -1.0641 -0.5814 -0.9128
v  -1.0821 -0.5786 -0.9234
v  -1.0054 -0.5840 -0.8835
v  -0.5940 -3.8238 -0.5578
v  -0.5940 -3.8919 -0.5578
v  -0.5940 -3.7711 -0.5577
v  -0.5942 -3.7176 -0.5568
v  -0.5939 -3.7027 -0.5562
v  -0.5281 -3.3501 -0.5103
v  -0.5281 -3.2243 -0.5103
v  -0.5279 -2.6614 -0.5108
v  -0.5299 -2.4207 -0.5185
v  -0.6319 -1.4677 -0.6328
v  -0.5785 -3.6678 -0.5446
v  -0.9431 -0.5950 -0.8525
v  -0.8847 -0.6188 -0.8234
v  -1.2468 -0.3200 -1.0202
v  -1.2380 -0.3308 -1.0152
v  -0.5917 -3.9047 -0.5577
v  -0.8349 -0.6579 -0.7977
v  -1.1882 -0.3364 -0.9886
v  -1.2213 -0.3364 -1.0061
v  -1.0904 -0.5677 -0.9298
v  -1.0915 -0.5510 -0.9332
v  -1.2499 -0.3058 -1.0225
v  -0.5880 -3.6765 -0.5508
v  -0.5928 -3.6888 -0.5545
v  -1.1466 -0.3364 -0.9674
v  -1.1177 -0.3446 -0.9558
v  -0.5766 -3.9253 -0.5523
v  -0.5857 -3.9163 -0.5557
v  -0.5643 -3.9309 -0.5473
v  -0.5410 -3.9359 -0.5406
v  -0.5281 -3.0986 -0.5104
v  -0.7608 -0.8751 -0.7496
v  -0.5400 -2.1812 -0.5364
v  -1.2502 -0.1555 -1.0208
v  -1.2499 -0.2999 -1.0225
v  -1.2446 -0.0014 -1.0180
v  0.0000 -0.0014 -0.0000
v  -1.0991 -0.3635 -0.9458
v  0.5549 -3.4483 -0.1248
v  0.5564 -3.4508 0.0000
v  0.5549 -3.4483 0.1248
v  0.5498 -3.4379 0.2629
v  0.5482 -3.4314 0.2947
v  0.5466 -3.4158 0.3211
v  0.5455 -3.3900 0.3397
v  0.5449 -3.3520 0.3478
v  0.5442 -3.2236 0.3584
v  0.5440 -3.0990 0.3615
v  0.5443 -2.9591 0.3575
v  0.5449 -2.8292 0.3480
v  0.5454 -2.7914 0.3402
v  0.5468 -2.7633 0.3191
v  0.5486 -2.7478 0.2869
v  0.5498 -2.7440 0.2630
v  0.5548 -2.7335 0.1255
v  0.5564 -2.7303 0.0000
v  0.5548 -2.7335 -0.1255
v  0.5497 -2.7436 -0.2649
v  0.5485 -2.7490 -0.2876
v  0.5467 -2.7629 -0.3193
v  0.5455 -2.7871 -0.3394
v  0.5449 -2.8275 -0.3487
v  0.5443 -2.9593 -0.3581
v  0.5440 -3.0990 -0.3615
v  0.5443 -3.2248 -0.3580
v  0.5449 -3.3528 -0.3478
v  0.5454 -3.3888 -0.3403
v  0.5466 -3.4167 -0.3222
v  0.5482 -3.4314 -0.2946
v  0.5499 -3.4378 -0.2624
v  0.0016 -3.3494 -0.5550
v  0.0019 -3.5359 -0.5550
v  0.0012 -3.6563 -0.5672
v  -0.1245 -3.5360 -0.5535
v  -0.1230 -3.3494 -0.5535
v  0.5520 -3.4319 -0.1236
v  0.5454 -3.4253 -0.1229
v  0.5469 -3.4284 -0.0002
v  0.5534 -3.4349 -0.0001
v  0.5470 -3.4215 -0.2609
v  0.5405 -3.4150 -0.2600
v  0.5459 -2.7635 -0.2803
v  0.5395 -2.7694 -0.2769
v  0.5521 -2.7497 -0.1234
v  0.5455 -2.7563 -0.1218
v  0.5409 -2.7665 -0.2601
v  0.5469 -2.7605 -0.2610
v  0.5432 -3.3785 -0.3263
v  0.5368 -3.3716 -0.3210
v  0.5456 -3.4163 -0.2895
v  0.5394 -3.4102 -0.2868
v  0.5421 -3.2212 -0.3413
v  0.5354 -3.2182 -0.3344
v  0.5358 -3.3503 -0.3241
v  0.5427 -3.3509 -0.3311
v  0.5430 -2.8309 -0.3317
v  0.5377 -2.8313 -0.3254
v  0.5357 -2.9598 -0.3344
v  0.5422 -2.9598 -0.3414
v  0.5536 -2.7466 -0.0000
v  0.5470 -2.7532 -0.0000
v  0.5420 -3.0992 -0.3447
v  0.5354 -3.0995 -0.3377
v  0.5454 -3.4253 0.1220
v  0.5520 -3.4319 0.1232
v  0.5407 -3.4151 0.2599
v  0.5468 -3.4212 0.2608
v  0.5394 -2.7703 0.2814
v  0.5459 -2.7638 0.2830
v  0.5466 -2.7609 0.2610
v  0.5397 -2.7672 0.2599
v  0.5454 -2.7565 0.1255
v  0.5520 -2.7499 0.1253
v  0.5370 -3.3784 0.3191
v  0.5434 -3.3819 0.3252
v  0.5390 -3.4106 0.2840
v  0.5454 -3.4164 0.2873
v  0.5428 -3.3509 0.3313
v  0.5363 -3.3501 0.3244
v  0.5355 -3.2200 0.3344
v  0.5422 -3.2215 0.3414
v  0.5420 -2.9599 0.3410
v  0.5354 -2.9603 0.3342
v  0.5363 -2.8316 0.3244
v  0.5428 -2.8310 0.3313
v  0.5357 -3.0990 0.3379
v  0.5421 -3.0990 0.3449
v  0.5379 -3.3978 0.3073
v  0.5445 -3.4035 0.3115
v  0.5444 -2.7757 0.3080
v  0.5379 -2.7805 0.3030
v  0.5434 -2.7995 0.3251
v  0.5368 -2.8037 0.3191
v  0.5435 -2.8000 -0.3254
v  0.5370 -2.8049 -0.3197
v  0.5443 -3.4021 -0.3128
v  0.5376 -3.3948 -0.3097
v  0.5446 -2.7758 -0.3087
v  0.5382 -2.7809 -0.3039
v  0.5478 -2.7587 -0.3013
v  0.5271 -2.7943 -0.3111
v  0.5463 -2.7792 -0.3268
v  0.5285 -2.7757 -0.2886
v  0.5476 -2.7543 -0.3045
v  0.5460 -2.7745 -0.3316
v  0.5388 -2.7735 -0.2914
v  0.5453 -2.7678 -0.2956
v  0.5442 -2.7864 -0.3188
v  0.5376 -2.7915 -0.3134
v  0.5478 -2.7590 0.3014
v  0.5455 -2.8111 0.3400
v  0.5463 -2.7793 0.3269
v  0.5266 -2.7929 0.3102
v  0.5283 -2.7767 0.2909
v  0.5260 -2.8189 0.3197
v  0.5451 -2.8092 0.3453
v  0.5460 -2.7757 0.3318
v  0.5476 -2.7535 0.3042
v  0.5389 -2.7742 0.2930
v  0.5433 -2.8148 0.3295
v  0.5374 -2.7908 0.3127
v  0.5453 -2.7682 0.2965
v  0.5440 -2.7863 0.3183
v  0.5367 -2.8173 0.3227
v  0.5455 -2.8091 -0.3391
v  0.5261 -2.8199 -0.3198
v  0.5451 -2.8063 -0.3450
v  0.5374 -2.8179 -0.3233
v  0.5432 -2.8152 -0.3295
v  0.5462 -3.4005 0.3279
v  0.5455 -3.3699 0.3398
v  0.5476 -3.4207 0.3055
v  0.5491 -3.4301 0.2770
v  0.5263 -3.3633 0.3196
v  0.5281 -3.4032 0.2946
v  0.5270 -3.3862 0.3119
v  0.5300 -3.4107 0.2706
v  0.5490 -3.4354 0.2796
v  0.5473 -3.4252 0.3090
v  0.5459 -3.4042 0.3322
v  0.5451 -3.3721 0.3449
v  0.5376 -3.3889 0.3143
v  0.5400 -3.4135 0.2722
v  0.5367 -3.3646 0.3227
v  0.5385 -3.4056 0.2966
v  0.5441 -3.3938 0.3198
v  0.5451 -3.4115 0.3005
v  0.5462 -3.4196 0.2743
v  0.5432 -3.3668 0.3294
v  0.5462 -3.4004 -0.3281
v  0.5455 -3.3699 -0.3397
v  0.5475 -3.4202 -0.3065
v  0.5256 -3.3578 -0.3203
v  0.5274 -3.4003 -0.2991
v  0.5491 -3.4298 -0.2779
v  0.5262 -3.3788 -0.3154
v  0.5299 -3.4104 -0.2724
v  0.5451 -3.3717 -0.3451
v  0.5459 -3.4043 -0.3332
v  0.5473 -3.4258 -0.3096
v  0.5490 -3.4353 -0.2792
v  0.5439 -3.3914 -0.3211
v  0.5465 -3.4199 -0.2755
v  0.5431 -3.3650 -0.3296
v  0.5451 -3.4108 -0.3022
v  0.5372 -3.3841 -0.3168
v  0.5402 -3.4135 -0.2738
v  0.5364 -3.3611 -0.3231
v  0.5386 -3.4041 -0.2995
v  0.4530 -3.4225 -0.1222
v  0.4523 -3.4122 -0.2590
v  0.4524 -2.7696 -0.2592
v  0.4522 -2.7716 -0.2740
v  0.4530 -2.7592 -0.1203
v  0.4532 -2.7562 -0.0000
v  0.4515 -3.3500 -0.3207
v  0.4518 -3.3653 -0.3190
v  0.4526 -3.3897 -0.3094
v  0.4522 -3.4073 -0.2851
v  0.4515 -3.2153 -0.3309
v  0.4516 -2.9596 -0.3305
v  0.4521 -2.8317 -0.3213
v  0.4521 -2.8086 -0.3174
v  0.4520 -2.7831 -0.3012
v  0.4516 -3.0997 -0.3340
v  0.4521 -3.4255 -0.0009
v  0.4519 -3.4224 0.1201
v  0.4519 -3.4120 0.2589
v  0.4523 -2.7696 0.2592
v  0.4521 -2.7730 0.2805
v  0.4530 -2.7596 0.1257
v  0.4520 -3.3499 0.3212
v  0.4518 -3.3762 0.3161
v  0.4525 -3.3946 0.3055
v  0.4522 -3.4085 0.2813
v  0.4515 -3.2186 0.3306
v  0.4516 -2.9605 0.3305
v  0.4517 -2.8319 0.3209
v  0.4517 -2.8067 0.3165
v  0.4526 -2.7821 0.3000
v  0.4524 -3.0992 0.3345
v  0.4519 -2.7944 -0.3110
v  0.4521 -2.7757 -0.2887
v  0.4518 -2.7931 0.3100
v  0.4521 -2.7767 0.2909
v  0.4517 -2.8190 0.3194
v  0.4520 -2.8198 -0.3197
v  0.4518 -3.3632 0.3193
v  0.4520 -3.4032 0.2946
v  0.4522 -3.3864 0.3118
v  0.4523 -3.4107 0.2706
v  0.4517 -3.3577 -0.3199
v  0.4520 -3.4004 -0.2989
v  0.4519 -3.3783 -0.3154
v  0.4523 -3.4104 -0.2724
v  0.4303 -3.4083 -0.1214
v  0.4300 -3.3984 -0.2577
v  0.4300 -2.7833 -0.2578
v  0.4303 -2.7845 -0.2694
v  0.4295 -2.7727 -0.1143
v  0.4309 -2.7703 -0.0004
v  0.4300 -3.3489 -0.3075
v  0.4310 -3.3693 -0.3053
v  0.4351 -3.3855 -0.3018
v  0.4325 -3.3952 -0.2871
v  0.4297 -3.2107 -0.3179
v  0.4297 -2.9664 -0.3178
v  0.4298 -2.8329 -0.3075
v  0.4326 -2.8036 -0.3043
v  0.4347 -2.7887 -0.2941
v  0.4299 -3.0969 -0.3208
v  0.4302 -3.4112 -0.0013
v  0.4303 -3.4084 0.1167
v  0.4300 -3.3985 0.2574
v  0.4302 -2.7833 0.2581
v  0.4309 -2.7856 0.2788
v  0.4300 -2.7730 0.1219
v  0.4302 -3.3485 0.3076
v  0.4324 -3.3779 0.3044
v  0.4353 -3.3924 0.2952
v  0.4307 -3.3965 0.2752
v  0.4302 -3.2180 0.3172
v  0.4304 -2.9627 0.3174
v  0.4301 -2.8330 0.3076
v  0.4325 -2.8040 0.3044
v  0.4354 -2.7896 0.2956
v  0.4301 -3.0985 0.3209
v  0.4352 -2.7933 -0.2998
v  0.4323 -2.7865 -0.2867
v  0.4350 -2.7965 0.3020
v  0.4332 -2.7865 0.2871
v  0.4306 -2.8196 0.3061
v  0.4303 -2.8207 -0.3062
v  0.4306 -3.3618 0.3062
v  0.4325 -3.3952 0.2870
v  0.4351 -3.3859 0.3016
v  0.4302 -3.3974 0.2677
v  0.4303 -3.3569 -0.3067
v  0.4349 -3.3924 -0.2952
v  0.4328 -3.3780 -0.3043
v  0.4304 -3.3968 -0.2729
v  0.4438 -3.4142 -0.1215
v  0.4438 -3.4039 -0.2585
v  0.4440 -2.7776 -0.2583
v  0.4442 -2.7790 -0.2709
v  0.4438 -2.7673 -0.1179
v  0.4436 -2.7648 0.0002
v  0.4438 -3.3492 -0.3131
v  0.4446 -3.3652 -0.3117
v  0.4490 -3.3882 -0.3074
v  0.4465 -3.4017 -0.2845
v  0.4426 -3.2132 -0.3217
v  0.4441 -2.9625 -0.3234
v  0.4440 -2.8325 -0.3133
v  0.4463 -2.8065 -0.3107
v  0.4491 -2.7844 -0.2983
v  0.4427 -3.0986 -0.3248
v  0.4441 -3.4176 -0.0011
v  0.4437 -3.4144 0.1185
v  0.4441 -3.4042 0.2584
v  0.4441 -2.7775 0.2583
v  0.4452 -2.7795 0.2787
v  0.4439 -2.7675 0.1231
v  0.4441 -3.3493 0.3134
v  0.4465 -3.3754 0.3109
v  0.4491 -3.3935 0.3030
v  0.4459 -3.4017 0.2824
v  0.4440 -3.2178 0.3234
v  0.4441 -2.9616 0.3234
v  0.4441 -2.8324 0.3133
v  0.4465 -2.8063 0.3108
v  0.4491 -2.7844 0.2983
v  0.4440 -3.0992 0.3265
v  0.4488 -2.7948 -0.3076
v  0.4464 -2.7800 -0.2842
v  0.4489 -2.7944 0.3075
v  0.4477 -2.7807 0.2892
v  0.4444 -2.8191 0.3119
v  0.4443 -2.8206 -0.3120
v  0.4444 -3.3634 0.3118
v  0.4485 -3.4002 0.2927
v  0.4487 -3.3847 0.3089
v  0.4442 -3.4029 0.2693
v  0.4440 -3.3570 -0.3123
v  0.4490 -3.3978 -0.2974
v  0.4464 -3.3752 -0.3108
v  0.4442 -3.4027 -0.2715
v  -0.3951 -3.4085 -0.1157
v  -0.3951 -3.3979 -0.2630
v  -0.3951 -2.7840 -0.2627
v  -0.3951 -2.7855 -0.2776
v  -0.3954 -2.7727 -0.1139
v  -0.3954 -2.7701 -0.0000
v  -0.3951 -3.3473 -0.3073
v  -0.3951 -3.3692 -0.3052
v  -0.3951 -3.3855 -0.3018
v  -0.3951 -3.3952 -0.2867
v  -0.3951 -3.2107 -0.3174
v  -0.3951 -2.9671 -0.3174
v  -0.3951 -2.8291 -0.3071
v  -0.3951 -2.8036 -0.3043
v  -0.3951 -2.7887 -0.2941
v  -0.3951 -3.0970 -0.3203
v  -0.3951 -3.4112 -0.0003
v  -0.3951 -3.4085 0.1144
v  -0.3953 -3.3972 0.2663
v  -0.3951 -2.7834 0.2581
v  -0.3951 -2.7856 0.2788
v  -0.3954 -2.7729 0.1191
v  -0.3953 -3.3536 0.3070
v  -0.3951 -3.3715 0.3051
v  -0.3951 -3.3889 0.2993
v  -0.3951 -3.3956 0.2831
v  -0.3951 -3.2180 0.3174
v  -0.3951 -2.9627 0.3173
v  -0.3951 -2.8322 0.3072
v  -0.3951 -2.8062 0.3046
v  -0.3951 -2.7897 0.2957
v  -0.3952 -3.0985 0.3208
v  -0.3951 -2.7929 -0.2994
v  -0.3951 -2.7865 -0.2867
v  -0.3951 -2.7968 0.3022
v  -0.3951 -2.7867 0.2882
v  -0.3951 -2.8182 0.3058
v  -0.3951 -2.8121 -0.3053
v  -0.3951 -3.3642 0.3059
v  -0.3951 -3.3940 0.2919
v  -0.3951 -3.3825 0.3032
v  -0.3951 -3.3964 0.2750
v  -0.3951 -3.3569 -0.3064
v  -0.3951 -3.3923 -0.2953
v  -0.3951 -3.3780 -0.3043
v  -0.3951 -3.3968 -0.2729
v  -0.5866 -3.6787 -0.3881
v  -0.5731 -3.6649 -0.5149
v  -0.5131 -3.6639 -0.5728
v  -0.5245 -3.6628 -0.5709
v  -0.1277 -3.6884 -0.5950
v  0.0012 -3.6906 -0.5971
v  -0.3851 -3.6760 -0.5841
v  -0.5709 -3.6635 -0.5262
v  -0.5968 -3.6910 -0.1301
v  -0.5935 -3.6868 -0.2600
v  -0.5462 -3.6599 -0.5634
v  -0.5357 -3.6610 -0.5682
v  -0.5626 -3.6601 -0.5474
v  -0.5554 -3.6595 -0.5564
v  -0.5980 -3.6923 0.0000
v  -0.2565 -3.6838 -0.5910
v  0.5757 -3.6648 -0.5148
v  0.5892 -3.6786 -0.3881
v  0.5270 -3.6628 -0.5710
v  0.5156 -3.6639 -0.5728
v  0.1302 -3.6884 -0.5950
v  0.3876 -3.6760 -0.5841
v  0.5734 -3.6633 -0.5259
v  0.5961 -3.6867 -0.2600
v  0.5994 -3.6908 -0.1301
v  0.5382 -3.6610 -0.5682
v  0.5487 -3.6598 -0.5635
v  0.5703 -3.6614 -0.5371
v  0.5651 -3.6600 -0.5475
v  0.5579 -3.6594 -0.5566
v  0.6001 -3.6917 0.0000
v  0.2589 -3.6838 -0.5910
v  -0.5731 -3.6649 0.5149
v  -0.5866 -3.6787 0.3881
v  -0.5245 -3.6628 0.5709
v  -0.5131 -3.6639 0.5728
v  0.0012 -3.6906 0.5971
v  -0.1277 -3.6884 0.5950
v  -0.3851 -3.6760 0.5841
v  -0.5709 -3.6635 0.5262
v  -0.5935 -3.6868 0.2600
v  -0.5968 -3.6910 0.1301
v  -0.5357 -3.6610 0.5682
v  -0.5462 -3.6599 0.5634
v  -0.5677 -3.6615 0.5371
v  -0.5626 -3.6601 0.5474
v  -0.5554 -3.6595 0.5564
v  -0.2565 -3.6838 0.5910
v  0.5892 -3.6786 0.3881
v  0.5757 -3.6648 0.5148
v  0.5156 -3.6639 0.5728
v  0.5271 -3.6627 0.5710
v  0.1302 -3.6884 0.5950
v  0.3876 -3.6760 0.5841
v  0.5735 -3.6635 0.5261
v  0.5994 -3.6908 0.1301
v  0.5961 -3.6867 0.2600
v  0.5487 -3.6599 0.5635
v  0.5382 -3.6610 0.5682
v  0.5651 -3.6600 0.5474
v  0.5703 -3.6614 0.5372
v  0.5579 -3.6594 0.5565
v  0.2589 -3.6838 0.5910
v  -0.5676 -3.6615 -0.5370
v  -0.5436 -3.6129 -0.3761
v  -0.5408 -3.5747 -0.3743
v  -0.5306 -3.5711 -0.4971
v  -0.5331 -3.6057 -0.4990
v  -0.5057 -3.6036 -0.5333
v  -0.5035 -3.5700 -0.5311
v  -0.4937 -3.5705 -0.5322
v  -0.4961 -3.6039 -0.5344
v  -0.5277 -3.6033 -0.5201
v  -0.5255 -3.5699 -0.5180
v  -0.5217 -3.5697 -0.5230
v  -0.5239 -3.6028 -0.5250
v  -0.3744 -3.6089 -0.5444
v  -0.3729 -3.5726 -0.5422
v  -0.2497 -3.5741 -0.5495
v  -0.2507 -3.6120 -0.5517
v  -0.5552 -3.6180 -0.1263
v  -0.5525 -3.5772 -0.1256
v  -0.5481 -3.5765 -0.2510
v  -0.5509 -3.6166 -0.2524
v  -0.5191 -3.6028 -0.5288
v  -0.5167 -3.5696 -0.5268
v  -0.5106 -3.5697 -0.5294
v  -0.5130 -3.6030 -0.5315
v  -0.5321 -3.6050 -0.5069
v  -0.5297 -3.5707 -0.5047
v  -0.5567 -3.6185 0.0000
v  -0.5540 -3.5775 0.0000
v  0.1268 -3.5751 -0.5539
v  0.1272 -3.6140 -0.5561
v  0.5358 -3.6056 -0.4991
v  0.5333 -3.5710 -0.4972
v  0.5436 -3.5747 -0.3743
v  0.5464 -3.6128 -0.3761
v  0.5001 -3.6040 -0.5343
v  0.4982 -3.5702 -0.5320
v  0.5060 -3.5700 -0.5311
v  0.5082 -3.6036 -0.5333
v  0.5267 -3.6028 -0.5251
v  0.5245 -3.5696 -0.5230
v  0.5282 -3.5698 -0.5181
v  0.5304 -3.6032 -0.5202
v  0.2531 -3.6120 -0.5517
v  0.2522 -3.5741 -0.5495
v  0.3754 -3.5726 -0.5422
v  0.3769 -3.6089 -0.5444
v  0.5536 -3.6165 -0.2524
v  0.5509 -3.5765 -0.2510
v  0.5553 -3.5772 -0.1256
v  0.5580 -3.6179 -0.1263
v  0.5156 -3.6030 -0.5316
v  0.5132 -3.5697 -0.5295
v  0.5195 -3.5696 -0.5268
v  0.5218 -3.6028 -0.5288
v  0.5331 -3.6039 -0.5142
v  0.5309 -3.5702 -0.5120
v  0.5324 -3.5706 -0.5049
v  0.5349 -3.6049 -0.5070
v  0.5568 -3.5771 0.0000
v  0.5594 -3.6177 0.0000
v  0.0012 -3.6153 0.5577
v  0.0012 -3.5758 0.5554
v  -0.1243 -3.5751 0.5539
v  -0.1248 -3.6140 0.5561
v  -0.5333 -3.6059 0.4967
v  -0.5307 -3.5709 0.4955
v  -0.5408 -3.5747 0.3743
v  -0.5436 -3.6129 0.3761
v  -0.4976 -3.6040 0.5343
v  -0.4957 -3.5702 0.5320
v  -0.5035 -3.5700 0.5310
v  -0.5057 -3.6036 0.5332
v  -0.5239 -3.6028 0.5250
v  -0.5217 -3.5697 0.5230
v  -0.5255 -3.5699 0.5180
v  -0.5277 -3.6033 0.5201
v  -0.2507 -3.6120 0.5517
v  -0.2497 -3.5741 0.5495
v  -0.3729 -3.5726 0.5422
v  -0.3744 -3.6090 0.5444
v  -0.5509 -3.6166 0.2524
v  -0.5481 -3.5765 0.2510
v  -0.5525 -3.5772 0.1256
v  -0.5552 -3.6180 0.1263
v  -0.5130 -3.6031 0.5315
v  -0.5106 -3.5697 0.5294
v  -0.5167 -3.5696 0.5268
v  -0.5191 -3.6028 0.5288
v  -0.5304 -3.6040 0.5141
v  -0.5281 -3.5702 0.5119
v  -0.5297 -3.5707 0.5047
v  -0.5321 -3.6050 0.5069
v  0.1273 -3.6140 0.5561
v  0.1268 -3.5751 0.5539
v  0.5464 -3.6129 0.3760
v  0.5436 -3.5746 0.3742
v  0.5333 -3.5710 0.4972
v  0.5358 -3.6056 0.4991
v  0.5082 -3.6036 0.5333
v  0.5059 -3.5700 0.5311
v  0.4982 -3.5702 0.5320
v  0.5001 -3.6040 0.5342
v  0.5304 -3.6032 0.5202
v  0.5282 -3.5698 0.5180
v  0.5244 -3.5696 0.5231
v  0.5266 -3.6028 0.5251
v  0.3769 -3.6089 0.5444
v  0.3754 -3.5726 0.5422
v  0.2522 -3.5741 0.5495
v  0.2531 -3.6120 0.5517
v  0.5580 -3.6179 0.1263
v  0.5553 -3.5772 0.1256
v  0.5509 -3.5765 0.2510
v  0.5536 -3.6165 0.2524
v  0.5217 -3.6028 0.5289
v  0.5194 -3.5696 0.5269
v  0.5132 -3.5697 0.5295
v  0.5156 -3.6030 0.5316
v  0.5349 -3.6049 0.5070
v  0.5324 -3.5707 0.5048
v  0.5309 -3.5702 0.5119
v  0.5332 -3.6040 0.5141
v  -0.5281 -3.5702 -0.5119
v  -0.5304 -3.6040 -0.5141
v  0.0017 -3.5764 -0.5554
v  0.0015 -3.6167 -0.5579
v  -0.1250 -3.6139 -0.5561
v  -0.1247 -3.5750 -0.5539
v  0.4582 -3.4225 -0.1222
v  0.4573 -3.4122 -0.2590
v  0.4575 -2.7696 -0.2591
v  0.4573 -2.7716 -0.2740
v  0.4583 -2.7592 -0.1203
v  0.4586 -2.7562 -0.0000
v  0.4564 -3.3501 -0.3213
v  0.4568 -3.3654 -0.3192
v  0.4568 -3.3898 -0.3096
v  0.4572 -3.4073 -0.2851
v  0.4564 -3.2153 -0.3314
v  0.4565 -2.9596 -0.3309
v  0.4566 -2.8316 -0.3213
v  0.4568 -2.8086 -0.3174
v  0.4570 -2.7830 -0.3012
v  0.4564 -3.0997 -0.3345
v  0.4586 -3.4255 -0.0003
v  0.4582 -3.4225 0.1209
v  0.4575 -3.4121 0.2594
v  0.4574 -2.7696 0.2592
v  0.4572 -2.7730 0.2805
v  0.4582 -2.7596 0.1257
v  0.4569 -3.3502 0.3213
v  0.4568 -3.3763 0.3164
v  0.4569 -3.3947 0.3056
v  0.4572 -3.4085 0.2813
v  0.4564 -3.2186 0.3311
v  0.4564 -2.9605 0.3310
v  0.4566 -2.8319 0.3213
v  0.4567 -2.8066 0.3168
v  0.4569 -2.7821 0.3001
v  0.4566 -3.0990 0.3345
v  0.4569 -2.7943 -0.3111
v  0.4571 -2.7757 -0.2887
v  0.4568 -2.7929 0.3102
v  0.4571 -2.7767 0.2909
v  0.4567 -2.8189 0.3197
v  0.4567 -2.8199 -0.3198
v  0.4567 -3.3633 0.3196
v  0.4570 -3.4032 0.2946
v  0.4568 -3.3862 0.3119
v  0.4574 -3.4107 0.2706
v  0.4566 -3.3578 -0.3203
v  0.4570 -3.4004 -0.2989
v  0.4568 -3.3784 -0.3156
v  0.4573 -3.4104 -0.2724
v  -0.4147 -3.3895 -0.1149
v  -0.4147 -2.8035 -0.2604
v  -0.4148 -2.7929 -0.1072
v  -0.4148 -2.7904 -0.0000
v  -0.4148 -3.3550 -0.2869
v  -0.4147 -3.2044 -0.2986
v  -0.4147 -2.9751 -0.2986
v  -0.4147 -3.0973 -0.3013
v  -0.4147 -3.3922 -0.0011
v  -0.4147 -3.3901 0.1127
v  -0.4148 -3.3773 0.2662
v  -0.4148 -2.7931 0.1120
v  -0.4148 -3.3508 0.2876
v  -0.4148 -3.2167 0.2981
v  -0.4147 -2.9640 0.2979
v  -0.4148 -2.8283 0.2870
v  -0.4148 -2.8065 0.2843
v  -0.4148 -3.0990 0.3010
v  -0.4148 -2.8061 -0.2848
v  -0.4148 -2.8036 0.2602
v  -0.4148 -2.8318 -0.2874
v  -0.4148 -3.3757 0.2847
v  -0.4148 -3.3756 -0.2847
v  -0.4148 -3.3782 -0.2603
v  0.4376 -3.4098 -0.1214
v  0.4374 -3.3998 -0.2580
v  0.4375 -2.7818 -0.2579
v  0.4378 -2.7831 -0.2697
v  0.4374 -2.7718 -0.1158
v  0.4378 -2.7689 -0.0001
v  0.4375 -3.3489 -0.3090
v  0.4384 -3.3671 -0.3071
v  0.4426 -3.3859 -0.3034
v  0.4401 -3.3970 -0.2855
v  0.4367 -3.2118 -0.3185
v  0.4377 -2.9649 -0.3188
v  0.4375 -2.8329 -0.3090
v  0.4401 -2.8048 -0.3060
v  0.4426 -2.7875 -0.2950
v  0.4368 -3.0977 -0.3215
v  0.4378 -3.4128 -0.0012
v  0.4377 -3.4099 0.1174
v  0.4376 -3.3999 0.2578
v  0.4377 -2.7818 0.2580
v  0.4387 -2.7840 0.2784
v  0.4376 -2.7719 0.1222
v  0.4378 -3.3488 0.3091
v  0.4401 -3.3764 0.3061
v  0.4432 -3.3916 0.2989
v  0.4389 -3.3978 0.2789
v  0.4377 -3.2177 0.3188
v  0.4380 -2.9623 0.3186
v  0.4377 -2.8328 0.3090
v  0.4401 -2.8052 0.3061
v  0.4428 -2.7881 0.2961
v  0.4378 -3.0989 0.3219
v  0.4426 -2.7943 -0.3024
v  0.4401 -2.7846 -0.2845
v  0.4425 -2.7961 0.3035
v  0.4410 -2.7849 0.2876
v  0.4380 -2.8194 0.3077
v  0.4379 -2.8208 -0.3078
v  0.4381 -3.3626 0.3077
v  0.4411 -3.3964 0.2891
v  0.4425 -3.3846 0.3041
v  0.4378 -3.3988 0.2683
v  0.4377 -3.3568 -0.3082
v  0.4425 -3.3939 -0.2955
v  0.4402 -3.3759 -0.3063
v  0.4379 -3.3984 -0.2720
v  -0.4148 -3.3681 -0.1067
v  -0.4148 -2.8242 -0.2417
v  -0.4148 -2.8143 -0.0995
v  -0.4148 -2.8120 -0.0000
v  -0.4148 -3.3361 -0.2663
v  -0.4148 -3.1963 -0.2771
v  -0.4148 -2.9835 -0.2771
v  -0.4148 -3.0969 -0.2796
v  -0.4148 -3.3706 -0.0010
v  -0.4148 -3.3687 0.1046
v  -0.4148 -3.3567 0.2471
v  -0.4148 -2.8145 0.1040
v  -0.4148 -3.3322 0.2669
v  -0.4148 -3.2077 0.2767
v  -0.4148 -2.9732 0.2765
v  -0.4148 -2.8472 0.2664
v  -0.4148 -2.8270 0.2639
v  -0.4148 -3.0985 0.2794
v  -0.4148 -2.8266 -0.2643
v  -0.4148 -2.8243 0.2415
v  -0.4148 -2.8505 -0.2667
v  -0.4148 -3.3553 0.2643
v  -0.4148 -3.3552 -0.2642
v  -0.4148 -3.3576 -0.2416
v  -0.4148 -3.0915 0.0002
v  1.0395 -0.3648 -1.0804
v  1.0520 -0.3448 -1.0968
v  1.1523 -0.3321 -1.2089
v  1.1412 -0.3364 -1.1972
v  1.0353 -0.5514 -1.0729
v  1.0339 -0.5673 -1.0715
v  1.0274 -0.5790 -1.0633
v  1.0156 -0.5814 -1.0484
v  1.0329 -0.3966 -1.0741
v  1.0339 -0.4720 -1.0736
v  1.1635 -0.3008 -1.2200
v  1.1634 -0.3072 -1.2199
v  1.1006 -0.3364 -1.1544
v  1.1599 -0.3217 -1.2168
v  1.1647 -0.0204 -1.2192
v  1.1645 -0.1560 -1.2193
v  1.0703 -0.3364 -1.1227
v  1.1613 -0.0014 -1.2139
v  1.1647 -0.0014 -1.2192
v  1.0747 -0.4723 -1.0317
v  1.0743 -0.3962 -1.0326
v  1.2228 -0.3066 -1.1577
v  1.2228 -0.3004 -1.1577
v  1.0672 -0.5787 -1.0209
v  1.0745 -0.5669 -1.0281
v  1.0524 -0.5814 -1.0079
v  1.2118 -0.3314 -1.1490
v  1.2198 -0.3208 -1.1552
v  1.0964 -0.3448 -1.0531
v  1.0805 -0.3647 -1.0400
v  1.1986 -0.3364 -1.1385
v  1.0752 -0.5513 -1.0303
v  1.1586 -0.3364 -1.1036
v  1.2233 -0.0199 -1.1566
v  1.2233 -0.1558 -1.1567
v  1.1214 -0.3364 -1.0722
v  1.2180 -0.0014 -1.1533
v  1.2233 -0.0014 -1.1565
v  1.0741 -0.3969 1.0342
v  1.0747 -0.4721 1.0331
v  1.0504 -0.3450 1.0971
v  1.0379 -0.3651 1.0810
v  1.1381 -0.3364 1.1980
v  1.1491 -0.3323 1.2101
v  1.2224 -0.3008 1.1605
v  1.2223 -0.3075 1.1605
v  1.0322 -0.5673 1.0726
v  1.0334 -0.5515 1.0737
v  0.9763 -0.5846 0.9716
v  1.0152 -0.5813 1.0488
v  1.0258 -0.5788 1.0645
v  1.0745 -0.5671 1.0296
v  1.0674 -0.5787 1.0224
v  1.0512 -0.5813 1.0106
v  1.2189 -0.3219 1.1575
v  1.2105 -0.3323 1.1506
v  1.0321 -0.4722 1.0744
v  1.0312 -0.3969 1.0750
v  1.1604 -0.3073 1.2214
v  1.1605 -0.3009 1.2215
v  1.0978 -0.3364 1.1561
v  1.0803 -0.3652 1.0409
v  1.0963 -0.3451 1.0536
v  1.1984 -0.3364 1.1407
v  1.1568 -0.3219 1.2182
v  1.0753 -0.5515 1.0318
v  1.1534 -0.3364 1.1021
v  1.2229 -0.1557 1.1593
v  1.2219 -0.0196 1.1597
v  1.1617 -0.1560 1.2210
v  1.1604 -0.0199 1.2208
v  1.1216 -0.3364 1.0724
v  1.0687 -0.3364 1.1228
v  1.2170 -0.0014 1.1567
v  1.1573 -0.0014 1.2162
v  1.2218 -0.0014 1.1598
v  1.1603 -0.0014 1.2209
v  -1.0720 -0.4721 1.0328
v  -1.0715 -0.3968 1.0340
v  -1.0352 -0.3650 1.0811
v  -1.0474 -0.3449 1.0976
v  -1.1461 -0.3323 1.2103
v  -1.1349 -0.3364 1.1985
v  -1.2197 -0.3073 1.1601
v  -1.2197 -0.3007 1.1601
v  -1.0312 -0.5515 1.0737
v  -1.0298 -0.5673 1.0723
v  -1.0234 -0.5789 1.0644
v  -1.0118 -0.5813 1.0500
v  -1.0641 -0.5790 1.0218
v  -1.0718 -0.5675 1.0292
v  -1.0496 -0.5813 1.0093
v  -0.9740 -0.5845 0.9715
v  -1.2073 -0.3324 1.1507
v  -1.2161 -0.3220 1.1573
v  -1.0288 -0.3969 1.0748
v  -1.0298 -0.4722 1.0744
v  -1.1581 -0.3009 1.2215
v  -1.1580 -0.3074 1.2215
v  -1.0953 -0.3364 1.1558
v  -1.0935 -0.3449 1.0541
v  -1.0775 -0.3649 1.0410
v  -1.1942 -0.3364 1.1409
v  -1.1541 -0.3219 1.2183
v  -1.0725 -0.5515 1.0314
v  -1.1514 -0.3364 1.1021
v  -1.2203 -0.1557 1.1591
v  -1.2221 -0.0195 1.1559
v  -1.1593 -0.1560 1.2206
v  -1.1608 -0.0197 1.2194
v  -1.0654 -0.3364 1.1236
v  -1.1187 -0.3364 1.0734
v  -1.2167 -0.0014 1.1520
v  -1.1573 -0.0014 1.2138
v  -1.2220 -0.0014 1.1552
v  -1.1608 -0.0014 1.2191
v  -1.0715 -0.3968 -1.0340
v  -1.0721 -0.4721 -1.0328
v  -1.0480 -0.3449 -1.0973
v  -1.0355 -0.3649 -1.0810
v  -1.1365 -0.3364 -1.1979
v  -1.1470 -0.3322 -1.2099
v  -1.2197 -0.3007 -1.1601
v  -1.2197 -0.3073 -1.1601
v  -1.0298 -0.5683 -1.0720
v  -1.0311 -0.5515 -1.0735
v  -0.9740 -0.5843 -0.9714
v  -1.0123 -0.5813 -1.0492
v  -1.0236 -0.5790 -1.0638
v  -1.0714 -0.5681 -1.0288
v  -1.0641 -0.5788 -1.0213
v  -1.0490 -0.5813 -1.0088
v  -1.2164 -0.3217 -1.1571
v  -1.2082 -0.3321 -1.1501
v  -1.0297 -0.4722 -1.0742
v  -1.0288 -0.3969 -1.0748
v  -1.1579 -0.3074 -1.2214
v  -1.1580 -0.3009 -1.2214
v  -1.0953 -0.3364 -1.1558
v  -1.0777 -0.3649 -1.0407
v  -1.0939 -0.3449 -1.0535
v  -1.1963 -0.3363 -1.1400
v  -1.1544 -0.3219 -1.2181
v  -1.0724 -0.5514 -1.0313
v  -1.1514 -0.3364 -1.1021
v  -1.2213 -0.0202 -1.1568
v  -1.2203 -0.1557 -1.1591
v  -1.1598 -0.0203 -1.2202
v  -1.1593 -0.1560 -1.2208
v  -1.0664 -0.3364 -1.1231
v  -1.1193 -0.3364 -1.0725
v  -1.2150 -0.0014 -1.1530
v  -1.1564 -0.0014 -1.2141
v  -1.2204 -0.0014 -1.1562
v  -1.1598 -0.0014 -1.2194
v  -0.5829 -3.9731 0.0000
v  -0.5815 -3.9707 -0.1332
v  -0.5774 -3.9634 -0.2659
v  -0.5702 -3.9513 -0.3981
v  -0.5602 -3.9345 -0.5298
v  -0.5597 -3.9332 -0.5383
v  -0.5585 -3.9320 -0.5462
v  -0.5566 -3.9313 -0.5527
v  -0.5536 -3.9311 -0.5571
v  -0.5500 -3.9313 -0.5593
v  -0.5438 -3.9321 -0.5604
v  -0.5362 -3.9333 -0.5611
v  -0.5281 -3.9345 -0.5617
v  -0.4000 -3.9509 -0.5715
v  -0.2714 -3.9629 -0.5785
v  -0.1353 -3.9705 -0.5829
v  0.0012 -3.9730 -0.5848
v  0.1378 -3.9706 -0.5829
v  0.2739 -3.9629 -0.5785
v  0.4025 -3.9510 -0.5715
v  0.5306 -3.9345 -0.5617
v  0.5385 -3.9333 -0.5611
v  0.5458 -3.9323 -0.5602
v  0.5523 -3.9315 -0.5584
v  0.5568 -3.9311 -0.5561
v  0.5595 -3.9312 -0.5529
v  0.5610 -3.9320 -0.5468
v  0.5620 -3.9332 -0.5386
v  0.5626 -3.9345 -0.5298
v  0.5727 -3.9514 -0.3981
v  0.5799 -3.9635 -0.2659
v  0.5840 -3.9708 -0.1332
v  0.5849 -3.9733 0.0000
v  0.5840 -3.9707 0.1332
v  0.5799 -3.9635 0.2659
v  0.5727 -3.9514 0.3981
v  0.5626 -3.9345 0.5298
v  0.5620 -3.9332 0.5385
v  0.5612 -3.9321 0.5461
v  0.5592 -3.9313 0.5523
v  0.5564 -3.9311 0.5563
v  0.5520 -3.9315 0.5587
v  0.5458 -3.9323 0.5602
v  0.5385 -3.9333 0.5611
v  0.5306 -3.9345 0.5617
v  0.4025 -3.9510 0.5715
v  0.2739 -3.9629 0.5785
v  0.1378 -3.9706 0.5829
v  0.0012 -3.9730 0.5848
v  -0.1353 -3.9705 0.5829
v  -0.2714 -3.9629 0.5785
v  -0.4000 -3.9509 0.5715
v  -0.5281 -3.9345 0.5617
v  -0.5362 -3.9333 0.5611
v  -0.5438 -3.9321 0.5604
v  -0.5500 -3.9313 0.5593
v  -0.5536 -3.9311 0.5571
v  -0.5566 -3.9313 0.5527
v  -0.5586 -3.9320 0.5462
v  -0.5596 -3.9331 0.5383
v  -0.5601 -3.9345 0.5298
v  -0.5702 -3.9513 0.3981
v  -0.5774 -3.9634 0.2659
v  -0.5815 -3.9707 0.1332
v  -0.3150 -4.0093 0.0000
v  -0.3132 -4.0084 -0.0830
v  -0.2961 -3.9970 -0.3051
v  -0.0808 -4.0078 -0.3211
v  -0.1628 -4.0052 -0.3164
v  -0.3083 -4.0058 -0.1652
v  0.0013 -4.0087 -0.3221
v  0.3157 -4.0087 -0.0830
v  0.3168 -4.0094 0.0000
v  0.2988 -3.9970 -0.3050
v  0.1653 -4.0052 -0.3164
v  0.0833 -4.0078 -0.3211
v  0.3108 -4.0058 -0.1652
v  -0.3132 -4.0084 0.0830
v  -0.2962 -3.9970 0.3050
v  -0.1627 -4.0052 0.3164
v  -0.0807 -4.0078 0.3211
v  -0.3083 -4.0058 0.1652
v  0.0014 -4.0087 0.3221
v  0.3157 -4.0084 0.0830
v  0.2989 -3.9970 0.3050
v  0.0834 -4.0078 0.3211
v  0.1654 -4.0052 0.3164
v  0.3108 -4.0058 0.1652
v  -0.0998 -4.0212 -0.1039
v  -0.0268 -4.0223 -0.1090
v  -0.0549 -4.0220 -0.1074
v  -0.1036 -4.0220 -0.0568
v  0.0012 -4.0224 -0.1094
v  -0.1055 -4.0223 -0.0285
v  0.1023 -4.0212 -0.1039
v  0.0574 -4.0220 -0.1074
v  0.0293 -4.0223 -0.1090
v  0.1061 -4.0220 -0.0568
v  0.1080 -4.0223 -0.0285
v  -0.1062 -4.0224 0.0000
v  0.1084 -4.0224 0.0000
v  -0.0998 -4.0212 0.1039
v  -0.0548 -4.0220 0.1074
v  -0.0268 -4.0223 0.1090
v  -0.1036 -4.0220 0.0568
v  0.0013 -4.0224 0.1094
v  -0.1055 -4.0223 0.0285
v  0.1024 -4.0212 0.1039
v  0.0293 -4.0223 0.1090
v  0.0574 -4.0220 0.1074
v  0.1061 -4.0220 0.0568
v  0.1080 -4.0223 0.0285
v  0.4965 -3.3491 -4.4884
v  0.4965 -3.4025 -4.5422
v  0.4965 -3.4126 -4.6730
v  0.4965 -3.2459 -4.4802
v  0.4965 -3.4158 -4.8031
v  0.4965 -3.3490 -5.1116
v  0.4965 -3.4121 -4.9333
v  0.4965 -3.4025 -5.0581
v  0.4965 -3.2468 -5.1198
v  3.4274 -3.3489 -4.4884
v  3.4274 -3.4025 -4.5418
v  3.4274 -3.4125 -4.6727
v  3.4274 -3.2459 -4.4802
v  3.4273 -3.4158 -4.8031
v  3.4274 -3.3489 -5.1116
v  3.4273 -3.4123 -4.9335
v  3.4274 -3.4024 -5.0585
v  3.4274 -3.2468 -5.1197
v  -3.2985 -3.3491 -4.4884
v  -3.2985 -3.4025 -4.5422
v  -3.2985 -3.4123 -4.6730
v  -3.2988 -3.2459 -4.4804
v  -3.2985 -3.4158 -4.8031
v  -3.2985 -3.3490 -5.1116
v  -3.2984 -3.4119 -4.9333
v  -3.2985 -3.4025 -5.0581
v  -3.2985 -3.2468 -5.1195
v  -3.6574 -3.3492 -4.4713
v  -3.6697 -3.4025 -4.5245
v  -3.6988 -3.4124 -4.6497
v  -3.6558 -3.2458 -4.4631
v  -3.7283 -3.4158 -4.7770
v  -3.7993 -3.3480 -5.0799
v  -3.7577 -3.4123 -4.9042
v  -3.7867 -3.4024 -5.0284
v  -3.8016 -3.2473 -5.0875
v  -3.5048 -3.3486 -4.4848
v  -3.5085 -3.4024 -4.5378
v  -3.5148 -3.4124 -4.6662
v  -3.5049 -3.2457 -4.4768
v  -3.5207 -3.4158 -4.7966
v  -3.5363 -3.3487 -5.1072
v  -3.5267 -3.4123 -4.9269
v  -3.5333 -3.4025 -5.0539
v  -3.5365 -3.2472 -5.1155
v  -3.8004 -3.3487 -4.4365
v  -3.8210 -3.4025 -4.4860
v  -3.8726 -3.4124 -4.6065
v  -3.7974 -3.2459 -4.4289
v  -3.9243 -3.4158 -4.7264
v  -4.0465 -3.3479 -5.0089
v  -3.9759 -3.4122 -4.8462
v  -4.0251 -3.4023 -4.9614
v  -4.0513 -3.2468 -5.0156
v  -3.9717 -3.3485 -4.3133
v  -4.0057 -3.4025 -4.3574
v  -4.0897 -3.4125 -4.4615
v  -3.9670 -3.2467 -4.3064
v  -4.1731 -3.4157 -4.5627
v  -4.3717 -3.3485 -4.7983
v  -4.2571 -3.4122 -4.6635
v  -4.3371 -3.4023 -4.7594
v  -4.3787 -3.2469 -4.8026
v  -3.9224 -3.3488 -4.3643
v  -3.9513 -3.4025 -4.4105
v  -4.0240 -3.4125 -4.5218
v  -3.9184 -3.2464 -4.3571
v  -4.0963 -3.4157 -4.6309
v  -4.2680 -3.3484 -4.8860
v  -4.1689 -3.4122 -4.7396
v  -4.2378 -3.4024 -4.8432
v  -4.2746 -3.2468 -4.8912
v  -3.7310 -3.3490 -4.4576
v  -3.7475 -3.4025 -4.5092
v  -3.7879 -3.4124 -4.6324
v  -3.7285 -3.2458 -4.4497
v  -3.8287 -3.4158 -4.7564
v  -3.9260 -3.3478 -5.0503
v  -3.8695 -3.4123 -4.8804
v  -3.9089 -3.4024 -5.0007
v  -3.9295 -3.2471 -5.0578
v  -3.5814 -3.3492 -4.4797
v  -3.5894 -3.4025 -4.5336
v  -3.6071 -3.4124 -4.6605
v  -3.5806 -3.2457 -4.4716
v  -3.6249 -3.4158 -4.7899
v  -3.6684 -3.3482 -5.0982
v  -3.6427 -3.4123 -4.9192
v  -3.6605 -3.4024 -5.0457
v  -3.6696 -3.2473 -5.1054
v  -3.8649 -3.3488 -4.4058
v  -3.8894 -3.4024 -4.4532
v  -3.9517 -3.4124 -4.5697
v  -3.8613 -3.2461 -4.3985
v  -4.0137 -3.4157 -4.6847
v  -4.1607 -3.3484 -4.9550
v  -4.0758 -3.4122 -4.7996
v  -4.1348 -3.4024 -4.9093
v  -4.1664 -3.2468 -4.9608
v  -4.0479 -3.3478 -4.1909
v  -4.0918 -3.4025 -4.2261
v  -4.1981 -3.4125 -4.3085
v  -4.0419 -3.2471 -4.1851
v  -4.3029 -3.4157 -4.3878
v  -4.5516 -3.3489 -4.5696
v  -4.4083 -3.4122 -4.4664
v  -4.5088 -3.4023 -4.5408
v  -4.5593 -3.2464 -4.5723
v  -4.0131 -3.3481 -4.2548
v  -4.0524 -3.4025 -4.2951
v  -4.1483 -3.4125 -4.3893
v  -4.0077 -3.2470 -4.2484
v  -4.2432 -3.4157 -4.4803
v  -4.4686 -3.3486 -4.6905
v  -4.3387 -3.4122 -4.5707
v  -4.4297 -3.4023 -4.6566
v  -4.4761 -3.2468 -4.6940
v  -4.1517 -3.3493 -3.8918
v  -4.2023 -3.4025 -3.9100
v  -4.3317 -3.4126 -3.9543
v  -4.1442 -3.2474 -3.8892
v  -4.4549 -3.4156 -3.9962
v  -4.7428 -3.3479 -4.0932
v  -4.5780 -3.4119 -4.0380
v  -4.6919 -3.4025 -4.0769
v  -4.7503 -3.2463 -4.0958
v  -4.1049 -3.3474 -4.0497
v  -4.1533 -3.4025 -4.0743
v  -4.2730 -3.4125 -4.1337
v  -4.0980 -3.2471 -4.0455
v  -4.3905 -3.4158 -4.1908
v  -4.6702 -3.3499 -4.3209
v  -4.5085 -3.4122 -4.2470
v  -4.6211 -3.4025 -4.3000
v  -4.6779 -3.2460 -4.3222
v  -4.0781 -3.3475 -4.1223
v  -4.1250 -3.4026 -4.1521
v  -4.2391 -3.4125 -4.2225
v  -4.0716 -3.2471 -4.1173
v  -4.3513 -3.4157 -4.2903
v  -4.6180 -3.3495 -4.4446
v  -4.4641 -3.4122 -4.3571
v  -4.5719 -3.4023 -4.4203
v  -4.6261 -3.2460 -4.4467
v  -4.1297 -3.3481 -3.9712
v  -4.1786 -3.4024 -3.9924
v  -4.3031 -3.4125 -4.0443
v  -4.1225 -3.2472 -3.9678
v  -4.4236 -3.4157 -4.0938
v  -4.7090 -3.3493 -4.2080
v  -4.5443 -3.4122 -4.1429
v  -4.6579 -3.4026 -4.1890
v  -4.7168 -3.2462 -4.2099
v  -4.1761 -3.3496 -3.7900
v  -4.2275 -3.4025 -3.8045
v  -4.3608 -3.4126 -3.8408
v  -4.1676 -3.2497 -3.7877
v  -4.4859 -3.4156 -3.8746
v  -4.7779 -3.3482 -3.9533
v  -4.6110 -3.4119 -3.9084
v  -4.7253 -3.4026 -3.9394
v  -4.7854 -3.2480 -3.9555
v  3.5551 -3.3485 -4.4876
v  3.5567 -3.4023 -4.5398
v  3.5619 -3.4124 -4.6723
v  3.5548 -3.2459 -4.4794
v  3.5674 -3.4158 -4.8026
v  3.5794 -3.3491 -5.1103
v  3.5728 -3.4122 -4.9329
v  3.5772 -3.4025 -5.0565
v  3.5796 -3.2469 -5.1183
v  3.9304 -3.3484 -4.4360
v  3.9497 -3.4025 -4.4863
v  3.9987 -3.4126 -4.6121
v  3.9274 -3.2458 -4.4284
v  4.0481 -3.4156 -4.7330
v  4.1637 -3.3476 -5.0138
v  4.0982 -3.4119 -4.8535
v  4.1440 -3.4024 -4.9646
v  4.1668 -3.2472 -5.0209
v  4.1751 -3.3498 -4.1944
v  4.2154 -3.4026 -4.2365
v  4.3237 -3.4125 -4.3144
v  4.1684 -3.2453 -4.1893
v  4.4276 -3.4157 -4.3953
v  4.6712 -3.3484 -4.5845
v  4.5315 -3.4121 -4.4761
v  4.6294 -3.4023 -4.5532
v  4.6778 -3.2468 -4.5892
v  3.7710 -3.3497 -4.4739
v  3.7808 -3.4025 -4.5270
v  3.8034 -3.4126 -4.6603
v  3.7695 -3.2462 -4.4659
v  3.8273 -3.4156 -4.7886
v  3.8815 -3.3479 -5.0874
v  3.8510 -3.4119 -4.9169
v  3.8720 -3.4025 -5.0348
v  3.8830 -3.2464 -5.0953
v  4.0620 -3.3469 -4.3546
v  4.0922 -3.4024 -4.3997
v  4.1696 -3.4124 -4.5047
v  4.0572 -3.2454 -4.3481
v  4.2489 -3.4158 -4.6094
v  4.4363 -3.3486 -4.8553
v  4.3286 -3.4123 -4.7137
v  4.4046 -3.4023 -4.8143
v  4.4413 -3.2485 -4.8613
v  3.9971 -3.3474 -4.4034
v  4.0215 -3.4026 -4.4532
v  4.0851 -3.4125 -4.5682
v  3.9932 -3.2455 -4.3964
v  4.1495 -3.4157 -4.6821
v  4.3014 -3.3481 -4.9480
v  4.2146 -3.4121 -4.7956
v  4.2750 -3.4025 -4.9012
v  4.3055 -3.2481 -4.9546
v  3.8555 -3.3497 -4.4585
v  3.8683 -3.4025 -4.5109
v  3.9051 -3.4126 -4.6419
v  3.8533 -3.2462 -4.4508
v  3.9410 -3.4156 -4.7673
v  4.0240 -3.3475 -5.0587
v  3.9772 -3.4119 -4.8926
v  4.0104 -3.4025 -5.0072
v  4.0262 -3.2465 -5.0663
v  3.6730 -3.3490 -4.4833
v  3.6774 -3.4024 -4.5360
v  3.6912 -3.4125 -4.6695
v  3.6721 -3.2460 -4.4750
v  3.7050 -3.4157 -4.7991
v  3.7360 -3.3483 -5.1028
v  3.7186 -3.4121 -4.9287
v  3.7304 -3.4025 -5.0498
v  3.7368 -3.2466 -5.1109
v  4.1211 -3.3480 -4.2866
v  4.1577 -3.4024 -4.3275
v  4.2501 -3.4124 -4.4220
v  4.1154 -3.2456 -4.2808
v  4.3428 -3.4158 -4.5153
v  4.5612 -3.3487 -4.7346
v  4.4357 -3.4123 -4.6084
v  4.5236 -3.4024 -4.6978
v  4.5670 -3.2480 -4.7399
v  4.3258 -3.3485 -3.6918
v  4.3790 -3.4025 -3.6984
v  4.5149 -3.4128 -3.7255
v  4.3172 -3.2344 -3.6905
v  4.6418 -3.4156 -3.7511
v  4.9389 -3.3496 -3.8049
v  4.7707 -3.4114 -3.7782
v  4.8854 -3.4025 -3.8008
v  4.9473 -3.2388 -3.8059
v  4.2601 -3.3498 -3.9659
v  4.3085 -3.4025 -3.9920
v  4.4346 -3.4126 -4.0473
v  4.2522 -3.2410 -3.9627
v  4.5541 -3.4156 -4.1009
v  4.8322 -3.3478 -4.2250
v  4.6737 -3.4119 -4.1544
v  4.7840 -3.4024 -4.2024
v  4.8399 -3.2430 -4.2280
v  4.2230 -3.3503 -4.0825
v  4.2698 -3.4025 -4.1104
v  4.3867 -3.4126 -4.1844
v  4.2156 -3.2436 -4.0783
v  4.4995 -3.4156 -4.2522
v  4.7627 -3.3481 -4.4102
v  4.6122 -3.4119 -4.3199
v  4.7164 -3.4024 -4.3826
v  4.7700 -3.2451 -4.4141
v  4.2960 -3.3489 -3.8273
v  4.3464 -3.4024 -3.8441
v  4.4784 -3.4126 -3.8883
v  4.2867 -3.2374 -3.8248
v  4.6025 -3.4156 -3.9281
v  4.8905 -3.3479 -4.0209
v  4.7267 -3.4118 -3.9677
v  4.8397 -3.4025 -4.0027
v  4.8988 -3.2407 -4.0229
v  4.4558 -3.3488 -2.4861
v  4.5083 -3.4024 -2.4868
v  4.6446 -3.4126 -2.4872
v  4.4471 -3.2342 -2.4861
v  4.7747 -3.4157 -2.4870
v  5.0793 -3.3476 -2.4880
v  4.9048 -3.4116 -2.4868
v  5.0248 -3.4026 -2.4871
v  5.0875 -3.2392 -2.4874
v  4.4187 -3.3491 -3.0965
v  4.4712 -3.4024 -3.1029
v  4.6022 -3.4123 -3.1175
v  4.4097 -3.2305 -3.0956
v  4.7323 -3.4158 -3.1303
v  5.0383 -3.3496 -3.1626
v  4.8625 -3.4118 -3.1428
v  4.9855 -3.4025 -3.1557
v  5.0470 -3.2383 -3.1617
v  4.3794 -3.3489 -3.3939
v  4.4299 -3.4022 -3.4032
v  4.5644 -3.4125 -3.4250
v  4.3705 -3.2309 -3.3927
v  4.6941 -3.4157 -3.4442
v  4.9950 -3.3507 -3.4897
v  4.8239 -3.4116 -3.4630
v  4.9417 -3.4025 -3.4826
v  5.0038 -3.2378 -3.4897
v  4.4441 -3.3492 -2.7977
v  4.4970 -3.4024 -2.8011
v  4.6295 -3.4124 -2.8085
v  4.4352 -3.2319 -2.7973
v  4.7598 -3.4158 -2.8148
v  5.0665 -3.3486 -2.8320
v  4.8901 -3.4118 -2.8210
v  5.0128 -3.4025 -2.8277
v  5.0749 -3.2388 -2.8311
v  4.3270 -3.3505 -1.1126
v  4.3791 -3.4025 -1.1014
v  4.5149 -3.4128 -1.0735
v  4.3183 -3.2346 -1.1144
v  4.6424 -3.4156 -1.0476
v  4.9374 -3.3488 -0.9877
v  4.7699 -3.4114 -1.0218
v  4.8850 -3.4025 -0.9981
v  4.9456 -3.2387 -0.9854
v  4.4283 -3.3446 -1.8021
v  4.4812 -3.4024 -1.7974
v  4.6099 -3.4122 -1.7841
v  4.4203 -3.2342 -1.8029
v  4.7396 -3.4158 -1.7713
v  5.0488 -3.3494 -1.7395
v  4.8694 -3.4120 -1.7588
v  4.9951 -3.4026 -1.7469
v  5.0571 -3.2404 -1.7389
v  4.3867 -3.3468 -1.4564
v  4.4407 -3.4026 -1.4479
v  4.5717 -3.4125 -1.4275
v  4.3783 -3.2344 -1.4577
v  4.7005 -3.4157 -1.4080
v  5.0031 -3.3487 -1.3625
v  4.8293 -3.4117 -1.3890
v  4.9515 -3.4023 -1.3711
v  5.0113 -3.2398 -1.3611
v  4.4515 -3.3466 -2.1472
v  4.5038 -3.4024 -2.1455
v  4.6373 -3.4124 -2.1390
v  4.4430 -3.2347 -2.1476
v  4.7674 -3.4158 -2.1325
v  5.0742 -3.3498 -2.1168
v  4.8974 -3.4118 -2.1261
v  5.0198 -3.4026 -2.1203
v  5.0826 -3.2399 -2.1162
v  4.1669 -3.3495 -0.5895
v  4.2143 -3.4027 -0.5571
v  4.3271 -3.4126 -0.4820
v  4.1591 -3.2343 -0.5942
v  4.4350 -3.4156 -0.4090
v  4.6878 -3.3481 -0.2424
v  4.5436 -3.4119 -0.3372
v  4.6448 -3.4024 -0.2740
v  4.6946 -3.2391 -0.2373
v  4.2628 -3.3500 -0.8433
v  4.3145 -3.4027 -0.8217
v  4.4400 -3.4126 -0.7693
v  4.2542 -3.2344 -0.8468
v  4.5604 -3.4156 -0.7184
v  4.8409 -3.3486 -0.6013
v  4.6810 -3.4119 -0.6679
v  4.7921 -3.4024 -0.6229
v  4.8486 -3.2392 -0.5979
v  4.0127 -3.3469 -0.4068
v  4.0482 -3.4024 -0.3655
v  4.1367 -3.4125 -0.2649
v  4.0060 -3.2342 -0.4130
v  4.2237 -3.4157 -0.1665
v  4.4263 -3.3475 0.0636
v  4.3107 -3.4121 -0.0682
v  4.3923 -3.4023 0.0242
v  4.4315 -3.2395 0.0702
v  4.0981 -3.3484 -0.4840
v  4.1398 -3.4026 -0.4474
v  4.2431 -3.4126 -0.3600
v  4.0908 -3.2343 -0.4892
v  4.3427 -3.4156 -0.2757
v  4.5751 -3.3477 -0.0813
v  4.4425 -3.4119 -0.1919
v  4.5342 -3.4025 -0.1158
v  4.5814 -3.2392 -0.0754
v  4.2323 -3.3505 -0.7452
v  4.2830 -3.4027 -0.7195
v  4.4050 -3.4126 -0.6577
v  4.2240 -3.2345 -0.7492
v  4.5216 -3.4156 -0.5985
v  4.7925 -3.3484 -0.4619
v  4.6381 -3.4118 -0.5392
v  4.7460 -3.4022 -0.4845
v  4.7993 -3.2391 -0.4580
v  4.2965 -3.3505 -0.9776
v  4.3500 -3.4026 -0.9609
v  4.4811 -3.4126 -0.9208
v  4.2879 -3.2345 -0.9803
v  4.6057 -3.4156 -0.8823
v  4.8938 -3.3486 -0.7933
v  4.7303 -3.4117 -0.8437
v  4.8445 -3.4023 -0.8085
v  4.9021 -3.2389 -0.7905
v  4.3591 -3.3491 -1.2841
v  4.4122 -3.4025 -1.2743
v  4.5464 -3.4128 -1.2500
v  4.3505 -3.2345 -1.2856
v  4.6746 -3.4157 -1.2273
v  4.9727 -3.3485 -1.1747
v  4.8029 -3.4115 -1.2048
v  4.9209 -3.4024 -1.1841
v  4.9809 -3.2391 -1.1728
v  4.4097 -3.3451 -1.6291
v  4.4635 -3.4025 -1.6225
v  4.5923 -3.4123 -1.6058
v  4.4017 -3.2342 -1.6302
v  4.7216 -3.4158 -1.5896
v  5.0284 -3.3490 -1.5508
v  4.8509 -3.4119 -1.5739
v  4.9760 -3.4024 -1.5589
v  5.0367 -3.2403 -1.5498
v  4.4424 -3.3453 -1.9750
v  4.4946 -3.4024 -1.9721
v  4.6254 -3.4122 -1.9621
v  4.4340 -3.2345 -1.9756
v  4.7554 -3.4158 -1.9525
v  5.0641 -3.3498 -1.9282
v  4.8854 -3.4120 -1.9432
v  5.0097 -3.4026 -1.9345
v  5.0725 -3.2402 -1.9279
v  4.4559 -3.3478 -2.3182
v  4.5081 -3.4023 -2.3176
v  4.6437 -3.4125 -2.3146
v  4.4473 -3.2347 -2.3184
v  4.7737 -3.4157 -2.3112
v  5.0791 -3.3489 -2.3040
v  4.9038 -3.4117 -2.3078
v  5.0245 -3.4026 -2.3050
v  5.0875 -3.2396 -2.3033
v  4.3544 -3.3487 -3.5424
v  4.4053 -3.4023 -3.5525
v  4.5409 -3.4127 -3.5769
v  4.3457 -3.2321 -3.5412
v  4.6702 -3.4157 -3.5989
v  4.9682 -3.3506 -3.6500
v  4.7994 -3.4114 -3.6207
v  4.9137 -3.4026 -3.6429
v  4.9769 -3.2380 -3.6507
v  4.4331 -3.3491 -2.9472
v  4.4861 -3.4025 -2.9521
v  4.6170 -3.4123 -2.9630
v  4.4242 -3.2310 -2.9466
v  4.7472 -3.4158 -2.9726
v  5.0543 -3.3493 -2.9976
v  4.8775 -3.4118 -2.9819
v  5.0011 -3.4025 -2.9918
v  5.0629 -3.2386 -2.9966
v  4.4008 -3.3491 -3.2454
v  4.4525 -3.4024 -3.2535
v  4.5850 -3.4124 -3.2718
v  4.3918 -3.2305 -3.2442
v  4.7149 -3.4157 -3.2878
v  5.0185 -3.3499 -3.3268
v  4.8449 -3.4117 -3.3034
v  4.9646 -3.4026 -3.3185
v  5.0273 -3.2380 -3.3263
v  4.4516 -3.3492 -2.6480
v  4.5041 -3.4024 -2.6500
v  4.6391 -3.4125 -2.6539
v  4.4428 -3.2331 -2.6478
v  4.7693 -3.4157 -2.6569
v  5.0748 -3.3476 -2.6660
v  4.8994 -3.4117 -2.6599
v  5.0204 -3.4026 -2.6634
v  5.0831 -3.2390 -2.6654
v  3.8010 -3.3477 -0.3317
v  3.8214 -3.4024 -0.2813
v  3.8685 -3.4124 -0.1560
v  3.7968 -3.2343 -0.3400
v  3.9155 -3.4158 -0.0327
v  4.0262 -3.3486 0.2580
v  3.9632 -3.4123 0.0903
v  4.0099 -3.4023 0.2084
v  4.0290 -3.2398 0.2660
v  3.9119 -3.3472 -0.3583
v  3.9414 -3.4025 -0.3104
v  4.0111 -3.4124 -0.1973
v  3.9060 -3.2344 -0.3658
v  4.0811 -3.4158 -0.0852
v  4.2439 -3.3476 0.1783
v  4.1513 -3.4122 0.0268
v  4.2171 -3.4025 0.1321
v  4.2479 -3.2398 0.1857
v  3.5512 -3.3494 -0.3123
v  3.5563 -3.4025 -0.2586
v  3.5683 -3.4125 -0.1260
v  3.5500 -3.2398 -0.3209
v  3.5803 -3.4157 0.0034
v  3.6086 -3.3487 0.3093
v  3.5925 -3.4122 0.1328
v  3.6044 -3.4025 0.2561
v  3.6093 -3.2421 0.3176
v  3.6747 -3.3493 -0.3171
v  3.6849 -3.4025 -0.2638
v  3.7090 -3.4125 -0.1323
v  3.6725 -3.2328 -0.3261
v  3.7329 -3.4157 -0.0043
v  3.7893 -3.3488 0.2991
v  3.7572 -3.4122 0.1235
v  3.7810 -3.4024 0.2458
v  3.7906 -3.2383 0.3067
v  0.7014 -3.3490 0.3116
v  0.7014 -3.4025 0.2582
v  0.7014 -3.4118 0.1346
v  0.7014 -3.2459 0.3196
v  0.7014 -3.4158 0.0047
v  0.7014 -3.3491 -0.3116
v  0.7014 -3.4124 -0.1252
v  0.7014 -3.4025 -0.2578
v  0.7014 -3.2468 -0.3199
v  0.4965 -3.3490 0.3116
v  0.4965 -3.4025 0.2582
v  0.4965 -3.4119 0.1346
v  0.4965 -3.2459 0.3197
v  0.4965 -3.4157 0.0047
v  0.4965 -3.3491 -0.3116
v  0.4965 -3.4125 -0.1252
v  0.4965 -3.4025 -0.2578
v  0.4965 -3.2468 -0.3199
v  3.4274 -3.3489 0.3116
v  3.4274 -3.4024 0.2585
v  3.4273 -3.4118 0.1349
v  3.4274 -3.2459 0.3196
v  3.4273 -3.4158 0.0047
v  3.4274 -3.3490 -0.3116
v  3.4274 -3.4124 -0.1254
v  3.4274 -3.4025 -0.2582
v  3.4274 -3.2469 -0.3199
v  -4.7868 -3.4602 -3.6756
v  -4.6694 -3.4697 -3.6513
v  -4.5395 -3.4737 -3.6250
v  -4.4096 -3.4709 -3.5988
v  -4.2693 -3.4602 -3.5696
v  -4.1662 -3.3553 -3.5486
v  -4.1584 -3.2616 -3.5478
v  -4.8900 -3.3545 -3.6965
v  -4.8979 -3.2589 -3.6975
v  -4.8075 -3.4602 -3.5572
v  -4.6919 -3.4696 -3.5270
v  -4.5628 -3.4737 -3.4975
v  -4.4326 -3.4709 -3.4731
v  -4.2902 -3.4602 -3.4528
v  -4.1862 -3.3552 -3.4331
v  -4.1796 -3.2608 -3.4251
v  -4.9110 -3.3550 -3.5772
v  -4.9198 -3.2611 -3.5723
v  -4.2106 -3.2608 -3.3996
v  -4.2174 -3.3553 -3.4080
v  -4.9001 -3.2611 -3.5389
v  -4.8908 -3.3553 -3.5441
v  -4.8138 -3.4338 -3.5285
v  -4.6975 -3.4445 -3.4970
v  -4.5678 -3.4482 -3.4669
v  -4.4364 -3.4452 -3.4429
v  -4.2953 -3.4348 -3.4238
v  -4.7963 -3.4603 -3.6156
v  -4.6805 -3.4697 -3.5884
v  -4.5518 -3.4737 -3.5606
v  -4.4224 -3.4710 -3.5356
v  -4.2793 -3.4602 -3.5115
v  -4.1762 -3.3542 -3.4903
v  -4.1691 -3.2614 -3.4859
v  -4.9008 -3.3533 -3.6362
v  -4.9089 -3.2599 -3.6343
v  -4.6553 -3.4387 -3.7030
v  -4.5290 -3.4437 -3.6765
v  -4.4026 -3.4411 -3.6506
v  -4.2614 -3.4283 -3.6230
v  -4.1865 -3.3519 -3.6068
v  -4.1811 -3.2541 -3.6070
v  -4.7728 -3.4291 -3.7270
v  -4.8487 -3.3517 -3.7432
v  -4.8578 -3.2490 -3.7445
v  -4.6407 -3.4117 -3.7780
v  -4.5138 -3.4156 -3.7524
v  -4.3870 -3.4128 -3.7266
v  -4.2507 -3.4025 -3.6984
v  -4.1981 -3.3497 -3.6876
v  -4.7554 -3.4026 -3.8011
v  -4.8087 -3.3489 -3.8122
v  -4.8162 -3.2502 -3.8141
v  -4.1906 -3.2528 -3.6861
v  -4.6477 -3.4160 -3.7349
v  -4.5227 -3.4198 -3.7089
v  -4.3978 -3.4170 -3.6828
v  -4.2578 -3.4063 -3.6553
v  -4.2028 -3.3492 -3.6434
v  -4.7645 -3.4069 -3.7575
v  -4.8208 -3.3499 -3.7713
v  -4.8293 -3.2477 -3.7719
v  -4.1951 -3.2505 -3.6423
v  -4.6516 -3.4233 -3.7162
v  -4.5266 -3.4274 -3.6900
v  -4.4017 -3.4248 -3.6640
v  -4.2605 -3.4136 -3.6363
v  -4.7691 -3.4142 -3.7397
v  -4.8317 -3.3504 -3.7537
v  -4.8402 -3.2471 -3.7548
v  -4.1993 -3.3502 -3.6231
v  -4.1923 -3.2520 -3.6230
v  -4.2011 -3.3488 -3.6648
v  -4.1935 -3.2494 -3.6628
v  -4.6437 -3.4133 -3.7557
v  -4.5183 -3.4171 -3.7299
v  -4.3929 -3.4143 -3.7035
v  -4.2539 -3.4033 -3.6752
v  -4.7600 -3.4038 -3.7775
v  -4.8141 -3.3492 -3.7902
v  -4.8223 -3.2491 -3.7919
v  0.4849 -3.3483 0.3003
v  0.4849 -3.3898 0.2560
v  0.4849 -3.4002 0.1338
v  0.4849 -3.2400 0.3081
v  0.4849 -3.4040 0.0031
v  0.4848 -3.3406 -0.2994
v  0.4849 -3.4009 -0.1238
v  0.4849 -3.3908 -0.2563
v  0.4849 -3.2418 -0.3083
v  0.4965 -3.0909 -5.1250
v  3.4274 -3.0909 -5.1250
v  -3.2986 -3.0909 -4.4750
v  -3.2986 -3.0909 -5.1250
v  -3.5368 -3.0909 -5.1208
v  -3.5799 -3.0909 -4.4664
v  -3.7953 -3.0909 -4.4241
v  -4.0534 -3.0909 -5.0204
v  -3.9155 -3.0909 -4.3527
v  -3.9636 -3.0909 -4.3022
v  -4.3821 -3.0909 -4.8067
v  -4.2775 -3.0909 -4.8956
v  -4.4799 -3.0909 -4.6977
v  -4.6305 -3.0909 -4.4494
v  -4.1391 -3.0909 -3.8875
v  -4.7553 -3.0909 -4.0975
v  -4.8217 -3.0909 -3.8152
v  4.1688 -3.0909 -5.0258
v  3.7686 -3.0909 -4.4606
v  4.0276 -3.0909 -5.0713
v  4.1116 -3.0909 -4.2770
v  4.0541 -3.0909 -4.3439
v  4.8443 -3.0909 -4.2304
v  4.9033 -3.0909 -4.0249
v  4.9816 -3.0909 -3.6521
v  4.4198 -3.0909 -2.9463
v  5.0675 -3.0909 -2.9998
v  4.3875 -3.0909 -3.2437
v  4.3661 -3.0909 -3.3920
v  5.0085 -3.0909 -3.4912
v  5.0319 -3.0909 -3.3282
v  4.4383 -3.0909 -2.6477
v  5.0796 -3.0909 -2.8346
v  4.4426 -3.0909 -2.3184
v  5.0924 -3.0909 -2.4908
v  5.0925 -3.0909 -2.3064
v  4.4157 -3.0909 -1.8033
v  5.0624 -3.0909 -1.7410
v  4.3739 -3.0909 -1.4583
v  5.0165 -3.0909 -1.3625
v  5.0778 -3.0909 -1.9303
v  4.3137 -3.0909 -1.1152
v  4.9070 -3.0909 -0.7907
v  4.2223 -3.0909 -0.7503
v  4.2514 -3.0909 -0.8481
v  4.8535 -3.0909 -0.5976
v  4.8041 -3.0909 -0.4574
v  4.5860 -3.0909 -0.0736
v  3.7954 -3.0909 -0.3426
v  3.7921 -3.0909 0.3111
v  3.5497 -3.0909 -0.3252
v  0.7014 -3.0909 0.3250
v  0.7014 -3.0909 -0.3244
v  0.4965 -3.0909 -0.3243
v  3.4274 -3.0909 0.3250
v  -4.1637 -3.0909 -3.4821
v  -4.9263 -3.0909 -3.5686
v  -4.1746 -3.0909 -3.4190
v  -4.9062 -3.0909 -3.5352
v  -4.8275 -3.0909 -3.7939
v  -4.1882 -3.0909 -3.6610
v  -4.1863 -3.0909 -3.6209
v  4.1342 -3.3487 -0.5335
v  4.2871 -3.4126 -0.4186
v  4.1789 -3.4026 -0.4991
v  4.1267 -3.2342 -0.5384
v  4.3914 -3.4156 -0.3406
v  4.6352 -3.3480 -0.1606
v  4.5921 -3.4025 -0.1925
v  4.4958 -3.4119 -0.2629
v  4.6418 -3.2392 -0.1551
v  4.0568 -3.3474 -0.4409
v  4.1919 -3.4125 -0.3087
v  4.0950 -3.4024 -0.4027
v  4.0498 -3.2342 -0.4465
v  4.2860 -3.4157 -0.2179
v  4.5057 -3.3478 -0.0066
v  4.4677 -3.4024 -0.0431
v  4.3802 -3.4120 -0.1272
v  4.5115 -3.2393 -0.0004
v  4.1957 -3.3504 -0.6494
v  4.3618 -3.4126 -0.5493
v  4.2445 -3.4027 -0.6198
v  4.1877 -3.2345 -0.6539
v  4.4736 -3.4156 -0.4817
v  4.7332 -3.3481 -0.3269
v  4.6877 -3.4023 -0.3542
v  4.5855 -3.4117 -0.4145
v  4.7405 -3.2390 -0.3220
v  3.9637 -3.3467 -0.3794
v  4.0756 -3.4124 -0.2283
v  3.9963 -3.4024 -0.3351
v  3.9574 -3.2342 -0.3862
v  4.1547 -3.4158 -0.1229
v  4.3388 -3.3480 0.1256
v  4.3075 -3.4024 0.0829
v  4.2336 -3.4122 -0.0174
v  4.3435 -3.2397 0.1329
v  3.8575 -3.3469 -0.3421
v  3.9416 -3.4124 -0.1743
v  3.8825 -3.4025 -0.2936
v  3.8524 -3.2344 -0.3500
v  4.0012 -3.4158 -0.0563
v  4.1404 -3.3486 0.2227
v  4.1186 -3.4024 0.1748
v  4.0611 -3.4123 0.0615
v  4.1439 -3.2401 0.2308
v  3.7381 -3.3486 -0.3229
v  3.7891 -3.4125 -0.1417
v  3.7533 -3.4024 -0.2709
v  3.7348 -3.2329 -0.3318
v  3.8246 -3.4158 -0.0154
v  3.9085 -3.3486 0.2830
v  3.8962 -3.4025 0.2313
v  3.8608 -3.4123 0.1106
v  3.9107 -3.2387 0.2917
v  4.1246 -3.0909 -0.5400
v  4.0457 -3.0909 -0.4506
v  4.7453 -3.0909 -0.3211
v  3.9543 -3.0909 -0.3906
v  3.7338 -3.0909 -0.3341
v  -0.1246 -3.3473 0.2968
v  -0.1236 -3.3879 0.2558
v  -0.1243 -3.3988 0.1230
v  -0.1243 -3.2442 0.3057
v  -0.1243 -3.4018 0.0033
v  -0.1258 -3.3372 -0.2988
v  -0.1243 -3.3992 -0.1164
v  -0.1244 -3.3888 -0.2517
v  -0.1243 -3.2447 -0.3057
v  0.1806 -3.3473 0.2968
v  0.1814 -3.3882 0.2546
v  0.1803 -3.3987 0.1230
v  0.1803 -3.2442 0.3057
v  0.1803 -3.4018 0.0033
v  0.1821 -3.3375 -0.2988
v  0.1803 -3.3992 -0.1164
v  0.1812 -3.3887 -0.2522
v  0.1803 -3.2447 -0.3057
v  0.4965 -3.3889 -4.5022
v  -3.2984 -3.3889 -4.5022
v  -3.5060 -3.3885 -4.4983
v  -3.5839 -3.3891 -4.4936
v  -3.7356 -3.3891 -4.4707
v  -3.8707 -3.3887 -4.4182
v  -3.9793 -3.3890 -4.3259
v  -4.0221 -3.3891 -4.2667
v  -4.0582 -3.3889 -4.2014
v  -4.0894 -3.3887 -4.1312
v  -4.1418 -3.3882 -3.9775
v  -4.1646 -3.3889 -3.8972
v  -4.1889 -3.3895 -3.7940
v  3.9353 -3.3888 -4.4487
v  3.7739 -3.3892 -4.4877
v  4.0684 -3.3882 -4.3667
v  4.2723 -3.3891 -3.9746
v  4.4321 -3.3886 -3.0983
v  4.3922 -3.3880 -3.3966
v  4.4577 -3.3887 -2.7987
v  4.4692 -3.3883 -2.4864
v  4.4408 -3.3870 -1.8010
v  4.3997 -3.3887 -1.4543
v  4.4642 -3.3874 -2.1469
v  4.3407 -3.3893 -1.1095
v  4.2763 -3.3898 -0.8368
v  4.1790 -3.3900 -0.5802
v  3.4274 -3.3888 -0.2979
v  3.4274 -3.3887 -4.5020
v  -3.6611 -3.3893 -4.4849
v  -3.8057 -3.3888 -4.4491
v  -3.9290 -3.3888 -4.3769
v  -4.1167 -3.3883 -4.0569
v  3.5555 -3.3883 -4.5008
v  3.6741 -3.3887 -4.4967
v  4.0024 -3.3888 -4.4164
v  3.8587 -3.3891 -4.4723
v  4.1294 -3.3884 -4.2985
v  4.1840 -3.3895 -4.2087
v  4.2351 -3.3893 -4.0909
v  4.3084 -3.3890 -3.8321
v  4.3395 -3.3885 -3.6924
v  4.3673 -3.3881 -3.5452
v  4.4467 -3.3887 -2.9485
v  4.4139 -3.3884 -3.2477
v  4.4651 -3.3885 -2.6486
v  4.4689 -3.3879 -2.3181
v  4.4224 -3.3879 -1.6277
v  4.3722 -3.3895 -1.2816
v  4.4548 -3.3869 -1.9745
v  4.3106 -3.3900 -0.9726
v  4.2456 -3.3901 -0.7374
v  4.1086 -3.3892 -0.4745
v  4.0223 -3.3883 -0.3970
v  3.9209 -3.3885 -0.3468
v  3.8079 -3.3882 -0.3194
v  3.6783 -3.3890 -0.3034
v  3.5530 -3.3890 -0.2985
v  0.7014 -3.3889 -0.2977
v  0.4970 -3.3894 -0.2972
v  -4.1955 -3.4298 -3.5582
v  -4.2148 -3.4290 -3.4431
v  -4.2389 -3.4136 -3.4162
v  -4.2057 -3.4295 -3.4975
v  -4.2110 -3.4022 -3.6161
v  -4.2117 -3.3891 -3.6906
v  -4.2168 -3.3909 -3.6490
v  -4.2165 -3.3944 -3.6321
v  -4.2143 -3.3892 -3.6683
v  0.4849 -3.3811 -0.2898
v  4.1454 -3.3895 -0.5241
v  4.0666 -3.3884 -0.4315
v  4.2084 -3.3901 -0.6405
v  3.9731 -3.3882 -0.3689
v  3.8656 -3.3881 -0.3307
v  3.7433 -3.3886 -0.3098
v  -0.1251 -3.3733 -0.2813
v  0.1813 -3.3733 -0.2812
v  0.4965 -3.3888 -5.0979
v  -3.2986 -3.3888 -5.0979
v  -3.5354 -3.3887 -5.0937
v  -3.6660 -3.3878 -5.0845
v  -3.9212 -3.3880 -5.0381
v  -4.1538 -3.3881 -4.9436
v  -4.3629 -3.3880 -4.7885
v  -4.4587 -3.3879 -4.6820
v  -4.5406 -3.3880 -4.5624
v  -4.6061 -3.3885 -4.4384
v  -4.6957 -3.3890 -4.2029
v  -4.7299 -3.3883 -4.0889
v  -4.7646 -3.3887 -3.9496
v  4.1588 -3.3880 -5.0014
v  3.8789 -3.3883 -5.0742
v  4.4283 -3.3880 -4.8448
v  4.8204 -3.3881 -4.2184
v  5.0246 -3.3889 -3.1606
v  4.9808 -3.3895 -3.4882
v  5.0528 -3.3887 -2.8307
v  5.0656 -3.3886 -2.4877
v  5.0349 -3.3891 -1.7420
v  4.9900 -3.3882 -1.3649
v  5.0599 -3.3894 -2.1180
v  4.9241 -3.3887 -0.9903
v  4.8288 -3.3883 -0.6078
v  4.6775 -3.3883 -0.2514
v  3.4274 -3.3886 0.2981
v  3.4274 -3.3886 -5.0981
v  -3.7956 -3.3881 -5.0670
v  -4.0407 -3.3878 -4.9972
v  -4.2603 -3.3882 -4.8753
v  -4.6571 -3.3887 -4.3154
v  3.5787 -3.3888 -5.0964
v  3.7343 -3.3884 -5.0894
v  4.2948 -3.3884 -4.9361
v  4.0207 -3.3881 -5.0458
v  4.5518 -3.3883 -4.7250
v  4.6609 -3.3881 -4.5762
v  4.7512 -3.3883 -4.4025
v  4.8780 -3.3885 -4.0154
v  4.9247 -3.3889 -3.8054
v  4.9535 -3.3897 -3.6489
v  5.0406 -3.3889 -2.9959
v  5.0044 -3.3894 -3.3244
v  5.0611 -3.3886 -2.6652
v  5.0650 -3.3891 -2.3043
v  5.0150 -3.3886 -1.5533
v  4.9596 -3.3883 -1.1772
v  5.0499 -3.3894 -1.9305
v  4.8814 -3.3880 -0.7975
v  4.7805 -3.3874 -0.4681
v  4.5649 -3.3883 -0.0899
v  4.4177 -3.3877 0.0539
v  4.2370 -3.3882 0.1668
v  4.0220 -3.3881 0.2454
v  3.7870 -3.3881 0.2849
v  3.6074 -3.3886 0.2957
v  0.7014 -3.3888 0.2979
v  0.4961 -3.3897 0.2969
v  -4.8595 -3.4305 -3.6892
v  -4.8807 -3.4294 -3.5754
v  -4.8708 -3.4107 -3.5439
v  -4.8708 -3.4296 -3.6311
v  -4.8223 -3.4032 -3.7419
v  -4.7949 -3.3890 -3.8095
v  -4.8053 -3.3920 -3.7694
v  -4.8121 -3.3954 -3.7543
v  -4.8003 -3.3903 -3.7874
v  0.4849 -3.3810 0.2903
v  4.6245 -3.3884 -0.1688
v  4.4960 -3.3880 -0.0156
v  4.7221 -3.3882 -0.3343
v  4.3306 -3.3882 0.1152
v  4.1347 -3.3884 0.2107
v  3.9053 -3.3886 0.2700
v  -0.1241 -3.3724 0.2821
v  0.1797 -3.3726 0.2820
v  0.4965 -3.3714 -4.4922
v  0.4965 -3.3987 -5.0804
v  -3.2985 -3.3714 -4.4922
v  -3.2986 -3.3987 -5.0804
v  -3.5052 -3.3709 -4.4886
v  -3.5345 -3.3987 -5.0763
v  -3.5822 -3.3716 -4.4835
v  -3.6636 -3.3983 -5.0675
v  -3.7323 -3.3716 -4.4610
v  -3.9157 -3.3984 -5.0218
v  -3.8663 -3.3712 -4.4093
v  -4.1454 -3.3984 -4.9286
v  -3.9734 -3.3713 -4.3171
v  -4.3515 -3.3983 -4.7759
v  -4.0152 -3.3712 -4.2585
v  -4.4459 -3.3982 -4.6710
v  -4.0504 -3.3710 -4.1942
v  -4.5266 -3.3982 -4.5531
v  -4.0810 -3.3707 -4.1251
v  -4.5910 -3.3984 -4.4306
v  -4.1330 -3.3705 -3.9732
v  -4.6790 -3.3989 -4.1969
v  -4.1553 -3.3715 -3.8935
v  -4.7133 -3.3985 -4.0837
v  -4.1789 -3.3723 -3.7910
v  -4.7473 -3.3988 -3.9452
v  3.9317 -3.3711 -4.4394
v  4.1524 -3.3984 -4.9853
v  3.7719 -3.3719 -4.4777
v  3.8759 -3.3986 -5.0569
v  4.0634 -3.3700 -4.3581
v  4.4179 -3.3982 -4.8315
v  4.2634 -3.3719 -3.9689
v  4.8045 -3.3984 -4.2113
v  4.4224 -3.3712 -3.0970
v  5.0074 -3.3987 -3.1584
v  4.3829 -3.3707 -3.3947
v  4.9635 -3.3989 -3.4859
v  4.4479 -3.3713 -2.7980
v  5.0353 -3.3987 -2.8293
v  4.4595 -3.3709 -2.4862
v  5.0477 -3.3988 -2.4874
v  4.4316 -3.3670 -1.8019
v  5.0174 -3.3989 -1.7443
v  4.3897 -3.3704 -1.4559
v  4.9732 -3.3984 -1.3677
v  4.4550 -3.3693 -2.1472
v  5.0422 -3.3990 -2.1191
v  4.3309 -3.3723 -1.1117
v  4.9069 -3.3986 -0.9937
v  4.2665 -3.3725 -0.8413
v  4.8127 -3.3985 -0.6145
v  4.1701 -3.3724 -0.5867
v  4.6634 -3.3985 -0.2616
v  3.4274 -3.3986 0.2807
v  3.4274 -3.3713 -0.3078
v  3.4274 -3.3711 -5.1079
v  -3.7981 -3.3704 -5.0763
v  -4.0447 -3.3702 -5.0057
v  -4.2658 -3.3706 -4.8832
v  -4.6661 -3.3716 -4.3193
v  3.5792 -3.3713 -5.1063
v  3.7354 -3.3707 -5.0991
v  4.2995 -3.3706 -4.9447
v  4.0231 -3.3701 -5.0551
v  4.5586 -3.3708 -4.7319
v  4.6685 -3.3706 -4.5822
v  4.7596 -3.3706 -4.4079
v  4.8872 -3.3707 -4.0192
v  4.9348 -3.3716 -3.8055
v  4.9640 -3.3727 -3.6500
v  5.0505 -3.3715 -2.9971
v  5.0146 -3.3722 -3.3262
v  5.0711 -3.3706 -2.6658
v  5.0752 -3.3715 -2.3042
v  5.0247 -3.3712 -1.5516
v  4.9691 -3.3708 -1.1754
v  5.0601 -3.3721 -1.9290
v  4.8905 -3.3706 -0.7945
v  4.7886 -3.3699 -0.4640
v  4.5724 -3.3704 -0.0836
v  4.4239 -3.3699 0.0609
v  4.2420 -3.3703 0.1751
v  4.0250 -3.3706 0.2545
v  3.7886 -3.3706 0.2944
v  3.6082 -3.3710 0.3055
v  0.7014 -3.3713 0.3078
v  0.4962 -3.3720 0.3076
v  -4.8274 -3.4513 -3.6832
v  -4.8484 -3.4511 -3.5679
v  -4.8849 -3.3862 -3.5456
v  -4.1748 -3.3970 -3.5525
v  -4.1947 -3.3970 -3.4381
v  -4.1848 -3.3963 -3.4930
v  -4.8379 -3.4513 -3.6246
v  -4.8393 -3.3802 -3.7436
v  -4.8049 -3.3715 -3.8115
v  -4.8163 -3.3736 -3.7714
v  -4.8252 -3.3755 -3.7551
v  -4.8106 -3.3725 -3.7896
v  0.4849 -3.3625 0.2983
v  4.6323 -3.3707 -0.1629
v  4.5030 -3.3703 -0.0091
v  4.7303 -3.3706 -0.3291
v  4.3365 -3.3705 0.1229
v  4.1388 -3.3710 0.2196
v  3.9076 -3.3711 0.2795
v  -0.1245 -3.3564 0.2934
v  0.1803 -3.3564 0.2934
v  3.4274 -3.3712 -4.4922
v  -3.6586 -3.3718 -4.4749
v  -3.8018 -3.3712 -4.4399
v  -3.9240 -3.3713 -4.3680
v  -4.1080 -3.3703 -4.0520
v  3.5552 -3.3708 -4.4911
v  3.6733 -3.3713 -4.4868
v  3.9983 -3.3707 -4.4070
v  3.8564 -3.3718 -4.4625
v  4.1231 -3.3706 -4.2903
v  4.1771 -3.3723 -4.1993
v  4.2264 -3.3722 -4.0852
v  4.2989 -3.3716 -3.8287
v  4.3296 -3.3709 -3.6917
v  4.3580 -3.3707 -3.5432
v  4.4369 -3.3713 -2.9476
v  4.4044 -3.3711 -3.2461
v  4.4554 -3.3712 -2.6482
v  4.4595 -3.3702 -2.3182
v  4.4122 -3.3666 -1.6289
v  4.3619 -3.3721 -1.2836
v  4.4458 -3.3684 -1.9749
v  4.3004 -3.3729 -0.9761
v  4.2359 -3.3730 -0.7427
v  4.1009 -3.3713 -0.4814
v  4.0156 -3.3701 -0.4043
v  3.9148 -3.3704 -0.3553
v  3.8035 -3.3704 -0.3285
v  3.6760 -3.3716 -0.3133
v  3.5519 -3.3716 -0.3085
v  0.7014 -3.3715 -0.3078
v  0.4967 -3.3696 -0.3083
v  -4.2231 -3.3863 -3.4117
v  -4.1950 -3.3796 -3.6106
v  -4.2019 -3.3718 -3.6885
v  -4.2067 -3.3725 -3.6457
v  -4.2047 -3.3747 -3.6271
v  -4.2047 -3.3714 -3.6660
v  0.4849 -3.3633 -0.2980
v  4.1372 -3.3717 -0.5308
v  4.0596 -3.3704 -0.4384
v  4.1992 -3.3729 -0.6466
v  3.9666 -3.3699 -0.3767
v  3.8603 -3.3700 -0.3392
v  3.7399 -3.3710 -0.3194
v  -0.1256 -3.3573 -0.2929
v  0.1818 -3.3575 -0.2928
v  0.4965 -3.3713 -5.1078
v  -3.2986 -3.3713 -5.1078
v  -3.5360 -3.3712 -5.1036
v  -3.6676 -3.3701 -5.0938
v  -3.9245 -3.3703 -5.0471
v  -4.1586 -3.3706 -4.9519
v  -4.3692 -3.3706 -4.7957
v  -4.4658 -3.3705 -4.6882
v  -4.5484 -3.3708 -4.5677
v  -4.6146 -3.3713 -4.4429
v  -4.7052 -3.3716 -4.2065
v  -4.7392 -3.3705 -4.0920
v  -4.7742 -3.3709 -3.9522
v  4.1623 -3.3701 -5.0103
v  3.8808 -3.3705 -5.0838
v  4.4341 -3.3706 -4.8523
v  4.8290 -3.3703 -4.2229
v  5.0345 -3.3717 -3.1621
v  4.9910 -3.3725 -3.4895
v  5.0627 -3.3711 -2.8316
v  5.0756 -3.3706 -2.4880
v  5.0449 -3.3717 -1.7403
v  4.9995 -3.3708 -1.3633
v  5.0702 -3.3721 -2.1173
v  4.9337 -3.3711 -0.9884
v  4.8375 -3.3708 -0.6034
v  4.6851 -3.3705 -0.2452
v  3.4274 -3.3711 0.3079
v  3.4274 -3.3986 -5.0807
v  -3.7917 -3.3984 -5.0501
v  -4.0338 -3.3982 -4.9816
v  -4.2504 -3.3984 -4.8613
v  -4.6412 -3.3986 -4.3088
v  3.5781 -3.3987 -5.0789
v  3.7325 -3.3986 -5.0720
v  4.2862 -3.3986 -4.9208
v  4.0163 -3.3985 -5.0289
v  4.5394 -3.3984 -4.7132
v  4.6471 -3.3983 -4.5662
v  4.7359 -3.3985 -4.3938
v  4.8613 -3.3986 -4.0097
v  4.9073 -3.3987 -3.8039
v  4.9358 -3.3991 -3.6465
v  5.0232 -3.3987 -2.9940
v  4.9869 -3.3990 -3.3217
v  5.0433 -3.3987 -2.6643
v  5.0472 -3.3989 -2.3046
v  4.9979 -3.3986 -1.5559
v  4.9426 -3.3985 -1.1803
v  5.0321 -3.3990 -1.9324
v  4.8653 -3.3982 -0.8023
v  4.7655 -3.3980 -0.4752
v  4.5515 -3.3986 -0.1013
v  4.4066 -3.3982 0.0409
v  4.2284 -3.3985 0.1516
v  4.0169 -3.3983 0.2291
v  3.7845 -3.3984 0.2677
v  3.6061 -3.3986 0.2783
v  0.7014 -3.3987 0.2805
v  0.4964 -3.3989 0.2798
v  -4.8811 -3.3971 -3.6941
v  -4.9016 -3.3966 -3.5782
v  -4.8457 -3.4269 -3.5377
v  -4.8919 -3.3960 -3.6352
v  -4.8002 -3.4200 -3.7351
v  -4.7776 -3.3989 -3.8058
v  -4.7874 -3.4027 -3.7640
v  -4.7930 -3.4081 -3.7477
v  -4.7827 -3.4004 -3.7829
v  0.4849 -3.3880 0.2734
v  4.6103 -3.3986 -0.1792
v  4.4836 -3.3984 -0.0276
v  4.7071 -3.3985 -0.3430
v  4.3205 -3.3984 0.1011
v  4.1278 -3.3985 0.1949
v  3.9014 -3.3986 0.2530
v  -0.1238 -3.3839 0.2662
v  0.1792 -3.3841 0.2659
v  3.4274 -3.3988 -4.5200
v  -3.6650 -3.3991 -4.5028
v  -3.8126 -3.3989 -4.4658
v  -3.9390 -3.3989 -4.3922
v  -4.1331 -3.3987 -4.0648
v  3.5560 -3.3986 -4.5183
v  3.6755 -3.3988 -4.5144
v  4.0108 -3.3990 -4.4331
v  3.8629 -3.3990 -4.4898
v  4.1420 -3.3987 -4.3118
v  4.1978 -3.3991 -4.2220
v  4.2509 -3.3990 -4.0997
v  4.3255 -3.3989 -3.8376
v  4.3574 -3.3988 -3.6948
v  4.3843 -3.3984 -3.5485
v  4.4645 -3.3988 -2.9502
v  4.4313 -3.3986 -3.2504
v  4.4827 -3.3986 -2.6493
v  4.4865 -3.3984 -2.3179
v  4.4428 -3.3993 -1.6251
v  4.3903 -3.3991 -1.2783
v  4.4725 -3.3982 -1.9735
v  4.3286 -3.3993 -0.9672
v  4.2627 -3.3994 -0.7291
v  4.1227 -3.3991 -0.4622
v  4.0339 -3.3988 -0.3828
v  3.9302 -3.3989 -0.3304
v  3.8141 -3.3987 -0.3023
v  3.6813 -3.3990 -0.2855
v  3.5545 -3.3989 -0.2804
v  0.7014 -3.3989 -0.2797
v  0.4967 -3.3985 -0.2809
v  -4.2656 -3.4290 -3.4203
v  -4.2341 -3.4189 -3.6196
v  -4.2294 -3.3989 -3.6941
v  -4.2352 -3.4021 -3.6521
v  -4.2364 -3.4074 -3.6344
v  -4.2320 -3.3999 -3.6714
v  0.4849 -3.3888 -0.2738
v  4.1606 -3.3992 -0.5127
v  4.0793 -3.3988 -0.4185
v  4.2249 -3.3994 -0.6310
v  3.9835 -3.3987 -0.3538
v  3.8733 -3.3987 -0.3141
v  3.7479 -3.3988 -0.2923
v  -0.1246 -3.3846 -0.2645
v  0.1807 -3.3847 -0.2645
v  0.4965 -3.3989 -4.5203
v  -3.2985 -3.3989 -4.5203
v  -3.5072 -3.3987 -4.5161
v  -3.5864 -3.3990 -4.5117
v  -3.7410 -3.3990 -4.4881
v  -3.8791 -3.3988 -4.4340
v  -3.9911 -3.3990 -4.3403
v  -4.0357 -3.3991 -4.2797
v  -4.0733 -3.3990 -4.2127
v  -4.1054 -3.3990 -4.1407
v  -4.1584 -3.3986 -3.9843
v  -4.1816 -3.3989 -3.9031
v  -4.2063 -3.3991 -3.7988
v  3.9418 -3.3989 -4.4657
v  3.7771 -3.3990 -4.5055
v  4.0789 -3.3987 -4.3816
v  4.2886 -3.3989 -3.9829
v  4.4498 -3.3987 -3.1004
v  4.4091 -3.3984 -3.3996
v  4.4754 -3.3988 -2.7998
v  4.4868 -3.3986 -2.4866
v  4.4596 -3.3986 -1.7994
v  4.4181 -3.3990 -1.4515
v  4.4819 -3.3983 -2.1463
v  4.3581 -3.3989 -1.1058
v  4.2937 -3.3993 -0.8298
v  4.1951 -3.3994 -0.5696
v  3.4274 -3.3988 -0.2800
v  -4.2288 -3.4513 -3.5637
v  -4.2486 -3.4514 -3.4487
v  -4.2389 -3.4513 -3.5041
v  -4.3257 -3.2058 -3.4070
v  -4.4509 -3.1453 -3.4213
v  -4.3306 -3.2696 -3.4113
v  -4.4533 -3.1752 -3.4227
v  -4.7899 -3.2060 -3.5006
v  -4.6678 -3.1454 -3.4648
v  -4.6650 -3.1752 -3.4653
v  -4.7324 -3.3221 -3.4924
v  -4.6537 -3.3293 -3.4725
v  -4.6042 -3.2029 -3.4519
v  -4.5661 -3.3318 -3.4529
v  -4.5630 -3.2041 -3.4433
v  -4.4775 -3.3298 -3.4364
v  -4.5217 -3.2031 -3.4352
v  -4.4774 -3.1998 -3.4276
v  -4.3451 -3.3087 -3.4159
v  -4.4600 -3.1934 -3.4245
v  -4.7708 -3.3068 -3.5019
v  -4.6591 -3.1925 -3.4646
v  -4.7801 -3.2905 -3.5032
v  -4.6633 -3.1849 -3.4653
v  -4.3345 -3.2905 -3.4133
v  -4.4551 -3.1849 -3.4234
v  -4.7541 -3.3175 -3.4980
v  -4.6513 -3.1974 -3.4629
v  -4.3628 -3.3189 -3.4189
v  -4.4681 -3.1980 -3.4260
v  -4.8944 -3.2608 -3.5370
v  -4.8851 -3.3545 -3.5421
v  -4.8795 -3.3842 -3.5436
v  -4.8667 -3.4065 -3.5420
v  -4.8437 -3.4213 -3.5364
v  -4.8132 -3.4279 -3.5276
v  -4.6975 -3.4386 -3.4959
v  -4.5680 -3.4422 -3.4661
v  -4.4368 -3.4393 -3.4421
v  -4.2961 -3.4289 -3.4231
v  -4.2677 -3.4233 -3.4198
v  -4.2433 -3.4092 -3.4160
v  -4.2287 -3.3841 -3.4120
v  -4.2233 -3.3545 -3.4084
v  -4.2166 -3.2605 -3.4000
v  -4.1906 -3.2612 -3.4064
v  -4.1973 -3.3562 -3.4144
v  -4.9160 -3.2615 -3.5517
v  -4.9068 -3.3561 -3.5568
v  -4.8125 -3.4524 -3.5381
v  -4.6960 -3.4624 -3.5073
v  -4.5663 -3.4666 -3.4770
v  -4.4350 -3.4633 -3.4532
v  -4.2928 -3.4528 -3.4333
v  -4.2240 -3.4251 -3.4240
v  -4.8801 -3.4235 -3.5559
v  -4.2046 -3.3939 -3.4190
v  -4.8499 -3.4437 -3.5485
v  -4.8986 -3.3933 -3.5583
v  -4.2560 -3.4453 -3.4292
v  -4.9198 -3.2614 -3.5618
v  -4.9108 -3.3557 -3.5668
v  -4.8101 -3.4582 -3.5472
v  -4.6940 -3.4678 -3.5167
v  -4.5646 -3.4722 -3.4868
v  -4.4339 -3.4689 -3.4627
v  -4.2915 -3.4583 -3.4426
v  -4.1833 -3.2610 -3.4149
v  -4.1899 -3.3558 -3.4229
v  -4.2180 -3.4284 -3.4328
v  -4.8816 -3.4278 -3.5654
v  -4.1980 -3.3962 -3.4278
v  -4.8498 -3.4491 -3.5578
v  -4.9018 -3.3957 -3.5681
v  -4.2516 -3.4501 -3.4383
v  -4.7803 -3.4553 -3.7073
v  -4.8873 -3.2548 -3.7286
v  -4.8791 -3.3547 -3.7278
v  -4.1651 -3.3551 -3.5814
v  -4.6620 -3.4649 -3.6829
v  -4.5332 -3.4689 -3.6561
v  -4.4044 -3.4660 -3.6298
v  -4.2628 -3.4551 -3.6018
v  -4.1579 -3.2589 -3.5812
v  -4.1939 -3.4241 -3.5923
v  -4.8484 -3.4261 -3.7242
v  -4.8171 -3.4467 -3.7165
v  -4.1736 -3.3926 -3.5858
v  -4.8699 -3.3936 -3.7275
v  -4.2258 -3.4457 -3.5973
v  -4.7914 -3.4602 -3.6460
v  -4.6751 -3.4696 -3.6203
v  -4.5457 -3.4737 -3.5932
v  -4.4160 -3.4709 -3.5676
v  -4.2744 -3.4602 -3.5409
v  -4.1711 -3.3545 -3.5198
v  -4.1637 -3.2619 -3.5173
v  -4.8953 -3.3536 -3.6668
v  -4.9033 -3.2600 -3.6664
v  -4.2006 -3.4299 -3.5285
v  -4.8651 -3.4301 -3.6607
v  -4.8863 -3.3967 -3.6652
v  -4.1798 -3.3969 -3.5233
v  -4.8329 -3.4512 -3.6544
v  -4.2336 -3.4513 -3.5344
v  -4.1725 -3.3539 -3.5959
v  -4.6583 -3.4548 -3.6953
v  -4.5306 -3.4593 -3.6687
v  -4.4028 -3.4565 -3.6425
v  -4.2612 -3.4445 -3.6146
v  -4.1665 -3.2567 -3.5958
v  -4.2009 -3.4142 -3.6051
v  -4.1817 -3.3868 -3.5997
v  -4.2288 -3.4344 -3.6100
v  -4.7764 -3.4451 -3.7196
v  -4.8750 -3.2518 -3.7396
v  -4.8662 -3.3536 -3.7384
v  -4.8365 -3.4162 -3.7348
v  -4.8090 -3.4358 -3.7280
v  -4.8566 -3.3877 -3.7380
v  -4.7837 -3.4591 -3.6923
v  -4.8935 -3.2572 -3.7140
v  -4.8858 -3.3548 -3.7132
v  -4.8550 -3.4296 -3.7080
v  -4.8229 -3.4504 -3.7009
v  -4.8767 -3.3962 -3.7121
v  -4.1641 -3.3554 -3.5655
v  -4.6658 -3.4686 -3.6678
v  -4.5363 -3.4724 -3.6412
v  -4.4067 -3.4695 -3.6149
v  -4.2658 -3.4591 -3.5865
v  -4.1568 -3.2605 -3.5651
v  -4.1932 -3.4284 -3.5761
v  -4.1727 -3.3956 -3.5698
v  -4.2264 -3.4501 -3.5813
v  0.4883 -3.3485 0.3082
v  0.4883 -3.3990 0.2580
v  0.4884 -3.4083 0.1344
v  0.4882 -3.2431 0.3163
v  0.4886 -3.4120 0.0039
v  0.4884 -3.3489 -0.3082
v  0.4886 -3.4088 -0.1247
v  0.4883 -3.3991 -0.2574
v  0.4883 -3.2444 -0.3165
v  0.4886 -3.3870 -0.2952
v  0.4884 -3.3868 0.2950
v  0.4884 -3.3673 -0.3055
v  0.4882 -3.3958 0.2773
v  0.4883 -3.3680 0.3051
v  0.4885 -3.3959 -0.2782
v  0.4849 -3.3907 0.2456
v  -0.1234 -3.3897 0.2457
v  0.1817 -3.3897 0.2461
v  0.4882 -3.3998 0.2479
v  0.4712 -3.3471 0.2969
v  0.4712 -3.3879 0.2557
v  0.4712 -3.3979 0.1332
v  0.4712 -3.2402 0.3073
v  0.4712 -3.4019 0.0031
v  0.4717 -3.3373 -0.2988
v  0.4712 -3.4008 -0.1235
v  0.4712 -3.3879 -0.2555
v  0.4712 -3.2418 -0.3059
v  0.4726 -3.3721 -0.2825
v  0.4715 -3.3726 0.2819
v  0.4712 -3.3812 0.2710
v  0.4721 -3.3576 -0.2928
v  0.4714 -3.3601 0.2914
v  0.4737 -3.3826 -0.2687
v  0.4712 -3.3898 0.2455
v  -0.1245 -3.3367 0.2989
v  0.1805 -3.3367 0.2989
v  0.4709 -3.3370 0.2988
v  -0.1240 -3.3897 -0.2458
v  0.1820 -3.3897 -0.2464
v  0.4712 -3.3889 -0.2456
v  0.4965 -3.4032 -4.5513
v  3.4274 -3.4032 -4.5510
v  -3.2985 -3.4034 -4.5513
v  -3.5089 -3.4032 -4.5468
v  -3.5906 -3.4032 -4.5425
v  -3.6718 -3.4033 -4.5332
v  -3.7503 -3.4033 -4.5178
v  -3.8246 -3.4032 -4.4945
v  -3.8938 -3.4031 -4.4614
v  -4.0116 -3.4032 -4.3647
v  -3.9564 -3.4032 -4.4183
v  -4.0592 -3.4032 -4.3017
v  -4.0993 -3.4032 -4.2319
v  -4.1330 -3.4033 -4.1571
v  -4.1874 -3.4031 -3.9961
v  -4.1616 -3.4032 -4.0784
v  -4.2114 -3.4032 -3.9131
v  -4.2368 -3.4032 -3.8070
v  3.5571 -3.4031 -4.5491
v  3.6784 -3.4032 -4.5454
v  3.9531 -3.4033 -4.4951
v  4.0259 -3.4033 -4.4612
v  3.8709 -3.4033 -4.5201
v  3.7824 -3.4033 -4.5364
v  4.1641 -3.4032 -4.3341
v  4.0976 -3.4031 -4.4070
v  4.2230 -3.4033 -4.2419
v  4.2780 -3.4033 -4.1156
v  4.3556 -3.4032 -3.8472
v  4.3174 -3.4033 -3.9959
v  4.3885 -3.4034 -3.7003
v  4.4148 -3.4033 -3.5542
v  4.4952 -3.4034 -2.9528
v  4.4804 -3.4033 -3.1039
v  4.4617 -3.4033 -3.2548
v  4.4393 -3.4032 -3.4047
v  4.5136 -3.4033 -2.6503
v  4.5063 -3.4034 -2.8016
v  4.5178 -3.4031 -2.4869
v  4.5176 -3.4031 -2.3174
v  4.4725 -3.4032 -1.6213
v  4.4902 -3.4031 -1.7964
v  4.4216 -3.4032 -1.2726
v  4.4499 -3.4033 -1.4465
v  4.5037 -3.4030 -1.9714
v  4.5131 -3.4031 -2.1450
v  4.3886 -3.4032 -1.0995
v  4.3591 -3.4033 -0.9581
v  4.2915 -3.4034 -0.7151
v  4.3233 -3.4034 -0.8180
v  4.2222 -3.4034 -0.5519
v  4.1470 -3.4033 -0.4413
v  4.0544 -3.4031 -0.3585
v  3.9463 -3.4032 -0.3025
v  3.8247 -3.4031 -0.2725
v  3.6866 -3.4032 -0.2545
v  3.5571 -3.4032 -0.2493
v  0.7014 -3.4032 -0.2485
v  0.4965 -3.4032 -0.2485
v  3.4274 -3.4032 -0.2489
v  -4.2791 -3.4609 -3.5716
v  -4.3001 -3.4610 -3.4542
v  -4.3051 -3.4355 -3.4251
v  -4.2893 -3.4609 -3.5132
v  -4.2713 -3.4292 -3.6249
v  -4.2602 -3.4032 -3.7004
v  -4.2676 -3.4070 -3.6573
v  -4.2704 -3.4144 -3.6383
v  -4.2636 -3.4041 -3.6772
v  0.4849 -3.3915 -0.2471
v  4.1864 -3.4033 -0.4935
v  4.1018 -3.4031 -0.3961
v  4.2527 -3.4034 -0.6149
v  4.0018 -3.4031 -0.3277
v  3.8867 -3.4032 -0.2852
v  3.7558 -3.4031 -0.2618
v  -4.3827 -3.3228 -3.4218
v  -4.3060 -3.4296 -3.4245
v  -4.3028 -3.4535 -3.4347
v  -4.3015 -3.4591 -3.4440
v  -4.2727 -3.4558 -3.6038
v  -4.2843 -3.4610 -3.5428
v  -4.2711 -3.4453 -3.6166
v  -4.2757 -3.4598 -3.5884
v  0.4883 -3.3997 -0.2481
v  3.4274 -3.4033 -5.0485
v  0.4965 -3.4035 -5.0482
v  -3.2985 -3.4035 -5.0482
v  -3.5328 -3.4033 -5.0437
v  -3.6591 -3.4033 -5.0355
v  -3.7844 -3.4032 -5.0185
v  -3.9057 -3.4032 -4.9910
v  -4.0212 -3.4032 -4.9522
v  -4.1301 -3.4032 -4.9005
v  -4.3307 -3.4032 -4.7518
v  -4.2323 -3.4032 -4.8349
v  -4.4224 -3.4031 -4.6498
v  -4.5008 -3.4031 -4.5349
v  -4.5633 -3.4031 -4.4152
v  -4.6488 -3.4033 -4.1853
v  -4.6121 -3.4033 -4.2958
v  -4.6828 -3.4032 -4.0738
v  -4.7162 -3.4033 -3.9369
v  3.5769 -3.4033 -5.0466
v  3.7294 -3.4032 -5.0401
v  4.1403 -3.4032 -4.9557
v  4.2702 -3.4033 -4.8927
v  4.0078 -3.4032 -4.9980
v  3.8703 -3.4032 -5.0253
v  4.5166 -3.4032 -4.6907
v  4.3986 -3.4031 -4.8063
v  4.6216 -3.4032 -4.5470
v  4.7080 -3.4032 -4.3776
v  4.8307 -3.4032 -3.9999
v  4.7751 -3.4032 -4.1985
v  4.8763 -3.4034 -3.7990
v  4.9046 -3.4035 -3.6412
v  4.9913 -3.4035 -2.9911
v  4.9757 -3.4034 -3.1547
v  4.9551 -3.4035 -3.3173
v  4.9323 -3.4035 -3.4810
v  5.0108 -3.4035 -2.6631
v  5.0030 -3.4035 -2.8272
v  5.0152 -3.4035 -2.4871
v  5.0148 -3.4035 -2.3052
v  4.9660 -3.4034 -1.5601
v  4.9851 -3.4035 -1.7479
v  4.9115 -3.4033 -1.1858
v  4.9418 -3.4033 -1.3725
v  4.9997 -3.4036 -1.9352
v  5.0100 -3.4036 -2.1207
v  4.8758 -3.4034 -1.0000
v  4.8354 -3.4031 -0.8113
v  4.7374 -3.4030 -0.4889
v  4.7832 -3.4032 -0.6265
v  4.6367 -3.4032 -0.2791
v  4.5268 -3.4032 -0.1219
v  4.3858 -3.4031 0.0168
v  4.2119 -3.4032 0.1237
v  4.0062 -3.4032 0.1990
v  3.7791 -3.4032 0.2360
v  3.6035 -3.4033 0.2462
v  0.7014 -3.4035 0.2483
v  0.4964 -3.4034 0.2483
v  3.4274 -3.4034 0.2487
v  -4.7775 -3.4610 -3.6737
v  -4.7982 -3.4611 -3.5548
v  -4.8046 -3.4348 -3.5258
v  -4.7870 -3.4611 -3.6135
v  -4.7634 -3.4299 -3.7251
v  -4.7463 -3.4033 -3.7992
v  -4.7552 -3.4076 -3.7557
v  -4.7597 -3.4149 -3.7378
v  -4.7507 -3.4046 -3.7757
v  4.5844 -3.4032 -0.1981
v  4.4607 -3.4032 -0.0498
v  4.6795 -3.4031 -0.3590
v  4.3016 -3.4032 0.0749
v  4.1140 -3.4032 0.1657
v  3.8933 -3.4033 0.2217
v  -4.6412 -3.1995 -3.4605
v  -4.8040 -3.4288 -3.5249
v  -4.8032 -3.4533 -3.5355
v  -4.8009 -3.4591 -3.5447
v  -4.7708 -3.4561 -3.7054
v  -4.7822 -3.4611 -3.6440
v  -4.7669 -3.4458 -3.7177
v  -4.7743 -3.4599 -3.6903
v  3.4274 -3.3371 -5.1126
v  0.4965 -3.3373 -5.1128
v  -3.2985 -3.3373 -5.1128
v  -3.5363 -3.3370 -5.1082
v  -3.6686 -3.3366 -5.0992
v  -3.7996 -3.3364 -5.0808
v  -3.9264 -3.3362 -5.0512
v  -4.0471 -3.3363 -5.0097
v  -4.1614 -3.3367 -4.9557
v  -4.3725 -3.3368 -4.7988
v  -4.2688 -3.3367 -4.8866
v  -4.4695 -3.3369 -4.6909
v  -4.5525 -3.3371 -4.5699
v  -4.6190 -3.3376 -4.4448
v  -4.7099 -3.3375 -4.2082
v  -4.6710 -3.3380 -4.3210
v  -4.7437 -3.3362 -4.0936
v  -4.7788 -3.3367 -3.9536
v  3.5794 -3.3373 -5.1112
v  3.7361 -3.3366 -5.1038
v  4.1641 -3.3361 -5.0146
v  4.3018 -3.3366 -4.9487
v  4.0242 -3.3359 -5.0596
v  3.8817 -3.3363 -5.0883
v  4.5619 -3.3371 -4.7352
v  4.4369 -3.3371 -4.8559
v  4.6720 -3.3367 -4.5851
v  4.7635 -3.3362 -4.4106
v  4.8914 -3.3355 -4.0211
v  4.8331 -3.3358 -4.2254
v  4.9401 -3.3369 -3.8051
v  4.9695 -3.3377 -3.6502
v  5.0555 -3.3366 -2.9975
v  5.0396 -3.3368 -3.1626
v  5.0198 -3.3371 -3.3268
v  4.9963 -3.3377 -3.4898
v  5.0760 -3.3351 -2.6659
v  5.0677 -3.3360 -2.8319
v  5.0805 -3.3351 -2.4880
v  5.0804 -3.3363 -2.3040
v  5.0296 -3.3365 -1.5507
v  5.0500 -3.3369 -1.7394
v  4.9739 -3.3360 -1.1744
v  5.0043 -3.3362 -1.3623
v  5.0653 -3.3372 -1.9281
v  5.0754 -3.3372 -2.1168
v  4.9386 -3.3362 -0.9873
v  4.8948 -3.3360 -0.7929
v  4.7932 -3.3358 -0.4615
v  4.8419 -3.3360 -0.6009
v  4.6886 -3.3356 -0.2418
v  4.5758 -3.3352 -0.0806
v  4.4269 -3.3351 0.0643
v  4.2444 -3.3352 0.1791
v  4.0265 -3.3361 0.2590
v  3.7895 -3.3361 0.3001
v  3.6087 -3.3364 0.3103
v  0.7014 -3.3372 0.3128
v  0.4964 -3.3372 0.3128
v  3.4274 -3.3371 0.3128
v  -4.8910 -3.3435 -3.6966
v  -4.9121 -3.3442 -3.5766
v  -4.8919 -3.3445 -3.5433
v  -4.9018 -3.3425 -3.6360
v  -4.8497 -3.3399 -3.7433
v  -4.8095 -3.3376 -3.8125
v  -4.8218 -3.3381 -3.7714
v  -4.8327 -3.3385 -3.7538
v  -4.8150 -3.3377 -3.7904
v  0.4849 -3.3358 0.3012
v  4.6360 -3.3355 -0.1599
v  4.5064 -3.3353 -0.0059
v  4.7340 -3.3355 -0.3263
v  4.3394 -3.3355 0.1264
v  4.1408 -3.3362 0.2237
v  3.9088 -3.3360 0.2840
v  -4.7839 -3.2696 -3.5028
v  -4.8862 -3.3438 -3.5414
v  -4.9079 -3.3452 -3.5562
v  -4.9119 -3.3448 -3.5662
v  -4.8800 -3.3432 -3.7279
v  -4.8963 -3.3428 -3.6668
v  -4.8673 -3.3419 -3.7385
v  -4.8867 -3.3436 -3.7133
v  0.4882 -3.3364 0.3092
v  0.4965 -2.8326 -4.4884
v  0.4965 -2.8103 -4.4922
v  3.4274 -2.8105 -4.4922
v  3.4274 -2.8328 -4.4884
v  0.4965 -2.7792 -4.5422
v  0.4965 -2.7785 -4.5513
v  3.4274 -2.7785 -4.5510
v  3.4274 -2.7792 -4.5418
v  3.4274 -2.9358 -4.4802
v  3.4274 -3.0909 -4.4750
v  0.4965 -3.0909 -4.4750
v  0.4965 -2.9358 -4.4802
v  0.4965 -2.7691 -4.6730
v  0.4965 -2.7659 -4.8031
v  3.4273 -2.7659 -4.8031
v  3.4274 -2.7692 -4.6727
v  3.4274 -2.8328 -5.1116
v  3.4274 -2.8106 -5.1079
v  0.4965 -2.8104 -5.1078
v  0.4965 -2.8327 -5.1116
v  3.4274 -2.7793 -5.0585
v  3.4274 -2.7785 -5.0485
v  0.4965 -2.7782 -5.0482
v  0.4965 -2.7792 -5.0581
v  0.4965 -2.9349 -5.1198
v  3.4274 -2.9349 -5.1197
v  3.4274 -2.8446 -5.1126
v  0.4965 -2.8444 -5.1128
v  3.4273 -2.7694 -4.9335
v  0.4965 -2.7696 -4.9333
v  -3.2985 -2.8326 -4.4884
v  -3.2985 -2.8103 -4.4922
v  -3.2985 -2.7783 -4.5513
v  -3.2985 -2.7694 -4.6730
v  -3.2988 -2.9358 -4.4804
v  -3.2985 -2.7659 -4.8031
v  -3.2986 -2.8104 -5.1078
v  -3.2985 -2.8327 -5.1116
v  -3.2985 -2.7782 -5.0482
v  -3.2985 -2.7792 -5.0581
v  -3.2985 -2.9349 -5.1195
v  -3.2985 -2.8444 -5.1128
v  -3.2984 -2.7698 -4.9333
v  -3.5048 -2.8331 -4.4848
v  -3.5052 -2.8108 -4.4886
v  -3.5089 -2.7785 -4.5468
v  -3.5148 -2.7693 -4.6662
v  -3.5047 -3.0909 -4.4715
v  -3.5049 -2.9361 -4.4768
v  -3.5207 -2.7659 -4.7966
v  -3.5360 -2.8105 -5.1036
v  -3.5363 -2.8331 -5.1072
v  -3.5328 -2.7784 -5.0437
v  -3.5333 -2.7792 -5.0539
v  -3.5365 -2.9345 -5.1155
v  -3.5363 -2.8447 -5.1082
v  -3.5267 -2.7694 -4.9269
v  -3.5814 -2.8325 -4.4797
v  -3.5822 -2.8101 -4.4835
v  -3.5085 -2.7793 -4.5378
v  -3.5893 -2.7792 -4.5336
v  -3.5906 -2.7785 -4.5425
v  -3.5806 -2.9360 -4.4716
v  -3.6071 -2.7693 -4.6605
v  -3.6249 -2.7659 -4.7899
v  -3.6427 -2.7694 -4.9192
v  -3.6591 -2.7784 -5.0355
v  -3.6696 -2.9344 -5.1054
v  -3.6703 -3.0909 -5.1104
v  -3.6684 -2.8335 -5.0982
v  -3.6686 -2.8451 -5.0992
v  -3.6605 -2.7793 -5.0457
v  -3.6636 -2.7834 -5.0675
v  -3.5345 -2.7830 -5.0763
v  -3.6574 -2.8325 -4.4713
v  -3.7310 -2.8328 -4.4576
v  -3.7323 -2.8102 -4.4610
v  -3.6586 -2.8099 -4.4749
v  -3.6988 -2.7693 -4.6497
v  -3.6718 -2.7784 -4.5332
v  -3.7503 -2.7784 -4.5178
v  -3.7879 -2.7693 -4.6324
v  -3.6558 -2.9360 -4.4631
v  -3.6546 -3.0909 -4.4580
v  -3.7269 -3.0909 -4.4447
v  -3.7285 -2.9359 -4.4497
v  -3.7283 -2.7659 -4.7770
v  -3.8287 -2.7659 -4.7564
v  -3.7993 -2.8337 -5.0799
v  -3.7981 -2.8113 -5.0763
v  -3.9245 -2.8114 -5.0471
v  -3.9260 -2.8339 -5.0503
v  -3.7867 -2.7793 -5.0284
v  -3.7843 -2.7785 -5.0185
v  -3.9057 -2.7785 -4.9910
v  -3.9089 -2.7793 -5.0007
v  -3.8028 -3.0909 -5.0926
v  -3.8016 -2.9344 -5.0875
v  -3.9295 -2.9346 -5.0578
v  -3.9311 -3.0909 -5.0628
v  -3.7996 -2.8453 -5.0808
v  -3.9264 -2.8455 -5.0512
v  -3.7577 -2.7694 -4.9042
v  -3.8695 -2.7694 -4.8804
v  -3.8004 -2.8330 -4.4365
v  -3.8649 -2.8329 -4.4058
v  -3.8663 -2.8105 -4.4093
v  -3.8018 -2.8105 -4.4399
v  -3.8726 -2.7693 -4.6065
v  -3.8246 -2.7785 -4.4945
v  -3.8938 -2.7786 -4.4614
v  -3.9517 -2.7693 -4.5697
v  -3.7974 -2.9358 -4.4289
v  -3.8588 -3.0909 -4.3938
v  -3.8613 -2.9356 -4.3985
v  -3.9243 -2.7659 -4.7264
v  -4.0137 -2.7660 -4.6847
v  -4.0465 -2.8338 -5.0089
v  -4.0447 -2.8115 -5.0057
v  -4.1586 -2.8112 -4.9519
v  -4.1607 -2.8333 -4.9550
v  -4.0251 -2.7794 -4.9614
v  -4.0212 -2.7785 -4.9522
v  -4.1301 -2.7785 -4.9005
v  -4.1348 -2.7793 -4.9093
v  -4.0513 -2.9349 -5.0156
v  -4.1664 -2.9349 -4.9608
v  -4.1689 -3.0909 -4.9654
v  -4.0471 -2.8454 -5.0097
v  -4.1614 -2.8450 -4.9557
v  -3.9759 -2.7695 -4.8462
v  -4.0758 -2.7695 -4.7996
v  -3.9224 -2.8330 -4.3643
v  -3.9717 -2.8332 -4.3133
v  -3.9734 -2.8104 -4.3171
v  -3.9240 -2.8104 -4.3680
v  -3.9513 -2.7792 -4.4105
v  -4.0057 -2.7792 -4.3574
v  -4.0116 -2.7785 -4.3647
v  -3.9564 -2.7785 -4.4183
v  -3.9670 -2.9350 -4.3064
v  -3.9184 -2.9353 -4.3571
v  -4.0240 -2.7692 -4.5218
v  -4.0897 -2.7692 -4.4615
v  -4.1731 -2.7660 -4.5627
v  -4.0963 -2.7660 -4.6309
v  -4.1689 -2.7695 -4.7396
v  -4.2571 -2.7695 -4.6635
v  -4.3307 -2.7785 -4.7518
v  -4.2323 -2.7785 -4.8349
v  -4.2746 -2.9349 -4.8912
v  -4.3787 -2.9348 -4.8026
v  -4.2680 -2.8333 -4.8860
v  -4.3717 -2.8332 -4.7983
v  -4.3725 -2.8449 -4.7988
v  -4.2688 -2.8450 -4.8866
v  -4.2378 -2.7793 -4.8432
v  -4.3371 -2.7794 -4.7594
v  -4.3515 -2.7834 -4.7759
v  -4.2504 -2.7833 -4.8613
v  -3.7475 -2.7792 -4.5092
v  -3.8210 -2.7792 -4.4860
v  -4.0338 -2.7835 -4.9816
v  -3.9157 -2.7834 -5.0218
v  -3.6697 -2.7792 -4.5245
v  -3.7917 -2.7833 -5.0501
v  -3.8894 -2.7793 -4.4532
v  -4.1454 -2.7833 -4.9286
v  -4.0131 -2.8336 -4.2548
v  -4.0152 -2.8105 -4.2585
v  -4.0592 -2.7785 -4.3017
v  -4.1483 -2.7692 -4.3893
v  -4.0038 -3.0909 -4.2446
v  -4.0077 -2.9347 -4.2484
v  -4.2432 -2.7660 -4.4803
v  -4.3692 -2.8111 -4.7957
v  -4.4658 -2.8112 -4.6882
v  -4.4686 -2.8331 -4.6905
v  -4.4224 -2.7786 -4.6498
v  -4.4297 -2.7794 -4.6566
v  -4.4760 -2.9349 -4.6940
v  -4.4695 -2.8448 -4.6909
v  -4.3387 -2.7695 -4.5707
v  -4.0479 -2.8339 -4.1909
v  -4.0504 -2.8107 -4.1942
v  -4.0524 -2.7792 -4.2951
v  -4.0918 -2.7792 -4.2261
v  -4.0992 -2.7785 -4.2319
v  -4.0376 -3.0909 -4.1818
v  -4.0419 -2.9346 -4.1851
v  -4.1981 -2.7692 -4.3085
v  -4.3029 -2.7660 -4.3878
v  -4.4083 -2.7696 -4.4664
v  -4.5008 -2.7786 -4.5349
v  -4.5593 -2.9353 -4.5723
v  -4.5635 -3.0909 -4.5755
v  -4.5516 -2.8328 -4.5696
v  -4.5525 -2.8446 -4.5699
v  -4.5088 -2.7794 -4.5408
v  -4.5266 -2.7835 -4.5531
v  -4.4459 -2.7835 -4.6710
v  -4.0781 -2.8342 -4.1223
v  -4.0810 -2.8110 -4.1251
v  -4.1330 -2.7784 -4.1571
v  -4.2391 -2.7692 -4.2225
v  -4.0670 -3.0909 -4.1145
v  -4.0716 -2.9346 -4.1173
v  -4.3513 -2.7660 -4.2903
v  -4.5484 -2.8110 -4.5677
v  -4.6146 -2.8104 -4.4429
v  -4.6180 -2.8322 -4.4446
v  -4.5633 -2.7786 -4.4152
v  -4.5719 -2.7794 -4.4203
v  -4.6261 -2.9357 -4.4467
v  -4.6190 -2.8441 -4.4448
v  -4.4641 -2.7695 -4.3571
v  -4.1049 -2.8343 -4.0497
v  -4.1297 -2.8336 -3.9712
v  -4.1330 -2.8112 -3.9732
v  -4.1080 -2.8114 -4.0520
v  -4.1533 -2.7792 -4.0743
v  -4.1786 -2.7793 -3.9924
v  -4.1874 -2.7786 -3.9961
v  -4.1616 -2.7785 -4.0784
v  -4.0931 -3.0909 -4.0431
v  -4.1175 -3.0909 -3.9658
v  -4.1225 -2.9345 -3.9678
v  -4.0980 -2.9346 -4.0455
v  -4.2730 -2.7692 -4.1337
v  -4.3031 -2.7692 -4.0443
v  -4.4236 -2.7660 -4.0938
v  -4.3905 -2.7660 -4.1908
v  -4.5085 -2.7695 -4.2470
v  -4.5443 -2.7695 -4.1429
v  -4.6488 -2.7784 -4.1853
v  -4.6121 -2.7784 -4.2958
v  -4.6779 -2.9357 -4.3222
v  -4.7167 -2.9355 -4.2099
v  -4.7216 -3.0909 -4.2120
v  -4.6826 -3.0909 -4.3246
v  -4.6702 -2.8318 -4.3209
v  -4.7090 -2.8324 -4.2080
v  -4.7099 -2.8442 -4.2082
v  -4.6710 -2.8437 -4.3210
v  -4.6211 -2.7792 -4.3000
v  -4.6579 -2.7791 -4.1890
v  -4.6790 -2.7828 -4.1969
v  -4.6412 -2.7831 -4.3088
v  -4.1250 -2.7791 -4.1521
v  -4.5910 -2.7833 -4.4306
v  -4.1517 -2.8324 -3.8918
v  -4.1553 -2.8102 -3.8935
v  -4.2023 -2.7792 -3.9100
v  -4.2114 -2.7785 -3.9131
v  -4.1442 -2.9343 -3.8892
v  -4.3317 -2.7691 -3.9543
v  -4.4549 -2.7661 -3.9962
v  -4.5780 -2.7698 -4.0380
v  -4.6828 -2.7785 -4.0738
v  -4.7503 -2.9354 -4.0958
v  -4.7428 -2.8338 -4.0932
v  -4.7437 -2.8455 -4.0936
v  -4.6919 -2.7792 -4.0769
v  -4.7133 -2.7832 -4.0837
v  -4.1761 -2.8321 -3.7900
v  -4.1789 -2.8094 -3.7910
v  -4.2368 -2.7785 -3.8070
v  -4.3608 -2.7691 -3.8408
v  -4.1620 -3.0909 -3.7862
v  -4.1676 -2.9320 -3.7877
v  -4.4859 -2.7661 -3.8746
v  -4.7392 -2.8112 -4.0920
v  -4.7742 -2.8108 -3.9522
v  -4.7779 -2.8335 -3.9533
v  -4.7161 -2.7784 -3.9369
v  -4.7253 -2.7791 -3.9394
v  -4.7854 -2.9337 -3.9555
v  -4.7906 -3.0909 -3.9569
v  -4.7788 -2.8450 -3.9536
v  -4.6110 -2.7698 -3.9084
v  -4.1981 -2.8320 -3.6876
v  -4.2019 -2.8099 -3.6885
v  -4.2275 -2.7792 -3.8045
v  -4.2507 -2.7792 -3.6984
v  -4.2602 -2.7785 -3.7004
v  -4.1849 -3.0909 -3.6849
v  -4.1905 -2.9289 -3.6861
v  -4.3870 -2.7689 -3.7266
v  -4.5138 -2.7661 -3.7524
v  -4.6407 -2.7701 -3.7780
v  -4.7463 -2.7784 -3.7992
v  -4.8162 -2.9315 -3.8141
v  -4.8087 -2.8328 -3.8122
v  -4.8095 -2.8441 -3.8125
v  -4.7554 -2.7791 -3.8011
v  -4.7776 -2.7828 -3.8058
v  -4.7473 -2.7829 -3.9452
v  3.5552 -2.8109 -4.4911
v  3.5551 -2.8332 -4.4876
v  3.5571 -2.7786 -4.5491
v  3.5567 -2.7794 -4.5398
v  3.5548 -2.9358 -4.4794
v  3.5546 -3.0909 -4.4741
v  3.5674 -2.7660 -4.8026
v  3.5619 -2.7693 -4.6723
v  3.5769 -2.7784 -5.0466
v  3.5728 -2.7695 -4.9329
v  3.5798 -3.0909 -5.1234
v  3.5796 -2.9348 -5.1183
v  3.5794 -2.8444 -5.1112
v  3.5794 -2.8327 -5.1103
v  3.4274 -2.7831 -5.0807
v  3.5781 -2.7830 -5.0789
v  3.5772 -2.7792 -5.0565
v  3.6733 -2.8104 -4.4868
v  3.6730 -2.8327 -4.4833
v  3.6784 -2.7785 -4.5454
v  3.6774 -2.7793 -4.5360
v  3.6721 -2.9357 -4.4750
v  3.6716 -3.0909 -4.4698
v  3.7050 -2.7660 -4.7991
v  3.6912 -2.7692 -4.6695
v  3.7294 -2.7785 -5.0401
v  3.7186 -2.7696 -4.9287
v  3.7373 -3.0909 -5.1160
v  3.7368 -2.9351 -5.1109
v  3.7361 -2.8451 -5.1038
v  3.7360 -2.8334 -5.1028
v  3.7325 -2.7831 -5.0720
v  3.7304 -2.7792 -5.0498
v  3.9304 -2.8333 -4.4360
v  3.9317 -2.8106 -4.4394
v  3.9983 -2.8111 -4.4070
v  3.9971 -2.8343 -4.4034
v  3.9497 -2.7792 -4.4863
v  3.9531 -2.7784 -4.4951
v  4.0259 -2.7784 -4.4612
v  4.0215 -2.7791 -4.4532
v  3.9255 -3.0909 -4.4235
v  3.9274 -2.9359 -4.4284
v  3.9932 -2.9362 -4.3964
v  3.9907 -3.0909 -4.3918
v  3.9987 -2.7692 -4.6121
v  4.0481 -2.7661 -4.7330
v  4.1495 -2.7660 -4.6821
v  4.0851 -2.7692 -4.5682
v  4.0982 -2.7698 -4.8535
v  4.1404 -2.7785 -4.9557
v  4.2702 -2.7784 -4.8927
v  4.2146 -2.7696 -4.7956
v  4.1668 -2.9345 -5.0209
v  4.3081 -3.0909 -4.9593
v  4.3055 -2.9336 -4.9546
v  4.1637 -2.8341 -5.0138
v  4.1641 -2.8457 -5.0146
v  4.3018 -2.8451 -4.9487
v  4.3014 -2.8336 -4.9480
v  4.1440 -2.7793 -4.9646
v  4.1524 -2.7833 -4.9853
v  4.2862 -2.7831 -4.9208
v  4.2750 -2.7792 -4.9012
v  3.7808 -2.7792 -4.5270
v  3.8683 -2.7792 -4.5109
v  3.8629 -2.7828 -4.4898
v  3.7771 -2.7827 -4.5055
v  3.8034 -2.7691 -4.6603
v  3.9051 -2.7691 -4.6419
v  3.8709 -2.7784 -4.5201
v  3.7824 -2.7784 -4.5364
v  3.7695 -2.9355 -4.4659
v  3.8533 -2.9355 -4.4508
v  3.8520 -3.0909 -4.4457
v  3.7710 -2.8320 -4.4739
v  3.8555 -2.8320 -4.4585
v  3.8273 -2.7661 -4.7886
v  3.9410 -2.7661 -4.7673
v  3.8815 -2.8338 -5.0874
v  4.0240 -2.8342 -5.0587
v  4.0231 -2.8116 -5.0551
v  3.8808 -2.8112 -5.0838
v  3.8720 -2.7792 -5.0348
v  4.0104 -2.7793 -5.0072
v  4.0078 -2.7785 -4.9980
v  3.8703 -2.7785 -5.0253
v  3.8839 -3.0909 -5.1004
v  4.0262 -2.9352 -5.0663
v  3.8830 -2.9353 -5.0953
v  4.0242 -2.8458 -5.0596
v  3.8817 -2.8454 -5.0883
v  3.8510 -2.7698 -4.9169
v  3.9772 -2.7698 -4.8926
v  4.0922 -2.7793 -4.3997
v  4.1577 -2.7793 -4.3275
v  4.1420 -2.7830 -4.3118
v  4.0789 -2.7830 -4.3816
v  4.1696 -2.7693 -4.5047
v  4.2501 -2.7693 -4.4220
v  4.1641 -2.7785 -4.3341
v  4.0976 -2.7786 -4.4070
v  4.0572 -2.9363 -4.3481
v  4.1154 -2.9361 -4.2808
v  4.0620 -2.8349 -4.3546
v  4.1211 -2.8337 -4.2866
v  4.2489 -2.7659 -4.6094
v  4.3428 -2.7659 -4.5153
v  4.4363 -2.8331 -4.8553
v  4.5612 -2.8330 -4.7346
v  4.5586 -2.8109 -4.7319
v  4.4341 -2.8111 -4.8523
v  4.4046 -2.7794 -4.8143
v  4.5236 -2.7793 -4.6978
v  4.5166 -2.7785 -4.6907
v  4.3986 -2.7786 -4.8063
v  4.4446 -3.0909 -4.8656
v  4.5707 -3.0909 -4.7438
v  4.5670 -2.9337 -4.7399
v  4.4413 -2.9332 -4.8613
v  4.5619 -2.8446 -4.7352
v  4.4369 -2.8446 -4.8559
v  4.3286 -2.7695 -4.7137
v  4.4357 -2.7695 -4.6084
v  4.0108 -2.7827 -4.4331
v  4.2995 -2.8111 -4.9447
v  3.9418 -2.7828 -4.4657
v  4.1623 -2.8116 -5.0103
v  3.6755 -2.7829 -4.5144
v  3.7354 -2.8110 -5.0991
v  4.2154 -2.7791 -4.2365
v  4.1978 -2.7826 -4.2220
v  4.3237 -2.7692 -4.3144
v  4.2230 -2.7784 -4.2419
v  4.1684 -2.9364 -4.1893
v  4.1642 -3.0909 -4.1861
v  4.1751 -2.8319 -4.1944
v  4.4276 -2.7660 -4.3953
v  4.6712 -2.8333 -4.5845
v  4.6685 -2.8111 -4.5822
v  4.6294 -2.7794 -4.5532
v  4.6216 -2.7785 -4.5470
v  4.6819 -3.0909 -4.5926
v  4.6778 -2.9349 -4.5892
v  4.6720 -2.8450 -4.5851
v  4.5315 -2.7696 -4.4761
v  4.1771 -2.8094 -4.1993
v  4.2264 -2.8095 -4.0852
v  4.2230 -2.8314 -4.0825
v  4.2780 -2.7784 -4.1156
v  4.2698 -2.7792 -4.1104
v  4.2156 -2.9381 -4.0783
v  4.2112 -3.0909 -4.0757
v  4.4995 -2.7661 -4.2522
v  4.3867 -2.7691 -4.1844
v  4.7080 -2.7785 -4.3776
v  4.6122 -2.7698 -4.3199
v  4.7742 -3.0909 -4.4170
v  4.7700 -2.9366 -4.4141
v  4.7635 -2.8455 -4.4106
v  4.7627 -2.8336 -4.4102
v  4.6471 -2.7834 -4.5662
v  4.7360 -2.7832 -4.3938
v  4.7164 -2.7793 -4.3826
v  4.3085 -2.7792 -3.9920
v  4.3464 -2.7793 -3.8441
v  4.3255 -2.7828 -3.8376
v  4.2886 -2.7828 -3.9829
v  4.4346 -2.7691 -4.0473
v  4.4784 -2.7691 -3.8883
v  4.3556 -2.7785 -3.8472
v  4.3174 -2.7784 -3.9959
v  4.2522 -2.9407 -3.9627
v  4.2867 -2.9443 -3.8248
v  4.2824 -3.0909 -3.8234
v  4.2477 -3.0909 -3.9607
v  4.2601 -2.8319 -3.9659
v  4.2960 -2.8328 -3.8273
v  4.5541 -2.7661 -4.1009
v  4.6025 -2.7661 -3.9281
v  4.8322 -2.8339 -4.2250
v  4.8905 -2.8338 -4.0209
v  4.8872 -2.8111 -4.0192
v  4.8290 -2.8114 -4.2229
v  4.7840 -2.7793 -4.2024
v  4.8397 -2.7792 -4.0027
v  4.8307 -2.7785 -3.9999
v  4.7751 -2.7785 -4.1985
v  4.8988 -2.9410 -4.0229
v  4.8399 -2.9387 -4.2280
v  4.8914 -2.8462 -4.0211
v  4.8331 -2.8460 -4.2254
v  4.6737 -2.7698 -4.1544
v  4.7267 -2.7699 -3.9677
v  4.2509 -2.7827 -4.0997
v  4.7596 -2.8111 -4.4079
v  4.3790 -2.7792 -3.6984
v  4.3574 -2.7829 -3.6948
v  4.5149 -2.7689 -3.7255
v  4.3885 -2.7783 -3.7003
v  4.3172 -2.9473 -3.6905
v  4.3126 -3.0909 -3.6897
v  4.3258 -2.8332 -3.6918
v  4.6418 -2.7661 -3.7511
v  4.9389 -2.8321 -3.8049
v  4.9348 -2.8101 -3.8055
v  4.8854 -2.7792 -3.8008
v  4.8763 -2.7783 -3.7990
v  4.9521 -3.0909 -3.8072
v  4.9473 -2.9429 -3.8059
v  4.9401 -2.8448 -3.8051
v  4.7707 -2.7704 -3.7782
v  4.3296 -2.8108 -3.6917
v  4.3580 -2.8110 -3.5432
v  4.3544 -2.8330 -3.5424
v  4.4148 -2.7784 -3.5542
v  4.4053 -2.7794 -3.5525
v  4.3457 -2.9496 -3.5412
v  4.3412 -3.0909 -3.5404
v  4.6702 -2.7661 -3.5989
v  4.5409 -2.7690 -3.5769
v  4.9046 -2.7782 -3.6412
v  4.7995 -2.7703 -3.6207
v  4.9769 -2.9438 -3.6507
v  4.9695 -2.8440 -3.6502
v  4.9682 -2.8311 -3.6500
v  4.9073 -2.7830 -3.8039
v  4.9358 -2.7826 -3.6465
v  4.9137 -2.7791 -3.6429
v  4.4712 -2.7793 -3.1029
v  4.4861 -2.7792 -2.9521
v  4.4645 -2.7829 -2.9502
v  4.4498 -2.7830 -3.1004
v  4.6022 -2.7694 -3.1175
v  4.6170 -2.7694 -2.9630
v  4.4952 -2.7783 -2.9528
v  4.4804 -2.7784 -3.1039
v  4.4097 -2.9512 -3.0956
v  4.4242 -2.9507 -2.9466
v  4.4054 -3.0909 -3.0952
v  4.4187 -2.8326 -3.0965
v  4.4331 -2.8326 -2.9472
v  4.7323 -2.7659 -3.1303
v  4.7472 -2.7659 -2.9726
v  5.0383 -2.8321 -3.1626
v  5.0543 -2.8324 -2.9976
v  5.0505 -2.8102 -2.9971
v  5.0345 -2.8101 -3.1621
v  4.9855 -2.7792 -3.1557
v  5.0011 -2.7792 -2.9918
v  4.9913 -2.7783 -2.9911
v  4.9757 -2.7783 -3.1547
v  5.0516 -3.0909 -3.1644
v  5.0629 -2.9431 -2.9966
v  5.0470 -2.9434 -3.1617
v  5.0555 -2.8451 -2.9975
v  5.0396 -2.8449 -3.1626
v  4.8625 -2.7699 -3.1428
v  4.8775 -2.7699 -2.9819
v  4.4299 -2.7795 -3.4032
v  4.4525 -2.7793 -3.2535
v  4.4313 -2.7831 -3.2504
v  4.4091 -2.7834 -3.3996
v  4.5644 -2.7692 -3.4250
v  4.5850 -2.7693 -3.2718
v  4.4617 -2.7784 -3.2548
v  4.4393 -2.7785 -3.4047
v  4.3705 -2.9508 -3.3927
v  4.3918 -2.9513 -3.2442
v  4.3794 -2.8328 -3.3939
v  4.4008 -2.8326 -3.2454
v  4.6941 -2.7660 -3.4442
v  4.7149 -2.7660 -3.2878
v  4.9950 -2.8310 -3.4897
v  5.0185 -2.8318 -3.3268
v  5.0146 -2.8096 -3.3262
v  4.9910 -2.8092 -3.4895
v  4.9417 -2.7792 -3.4826
v  4.9647 -2.7791 -3.3185
v  4.9551 -2.7782 -3.3173
v  4.9323 -2.7782 -3.4810
v  5.0273 -2.9437 -3.3263
v  5.0038 -2.9439 -3.4897
v  5.0198 -2.8446 -3.3268
v  4.9963 -2.8440 -3.4898
v  4.8239 -2.7701 -3.4630
v  4.8450 -2.7700 -3.3034
v  4.4970 -2.7793 -2.8011
v  4.5041 -2.7793 -2.6500
v  4.4827 -2.7831 -2.6493
v  4.4754 -2.7830 -2.7998
v  4.6295 -2.7693 -2.8085
v  4.6391 -2.7692 -2.6539
v  4.5136 -2.7784 -2.6503
v  4.5063 -2.7784 -2.8016
v  4.4352 -2.9498 -2.7973
v  4.4428 -2.9486 -2.6478
v  4.4308 -3.0909 -2.7971
v  4.4441 -2.8325 -2.7977
v  4.4516 -2.8325 -2.6480
v  4.7598 -2.7660 -2.8148
v  4.7693 -2.7660 -2.6569
v  5.0665 -2.8331 -2.8320
v  5.0748 -2.8341 -2.6660
v  5.0711 -2.8111 -2.6658
v  5.0627 -2.8106 -2.8316
v  5.0128 -2.7792 -2.8277
v  5.0204 -2.7791 -2.6634
v  5.0108 -2.7782 -2.6631
v  5.0030 -2.7782 -2.8272
v  5.0879 -3.0909 -2.6689
v  5.0831 -2.9427 -2.6654
v  5.0749 -2.9429 -2.8311
v  5.0760 -2.8466 -2.6659
v  5.0677 -2.8457 -2.8319
v  4.8901 -2.7699 -2.8210
v  4.8994 -2.7700 -2.6599
v  4.4558 -2.8329 -2.4861
v  4.4595 -2.8108 -2.4862
v  4.4595 -2.8115 -2.3182
v  4.4559 -2.8339 -2.3182
v  4.5083 -2.7793 -2.4868
v  4.5178 -2.7786 -2.4869
v  4.5176 -2.7786 -2.3174
v  4.5081 -2.7794 -2.3176
v  4.4425 -3.0909 -2.4861
v  4.4471 -2.9475 -2.4861
v  4.4473 -2.9470 -2.3184
v  4.6446 -2.7691 -2.4872
v  4.7747 -2.7660 -2.4870
v  4.7737 -2.7660 -2.3112
v  4.6437 -2.7692 -2.3146
v  4.9048 -2.7701 -2.4868
v  5.0152 -2.7782 -2.4871
v  5.0148 -2.7782 -2.3052
v  4.9038 -2.7700 -2.3078
v  5.0875 -2.9425 -2.4874
v  5.0875 -2.9421 -2.3033
v  5.0793 -2.8341 -2.4880
v  5.0805 -2.8466 -2.4880
v  5.0804 -2.8454 -2.3040
v  5.0791 -2.8328 -2.3040
v  5.0248 -2.7791 -2.4871
v  5.0477 -2.7829 -2.4874
v  5.0472 -2.7828 -2.3046
v  5.0245 -2.7791 -2.3050
v  4.4812 -2.7793 -1.7974
v  4.4635 -2.7792 -1.6225
v  4.4428 -2.7825 -1.6251
v  4.4596 -2.7831 -1.7994
v  4.6099 -2.7696 -1.7841
v  4.5923 -2.7694 -1.6058
v  4.4725 -2.7785 -1.6213
v  4.4902 -2.7786 -1.7964
v  4.4203 -2.9475 -1.8029
v  4.4017 -2.9475 -1.6302
v  4.3971 -3.0909 -1.6306
v  4.4283 -2.8371 -1.8021
v  4.4097 -2.8366 -1.6291
v  4.7396 -2.7659 -1.7713
v  4.7216 -2.7659 -1.5896
v  5.0488 -2.8323 -1.7395
v  5.0284 -2.8327 -1.5508
v  5.0247 -2.8105 -1.5516
v  5.0449 -2.8100 -1.7403
v  4.9951 -2.7791 -1.7469
v  4.9760 -2.7793 -1.5589
v  4.9660 -2.7783 -1.5601
v  4.9851 -2.7782 -1.7479
v  5.0420 -3.0909 -1.5516
v  5.0367 -2.9414 -1.5498
v  5.0571 -2.9413 -1.7389
v  5.0296 -2.8452 -1.5507
v  5.0500 -2.8448 -1.7394
v  4.8694 -2.7697 -1.7588
v  4.8509 -2.7698 -1.5739
v  4.4407 -2.7791 -1.4479
v  4.4122 -2.7792 -1.2743
v  4.3903 -2.7826 -1.2783
v  4.4181 -2.7827 -1.4515
v  4.5717 -2.7692 -1.4275
v  4.5464 -2.7689 -1.2500
v  4.4216 -2.7785 -1.2726
v  4.4499 -2.7784 -1.4465
v  4.3783 -2.9474 -1.4577
v  4.3505 -2.9472 -1.2856
v  4.3465 -3.0909 -1.2862
v  4.3867 -2.8349 -1.4564
v  4.3591 -2.8327 -1.2841
v  4.7005 -2.7660 -1.4080
v  4.6746 -2.7660 -1.2273
v  5.0031 -2.8330 -1.3625
v  4.9727 -2.8332 -1.1747
v  4.9691 -2.8109 -1.1754
v  4.9995 -2.8109 -1.3633
v  4.9515 -2.7794 -1.3711
v  4.9209 -2.7793 -1.1841
v  4.9115 -2.7784 -1.1858
v  4.9418 -2.7784 -1.3725
v  4.9861 -3.0909 -1.1738
v  4.9809 -2.9426 -1.1728
v  5.0113 -2.9419 -1.3611
v  4.9739 -2.8458 -1.1744
v  5.0043 -2.8455 -1.3623
v  4.8293 -2.7700 -1.3890
v  4.8029 -2.7702 -1.2048
v  4.5038 -2.7793 -2.1455
v  4.4946 -2.7794 -1.9721
v  4.4725 -2.7835 -1.9735
v  4.4819 -2.7834 -2.1463
v  4.6373 -2.7693 -2.1390
v  4.6254 -2.7695 -1.9621
v  4.5037 -2.7787 -1.9714
v  4.5131 -2.7786 -2.1450
v  4.4430 -2.9470 -2.1476
v  4.4340 -2.9472 -1.9756
v  4.4295 -3.0909 -1.9758
v  4.4383 -3.0909 -2.1478
v  4.4515 -2.8351 -2.1472
v  4.4424 -2.8364 -1.9750
v  4.7674 -2.7659 -2.1325
v  4.7554 -2.7659 -1.9525
v  5.0742 -2.8319 -2.1168
v  5.0641 -2.8319 -1.9282
v  5.0601 -2.8096 -1.9290
v  5.0702 -2.8096 -2.1173
v  5.0198 -2.7791 -2.1203
v  5.0097 -2.7791 -1.9345
v  4.9997 -2.7781 -1.9352
v  5.0100 -2.7782 -2.1207
v  5.0877 -3.0909 -2.1190
v  5.0725 -2.9415 -1.9279
v  5.0826 -2.9418 -2.1162
v  5.0653 -2.8445 -1.9281
v  5.0754 -2.8445 -2.1168
v  4.8974 -2.7699 -2.1261
v  4.8854 -2.7697 -1.9432
v  4.3270 -2.8312 -1.1126
v  4.3309 -2.8094 -1.1117
v  4.3004 -2.8089 -0.9761
v  4.2965 -2.8312 -0.9776
v  4.3791 -2.7792 -1.1014
v  4.3886 -2.7785 -1.0995
v  4.3591 -2.7784 -0.9581
v  4.3500 -2.7791 -0.9609
v  4.3183 -2.9471 -1.1144
v  4.2879 -2.9472 -0.9803
v  4.2847 -3.0909 -0.9812
v  4.5149 -2.7689 -1.0735
v  4.6424 -2.7661 -1.0476
v  4.6057 -2.7661 -0.8823
v  4.4811 -2.7691 -0.9208
v  4.7699 -2.7703 -1.0218
v  4.8758 -2.7783 -1.0000
v  4.8354 -2.7786 -0.8113
v  4.7303 -2.7700 -0.8437
v  4.9456 -2.9430 -0.9854
v  4.9507 -3.0909 -0.9861
v  4.9021 -2.9428 -0.7905
v  4.9374 -2.8329 -0.9877
v  4.9386 -2.8455 -0.9873
v  4.8948 -2.8457 -0.7929
v  4.8938 -2.8331 -0.7933
v  4.8850 -2.7792 -0.9981
v  4.9069 -2.7831 -0.9937
v  4.8653 -2.7835 -0.8023
v  4.8445 -2.7795 -0.8085
v  4.3145 -2.7790 -0.8217
v  4.2830 -2.7790 -0.7195
v  4.2627 -2.7823 -0.7291
v  4.2937 -2.7824 -0.8298
v  4.4400 -2.7691 -0.7693
v  4.4050 -2.7691 -0.6577
v  4.2915 -2.7783 -0.7151
v  4.3233 -2.7783 -0.8180
v  4.2542 -2.9473 -0.8468
v  4.2240 -2.9472 -0.7492
v  4.2628 -2.8317 -0.8433
v  4.2323 -2.8312 -0.7452
v  4.5604 -2.7661 -0.7184
v  4.5216 -2.7661 -0.5985
v  4.8409 -2.8331 -0.6013
v  4.7925 -2.8334 -0.4619
v  4.7886 -2.8118 -0.4640
v  4.8375 -2.8109 -0.6034
v  4.7921 -2.7793 -0.6229
v  4.7460 -2.7796 -0.4845
v  4.7374 -2.7787 -0.4889
v  4.7832 -2.7785 -0.6265
v  4.7993 -2.9426 -0.4580
v  4.8486 -2.9425 -0.5979
v  4.7932 -2.8459 -0.4615
v  4.8419 -2.8457 -0.6009
v  4.6810 -2.7698 -0.6679
v  4.6381 -2.7699 -0.5392
v  4.1669 -2.8322 -0.5895
v  4.1701 -2.8093 -0.5867
v  4.1372 -2.8100 -0.5308
v  4.1342 -2.8330 -0.5335
v  4.2143 -2.7790 -0.5571
v  4.2222 -2.7783 -0.5519
v  4.1864 -2.7784 -0.4935
v  4.1789 -2.7791 -0.4991
v  4.1582 -3.0909 -0.5951
v  4.1591 -2.9474 -0.5942
v  4.1267 -2.9475 -0.5384
v  4.3271 -2.7691 -0.4820
v  4.4350 -2.7661 -0.4090
v  4.3914 -2.7661 -0.3406
v  4.2871 -2.7691 -0.4186
v  4.5436 -2.7699 -0.3372
v  4.6367 -2.7785 -0.2791
v  4.5844 -2.7785 -0.1981
v  4.4958 -2.7698 -0.2629
v  4.6946 -2.9426 -0.2373
v  4.6993 -3.0909 -0.2361
v  4.6465 -3.0909 -0.1536
v  4.6418 -2.9425 -0.1551
v  4.6878 -2.8336 -0.2424
v  4.6886 -2.8461 -0.2418
v  4.6360 -2.8462 -0.1599
v  4.6352 -2.8337 -0.1606
v  4.6448 -2.7793 -0.2740
v  4.6634 -2.7832 -0.2616
v  4.6103 -2.7831 -0.1792
v  4.5921 -2.7792 -0.1925
v  4.1398 -2.7791 -0.4474
v  4.0950 -2.7793 -0.4027
v  4.0793 -2.7829 -0.4185
v  4.1227 -2.7826 -0.4622
v  4.2431 -2.7691 -0.3600
v  4.1919 -2.7692 -0.3087
v  4.1018 -2.7786 -0.3961
v  4.1470 -2.7784 -0.4413
v  4.0908 -2.9474 -0.4892
v  4.0498 -2.9475 -0.4465
v  4.0878 -3.0909 -0.4917
v  4.0981 -2.8333 -0.4840
v  4.0568 -2.8343 -0.4409
v  4.3427 -2.7661 -0.2757
v  4.2860 -2.7660 -0.2179
v  4.5751 -2.8340 -0.0813
v  4.5057 -2.8339 -0.0066
v  4.5030 -2.8115 -0.0091
v  4.5724 -2.8113 -0.0836
v  4.5342 -2.7792 -0.1158
v  4.4677 -2.7793 -0.0431
v  4.4607 -2.7785 -0.0498
v  4.5268 -2.7785 -0.1219
v  4.5160 -3.0909 0.0018
v  4.5115 -2.9424 -0.0004
v  4.5814 -2.9426 -0.0754
v  4.5064 -2.8464 -0.0059
v  4.5758 -2.8465 -0.0806
v  4.4425 -2.7698 -0.1919
v  4.3802 -2.7697 -0.1272
v  4.2445 -2.7790 -0.6198
v  4.2249 -2.7823 -0.6310
v  4.3618 -2.7691 -0.5493
v  4.2527 -2.7783 -0.6149
v  4.1877 -2.9472 -0.6539
v  4.1866 -3.0909 -0.6550
v  4.1958 -2.8313 -0.6494
v  4.4736 -2.7661 -0.4817
v  4.7332 -2.8336 -0.3269
v  4.7303 -2.8111 -0.3291
v  4.6877 -2.7794 -0.3542
v  4.6795 -2.7786 -0.3590
v  4.7405 -2.9427 -0.3220
v  4.7340 -2.8462 -0.3263
v  4.5855 -2.7700 -0.4145
v  4.3286 -2.7824 -0.9672
v  4.8905 -2.8111 -0.7945
v  4.3581 -2.7828 -1.1058
v  4.9337 -2.8106 -0.9884
v  4.4865 -2.7833 -2.3179
v  5.0752 -2.8102 -2.3042
v  4.3843 -2.7833 -3.5485
v  4.9640 -2.8090 -3.6500
v  4.4868 -2.7831 -2.4866
v  5.0756 -2.8111 -2.4880
v  4.0127 -2.8348 -0.4068
v  4.0156 -2.8116 -0.4043
v  3.9667 -2.8118 -0.3767
v  3.9637 -2.8350 -0.3794
v  4.0482 -2.7793 -0.3655
v  4.0544 -2.7786 -0.3585
v  4.0018 -2.7786 -0.3277
v  3.9963 -2.7793 -0.3351
v  4.0024 -3.0909 -0.4174
v  4.0060 -2.9475 -0.4130
v  3.9574 -2.9475 -0.3862
v  4.1367 -2.7692 -0.2649
v  4.2237 -2.7660 -0.1665
v  4.1547 -2.7659 -0.1229
v  4.0756 -2.7693 -0.2283
v  4.3107 -2.7696 -0.0682
v  4.3858 -2.7786 0.0168
v  4.3016 -2.7785 0.0749
v  4.2336 -2.7695 -0.0174
v  4.4315 -2.9422 0.0702
v  4.4358 -3.0909 0.0728
v  4.3477 -3.0909 0.1359
v  4.3435 -2.9420 0.1329
v  4.4263 -2.8342 0.0636
v  4.4269 -2.8466 0.0643
v  4.3394 -2.8462 0.1264
v  4.3388 -2.8337 0.1256
v  4.3923 -2.7794 0.0242
v  4.4066 -2.7835 0.0409
v  4.3205 -2.7833 0.1011
v  4.3075 -2.7793 0.0829
v  3.9414 -2.7792 -0.3104
v  3.8825 -2.7793 -0.2936
v  3.8733 -2.7830 -0.3141
v  3.9302 -2.7828 -0.3304
v  4.0111 -2.7693 -0.1973
v  3.9416 -2.7693 -0.1743
v  3.8867 -2.7786 -0.2852
v  3.9463 -2.7785 -0.3025
v  3.9060 -2.9473 -0.3658
v  3.8524 -2.9473 -0.3500
v  3.8504 -3.0909 -0.3538
v  3.9039 -3.0909 -0.3689
v  3.9119 -2.8345 -0.3583
v  3.8575 -2.8348 -0.3421
v  4.0811 -2.7659 -0.0852
v  4.0012 -2.7659 -0.0563
v  4.2439 -2.8341 0.1783
v  4.1404 -2.8331 0.2227
v  4.1388 -2.8108 0.2196
v  4.2420 -2.8114 0.1751
v  4.2172 -2.7793 0.1321
v  4.1186 -2.7793 0.1748
v  4.1140 -2.7785 0.1657
v  4.2119 -2.7785 0.1237
v  4.2517 -3.0909 0.1891
v  4.1473 -3.0909 0.2346
v  4.1439 -2.9416 0.2308
v  4.2479 -2.9419 0.1857
v  4.1408 -2.8456 0.2237
v  4.2444 -2.8465 0.1791
v  4.1513 -2.7695 0.0268
v  4.0611 -2.7694 0.0615
v  3.8010 -2.8340 -0.3317
v  3.8035 -2.8113 -0.3285
v  3.7399 -2.8107 -0.3194
v  3.7381 -2.8331 -0.3229
v  3.8214 -2.7793 -0.2813
v  3.8247 -2.7786 -0.2725
v  3.7558 -2.7786 -0.2618
v  3.7533 -2.7793 -0.2709
v  3.7968 -2.9474 -0.3400
v  3.7348 -2.9488 -0.3318
v  3.8685 -2.7693 -0.1560
v  3.9155 -2.7659 -0.0327
v  3.8246 -2.7659 -0.0154
v  3.7891 -2.7693 -0.1417
v  3.9632 -2.7694 0.0903
v  4.0062 -2.7785 0.1990
v  3.8933 -2.7785 0.2217
v  3.8608 -2.7695 0.1106
v  4.0290 -2.9419 0.2660
v  4.0318 -3.0909 0.2702
v  3.9129 -3.0909 0.2960
v  3.9107 -2.9430 0.2917
v  4.0262 -2.8331 0.2580
v  4.0265 -2.8456 0.2590
v  3.9088 -2.8457 0.2840
v  3.9085 -2.8331 0.2830
v  4.0099 -2.7794 0.2084
v  4.0169 -2.7834 0.2291
v  3.9014 -2.7831 0.2530
v  3.8962 -2.7793 0.2313
v  3.6849 -2.7792 -0.2638
v  3.5563 -2.7792 -0.2586
v  3.5545 -2.7828 -0.2804
v  3.6813 -2.7827 -0.2855
v  3.7090 -2.7692 -0.1323
v  3.5684 -2.7692 -0.1260
v  3.5571 -2.7785 -0.2493
v  3.6866 -2.7785 -0.2545
v  3.6725 -2.9489 -0.3261
v  3.5500 -2.9419 -0.3209
v  3.6718 -3.0909 -0.3289
v  3.6747 -2.8324 -0.3171
v  3.5512 -2.8323 -0.3123
v  3.7329 -2.7660 -0.0043
v  3.5803 -2.7660 0.0034
v  3.7893 -2.8329 0.2991
v  3.6086 -2.8330 0.3093
v  3.6082 -2.8107 0.3055
v  3.7886 -2.8112 0.2944
v  3.7810 -2.7793 0.2458
v  3.6044 -2.7792 0.2561
v  3.6035 -2.7785 0.2462
v  3.7791 -2.7785 0.2360
v  3.6100 -3.0909 0.3225
v  3.6093 -2.9396 0.3176
v  3.7906 -2.9434 0.3067
v  3.6087 -2.8453 0.3103
v  3.7895 -2.8456 0.3001
v  3.7572 -2.7695 0.1235
v  3.5925 -2.7695 0.1328
v  0.7014 -2.8327 0.3116
v  0.7014 -2.8104 0.3078
v  3.4274 -2.8106 0.3079
v  3.4274 -2.8328 0.3116
v  0.7014 -2.7792 0.2582
v  0.7014 -2.7783 0.2483
v  3.4274 -2.7783 0.2487
v  3.4274 -2.7793 0.2585
v  0.7014 -2.9358 0.3196
v  3.4274 -2.9358 0.3196
v  0.7014 -2.8445 0.3128
v  3.4274 -2.8446 0.3128
v  0.7014 -2.7699 0.1346
v  0.7014 -2.7660 0.0047
v  3.4273 -2.7660 0.0047
v  3.4273 -2.7699 0.1349
v  0.7014 -2.8326 -0.3116
v  3.4274 -2.8327 -0.3116
v  3.4274 -2.8104 -0.3078
v  0.7014 -2.8102 -0.3078
v  0.7014 -2.7792 -0.2578
v  3.4274 -2.7792 -0.2582
v  3.4274 -2.7785 -0.2489
v  0.7014 -2.7785 -0.2485
v  0.7014 -2.9349 -0.3199
v  3.4274 -3.0909 -0.3250
v  3.4274 -2.9349 -0.3199
v  0.7014 -2.7693 -0.1252
v  3.4274 -2.7693 -0.1254
v  0.4964 -2.7783 0.2483
v  0.4965 -2.7698 0.1346
v  0.4965 -3.0909 0.3249
v  0.4965 -2.9358 0.3197
v  0.4964 -2.8445 0.3128
v  0.4965 -2.8327 0.3116
v  0.7014 -2.7830 0.2805
v  0.4964 -2.7828 0.2798
v  0.4965 -2.7792 0.2582
v  0.4965 -2.7660 0.0047
v  0.4967 -2.8121 -0.3083
v  0.4965 -2.8326 -0.3116
v  0.4965 -2.7785 -0.2485
v  0.4965 -2.7792 -0.2578
v  0.4965 -2.9349 -0.3199
v  0.4965 -2.7692 -0.1252
v  3.5519 -2.8101 -0.3085
v  3.6061 -2.7831 0.2783
v  3.4274 -2.7831 0.2807
v  -4.5395 -2.7081 -3.6250
v  -4.6694 -2.7120 -3.6513
v  -4.6658 -2.7131 -3.6678
v  -4.5363 -2.7093 -3.6412
v  -4.4096 -2.7108 -3.5988
v  -4.4067 -2.7122 -3.6149
v  -4.2693 -2.7215 -3.5696
v  -4.2658 -2.7226 -3.5865
v  -4.2264 -2.7316 -3.5813
v  -4.2288 -2.7304 -3.5637
v  -4.1584 -2.9201 -3.5478
v  -4.1568 -2.9212 -3.5651
v  -4.1508 -3.0909 -3.5634
v  -4.1527 -3.0909 -3.5464
v  -4.7868 -2.7215 -3.6756
v  -4.7775 -2.7207 -3.6737
v  -4.7822 -2.7206 -3.6440
v  -4.7914 -2.7215 -3.6460
v  -4.5457 -2.7080 -3.5932
v  -4.6751 -2.7121 -3.6203
v  -4.4160 -2.7108 -3.5676
v  -4.2791 -2.7208 -3.5716
v  -4.2843 -2.7207 -3.5428
v  -4.2336 -2.7304 -3.5344
v  -4.2744 -2.7215 -3.5409
v  -4.1662 -2.8264 -3.5486
v  -4.1637 -2.9198 -3.5173
v  -4.1711 -2.8272 -3.5198
v  -4.1581 -3.0909 -3.5147
v  -4.8900 -2.8272 -3.6965
v  -4.8811 -2.7846 -3.6941
v  -4.8863 -2.7850 -3.6652
v  -4.8953 -2.8281 -3.6668
v  -4.8979 -2.9228 -3.6975
v  -4.8910 -2.8382 -3.6966
v  -4.8963 -2.8389 -3.6668
v  -4.9033 -2.9217 -3.6664
v  -4.9035 -3.0909 -3.6987
v  -4.9093 -3.0909 -3.6663
v  -4.9001 -2.9206 -3.5389
v  -4.9225 -3.0909 -3.5483
v  -4.9160 -2.9202 -3.5517
v  -4.9198 -2.9206 -3.5723
v  -4.9121 -2.8375 -3.5766
v  -4.9119 -2.8369 -3.5662
v  -4.9198 -2.9203 -3.5618
v  -4.2062 -3.0909 -3.3938
v  -4.2106 -2.9209 -3.3996
v  -4.1906 -2.9205 -3.4064
v  -4.1854 -3.0909 -3.4003
v  -4.1862 -2.8265 -3.4331
v  -4.1796 -2.9209 -3.4251
v  -4.1833 -2.9207 -3.4149
v  -4.1899 -2.8259 -3.4229
v  -4.8075 -2.7215 -3.5572
v  -4.7982 -2.7206 -3.5548
v  -4.8009 -2.7226 -3.5447
v  -4.8101 -2.7235 -3.5472
v  -4.6919 -2.7121 -3.5270
v  -4.5628 -2.7080 -3.4975
v  -4.5646 -2.7095 -3.4868
v  -4.6940 -2.7139 -3.5167
v  -4.4364 -2.7365 -3.4429
v  -4.5678 -2.7336 -3.4669
v  -4.5663 -2.7151 -3.4770
v  -4.4350 -2.7184 -3.4532
v  -4.2953 -2.7469 -3.4238
v  -4.3051 -2.7462 -3.4251
v  -4.3028 -2.7282 -3.4347
v  -4.2928 -2.7290 -3.4333
v  -4.2174 -2.8264 -3.4080
v  -4.2230 -2.7954 -3.4117
v  -4.2046 -2.7879 -3.4190
v  -4.1973 -2.8255 -3.4144
v  -4.8138 -2.7479 -3.5285
v  -4.8457 -2.7548 -3.5377
v  -4.8499 -2.7380 -3.5485
v  -4.8125 -2.7293 -3.5381
v  -4.6805 -2.7120 -3.5884
v  -4.7870 -2.7206 -3.6135
v  -4.5518 -2.7080 -3.5606
v  -4.4224 -2.7108 -3.5356
v  -4.4326 -2.7108 -3.4731
v  -4.2793 -2.7215 -3.5115
v  -4.2902 -2.7215 -3.4528
v  -4.3001 -2.7207 -3.4542
v  -4.2893 -2.7208 -3.5132
v  -4.1762 -2.8276 -3.4903
v  -4.1947 -2.7847 -3.4381
v  -4.1848 -2.7854 -3.4930
v  -4.1691 -2.9204 -3.4859
v  -4.7963 -2.7214 -3.6156
v  -4.8484 -2.7306 -3.5679
v  -4.8379 -2.7304 -3.6246
v  -4.9008 -2.8284 -3.6362
v  -4.9110 -2.8267 -3.5772
v  -4.9018 -2.8392 -3.6360
v  -4.9089 -2.9218 -3.6343
v  -4.9151 -3.0909 -3.6330
v  -4.6553 -2.7430 -3.7030
v  -4.6583 -2.7269 -3.6953
v  -4.7669 -2.7359 -3.7177
v  -4.7634 -2.7518 -3.7251
v  -4.2614 -2.7534 -3.6230
v  -4.2612 -2.7372 -3.6146
v  -4.2711 -2.7364 -3.6166
v  -4.2713 -2.7525 -3.6249
v  -4.1811 -2.9276 -3.6070
v  -4.1665 -2.9250 -3.5958
v  -4.1725 -2.8278 -3.5959
v  -4.1865 -2.8298 -3.6068
v  -4.8487 -2.8300 -3.7432
v  -4.8662 -2.8282 -3.7384
v  -4.8673 -2.8399 -3.7385
v  -4.8497 -2.8418 -3.7433
v  -4.8578 -2.9327 -3.7445
v  -4.8750 -2.9299 -3.7396
v  -4.8805 -3.0909 -3.7407
v  -4.8630 -3.0909 -3.7456
v  -4.7728 -2.7526 -3.7270
v  -4.7764 -2.7366 -3.7196
v  -4.8090 -2.7459 -3.7280
v  -4.8002 -2.7618 -3.7351
v  -4.7597 -2.7668 -3.7378
v  -4.6516 -2.7584 -3.7162
v  -4.2704 -2.7673 -3.6383
v  -4.2605 -2.7681 -3.6363
v  -4.8327 -2.8432 -3.7538
v  -4.8317 -2.8313 -3.7537
v  -4.8452 -3.0909 -3.7561
v  -4.8402 -2.9346 -3.7548
v  -4.5290 -2.7380 -3.6765
v  -4.5266 -2.7544 -3.6900
v  -4.4026 -2.7406 -3.6506
v  -4.4017 -2.7569 -3.6640
v  -4.1950 -2.8021 -3.6106
v  -4.2047 -2.8070 -3.6271
v  -4.1993 -2.8315 -3.6231
v  -4.7930 -2.7736 -3.7477
v  -4.7691 -2.7675 -3.7397
v  -4.1923 -2.9297 -3.6230
v  -4.1741 -3.0909 -3.6048
v  -4.7645 -2.7748 -3.7575
v  -4.7600 -2.7779 -3.7775
v  -4.7507 -2.7771 -3.7757
v  -4.7552 -2.7741 -3.7557
v  -4.3978 -2.7647 -3.6828
v  -4.3929 -2.7674 -3.7035
v  -4.2636 -2.7776 -3.6772
v  -4.2676 -2.7747 -3.6573
v  -4.8293 -2.9340 -3.7719
v  -4.8223 -2.9326 -3.7919
v  -4.8150 -2.8440 -3.7904
v  -4.8218 -2.8436 -3.7714
v  -4.8343 -3.0909 -3.7735
v  -4.6477 -2.7657 -3.7349
v  -4.6437 -2.7684 -3.7557
v  -4.5183 -2.7647 -3.7299
v  -4.5227 -2.7619 -3.7089
v  -4.2578 -2.7754 -3.6553
v  -4.2538 -2.7784 -3.6752
v  -4.2320 -2.7818 -3.6714
v  -4.2352 -2.7796 -3.6521
v  -4.8208 -2.8318 -3.7713
v  -4.8141 -2.8325 -3.7902
v  -4.8106 -2.8092 -3.7896
v  -4.8163 -2.8082 -3.7714
v  -4.2028 -2.8325 -3.6434
v  -4.2011 -2.8329 -3.6648
v  -4.1935 -2.9323 -3.6628
v  -4.1951 -2.9312 -3.6423
v  -4.1896 -3.0909 -3.6404
v  -4.2364 -2.7743 -3.6344
v  -4.8252 -2.8062 -3.7551
v  -4.2294 -2.7828 -3.6941
v  -4.8049 -2.8102 -3.8115
v  0.4882 -2.7819 0.2479
v  0.4884 -2.7734 0.1344
v  0.4886 -3.0909 0.3212
v  0.4882 -2.9386 0.3163
v  0.4882 -2.8453 0.3092
v  0.4883 -2.8332 0.3082
v  0.4886 -2.7697 0.0039
v  0.4883 -2.7820 -0.2481
v  0.4883 -2.7826 -0.2574
v  0.4883 -2.9373 -0.3165
v  0.4884 -3.0909 -0.3210
v  0.4884 -2.8328 -0.3082
v  0.4886 -2.7729 -0.1247
v  0.4884 -2.8144 -0.3055
v  0.4882 -2.7860 0.2773
v  0.4883 -2.7827 0.2580
v  4.1606 -2.7825 -0.5127
v  4.6323 -2.8110 -0.1629
v  4.0339 -2.7829 -0.3828
v  4.4239 -2.8118 0.0609
v  4.1951 -2.7823 -0.5696
v  4.6851 -2.8112 -0.2452
v  3.9835 -2.7830 -0.3538
v  4.3365 -2.8112 0.1229
v  3.8141 -2.7830 -0.3023
v  4.0250 -2.8111 0.2545
v  3.7479 -2.7829 -0.2923
v  3.9076 -2.8106 0.2795
v  0.4849 -2.7919 0.2560
v  0.4849 -2.7937 0.2734
v  0.4712 -2.8005 0.2710
v  0.4712 -2.7938 0.2557
v  0.4849 -2.7815 0.1338
v  0.4849 -2.7910 0.2456
v  0.4712 -2.7919 0.2455
v  0.4712 -2.7838 0.1332
v  0.4849 -2.9417 0.3081
v  0.4849 -3.0909 0.3134
v  0.4712 -3.0909 0.3133
v  0.4712 -2.9415 0.3073
v  0.4849 -2.8334 0.3003
v  0.4849 -2.8459 0.3012
v  0.4709 -2.8447 0.2988
v  0.4712 -2.8346 0.2969
v  0.4849 -2.7777 0.0031
v  0.4712 -2.7799 0.0031
v  0.4849 -2.7909 -0.2563
v  0.4849 -2.7902 -0.2471
v  0.4712 -2.7928 -0.2456
v  0.4712 -2.7938 -0.2555
v  0.4849 -3.0909 -0.3132
v  0.4849 -2.9399 -0.3083
v  0.4712 -2.9399 -0.3059
v  0.4712 -3.0909 -0.3111
v  0.4849 -2.8411 -0.2994
v  0.4717 -2.8445 -0.2988
v  0.4849 -2.8184 -0.2980
v  0.4721 -2.8241 -0.2928
v  0.4849 -2.7808 -0.1238
v  0.4712 -2.7809 -0.1235
v  0.1806 -2.8344 0.2968
v  -0.1246 -2.8344 0.2968
v  -0.1245 -2.8253 0.2934
v  0.1803 -2.8253 0.2934
v  0.1814 -2.7935 0.2546
v  -0.1236 -2.7938 0.2558
v  -0.1233 -2.7920 0.2457
v  0.1817 -2.7920 0.2461
v  0.1803 -3.0909 0.3108
v  -0.1243 -3.0909 0.3108
v  -0.1243 -2.9375 0.3057
v  0.1803 -2.9375 0.3057
v  -0.1245 -2.8450 0.2989
v  0.1805 -2.8450 0.2989
v  0.1803 -2.7830 0.1230
v  -0.1243 -2.7829 0.1230
v  -0.1243 -2.7799 0.0033
v  0.1803 -2.7799 0.0033
v  0.1803 -2.7825 -0.1164
v  -0.1243 -2.7825 -0.1164
v  -0.1240 -2.7920 -0.2458
v  0.1820 -2.7921 -0.2464
v  0.1803 -2.9370 -0.3057
v  -0.1243 -2.9370 -0.3057
v  -0.1243 -3.0909 -0.3108
v  0.1803 -3.0909 -0.3108
v  0.1821 -2.8442 -0.2988
v  -0.1258 -2.8445 -0.2988
v  0.1812 -2.7930 -0.2522
v  -0.1244 -2.7929 -0.2517
v  -0.1246 -2.7971 -0.2645
v  0.1807 -2.7970 -0.2645
v  0.4965 -2.7928 -4.5022
v  0.4965 -2.7828 -4.5203
v  3.4274 -2.7829 -4.5200
v  3.4274 -2.7930 -4.5020
v  -3.2984 -2.7928 -4.5022
v  -3.2984 -2.7828 -4.5203
v  -3.5060 -2.7932 -4.4983
v  -3.5072 -2.7830 -4.5161
v  -3.5839 -2.7926 -4.4936
v  -3.5864 -2.7827 -4.5117
v  -3.7356 -2.7926 -4.4707
v  -3.7410 -2.7827 -4.4881
v  -3.6650 -2.7826 -4.5028
v  -3.6611 -2.7924 -4.4849
v  -3.8707 -2.7930 -4.4182
v  -3.8791 -2.7829 -4.4340
v  -3.8126 -2.7828 -4.4658
v  -3.8057 -2.7929 -4.4491
v  -3.9793 -2.7927 -4.3259
v  -3.9911 -2.7827 -4.3403
v  -3.9390 -2.7828 -4.3922
v  -3.9290 -2.7929 -4.3769
v  -4.0221 -2.7927 -4.2667
v  -4.0357 -2.7826 -4.2797
v  -4.0582 -2.7928 -4.2014
v  -4.0733 -2.7827 -4.2127
v  -4.0894 -2.7930 -4.1312
v  -4.1054 -2.7827 -4.1407
v  -4.1418 -2.7935 -3.9775
v  -4.1584 -2.7831 -3.9843
v  -4.1331 -2.7830 -4.0648
v  -4.1167 -2.7934 -4.0569
v  -4.1646 -2.7928 -3.8972
v  -4.1816 -2.7828 -3.9031
v  -4.1889 -2.7922 -3.7940
v  -4.2063 -2.7826 -3.7988
v  -4.2117 -2.7926 -3.6906
v  3.5560 -2.7832 -4.5183
v  3.5555 -2.7934 -4.5008
v  3.6741 -2.7930 -4.4967
v  3.9353 -2.7929 -4.4487
v  4.0024 -2.7929 -4.4164
v  3.8587 -2.7926 -4.4723
v  3.8564 -2.8099 -4.4625
v  3.7719 -2.8098 -4.4777
v  3.7739 -2.7925 -4.4877
v  4.1295 -2.7933 -4.2985
v  4.1231 -2.8111 -4.2903
v  4.0634 -2.8117 -4.3581
v  4.0684 -2.7935 -4.3667
v  4.1840 -2.7922 -4.2087
v  4.2351 -2.7924 -4.0909
v  4.3084 -2.7927 -3.8321
v  4.2989 -2.8101 -3.8287
v  4.2634 -2.8098 -3.9689
v  4.2723 -2.7926 -3.9746
v  4.3395 -2.7932 -3.6924
v  4.3673 -2.7936 -3.5452
v  4.4467 -2.7930 -2.9485
v  4.4369 -2.8104 -2.9476
v  4.4224 -2.8105 -3.0970
v  4.4321 -2.7931 -3.0983
v  4.4139 -2.7933 -3.2477
v  4.4044 -2.8106 -3.2461
v  4.3829 -2.8110 -3.3947
v  4.3922 -2.7937 -3.3966
v  4.4651 -2.7932 -2.6486
v  4.4554 -2.8105 -2.6482
v  4.4479 -2.8104 -2.7980
v  4.4577 -2.7930 -2.7987
v  4.4692 -2.7934 -2.4864
v  4.4689 -2.7938 -2.3181
v  4.4224 -2.7938 -1.6277
v  4.4122 -2.8151 -1.6289
v  4.4316 -2.8147 -1.8019
v  4.4408 -2.7947 -1.8010
v  4.3722 -2.7922 -1.2816
v  4.3619 -2.8097 -1.2836
v  4.3897 -2.8113 -1.4559
v  4.3997 -2.7930 -1.4543
v  4.4548 -2.7948 -1.9745
v  4.4458 -2.8133 -1.9749
v  4.4550 -2.8124 -2.1472
v  4.4642 -2.7943 -2.1469
v  4.3407 -2.7925 -1.1095
v  4.3106 -2.7917 -0.9726
v  4.2456 -2.7916 -0.7374
v  4.2359 -2.8087 -0.7427
v  4.2665 -2.8092 -0.8413
v  4.2763 -2.7919 -0.8368
v  4.1790 -2.7918 -0.5802
v  4.1455 -2.7922 -0.5241
v  4.0666 -2.7933 -0.4315
v  4.0596 -2.8114 -0.4384
v  4.1009 -2.8104 -0.4814
v  4.1086 -2.7926 -0.4745
v  4.2084 -2.7916 -0.6405
v  4.1992 -2.8088 -0.6466
v  4.0223 -2.7934 -0.3970
v  3.9731 -2.7935 -0.3689
v  3.8656 -2.7936 -0.3307
v  3.8603 -2.8117 -0.3392
v  3.9148 -2.8113 -0.3553
v  3.9209 -2.7932 -0.3468
v  3.8079 -2.7935 -0.3194
v  3.7433 -2.7931 -0.3098
v  3.5530 -2.7927 -0.2985
v  3.6760 -2.8101 -0.3133
v  3.6783 -2.7927 -0.3034
v  3.4274 -2.7929 -0.2979
v  3.4274 -2.7829 -0.2800
v  0.7014 -2.7828 -0.2797
v  0.7014 -2.7928 -0.2977
v  0.4967 -2.7832 -0.2809
v  0.4970 -2.7923 -0.2972
v  -4.2110 -2.7795 -3.6161
v  -4.1816 -2.7949 -3.5997
v  -4.2009 -2.7675 -3.6051
v  -4.1955 -2.7519 -3.5582
v  -4.1748 -2.7848 -3.5525
v  -4.1798 -2.7848 -3.5233
v  -4.2006 -2.7518 -3.5285
v  -4.2389 -2.7681 -3.4162
v  -4.2656 -2.7527 -3.4203
v  -4.2560 -2.7364 -3.4292
v  -4.2240 -2.7566 -3.4240
v  -4.2148 -2.7527 -3.4431
v  -4.2486 -2.7303 -3.4487
v  -4.2389 -2.7304 -3.5041
v  -4.2057 -2.7522 -3.4975
v  -4.2341 -2.7628 -3.6196
v  -4.2165 -2.7873 -3.6321
v  -4.2143 -2.7925 -3.6683
v  -4.2047 -2.8103 -3.6660
v  -4.2067 -2.8092 -3.6457
v  -4.2168 -2.7908 -3.6490
v  0.4885 -2.7858 -0.2782
v  0.4886 -2.7947 -0.2952
v  0.4849 -2.8006 -0.2898
v  0.4849 -2.7929 -0.2738
v  0.4737 -2.7991 -0.2687
v  0.4726 -2.8096 -0.2825
v  -0.1251 -2.8085 -0.2813
v  -0.1256 -2.8245 -0.2929
v  0.1818 -2.8242 -0.2928
v  0.1813 -2.8084 -0.2812
v  3.4274 -2.7931 -5.0981
v  0.4965 -2.7830 -5.0804
v  0.4965 -2.7929 -5.0979
v  -3.2986 -2.7830 -5.0804
v  -3.2986 -2.7929 -5.0979
v  -3.5354 -2.7930 -5.0937
v  -3.6660 -2.7939 -5.0845
v  -3.6676 -2.8116 -5.0938
v  -3.7956 -2.7936 -5.0670
v  -3.9212 -2.7937 -5.0381
v  -4.0407 -2.7939 -4.9972
v  -4.1538 -2.7936 -4.9436
v  -4.3629 -2.7937 -4.7885
v  -4.2658 -2.8111 -4.8832
v  -4.2602 -2.7935 -4.8753
v  -4.4587 -2.7938 -4.6820
v  -4.5406 -2.7937 -4.5624
v  -4.6061 -2.7932 -4.4384
v  -4.6957 -2.7927 -4.2029
v  -4.7052 -2.8101 -4.2065
v  -4.6661 -2.8101 -4.3193
v  -4.6571 -2.7930 -4.3154
v  -4.7299 -2.7934 -4.0889
v  -4.7646 -2.7930 -3.9496
v  -4.7949 -2.7927 -3.8095
v  3.5792 -2.8104 -5.1063
v  3.5787 -2.7929 -5.0964
v  3.7343 -2.7933 -5.0894
v  4.1588 -2.7937 -5.0014
v  4.2948 -2.7933 -4.9361
v  4.0207 -2.7936 -5.0458
v  4.0163 -2.7833 -5.0289
v  3.8759 -2.7831 -5.0569
v  3.8789 -2.7934 -5.0742
v  4.5518 -2.7934 -4.7250
v  4.5394 -2.7833 -4.7132
v  4.4179 -2.7835 -4.8315
v  4.4283 -2.7937 -4.8448
v  4.6609 -2.7936 -4.5762
v  4.7512 -2.7934 -4.4025
v  4.8780 -2.7932 -4.0154
v  4.8613 -2.7831 -4.0097
v  4.8045 -2.7833 -4.2113
v  4.8204 -2.7936 -4.2184
v  4.9247 -2.7928 -3.8054
v  4.9535 -2.7920 -3.6489
v  5.0406 -2.7928 -2.9959
v  5.0232 -2.7830 -2.9940
v  5.0074 -2.7830 -3.1584
v  5.0246 -2.7928 -3.1606
v  5.0044 -2.7923 -3.3244
v  4.9869 -2.7827 -3.3217
v  4.9635 -2.7828 -3.4859
v  4.9808 -2.7923 -3.4882
v  5.0611 -2.7931 -2.6652
v  5.0433 -2.7830 -2.6643
v  5.0353 -2.7830 -2.8293
v  5.0528 -2.7930 -2.8307
v  5.0656 -2.7931 -2.4877
v  5.0650 -2.7926 -2.3043
v  5.0150 -2.7931 -1.5533
v  4.9979 -2.7831 -1.5559
v  5.0174 -2.7828 -1.7443
v  5.0349 -2.7926 -1.7420
v  4.9596 -2.7934 -1.1772
v  4.9426 -2.7833 -1.1803
v  4.9732 -2.7833 -1.3677
v  4.9900 -2.7935 -1.3649
v  5.0499 -2.7923 -1.9305
v  5.0321 -2.7827 -1.9324
v  5.0422 -2.7827 -2.1191
v  5.0599 -2.7924 -2.1180
v  4.9241 -2.7931 -0.9903
v  4.8814 -2.7937 -0.7975
v  4.7805 -2.7943 -0.4681
v  4.7655 -2.7837 -0.4752
v  4.8127 -2.7832 -0.6145
v  4.8288 -2.7934 -0.6078
v  4.6775 -2.7935 -0.2514
v  4.6245 -2.7933 -0.1688
v  4.4960 -2.7937 -0.0156
v  4.4837 -2.7833 -0.0276
v  4.5515 -2.7831 -0.1013
v  4.5649 -2.7934 -0.0899
v  4.7221 -2.7935 -0.3343
v  4.7071 -2.7833 -0.3430
v  4.4177 -2.7940 0.0539
v  4.3306 -2.7935 0.1152
v  4.1347 -2.7933 0.2107
v  4.1278 -2.7832 0.1949
v  4.2284 -2.7832 0.1516
v  4.2370 -2.7935 0.1668
v  4.0220 -2.7936 0.2454
v  3.9053 -2.7931 0.2700
v  3.6074 -2.7931 0.2957
v  3.7845 -2.7833 0.2677
v  3.7870 -2.7936 0.2849
v  0.7014 -2.7929 0.2979
v  3.4274 -2.7931 0.2981
v  0.4962 -2.8098 0.3076
v  0.4961 -2.7920 0.2969
v  -4.8595 -2.7512 -3.6892
v  -4.8274 -2.7304 -3.6832
v  -4.8329 -2.7306 -3.6544
v  -4.8651 -2.7516 -3.6607
v  -4.8708 -2.7710 -3.5439
v  -4.8849 -2.7955 -3.5456
v  -4.8986 -2.7884 -3.5583
v  -4.8801 -2.7582 -3.5559
v  -4.8807 -2.7523 -3.5754
v  -4.9016 -2.7851 -3.5782
v  -4.8919 -2.7857 -3.6352
v  -4.8708 -2.7521 -3.6311
v  -4.8767 -2.7855 -3.7121
v  -4.8550 -2.7521 -3.7080
v  -4.8223 -2.7785 -3.7419
v  -4.8393 -2.8015 -3.7436
v  -4.8121 -2.7863 -3.7543
v  -4.8003 -2.7914 -3.7874
v  -4.7827 -2.7813 -3.7829
v  -4.7874 -2.7790 -3.7640
v  -4.8053 -2.7897 -3.7694
v  0.4883 -2.8138 0.3051
v  0.4884 -2.7949 0.2950
v  0.4849 -2.8007 0.2903
v  0.4849 -2.8192 0.2983
v  0.4714 -2.8216 0.2914
v  0.4715 -2.8091 0.2819
v  -0.1241 -2.8093 0.2821
v  -0.1238 -2.7978 0.2662
v  0.1792 -2.7976 0.2659
v  0.1797 -2.8091 0.2820
v  -4.8229 -2.7313 -3.7009
v  -4.8908 -2.8264 -3.5441
v  -4.9068 -2.8256 -3.5568
v  -4.8858 -2.8269 -3.7132
v  -4.2288 -2.7473 -3.6100
v  -3.2985 -2.7792 -4.5422
v  -4.7899 -2.9757 -3.5006
v  -4.6677 -3.0363 -3.4648
v  -4.6745 -3.0909 -3.4660
v  -4.7989 -3.0909 -3.5003
v  -4.7839 -2.9121 -3.5028
v  -4.6650 -3.0065 -3.4653
v  -4.3226 -3.0909 -3.4039
v  -4.4491 -3.0909 -3.4221
v  -4.4508 -3.0364 -3.4213
v  -4.3257 -2.9759 -3.4070
v  -4.4533 -3.0065 -3.4227
v  -4.3306 -2.9121 -3.4113
v  -4.7801 -2.8912 -3.5032
v  -4.6633 -2.9968 -3.4653
v  -4.6537 -2.8524 -3.4725
v  -4.6041 -2.9788 -3.4519
v  -4.7324 -2.8596 -3.4924
v  -4.5661 -2.8499 -3.4529
v  -4.5630 -2.9776 -3.4433
v  -4.4775 -2.8519 -3.4364
v  -4.5216 -2.9786 -3.4352
v  -4.3827 -2.8589 -3.4218
v  -4.4774 -2.9819 -3.4276
v  -4.3628 -2.8628 -3.4189
v  -4.4681 -2.9837 -3.4260
v  -4.3345 -2.8912 -3.4133
v  -4.4551 -2.9968 -3.4234
v  -4.4600 -2.9883 -3.4245
v  -4.3451 -2.8730 -3.4159
v  -4.7540 -2.8642 -3.4980
v  -4.6513 -2.9843 -3.4629
v  -4.6591 -2.9892 -3.4646
v  -4.7708 -2.8749 -3.5019
v  -4.6412 -2.9822 -3.4605
v  -4.5593 -3.0909 -3.4402
v  -4.9003 -3.0909 -3.5333
v  -4.8944 -2.9209 -3.5370
v  -4.8862 -2.8379 -3.5414
v  -4.2166 -2.9212 -3.4000
v  -4.2124 -3.0909 -3.3942
v  -4.2233 -2.8272 -3.4084
v  -4.8851 -2.8272 -3.5421
v  -4.8795 -2.7975 -3.5436
v  -4.8132 -2.7538 -3.5276
v  -4.8040 -2.7529 -3.5249
v  -4.6975 -2.7431 -3.4959
v  -4.5680 -2.7395 -3.4661
v  -4.4368 -2.7424 -3.4421
v  -4.3060 -2.7521 -3.4245
v  -4.2961 -2.7528 -3.4231
v  -4.2677 -2.7584 -3.4198
v  -4.2433 -2.7725 -3.4160
v  -4.2287 -2.7976 -3.4120
v  -4.8667 -2.7752 -3.5420
v  -4.8437 -2.7604 -3.5364
v  -4.8919 -2.8373 -3.5433
v  -4.8046 -2.7469 -3.5258
v  -4.6975 -2.7372 -3.4970
v  -4.9262 -3.0909 -3.5583
v  -4.9079 -2.8365 -3.5562
v  -4.1782 -3.0909 -3.4088
v  -4.6960 -2.7194 -3.5073
v  -4.8032 -2.7284 -3.5355
v  -4.4339 -2.7128 -3.4627
v  -4.3015 -2.7226 -3.4440
v  -4.1980 -2.7855 -3.4278
v  -4.8498 -2.7326 -3.5578
v  -4.2516 -2.7316 -3.4383
v  -4.2180 -2.7533 -3.4328
v  -4.9018 -2.7860 -3.5681
v  -4.8816 -2.7539 -3.5654
v  -4.9108 -2.8260 -3.5668
v  -4.2915 -2.7234 -3.4426
v  -4.6620 -2.7168 -3.6829
v  -4.5306 -2.7224 -3.6687
v  -4.5332 -2.7128 -3.6561
v  -4.4028 -2.7252 -3.6425
v  -4.4044 -2.7157 -3.6298
v  -4.2628 -2.7266 -3.6018
v  -4.2258 -2.7360 -3.5973
v  -4.1579 -2.9228 -3.5812
v  -4.1599 -3.0909 -3.5938
v  -4.1518 -3.0909 -3.5794
v  -4.7743 -2.7218 -3.6903
v  -4.7708 -2.7256 -3.7054
v  -4.2757 -2.7219 -3.5884
v  -4.2727 -2.7259 -3.6038
v  -4.1641 -2.8263 -3.5655
v  -4.1651 -2.8266 -3.5814
v  -4.8791 -2.8270 -3.7278
v  -4.8867 -2.8381 -3.7133
v  -4.8800 -2.8385 -3.7279
v  -4.8873 -2.9270 -3.7286
v  -4.8935 -2.9245 -3.7140
v  -4.8993 -3.0909 -3.7152
v  -4.8929 -3.0909 -3.7298
v  -4.7803 -2.7264 -3.7073
v  -4.7837 -2.7226 -3.6923
v  -4.8171 -2.7350 -3.7165
v  -4.1736 -2.7891 -3.5858
v  -4.1727 -2.7861 -3.5698
v  -4.1932 -2.7534 -3.5761
v  -4.1939 -2.7576 -3.5923
v  -4.8699 -2.7881 -3.7275
v  -4.8566 -2.7940 -3.7380
v  -4.8365 -2.7655 -3.7348
v  -4.8484 -2.7556 -3.7242
# 8509 vertices

o 27412
g 27412
s 8
f 353 306 307 
f 46 3 135 
f 307 308 352 353 
f 313 350 312 
f 314 350 313 
f 315 350 314 
f 353 349 305 
f 355 346 347 354 
f 355 345 346 
f 355 344 345 
f 357 339 340 
f 357 337 338 
f 357 358 335 336 
f 359 331 332 
f 359 329 330 
f 359 327 328 
f 361 323 324 360 
f 361 320 321 
f 361 319 320 
f 361 321 322 
f 361 322 323 
f 309 310 351 352 
f 308 309 352 
f 310 311 351 
f 311 312 350 351 
f 355 343 344 
f 355 356 342 343 
f 348 349 353 354 
f 347 348 354 
f 356 357 340 341 
f 356 341 342 
f 357 338 339 
f 357 336 337 
f 358 359 332 333 
f 358 333 334 
f 358 334 335 
f 324 325 360 
f 325 326 360 
f 326 327 359 360 
f 350 315 316 
f 361 362 318 319 
f 362 363 317 318 
f 363 350 316 317 
f 359 328 329 
f 359 330 331 
f 353 305 306 
s 2
f 291 292 61 67 
s 4
f 302 303 62 69 
s 2
f 300 301 63 70 
s 4
f 298 299 64 71 
s 2
f 296 297 65 72 
s 4
f 294 295 66 73 
s 2
f 304 291 67 68 
f 303 304 68 62 
s 4
f 301 302 69 63 
s 2
f 299 300 70 64 
s 4
f 297 298 71 65 
s 2
f 295 296 72 66 
s 4
f 293 294 73 74 
f 292 293 74 61 
s 1
f 67 61 75 81 
f 69 62 76 83 
f 70 63 77 84 
f 71 64 78 85 
f 72 65 79 86 
f 73 66 80 87 
f 68 67 81 82 
f 62 68 82 76 
f 63 69 83 77 
f 64 70 84 78 
f 65 71 85 79 
f 66 72 86 80 
f 74 73 87 88 
f 61 74 88 75 
f 81 75 89 
f 83 76 89 
f 84 77 89 
f 85 78 89 
f 86 79 89 
f 87 80 89 
f 82 81 89 
f 76 82 89 
f 77 83 89 
f 78 84 89 
f 79 85 89 
f 80 86 89 
f 88 87 89 
f 75 88 89 
f 90 149 3 47 
f 90 47 49 91 
f 91 49 50 92 
f 50 1 93 92 
f 93 1 52 94 
f 94 52 51 95 
f 95 51 14 96 
f 96 14 13 97 
f 97 13 12 98 
f 98 12 11 99 
f 99 11 10 100 
f 100 10 9 101 
f 101 9 8 102 
f 102 8 7 103 
f 103 7 5 104 
f 104 5 2 217 
s 2
f 2 15 105 
s 4
f 105 15 17 106 
f 106 17 18 107 
f 107 18 19 108 
f 108 19 20 109 
f 109 20 21 110 
f 110 21 22 111 
f 111 22 24 112 
f 112 24 25 113 
f 113 25 26 114 
f 26 27 114 
f 114 27 28 115 
f 115 28 29 116 
f 116 29 30 117 
f 117 30 32 118 
f 32 33 118 
f 118 33 121 119 
f 119 121 122 120 
s 16
f 33 34 121 
f 121 34 35 122 
f 123 122 35 36 
f 37 124 123 36 
s 4
f 125 120 122 123 
f 125 123 124 126 
s 16
f 124 37 38 127 
f 127 38 39 128 
f 128 39 40 129 
f 129 40 42 130 
f 130 42 43 131 
f 131 43 44 132 
f 132 44 45 133 
f 133 45 46 134 
f 134 150 136 
f 135 4 149 150 
s 8
f 3 4 135 
s 4
f 137 126 124 127 
f 137 127 128 138 
s 2
f 138 128 129 139 
s 4
f 139 129 130 140 
f 140 130 131 141 
f 141 131 132 142 
f 142 132 133 143 
f 143 133 134 144 
f 144 134 136 145 
f 145 136 148 146 
s 16
f 147 148 149 90 
f 149 148 136 150 
f 134 46 135 150 
f 151 147 90 91 
f 151 91 92 152 
f 152 92 93 153 
f 153 93 94 154 
f 154 94 95 155 
f 155 95 96 156 
f 156 96 97 157 
f 157 97 98 158 
f 158 98 99 159 
f 159 99 100 160 
f 160 100 101 161 
f 161 101 102 162 
f 162 102 103 163 
f 163 103 104 164 
f 164 104 217 218 
s 4
f 165 146 148 147 
f 165 147 151 166 
f 166 151 152 167 
f 167 152 153 168 
f 168 153 154 169 
f 169 154 155 170 
f 170 155 156 171 
f 171 156 157 172 
f 172 157 158 173 
f 173 158 159 174 
f 174 159 160 175 
f 175 160 161 176 
f 176 161 162 177 
f 177 162 163 178 
f 178 163 164 179 
f 179 164 218 180 
s 1
f 2 105 219 217 
f 105 106 220 219 
f 106 107 221 220 
f 107 108 222 221 
f 108 109 223 222 
f 109 110 224 223 
f 110 111 225 224 
f 111 112 226 225 
f 112 113 227 226 
f 113 114 228 227 
f 114 115 229 228 
f 115 116 230 229 
f 116 117 231 230 
f 117 118 232 231 
f 118 119 233 232 
f 119 120 234 233 
f 120 125 235 234 
f 125 126 236 235 
f 126 137 237 236 
f 137 138 238 237 
f 138 139 239 238 
f 139 140 240 239 
f 140 141 241 240 
f 141 142 242 241 
f 142 143 243 242 
f 143 144 244 243 
f 144 145 245 244 
f 145 146 246 245 
f 146 165 247 246 
f 165 166 248 247 
f 166 167 249 248 
f 167 168 250 249 
f 168 169 251 250 
f 169 170 252 251 
f 170 171 253 252 
f 171 172 254 253 
s 16
f 220 256 255 219 
f 221 257 256 220 
f 222 258 257 221 
f 223 259 258 222 
f 224 260 259 223 
f 225 261 260 224 
f 226 262 261 225 
f 227 263 262 226 
f 228 264 263 227 
f 229 265 264 228 
f 230 266 265 229 
f 231 267 266 230 
f 232 268 267 231 
f 233 269 268 232 
f 234 270 269 233 
f 235 271 270 234 
f 236 272 271 235 
f 237 273 272 236 
f 238 274 273 237 
f 239 275 274 238 
f 240 276 275 239 
f 241 277 276 240 
f 242 278 277 241 
f 243 279 278 242 
f 244 280 279 243 
f 245 281 280 244 
f 246 282 281 245 
f 247 283 282 246 
f 248 284 283 247 
f 249 285 284 248 
f 250 286 285 249 
f 251 287 286 250 
f 252 288 287 251 
f 253 289 288 252 
f 254 290 289 253 
f 219 255 218 217 
s 4
f 256 182 181 255 
f 257 183 182 256 
f 258 184 183 257 
f 259 185 184 258 
f 260 186 185 259 
f 261 187 186 260 
f 262 188 187 261 
f 263 189 188 262 
f 264 190 189 263 
f 265 191 190 264 
f 266 192 191 265 
f 267 193 192 266 
f 268 194 193 267 
f 269 195 194 268 
f 270 196 195 269 
f 271 197 196 270 
f 272 198 197 271 
f 273 199 198 272 
f 274 200 199 273 
f 275 201 200 274 
f 276 202 201 275 
f 277 203 202 276 
f 278 204 203 277 
f 279 205 204 278 
f 280 206 205 279 
f 281 207 206 280 
f 282 208 207 281 
f 283 209 208 282 
f 284 210 209 283 
f 285 211 210 284 
f 286 212 211 285 
f 287 213 212 286 
f 288 214 213 287 
f 289 215 214 288 
f 290 216 215 289 
f 255 181 180 218 
s off
f 53 6 292 291 
f 6 60 293 292 
f 60 59 294 293 
f 59 48 295 294 
f 48 58 296 295 
f 58 41 297 296 
f 41 57 298 297 
f 57 31 299 298 
f 31 56 300 299 
f 56 23 301 300 
f 23 55 302 301 
f 55 16 303 302 
f 16 54 304 303 
f 54 53 291 304 
f 3 149 4 
f 2 5 306 305 
f 5 7 307 306 
f 7 8 308 307 
f 8 9 309 308 
f 9 10 310 309 
f 10 11 311 310 
f 11 12 312 311 
f 12 13 313 312 
f 13 14 314 313 
f 14 51 315 314 
f 51 52 316 315 
f 52 1 317 316 
f 1 50 318 317 
f 50 49 319 318 
f 49 47 320 319 
f 47 3 321 320 
f 3 46 322 321 
f 46 45 323 322 
f 45 44 324 323 
f 44 43 325 324 
f 43 42 326 325 
f 42 40 327 326 
f 40 39 328 327 
f 39 38 329 328 
f 38 37 330 329 
f 37 36 331 330 
f 36 35 332 331 
f 35 34 333 332 
f 34 33 334 333 
f 33 32 335 334 
f 32 30 336 335 
f 30 29 337 336 
f 29 28 338 337 
f 28 27 339 338 
f 27 26 340 339 
f 26 25 341 340 
f 25 24 342 341 
f 24 22 343 342 
f 22 21 344 343 
f 21 20 345 344 
f 20 19 346 345 
f 19 18 347 346 
f 18 17 348 347 
f 17 15 349 348 
f 15 2 305 349 
f 6 53 351 350 
f 53 54 352 351 
f 54 16 353 352 
f 16 55 354 353 
f 55 23 355 354 
f 23 56 356 355 
f 56 31 357 356 
f 31 57 358 357 
f 57 41 359 358 
f 41 58 360 359 
f 58 48 361 360 
f 48 59 362 361 
f 59 60 363 362 
f 60 6 350 363 
s 1
f 364 411 412 365 
f 366 413 414 367 
f 415 369 368 416 
f 417 418 419 420 
f 421 422 423 424 
f 425 426 427 428 
f 429 430 371 370 
f 431 432 433 434 
f 886 885 435 436 
f 437 887 890 438 
f 439 440 441 442 
f 439 443 444 445 
f 446 447 448 449 
f 450 451 452 453 
f 454 455 456 457 
f 458 459 460 461 
f 4729 4730 4727 4728 
f 467 468 469 470 
f 4603 4604 4605 4606 
f 475 476 477 478 
f 4607 4608 4609 4610 
f 482 483 484 485 
f 486 487 488 489 
f 482 490 491 492 
f 493 494 4988 4989 
f 497 498 499 500 
f 501 502 503 504 
f 4611 4612 4613 4614 
f 3804 3803 3785 3786 
f 3808 3807 3787 3788 
f 3791 3792 4990 4991 
f 3810 3809 3793 3794 
f 404 909 512 373 
f 513 514 934 913 
f 515 4992 4993 917 
f 930 922 517 518 
f 519 3944 3976 522 
f 526 3946 3978 529 
f 530 3948 4994 4995 
f 534 535 536 537 
f 538 539 540 541 
f 542 543 4996 4997 
f 546 547 536 548 
f 549 550 551 552 
f 553 4998 554 555 
f 556 557 558 559 
f 560 561 562 563 
f 564 565 566 567 
f 568 569 570 571 
f 572 573 574 575 
f 576 577 578 579 
f 580 581 582 583 
f 584 585 583 586 
f 573 587 588 574 
f 589 590 591 442 
f 592 593 594 595 
f 589 596 597 428 
f 598 599 600 601 
f 602 603 604 605 
f 4615 4616 4617 4618 
f 609 610 565 611 
f 3814 3813 3806 3805 
f 916 923 614 615 
f 616 3950 3982 619 
f 620 621 508 613 
f 622 623 624 625 
f 626 627 611 628 
f 629 630 631 632 
f 633 4539 4540 636 
f 637 476 4541 4542 
f 640 641 638 642 
f 643 644 645 636 
f 646 4543 4544 649 
f 4220 4216 4217 4219 
f 465 653 654 462 
f 461 655 656 458 
f 657 658 659 660 
f 661 662 663 664 
f 665 666 667 668 
f 669 670 671 672 
f 673 674 675 676 
f 677 678 679 680 
f 681 682 683 684 
f 424 685 686 421 
f 420 687 688 417 
f 600 2177 2178 448 
f 449 2179 2180 693 
f 694 2181 2182 599 
f 642 638 4541 4545 
f 697 4546 4540 635 
f 634 471 474 635 
f 479 477 476 637 
f 647 466 4218 648 
f 698 699 700 701 
f 702 703 704 705 
f 706 707 708 709 
f 710 711 712 713 
f 714 715 716 717 
f 718 719 720 721 
f 724 723 728 727 
f 726 729 730 731 
f 732 733 734 735 
f 736 737 738 739 
f 740 741 742 743 
f 744 745 746 747 
f 748 749 750 751 
f 752 753 754 755 
f 756 757 758 759 
f 4619 4620 4621 4622 
f 3795 3796 3802 3801 
f 912 927 766 767 
f 768 769 3952 3984 
f 772 773 507 765 
f 774 775 776 777 
f 778 779 414 739 
f 780 4547 4548 783 
f 784 785 786 787 
f 788 789 790 791 
f 430 750 2183 2184 
f 781 760 763 782 
f 794 795 796 797 
f 800 801 802 485 
f 803 804 509 805 
f 806 807 808 809 
f 4623 4624 4625 4626 
f 800 814 815 445 
f 816 693 817 818 
f 819 820 821 822 
f 3816 3815 3797 3798 
f 823 824 920 931 
f 825 3954 3986 828 
f 829 830 991 897 
f 831 832 830 833 
f 834 585 835 836 
f 837 838 835 839 
f 809 808 4549 4550 
f 842 843 844 845 
f 846 847 848 849 
f 817 2185 2186 487 
f 841 840 811 810 
f 852 853 854 855 
f 4128 4129 856 857 
f 858 859 4130 4131 
f 860 861 4132 4133 
f 4134 4135 862 688 
f 863 510 4136 4137 
f 697 864 4138 4139 
f 4627 4628 4725 4726 
f 3799 3800 4183 4171 
f 938 866 4164 4160 
f 867 3956 4180 4167 
f 901 869 4143 4144 
f 870 871 4143 4145 
f 872 588 4146 4147 
f 873 582 4146 4148 
f 874 875 4149 4150 
f 876 877 4151 4152 
f 4153 4154 878 879 
f 4134 4155 880 492 
f 501 4551 4602 4139 
f 882 883 4157 4158 
f 884 547 885 886 
f 887 888 889 890 
f 891 832 4999 5000 
f 871 435 885 893 
f 624 908 894 895 
f 896 776 382 374 
f 897 898 899 894 
f 900 5001 5002 901 
f 549 552 699 698 
f 555 554 703 702 
f 902 903 707 706 
f 711 560 563 712 
f 559 558 715 714 
f 794 904 376 375 
f 852 905 704 703 
f 906 700 699 882 
f 436 435 551 550 
f 869 5003 4998 553 
f 437 438 557 556 
f 561 829 908 562 
f 623 902 563 562 
f 775 795 378 377 
f 831 853 554 4998 
f 883 552 551 870 
f 909 910 911 912 
f 913 914 915 916 
f 917 918 919 920 
f 921 4159 4160 922 
f 923 924 925 926 
f 927 928 929 930 
f 931 932 933 934 
f 935 5004 5005 938 
f 939 940 941 942 
f 943 944 641 945 
f 946 947 948 949 
f 950 951 469 945 
f 952 953 954 955 
f 956 957 645 954 
f 958 959 960 961 
f 962 963 964 961 
f 564 965 966 628 
f 738 967 573 572 
f 584 968 969 839 
f 970 4149 4148 587 
f 626 568 571 971 
f 972 380 379 779 
f 837 467 470 971 
f 875 973 586 873 
f 972 974 975 976 
f 977 978 570 569 
f 979 838 571 570 
f 980 4161 4147 581 
f 981 965 982 983 
f 575 574 984 985 
f 834 986 987 580 
f 872 988 989 984 
f 485 484 814 800 
f 818 817 487 486 
f 492 491 4135 4134 
f 493 4137 4136 494 
f 498 819 822 499 
f 501 4139 4138 502 
f 4726 4725 4612 4611 
f 3790 3789 3815 3816 
f 824 515 917 920 
f 4167 4180 3948 530 
f 990 991 891 543 
f 555 4157 4145 553 
f 581 4147 4146 582 
f 839 835 585 584 
f 675 674 847 846 
f 705 4162 4158 702 
f 992 4163 4164 866 
f 485 802 490 482 
f 804 5006 5007 509 
f 807 964 993 808 
f 4614 4613 4624 4623 
f 825 5008 5009 3954 
f 4998 907 4999 
f 580 583 585 834 
f 808 993 4552 4549 
f 843 994 995 844 
f 487 2186 2187 488 
f 840 504 503 811 
f 703 554 853 852 
f 997 516 4992 5010 
f 857 856 996 999 
f 858 489 488 859 
f 860 995 994 861 
f 3792 3791 5011 5012 
f 938 5005 5013 866 
f 901 5002 5003 869 
f 873 586 583 582 
f 874 960 973 875 
f 497 876 1859 1848 
f 879 878 673 676 
f 492 880 483 482 
f 504 4552 4551 501 
f 830 832 891 991 
f 900 4165 4166 1000 
f 702 4158 4157 555 
f 855 1001 905 852 
f 553 4145 4143 869 
f 833 854 853 831 
f 936 533 5008 5014 
f 935 4159 4167 530 
f 1002 969 968 959 
f 4168 4156 881 963 
f 586 973 968 584 
f 873 4148 4149 875 
f 1003 1004 1005 1006 
f 1007 1008 1009 1010 
f 543 891 5000 4996 
f 893 885 547 546 
f 895 894 899 593 
f 753 896 374 381 
f 897 894 908 829 
f 537 536 547 884 
f 888 538 541 889 
f 898 1011 1012 899 
f 1000 5015 5001 900 
f 543 542 1013 990 
f 901 4144 4165 900 
f 909 912 767 512 
f 913 916 615 513 
f 922 4160 4164 517 
f 923 926 1080 614 
f 927 930 518 766 
f 931 934 514 823 
f 910 769 768 911 
f 914 616 619 915 
f 918 825 828 919 
f 867 4167 4159 921 
f 924 523 525 925 
f 928 519 522 929 
f 932 526 529 933 
f 530 4995 5004 935 
f 918 917 4993 5014 
f 938 4160 4159 935 
f 413 939 942 736 
f 468 943 945 469 
f 610 946 949 1014 
f 950 945 641 640 
f 955 954 645 644 
f 956 954 953 737 
f 1015 958 807 806 
f 962 874 4150 4169 
f 940 780 783 941 
f 639 638 641 944 
f 947 646 649 948 
f 951 627 470 469 
f 970 967 953 952 
f 957 633 636 645 
f 959 968 973 960 
f 963 881 993 964 
f 958 961 964 807 
f 962 961 960 874 
f 959 958 1015 1002 
f 963 962 4169 4168 
f 3801 3802 3803 3804 
f 3805 3806 3807 3808 
f 4171 4183 3809 3810 
f 3811 3812 3813 3814 
f 3794 3793 3796 3795 
f 3788 3787 3798 3797 
f 866 5013 5016 992 
f 799 1016 384 383 
f 429 904 1025 751 
f 906 4162 4131 432 
f 709 708 601 447 
f 489 704 905 486 
f 598 717 716 1026 
f 748 701 700 431 
f 816 710 713 446 
f 705 858 4131 4162 
f 486 905 1001 818 
f 705 704 489 858 
f 1011 1013 803 451 
f 496 545 5015 4989 
f 764 511 535 534 
f 539 612 1027 540 
f 594 1012 450 621 
f 1013 542 804 803 
f 548 536 535 863 
f 1000 4166 4137 493 
f 542 4997 5006 804 
f 1028 1029 1030 1031 
f 1032 1033 978 1034 
f 1035 1036 1037 1038 
f 1039 1040 989 1041 
f 1034 1042 1043 578 
f 1004 4172 4173 1044 
f 1045 1008 1005 1046 
f 1047 1048 1049 1041 
f 980 987 1046 1044 
f 1045 986 1050 1051 
f 1028 1031 732 411 
f 577 1032 1034 578 
f 630 1035 1038 1052 
f 733 1039 1041 1049 
f 977 1042 1034 978 
f 1044 4173 4161 980 
f 986 1045 1046 987 
f 988 1047 1041 989 
f 1044 1046 1005 1004 
f 1008 1045 1051 1009 
f 976 975 1030 1029 
f 1033 979 570 978 
f 1036 981 983 1037 
f 1040 985 984 989 
f 1043 1053 579 578 
f 1003 4174 4172 1004 
f 1005 1008 1007 1006 
f 1054 1055 1049 1048 
f 581 580 987 980 
f 986 834 836 1050 
f 423 422 4129 4128 
f 432 4131 4130 433 
f 445 444 801 800 
f 451 803 805 452 
f 463 4133 4132 464 
f 969 1002 468 467 
f 4626 4625 4608 4607 
f 828 3986 3946 526 
f 548 4166 4165 546 
f 854 833 561 560 
f 1010 1009 577 576 
f 587 4148 4146 588 
f 639 809 4550 4542 
f 4156 4168 644 643 
f 655 4152 4151 656 
f 658 842 845 659 
f 679 678 4154 4153 
f 688 687 4155 4134 
f 693 2180 2185 817 
f 4139 4602 4546 697 
f 637 841 810 479 
f 1001 855 711 710 
f 1024 1056 1057 1021 
f 445 815 440 439 
f 446 449 693 816 
f 820 661 664 821 
f 971 571 838 837 
f 849 848 682 681 
f 417 688 862 668 
f 863 535 511 510 
f 635 474 864 697 
f 4606 4605 4628 4627 
f 522 3976 3956 867 
f 870 551 435 871 
f 872 984 574 588 
f 882 699 552 883 
f 1058 517 4164 4163 
f 893 4144 4143 871 
f 991 990 898 897 
f 855 854 560 711 
f 882 4158 4162 906 
f 833 830 829 561 
f 870 4145 4157 883 
f 922 930 929 921 
f 920 919 932 931 
f 943 1015 806 944 
f 955 4169 4150 952 
f 587 573 967 970 
f 839 969 467 837 
f 836 835 838 979 
f 872 4147 4161 988 
f 546 4165 4144 893 
f 990 1013 1011 898 
f 921 929 522 867 
f 919 828 526 932 
f 1002 1015 943 468 
f 4168 4169 955 644 
f 944 806 809 639 
f 952 4150 4149 970 
f 432 431 700 906 
f 818 1001 710 816 
f 451 450 1012 1011 
f 863 4137 4166 548 
f 1051 1050 1033 1032 
f 1047 4173 4172 1048 
f 1009 1051 1032 577 
f 988 4161 4173 1047 
f 1050 836 979 1033 
f 1048 4172 4174 1054 
f 1059 1060 5028 5029 
f 1061 1062 5040 5041 
f 5032 4175 5031 
f 5036 4175 5035 
f 1063 1064 5042 5043 
f 1066 5030 5031 4175 
f 5038 4175 5037 
f 5034 4175 5033 
f 5037 4175 5036 
f 5035 4175 5034 
f 5033 4175 5032 
f 5039 4175 5038 
f 1067 1068 1060 1059 
f 1072 1062 1061 1069 
f 1070 1064 1063 1071 
f 1072 1066 4175 
f 1074 1075 5117 5115 
f 1075 1076 5116 5117 
f 1077 1074 5115 5118 
f 1073 386 5091 5092 
f 5093 1072 1069 5095 
f 1070 5094 5095 1069 
f 1077 5096 5093 1074 
f 411 732 735 412 
f 413 736 739 414 
f 741 415 416 742 
f 751 750 430 429 
f 388 744 747 389 
f 753 381 385 754 
f 4629 4630 4620 4619 
f 769 395 3974 3952 
f 377 382 776 775 
f 779 379 367 414 
f 780 397 4553 4547 
f 785 398 399 786 
f 400 788 791 401 
f 371 430 2184 2176 
f 396 392 760 781 
f 375 378 795 794 
f 896 1078 777 776 
f 797 1025 904 794 
f 774 796 795 775 
f 909 404 403 910 
f 939 406 405 940 
f 779 778 974 972 
f 976 407 380 972 
f 753 752 1078 896 
f 910 403 395 769 
f 413 366 406 939 
f 940 405 397 780 
f 799 798 1017 1016 
f 370 376 904 429 
f 773 772 755 754 
f 1028 409 408 1029 
f 411 364 409 1028 
f 1029 408 407 976 
f 1060 410 5027 5028 
f 1068 387 410 1060 
f 1068 1067 5096 5092 
f 745 685 419 746 
f 436 777 1078 886 
f 756 460 459 757 
f 4622 4621 4604 4603 
f 519 768 3984 3944 
f 537 755 772 534 
f 796 774 550 549 
f 575 974 778 572 
f 783 4548 4539 633 
f 653 784 787 654 
f 789 418 667 790 
f 750 749 2188 2183 
f 782 763 471 634 
f 1025 797 698 701 
f 721 1017 798 718 
f 733 1049 1055 734 
f 737 953 967 738 
f 680 740 743 677 
f 748 431 434 749 
f 886 1078 752 884 
f 797 796 549 698 
f 550 774 777 436 
f 912 911 928 927 
f 956 942 941 957 
f 572 778 739 738 
f 985 975 974 575 
f 884 752 755 537 
f 928 911 768 519 
f 737 736 942 956 
f 941 783 633 957 
f 751 1025 701 748 
f 534 772 765 764 
f 1039 1031 1030 1040 
f 733 732 1031 1039 
f 1040 1030 975 985 
f 1059 5029 5030 1066 
f 1072 1067 1059 1066 
f 428 427 590 589 
f 437 625 1086 887 
f 456 605 669 672 
f 619 3982 3912 523 
f 538 595 620 539 
f 559 903 622 556 
f 564 628 611 565 
f 428 597 1079 425 
f 1026 694 599 598 
f 610 1014 566 565 
f 630 1052 1065 631 
f 646 1081 4554 4543 
f 672 671 1084 1085 
f 599 2182 2177 600 
f 647 1082 606 466 
f 717 708 707 714 
f 887 1086 592 888 
f 714 707 903 559 
f 556 622 625 437 
f 923 916 915 924 
f 946 1087 1088 947 
f 567 982 965 564 
f 1089 966 965 981 
f 888 592 595 538 
f 924 915 619 523 
f 610 609 1087 946 
f 947 1088 1081 646 
f 598 601 708 717 
f 539 620 613 612 
f 1035 1090 1091 1036 
f 630 629 1090 1035 
f 1036 1091 1089 981 
f 1064 1061 5041 5042 
f 1069 1061 1064 1070 
f 1071 5097 5094 1070 
f 442 441 596 589 
f 447 601 600 448 
f 478 606 1082 475 
f 966 1089 569 568 
f 442 591 443 439 
f 593 899 1012 594 
f 603 657 660 604 
f 4610 4609 4616 4615 
f 529 3978 3950 616 
f 621 450 453 508 
f 623 562 908 624 
f 971 470 627 626 
f 642 1081 1088 640 
f 662 651 650 663 
f 684 683 670 669 
f 448 2178 2179 449 
f 475 1082 4554 4545 
f 709 713 712 706 
f 725 1022 1093 722 
f 895 1086 625 624 
f 706 712 563 902 
f 623 622 903 902 
f 934 933 914 913 
f 950 1087 609 951 
f 628 966 568 626 
f 1089 1091 977 569 
f 593 592 1086 895 
f 933 529 616 914 
f 640 1088 1087 950 
f 609 611 627 951 
f 447 446 713 709 
f 621 620 595 594 
f 1042 1090 629 1043 
f 1091 1090 1042 977 
f 1043 629 632 1053 
f 1062 4175 5039 5040 
f 1072 4175 1062 
f 2208 5116 5119 
f 2208 5120 5118 
f 1094 1095 1137 1138 
f 1096 1097 1139 1140 
f 1141 1142 1099 1098 
f 1143 1144 1145 1146 
f 1147 1148 1149 1150 
f 1151 426 425 1152 
f 1153 1101 1100 1154 
f 1155 1156 1157 1158 
f 1159 1160 1614 1613 
f 1161 438 890 1615 
f 1162 1163 1164 1165 
f 1166 1167 1162 1168 
f 1169 1170 1171 1172 
f 1173 1174 1175 1176 
f 1179 1180 1181 1182 
f 1183 1184 1185 1186 
f 1189 1190 1191 1192 
f 4633 4634 4635 4636 
f 1197 1198 1199 1200 
f 4637 4638 4639 4640 
f 1204 1205 1206 1207 
f 1208 1209 1210 1211 
f 1212 1213 1206 1214 
f 1215 4891 4892 1218 
f 1219 1220 1221 1222 
f 1223 1224 1225 1226 
f 4641 4642 4643 4644 
f 3819 3820 3817 3818 
f 3823 3824 3821 3822 
f 3825 3826 4872 4873 
f 3831 3832 3829 3830 
f 1103 1234 1635 1129 
f 1639 1658 1235 1236 
f 1643 4874 4875 1238 
f 1239 1240 1648 1654 
f 1241 1242 3959 3990 
f 1247 1248 3961 3992 
f 1251 4893 4894 3994 
f 1255 1256 1257 1258 
f 1259 541 540 1260 
f 1261 4876 4877 1264 
f 1265 1266 1257 1267 
f 1268 1269 1270 1271 
f 1272 1273 1274 1275 
f 1276 1277 558 557 
f 1278 1279 1280 1281 
f 1282 567 566 1283 
f 1284 1285 1286 1287 
f 1288 1289 1290 1291 
f 1292 1293 1294 1295 
f 1296 1297 1298 1299 
f 1300 1301 1297 1302 
f 1291 1290 1303 1304 
f 1305 1163 1306 1307 
f 1308 1309 1310 1311 
f 1305 1152 1312 1313 
f 1314 1315 1316 1317 
f 1318 1319 1320 1321 
f 4645 4646 4647 4648 
f 1325 1326 1283 1327 
f 3846 3845 3833 3834 
f 1330 1331 1651 1640 
f 1332 1333 3965 3996 
f 1336 1328 1230 1337 
f 1338 1339 1340 1341 
f 1342 1343 1326 1344 
f 1345 1346 1347 1348 
f 1349 1350 4555 4556 
f 1353 4557 4558 1200 
f 1356 1357 1355 1358 
f 1359 1350 1360 1361 
f 1362 649 4544 4559 
f 1364 1365 1366 1367 
f 1184 1369 1368 1185 
f 1370 1181 1180 1371 
f 1372 1373 1374 1375 
f 1376 1379 1202 1324 
f 1380 1381 1382 1383 
f 1384 1385 1386 1387 
f 1388 1389 1390 1391 
f 1392 1393 1394 1395 
f 1396 1397 1398 1399 
f 1150 1149 1400 1401 
f 1402 1403 1144 1143 
f 1316 1171 2190 2191 
f 1170 1406 2192 2193 
f 694 1317 2194 2181 
f 1357 4560 4558 1355 
f 1410 1351 4555 4561 
f 1352 1351 1194 1193 
f 1201 1353 1200 1199 
f 1363 648 4218 1188 
f 1411 1412 1413 1414 
f 1415 1416 1417 1418 
f 1419 1420 1421 1422 
f 1423 1424 1425 1426 
f 1427 1428 716 715 
f 1429 1430 1431 1432 
f 1436 1435 731 730 
f 1437 1438 1439 1440 
f 1441 1442 1443 1444 
f 1445 1446 1447 1448 
f 1449 1450 1451 1452 
f 1453 1454 1455 1456 
f 1457 1458 1459 1460 
f 4649 4650 4651 4652 
f 3848 3847 3835 3836 
f 1467 1468 1653 1636 
f 1469 3967 3998 1472 
f 1473 1465 1229 1474 
f 1475 1476 1477 1478 
f 1479 1442 1139 1480 
f 1481 1482 4562 4563 
f 1485 1486 1487 1488 
f 1154 2195 2196 1455 
f 1484 1483 1462 1461 
f 1491 1492 1493 1494 
f 1497 1498 1499 1207 
f 1500 1501 1231 1502 
f 1503 1504 1505 1506 
f 4653 4654 4655 4656 
f 1511 1512 1499 1168 
f 1513 1514 1515 1406 
f 1516 1517 1518 1519 
f 3837 3838 3839 3840 
f 1657 1644 1520 1521 
f 1522 1523 3969 4000 
f 1623 1714 1526 1527 
f 1528 1529 1526 1530 
f 1531 1532 1533 1302 
f 1534 1535 1533 1536 
f 1504 4564 4565 1505 
f 1539 1540 1541 1542 
f 1543 1544 1545 1546 
f 1547 1548 2197 2198 
f 1537 1507 1510 1538 
f 1549 1550 1551 1552 
f 1553 1554 1555 1556 
f 1557 1558 1559 1560 
f 1561 1562 1563 1564 
f 1565 1566 1567 1402 
f 1568 1569 1233 1570 
f 1410 1571 1572 1573 
f 4657 4658 4659 4660 
f 3843 3844 3841 3842 
f 1576 1577 1662 1649 
f 1578 1579 3971 4002 
f 1582 1583 1627 1739 
f 1584 1582 1585 1586 
f 1587 1588 1303 1589 
f 1590 1588 1298 1591 
f 1592 1593 1594 1595 
f 1596 1597 1598 1599 
f 1600 1601 1602 1603 
f 1604 1605 1567 1214 
f 1223 1571 4566 4567 
f 1608 1609 1610 1611 
f 1612 1613 1614 1267 
f 1615 890 889 1616 
f 1617 4878 4879 1530 
f 1619 1614 1160 1585 
f 1620 1621 1634 1340 
f 1622 1104 1112 1477 
f 1623 1621 1624 1625 
f 1626 1627 4895 4896 
f 1268 1411 1414 1269 
f 1273 1415 1418 1274 
f 1628 1419 1422 1629 
f 1426 1425 1279 1278 
f 1277 1427 715 558 
f 1491 1106 1105 1630 
f 1549 1418 1417 1631 
f 1632 1611 1414 1413 
f 1159 1271 1270 1160 
f 1583 1272 1275 4897 
f 1161 1276 557 438 
f 1281 1280 1634 1527 
f 1341 1280 1279 1628 
f 1478 1108 1107 1494 
f 1528 1275 1274 1552 
f 1610 1586 1270 1269 
f 1635 1636 1637 1638 
f 1639 1640 1641 1642 
f 1643 1644 1645 1646 
f 1647 1648 1649 1650 
f 1651 926 925 1652 
f 1653 1654 1655 1656 
f 1657 1658 1659 1660 
f 1661 1662 4898 4899 
f 1665 1666 1667 1668 
f 1669 1670 1358 1671 
f 1672 949 948 1673 
f 1674 1670 1191 1675 
f 1676 1677 1678 1679 
f 1680 1678 1360 1681 
f 1682 1683 1684 1685 
f 1686 1683 1687 1688 
f 1282 1343 1689 1690 
f 1443 1288 1291 1691 
f 1300 1535 1692 1693 
f 1694 1304 1590 1593 
f 1342 1695 1285 1284 
f 1696 1480 1110 1109 
f 1534 1695 1190 1189 
f 1594 1591 1301 1697 
f 1696 1698 1699 1700 
f 1701 1287 1286 1702 
f 1703 1286 1285 1536 
f 1704 1299 1587 1705 
f 1706 983 982 1690 
f 1289 1707 1708 1290 
f 1531 1296 1709 1710 
f 1589 1708 1711 1712 
f 1512 1204 1207 1499 
f 1514 1208 1211 1515 
f 1566 1212 1214 1567 
f 1215 1218 1569 1568 
f 1517 1219 1222 1518 
f 1223 1226 1572 1571 
f 4644 4643 4658 4657 
f 3828 3827 3838 3837 
f 1644 1643 1238 1520 
f 1579 1251 3994 3971 
f 1713 1264 1617 1714 
f 1273 1272 1584 1609 
f 1299 1298 1588 1587 
f 1535 1300 1302 1533 
f 1544 1389 1388 1545 
f 1416 1415 1608 1715 
f 1716 1577 1576 1717 
f 1213 1497 1207 1206 
f 1502 1231 4880 4881 
f 1506 1505 1718 1687 
f 4656 4655 4642 4641 
f 1522 4000 4882 4883 
f 1275 4879 1633 
f 1296 1531 1302 1297 
f 1505 4565 4568 1718 
f 1719 1539 1542 1720 
f 1721 1547 2198 2199 
f 1538 1510 1225 1224 
f 1418 1549 1552 1274 
f 1722 4884 4875 1237 
f 1721 1553 1556 1724 
f 1560 1559 1210 1209 
f 1720 1561 1564 1719 
f 3826 3825 4900 4901 
f 1577 4902 4898 1662 
f 1583 4897 4895 1627 
f 1591 1298 1297 1301 
f 1595 1594 1697 1684 
f 1596 1220 1864 1872 
f 1390 1600 1603 1391 
f 1205 1604 1214 1206 
f 1224 1223 4567 4568 
f 1714 1617 1530 1526 
f 1626 1725 1726 1727 
f 1415 1273 1609 1608 
f 1550 1549 1631 1728 
f 1272 1583 1582 1584 
f 1529 1528 1552 1551 
f 1664 4885 4883 1252 
f 1661 1251 1579 1650 
f 1729 1685 1693 1692 
f 1730 1688 1607 1606 
f 1301 1300 1693 1697 
f 1591 1594 1593 1590 
f 1731 1732 1733 1734 
f 1735 1736 1737 1738 
f 1264 4877 4878 1617 
f 1619 1265 1267 1614 
f 1620 1311 1624 1621 
f 1460 1111 1104 1622 
f 1527 1634 1621 1623 
f 1256 1612 1267 1257 
f 1616 889 541 1259 
f 1625 1624 1740 1741 
f 1725 1626 4896 4903 
f 1264 1713 1742 1261 
f 1627 1626 1727 1739 
f 1234 1467 1636 1635 
f 1236 1330 1640 1639 
f 1648 1240 1576 1649 
f 1331 1080 926 1651 
f 1468 1239 1654 1653 
f 1521 1235 1658 1657 
f 1638 1637 1469 1472 
f 1642 1641 1333 1332 
f 1646 1645 1523 1522 
f 1578 1647 1650 1579 
f 1652 925 525 1245 
f 1656 1655 1242 1241 
f 1660 1659 1248 1247 
f 1251 1661 4899 4893 
f 1646 4885 4874 1643 
f 1662 1661 1650 1649 
f 1140 1441 1666 1665 
f 1192 1191 1670 1669 
f 1327 1014 949 1672 
f 1674 1356 1358 1670 
f 1677 1361 1360 1678 
f 1680 1444 1679 1678 
f 1743 1503 1506 1682 
f 1744 1592 1595 1686 
f 1668 1667 1482 1481 
f 1354 1671 1358 1355 
f 1673 948 649 1362 
f 1675 1191 1190 1344 
f 1694 1676 1679 1691 
f 1681 1360 1350 1349 
f 1685 1684 1697 1693 
f 1688 1687 1718 1607 
f 1682 1506 1687 1683 
f 1686 1595 1684 1683 
f 1685 1729 1743 1682 
f 1688 1730 1744 1686 
f 3820 3819 3836 3835 
f 3824 3823 3834 3833 
f 3832 3831 3842 3841 
f 3845 3846 3812 3811 
f 3847 3848 3830 3829 
f 3822 3821 3840 3839 
f 1577 1716 4904 4902 
f 1114 1113 1745 1496 
f 1153 1454 1755 1630 
f 1632 1158 1557 1715 
f 1420 1172 1315 1421 
f 1209 1208 1631 1417 
f 1314 1026 716 1428 
f 1453 1155 1413 1412 
f 1513 1169 1424 1423 
f 1715 1557 1560 1416 
f 1208 1514 1728 1631 
f 1416 1560 1209 1417 
f 1741 1176 1500 1742 
f 1216 4891 4903 1262 
f 1466 1255 1258 1232 
f 1260 540 1027 1329 
f 1310 1337 1173 1740 
f 1474 1229 1102 2174 
f 1742 1500 1502 1261 
f 1266 1570 1258 1257 
f 1725 1215 1568 1726 
f 1261 1502 4881 4876 
f 1756 1757 1758 1759 
f 1760 1761 1702 1762 
f 1763 1038 1037 1764 
f 1765 1766 1711 1767 
f 1768 1769 1761 1294 
f 1734 1770 1771 1772 
f 1773 1774 1733 1738 
f 1775 1766 1776 1777 
f 1704 1770 1774 1709 
f 1773 1778 1779 1710 
f 1756 1138 1437 1757 
f 1295 1294 1761 1760 
f 1348 1052 1038 1763 
f 1440 1776 1766 1765 
f 1701 1702 1761 1769 
f 1770 1704 1705 1771 
f 1710 1709 1774 1773 
f 1712 1711 1766 1775 
f 1770 1734 1733 1774 
f 1738 1737 1778 1773 
f 1698 1759 1758 1699 
f 1762 1702 1286 1703 
f 1764 1037 983 1706 
f 1767 1711 1708 1707 
f 1768 1294 1293 1780 
f 1731 1734 1772 1781 
f 1733 1732 1735 1738 
f 1782 1777 1776 1783 
f 1299 1704 1709 1296 
f 1710 1779 1532 1531 
f 1554 1148 1147 1555 
f 1158 1157 1558 1557 
f 1498 1166 1168 1499 
f 1176 1175 1501 1500 
f 1562 1183 1186 1563 
f 1692 1189 1192 1729 
f 4640 4639 4654 4653 
f 1523 1247 3992 3969 
f 1266 1265 1727 1726 
f 1551 1278 1281 1529 
f 1736 1292 1295 1737 
f 1304 1303 1588 1590 
f 1354 4557 4564 1504 
f 1606 1359 1361 1730 
f 1597 1370 1371 1598 
f 1540 1372 1375 1541 
f 1601 1393 1392 1602 
f 1605 1403 1402 1567 
f 1548 1407 2192 2197 
f 1571 1410 4561 4566 
f 1353 1201 1507 1537 
f 1728 1423 1426 1550 
f 1754 1752 1784 1785 
f 1165 1511 1168 1162 
f 1169 1513 1406 1170 
f 1378 1516 1519 1379 
f 1695 1534 1536 1285 
f 1399 1543 1546 1396 
f 1143 1381 1565 1402 
f 1570 1233 1232 1258 
f 1351 1410 1573 1194 
f 4660 4659 4634 4633 
f 1242 1578 4002 3959 
f 1586 1585 1160 1270 
f 1589 1303 1290 1708 
f 1611 1610 1269 1414 
f 1239 1432 1786 1240 
f 1619 1585 1582 1739 
f 1714 1623 1625 1713 
f 1550 1426 1278 1551 
f 1611 1632 1715 1608 
f 1529 1281 1527 1526 
f 1586 1610 1609 1584 
f 1648 1647 1655 1654 
f 1644 1657 1660 1645 
f 1669 1671 1503 1743 
f 1677 1676 1592 1744 
f 1304 1694 1691 1291 
f 1535 1534 1189 1692 
f 1532 1703 1536 1533 
f 1589 1712 1705 1587 
f 1265 1619 1739 1727 
f 1713 1625 1741 1742 
f 1647 1578 1242 1655 
f 1645 1660 1247 1523 
f 1729 1192 1669 1743 
f 1730 1361 1677 1744 
f 1671 1354 1504 1503 
f 1676 1694 1593 1592 
f 1158 1632 1413 1155 
f 1514 1513 1423 1728 
f 1176 1741 1740 1173 
f 1570 1266 1726 1568 
f 1778 1760 1762 1779 
f 1775 1777 1772 1771 
f 1737 1295 1760 1778 
f 1712 1775 1771 1705 
f 1779 1762 1703 1532 
f 1777 1782 1781 1772 
f 1787 5057 5058 1788 
f 1789 5045 5046 1790 
f 5054 5055 1791 
f 5050 5051 1791 
f 1063 5043 5044 1792 
f 1793 1791 5055 5056 
f 5048 5049 1791 
f 5052 5053 1791 
f 5049 5050 1791 
f 5051 5052 1791 
f 5053 5054 1791 
f 5047 5048 1791 
f 1794 1787 1788 1795 
f 1796 1797 1789 1790 
f 1798 1071 1063 1792 
f 1791 1793 1796 
f 1800 5121 5122 1801 
f 1801 5122 5123 1802 
f 1803 5124 5121 1800 
f 1799 5098 5099 1115 
f 1796 5100 5101 1797 
f 1798 1797 5101 5102 
f 1800 5100 5103 1803 
f 1138 1137 1438 1437 
f 1140 1139 1442 1441 
f 1448 1447 1142 1141 
f 1454 1153 1154 1455 
f 1117 1118 1450 1449 
f 1460 1459 1119 1111 
f 4652 4651 4661 4662 
f 1472 3998 3958 1122 
f 1108 1478 1477 1112 
f 1480 1139 1097 1110 
f 1481 4563 4569 1124 
f 1126 1127 1486 1485 
f 1100 2189 2195 1154 
f 1125 1484 1461 1120 
f 1106 1491 1494 1107 
f 1622 1477 1476 1804 
f 1492 1491 1630 1755 
f 1475 1478 1494 1493 
f 1635 1638 1130 1129 
f 1665 1668 1132 1131 
f 1480 1696 1700 1479 
f 1698 1696 1109 1133 
f 1460 1622 1804 1457 
f 1638 1472 1122 1130 
f 1140 1665 1131 1096 
f 1668 1481 1124 1132 
f 1496 1745 1746 1495 
f 1101 1153 1630 1105 
f 1474 1459 1458 1473 
f 1756 1759 1135 1134 
f 1138 1756 1134 1094 
f 1759 1698 1133 1135 
f 1788 5058 5059 1136 
f 1795 1788 1136 1116 
f 1795 5098 5103 1794 
f 1452 1451 1145 1401 
f 1159 1613 1804 1476 
f 4636 4635 4650 4649 
f 1241 3990 3967 1469 
f 1256 1255 1473 1458 
f 1493 1268 1271 1475 
f 1289 1288 1479 1700 
f 1482 1349 4556 4562 
f 1488 1487 1382 1146 
f 1455 2196 2200 1456 
f 1483 1352 1193 1462 
f 1755 1412 1411 1492 
f 1430 1429 1495 1746 
f 1440 1439 1783 1776 
f 1444 1443 1691 1679 
f 1395 1394 1446 1445 
f 1453 1456 1156 1155 
f 1613 1612 1457 1804 
f 1492 1411 1268 1493 
f 1271 1159 1476 1475 
f 1636 1653 1656 1637 
f 1680 1681 1667 1666 
f 1288 1443 1442 1479 
f 1707 1289 1700 1699 
f 1612 1256 1458 1457 
f 1656 1241 1469 1637 
f 1444 1680 1666 1441 
f 1667 1681 1349 1482 
f 1454 1453 1412 1755 
f 1255 1466 1465 1473 
f 1765 1767 1758 1757 
f 1440 1765 1757 1437 
f 1767 1707 1699 1758 
f 1787 1793 5056 5057 
f 1796 1793 1787 1794 
f 1152 1305 1307 1151 
f 1161 1615 1807 1339 
f 1319 1177 1178 1320 
f 4632 4631 4646 4645 
f 1333 1245 3973 3965 
f 1259 1260 1336 1309 
f 1277 1276 1338 1629 
f 1282 1283 1326 1343 
f 1152 425 1079 1312 
f 1026 1314 1317 694 
f 1327 1283 566 1014 
f 1348 1347 1065 1052 
f 1362 4559 4570 1806 
f 1084 1386 1385 1085 
f 1317 1316 2191 2194 
f 1363 1188 1322 1805 
f 1428 1427 1422 1421 
f 1615 1616 1308 1807 
f 1427 1277 1629 1422 
f 1276 1161 1339 1338 
f 1651 1652 1641 1640 
f 1672 1673 1808 1809 
f 567 1282 1690 982 
f 1810 1706 1690 1689 
f 1616 1259 1309 1308 
f 1652 1245 1333 1641 
f 1327 1672 1809 1325 
f 1673 1362 1806 1808 
f 1314 1428 1421 1315 
f 1260 1329 1328 1336 
f 1763 1764 1811 1812 
f 1348 1763 1812 1345 
f 1764 1706 1810 1811 
f 1792 5044 5045 1789 
f 1797 1798 1792 1789 
f 1071 1798 5102 5097 
f 1163 1305 1313 1164 
f 1172 1171 1316 1315 
f 1198 1197 1805 1322 
f 1689 1284 1287 1810 
f 1163 1162 1167 1306 
f 1311 1310 1740 1624 
f 1374 1321 1397 1396 
f 4648 4647 4638 4637 
f 1248 1332 3996 3961 
f 1337 1230 1174 1173 
f 1341 1340 1634 1280 
f 1695 1342 1344 1190 
f 1357 1356 1808 1806 
f 1365 1364 1377 1376 
f 1397 1384 1387 1398 
f 1171 1170 2193 2190 
f 1197 4560 4570 1805 
f 1420 1419 1425 1424 
f 1434 1433 1813 1751 
f 1620 1340 1339 1807 
f 1419 1628 1279 1425 
f 1341 1628 1629 1338 
f 1658 1639 1642 1659 
f 1674 1675 1325 1809 
f 1343 1342 1284 1689 
f 1810 1287 1701 1811 
f 1311 1620 1807 1308 
f 1659 1642 1332 1248 
f 1356 1674 1809 1808 
f 1325 1675 1344 1326 
f 1172 1420 1424 1169 
f 1337 1310 1309 1336 
f 1769 1768 1345 1812 
f 1811 1701 1769 1812 
f 1768 1780 1346 1345 
f 1790 5046 5047 1791 
f 1796 1790 1791 
f 2208 5119 5123 
f 2208 5124 5125 
f 1121 1464 4184 4185 
f 4184 1464 1463 4215 
f 1141 4202 4203 1448 
f 4201 4202 1141 1098 
f 1432 1431 1749 1786 
f 4211 1179 1182 4210 
f 4221 4222 4223 4224 
f 4225 4226 4222 4221 
f 4227 4228 4291 4292 
f 4229 4230 4231 4232 
f 4233 4234 4351 4347 
f 4235 4236 4352 4348 
f 4237 4238 4239 4240 
f 4241 4242 4243 4244 
f 4279 4280 4313 4314 
f 4245 4246 4230 4229 
f 4211 4343 1196 
f 4213 4345 1196 
f 4215 1463 1196 
f 1445 4289 4205 
f 1445 1448 4203 
f 1445 4312 4207 
f 473 472 459 458 
f 1846 1847 461 460 
f 1848 1849 498 497 
f 812 506 500 499 
f 1850 1851 652 651 
f 1847 1852 655 461 
f 865 473 458 656 
f 1853 1854 662 661 
f 607 481 664 663 
f 757 762 761 758 
f 759 1855 1856 756 
f 1857 1858 820 819 
f 480 813 822 821 
f 1859 876 4152 4176 
f 505 4140 4151 877 
f 1849 1857 819 498 
f 813 812 499 822 
f 1852 4176 4152 655 
f 865 656 4151 4140 
f 1858 1853 661 820 
f 481 480 821 664 
f 761 393 390 758 
f 1856 1846 460 756 
f 1851 1860 1083 652 
f 1854 1850 651 662 
f 608 607 663 650 
f 1196 1195 1180 1179 
f 1861 1862 1182 1181 
f 1863 1864 1220 1219 
f 1227 1509 1222 1221 
f 1365 1323 1187 1366 
f 1367 1865 1866 1364 
f 1867 1861 1181 1370 
f 1195 1575 1371 1180 
f 1377 1868 1869 1378 
f 1870 1871 1517 1516 
f 1508 1203 1519 1518 
f 1872 1873 1597 1596 
f 1574 1228 1599 1598 
f 1871 1863 1219 1517 
f 1509 1508 1518 1222 
f 1873 1867 1370 1597 
f 1575 1574 1598 1371 
f 1869 1870 1516 1378 
f 1203 1202 1379 1519 
f 1860 1865 1367 1083 
f 1364 1866 1868 1377 
f 1376 1324 1323 1365 
f 1862 4209 4210 1182 
f 4247 4248 4238 4237 
f 4211 1196 1179 
f 1860 1851 455 454 
f 672 1085 457 456 
f 680 679 463 462 
f 1852 1847 465 464 
f 1850 1854 603 602 
f 684 669 605 604 
f 1847 1846 653 465 
f 740 680 462 654 
f 1853 1858 658 657 
f 849 681 660 659 
f 1856 1855 785 784 
f 415 741 787 786 
f 1857 1849 843 842 
f 675 846 845 844 
f 879 860 4133 4153 
f 1859 4176 4132 861 
f 1849 1848 994 843 
f 676 675 844 995 
f 879 676 995 860 
f 1848 1859 861 994 
f 679 4153 4133 463 
f 1852 464 4132 4176 
f 1858 1857 842 658 
f 846 849 659 845 
f 398 785 1855 1845 
f 369 415 786 399 
f 1846 1856 784 653 
f 741 740 654 787 
f 455 1851 1850 602 
f 1854 1853 657 603 
f 681 684 604 660 
f 1085 1385 1178 457 
f 1392 1395 1184 1183 
f 1861 1867 1186 1185 
f 1868 1866 1319 1318 
f 1384 1397 1321 1320 
f 1395 1445 1369 1184 
f 1870 1869 1373 1372 
f 1396 1546 1375 1374 
f 1863 1871 1540 1539 
f 1545 1388 1542 1541 
f 1603 1602 1562 1561 
f 1873 1872 1564 1563 
f 1864 1863 1539 1719 
f 1388 1391 1720 1542 
f 1391 1603 1561 1720 
f 1872 1864 1719 1564 
f 1602 1392 1183 1562 
f 1867 1873 1563 1186 
f 1871 1870 1372 1540 
f 1546 1545 1541 1375 
f 1866 1865 1177 1319 
f 1385 1384 1320 1178 
f 1373 1869 1868 1318 
f 4208 1368 1369 4207 
f 4248 4247 4244 4243 
f 1369 1445 4207 
f 4228 4227 4232 4231 
f 4234 4233 4349 4353 
f 4236 4235 4350 4354 
f 4280 4279 4293 4294 
f 1445 4203 4204 
f 1445 4290 4206 
f 4214 4346 1196 
f 4212 4344 1196 
f 773 2175 372 507 
f 1876 1877 416 368 
f 685 424 420 419 
f 434 433 2201 2202 
f 426 1878 1879 427 
f 440 1880 1881 441 
f 443 1882 1883 444 
f 999 1884 484 483 
f 1885 1886 491 490 
f 590 1887 1888 591 
f 596 1889 1890 597 
f 418 417 668 667 
f 670 1887 1879 671 
f 1885 1891 674 673 
f 665 1892 678 677 
f 682 1882 1888 683 
f 749 434 2202 2188 
f 424 423 687 420 
f 689 1889 1881 690 
f 691 1880 1893 692 
f 695 1894 1890 696 
f 1895 666 743 742 
f 789 788 747 746 
f 1895 1877 791 790 
f 745 744 793 792 
f 1896 1891 802 801 
f 814 1897 1893 815 
f 1896 1883 848 847 
f 850 1897 1884 851 
f 859 2203 4177 4130 
f 1892 862 4135 4178 
f 1886 878 4154 4178 
f 857 880 4155 4128 
f 484 1884 1897 814 
f 1886 4178 4135 491 
f 1891 1896 847 674 
f 1891 1885 490 802 
f 1884 999 996 851 
f 859 488 2187 2203 
f 1886 1885 673 878 
f 857 999 483 880 
f 433 4130 4177 2201 
f 1883 1896 801 444 
f 1892 4178 4154 678 
f 423 4128 4155 687 
f 692 1893 1897 850 
f 815 1893 1880 440 
f 1883 1882 682 848 
f 1892 665 668 862 
f 1877 1895 742 416 
f 788 400 389 747 
f 1877 1876 401 791 
f 744 388 402 793 
f 418 789 746 419 
f 666 1895 790 667 
f 685 745 792 686 
f 666 665 677 743 
f 427 1879 1887 590 
f 597 1890 1894 1079 
f 671 1879 1878 1084 
f 696 1890 1889 689 
f 441 1881 1889 596 
f 591 1888 1882 443 
f 683 1888 1887 670 
f 690 1881 1880 691 
f 1142 1899 1898 1099 
f 1144 1150 1401 1145 
f 1148 2204 2205 1149 
f 1900 1878 426 1151 
f 1901 1902 1165 1164 
f 1903 1904 1167 1166 
f 1905 1724 1205 1204 
f 1906 1907 1213 1212 
f 1908 1909 1307 1306 
f 1910 1911 1313 1312 
f 1381 1143 1146 1382 
f 1900 1909 1387 1386 
f 1912 1907 1390 1389 
f 1913 1380 1394 1393 
f 1908 1904 1399 1398 
f 1149 2205 2200 1400 
f 1147 1150 1144 1403 
f 1901 1911 1405 1404 
f 1914 1902 1408 1407 
f 1910 1894 695 1409 
f 1446 1383 1915 1447 
f 1450 1485 1488 1451 
f 1486 1899 1915 1487 
f 1489 1449 1452 1490 
f 1912 1916 1498 1497 
f 1914 1917 1512 1511 
f 1903 1916 1544 1543 
f 1905 1917 1548 1547 
f 1559 1558 2206 2207 
f 1565 1913 1918 1566 
f 1906 1918 1601 1600 
f 1556 1555 1605 1604 
f 1917 1905 1204 1512 
f 1566 1918 1906 1212 
f 1916 1912 1389 1544 
f 1907 1912 1497 1213 
f 1724 1905 1547 1721 
f 1210 1559 2207 2199 
f 1907 1906 1600 1390 
f 1724 1556 1604 1205 
f 1554 2206 2204 1148 
f 1916 1903 1166 1498 
f 1918 1913 1393 1601 
f 1555 1147 1403 1605 
f 1917 1914 1407 1548 
f 1902 1914 1511 1165 
f 1904 1903 1543 1399 
f 1381 1380 1913 1565 
f 1447 1915 1899 1142 
f 1118 1126 1485 1450 
f 1127 1898 1899 1486 
f 1128 1117 1449 1489 
f 1451 1488 1146 1145 
f 1487 1915 1383 1382 
f 1490 1452 1401 1400 
f 1394 1380 1383 1446 
f 1909 1900 1151 1307 
f 1894 1910 1312 1079 
f 1878 1900 1386 1084 
f 1911 1910 1409 1405 
f 1911 1901 1164 1313 
f 1904 1908 1306 1167 
f 1909 1908 1398 1387 
f 1902 1901 1404 1408 
s 2
f 2089 1948 1947 2088 
f 2089 2062 1949 1948 
f 2064 1951 1950 2063 
f 1951 2064 2065 1952 
f 1952 2065 2066 1953 
f 2066 2067 1954 1953 
f 1954 2067 2068 1955 
f 2069 1956 1955 2068 
f 2069 2070 1957 1956 
f 2070 2071 1958 1957 
f 2071 2072 1959 1958 
f 2072 2073 1960 1959 
f 2073 2074 1961 1960 
f 2074 2075 1962 1961 
f 1963 2076 2077 1964 
f 1964 2077 2078 1965 
f 1965 2078 2079 1966 
f 1966 2079 2080 1967 
f 1967 2080 2081 1968 
f 1968 2081 2082 1969 
f 2083 1970 1969 2082 
f 1970 2083 2084 1971 
f 1971 2084 2085 1972 
f 1972 2085 2086 1973 
f 1973 2086 2087 1974 
f 1974 2087 2088 1947 
s 1
f 3938 2061 3937 
f 3918 3957 3913 3917 
s 2
f 2062 2063 1950 1949 
f 2075 2076 1963 1962 
f 2118 2119 2146 2147 
f 2119 2120 2173 2146 
f 2120 2121 2172 2173 
f 2121 2122 2171 2172 
f 2122 2123 2170 2171 
f 2123 2124 2169 2170 
f 2124 2125 2168 2169 
f 2125 2126 2167 2168 
f 2126 2127 2166 2167 
f 2127 2128 2165 2166 
f 2128 2129 2164 2165 
f 2129 2130 2163 2164 
f 2130 2131 2162 2163 
f 2131 2132 2161 2162 
f 2132 2133 2160 2161 
f 2133 2134 2159 2160 
f 2134 2135 2158 2159 
f 2135 2136 2157 2158 
f 2136 2137 2156 2157 
f 2137 2138 2155 2156 
f 2138 2139 2154 2155 
f 2139 2140 2153 2154 
f 2140 2141 2152 2153 
f 2141 2142 2151 2152 
f 2142 2143 2150 2151 
f 2143 2144 2149 2150 
f 2144 2145 2148 2149 
f 2145 2118 2147 2148 
f 1975 1976 2090 2091 
f 1976 1977 2117 2090 
f 1977 1978 2116 2117 
f 1978 1979 2115 2116 
f 1979 1980 2114 2115 
f 1980 1981 2113 2114 
f 1981 1982 2112 2113 
f 1982 1983 2111 2112 
f 1983 1984 2110 2111 
f 1984 1985 2109 2110 
f 1985 1986 2108 2109 
f 1986 1987 2107 2108 
f 1987 1988 2106 2107 
f 1988 1989 2105 2106 
f 1989 1990 2104 2105 
f 1990 1991 2103 2104 
f 1991 1992 2102 2103 
f 1992 1993 2101 2102 
f 1993 1994 2100 2101 
f 1994 1995 2099 2100 
f 1995 1996 2098 2099 
f 1996 1997 2097 2098 
f 1997 1998 2096 2097 
f 1998 1999 2095 2096 
f 1999 2000 2094 2095 
f 2000 2001 2093 2094 
f 2001 2002 2092 2093 
f 2002 1975 2091 2092 
s 1
f 3915 3916 3913 
f 3913 3916 3917 
f 3929 3930 3911 
f 3911 3930 3931 
f 2032 3975 3945 2033 
f 2034 3977 3947 2035 
f 2036 3979 5017 5018 
f 2038 3981 3951 2039 
f 2040 3983 3953 2041 
f 2042 3985 3955 2043 
f 2044 3987 4142 4179 
f 4179 4142 3979 2036 
f 2037 3949 5019 5020 
f 2043 3955 3977 2034 
f 2033 3945 3987 2044 
f 2031 3943 3983 2040 
f 2041 3953 3975 2032 
f 2039 3951 3957 2045 
f 2035 3947 3981 2038 
f 2047 3989 3960 2048 
f 2049 3991 3962 2050 
f 2051 3993 4905 4906 
f 2053 3995 3966 2054 
f 2055 3997 3968 2056 
f 2057 3999 3970 2058 
f 2059 4001 3972 2060 
f 2052 3964 4001 2059 
f 2058 3970 4886 4887 
f 2050 3962 3999 2057 
f 2060 3972 3989 2047 
f 2056 3968 3988 2046 
f 2048 3960 3997 2055 
f 2061 3914 3995 2053 
f 2054 3966 3991 2049 
f 2061 3936 3937 
f 3923 3924 2045 
f 2061 3973 3935 3936 
f 3938 3939 3914 2061 
f 3924 3925 3912 2045 
f 3922 3923 2045 
f 3973 3934 3935 
f 3973 3911 3931 3932 
f 3973 3932 3933 
f 3973 3933 3934 
f 3939 3940 3914 
f 3942 3915 3913 3914 
f 3941 3942 3914 
f 3940 3941 3914 
f 3918 3919 3957 
f 3921 3922 2045 3957 
f 3920 3921 3957 
f 3919 3920 3957 
f 3925 3926 3912 
f 3928 3929 3911 3912 
f 3927 3928 3912 
f 3926 3927 3912 
s 2
f 1919 1920 2063 2062 
f 1920 1921 2064 2063 
f 1921 1922 2065 2064 
f 1922 1923 2066 2065 
f 1923 1924 2067 2066 
f 1924 1925 2068 2067 
f 1925 1926 2069 2068 
f 1926 1927 2070 2069 
f 1927 1928 2071 2070 
f 1928 1929 2072 2071 
f 1929 1930 2073 2072 
f 1930 1931 2074 2073 
f 1931 1932 2075 2074 
f 1932 1933 2076 2075 
f 1933 1934 2077 2076 
f 1934 1935 2078 2077 
f 1935 1936 2079 2078 
f 1936 1937 2080 2079 
f 1937 1938 2081 2080 
f 1938 1939 2082 2081 
f 1939 1940 2083 2082 
f 1940 1941 2084 2083 
f 1941 1942 2085 2084 
f 1942 1943 2086 2085 
f 1943 1944 2087 2086 
f 1944 1945 2088 2087 
f 1945 1946 2089 2088 
f 1946 1919 2062 2089 
f 2004 2003 2091 2090 
f 2003 2030 2092 2091 
f 2030 2029 2093 2092 
f 2029 2028 2094 2093 
f 2028 2027 2095 2094 
f 2027 2026 2096 2095 
f 2026 2025 2097 2096 
f 2025 2024 2098 2097 
f 2024 2023 2099 2098 
f 2023 2022 2100 2099 
f 2022 2021 2101 2100 
f 2021 2020 2102 2101 
f 2020 2019 2103 2102 
f 2019 2018 2104 2103 
f 2018 2017 2105 2104 
f 2017 2016 2106 2105 
f 2016 2015 2107 2106 
f 2015 2014 2108 2107 
f 2014 2013 2109 2108 
f 2013 2012 2110 2109 
f 2012 2011 2111 2110 
f 2011 2010 2112 2111 
f 2010 2009 2113 2112 
f 2009 2008 2114 2113 
f 2008 2007 2115 2114 
f 2007 2006 2116 2115 
f 2006 2005 2117 2116 
f 2005 2004 2090 2117 
f 1947 1948 2119 2118 
f 1948 1949 2120 2119 
f 1949 1950 2121 2120 
f 1950 1951 2122 2121 
f 1951 1952 2123 2122 
f 1952 1953 2124 2123 
f 1953 1954 2125 2124 
f 1954 1955 2126 2125 
f 1955 1956 2127 2126 
f 1956 1957 2128 2127 
f 1957 1958 2129 2128 
f 1958 1959 2130 2129 
f 1959 1960 2131 2130 
f 1960 1961 2132 2131 
f 1961 1962 2133 2132 
f 1962 1963 2134 2133 
f 1963 1964 2135 2134 
f 1964 1965 2136 2135 
f 1965 1966 2137 2136 
f 1966 1967 2138 2137 
f 1967 1968 2139 2138 
f 1968 1969 2140 2139 
f 1969 1970 2141 2140 
f 1970 1971 2142 2141 
f 1971 1972 2143 2142 
f 1972 1973 2144 2143 
f 1973 1974 2145 2144 
f 1974 1947 2118 2145 
f 1976 1975 2147 2146 
f 1975 2002 2148 2147 
f 2002 2001 2149 2148 
f 2001 2000 2150 2149 
f 2000 1999 2151 2150 
f 1999 1998 2152 2151 
f 1998 1997 2153 2152 
f 1997 1996 2154 2153 
f 1996 1995 2155 2154 
f 1995 1994 2156 2155 
f 1994 1993 2157 2156 
f 1993 1992 2158 2157 
f 1992 1991 2159 2158 
f 1991 1990 2160 2159 
f 1990 1989 2161 2160 
f 1989 1988 2162 2161 
f 1988 1987 2163 2162 
f 1987 1986 2164 2163 
f 1986 1985 2165 2164 
f 1985 1984 2166 2165 
f 1984 1983 2167 2166 
f 1983 1982 2168 2167 
f 1982 1981 2169 2168 
f 1981 1980 2170 2169 
f 1980 1979 2171 2170 
f 1979 1978 2172 2171 
f 1978 1977 2173 2172 
f 1977 1976 2146 2173 
s 1
f 2174 1119 1459 1474 
f 373 512 799 383 
f 1114 1496 1234 1103 
f 1496 1495 1467 1234 
f 1495 1429 1468 1467 
f 1429 1432 1239 1468 
f 1786 1717 1576 1240 
f 1749 1750 1717 1786 
f 1750 1753 1716 1717 
f 1753 4907 4904 1716 
f 1748 4888 4884 1722 
f 1747 1754 1785 1723 
f 1785 1520 1238 1723 
f 1785 1784 1521 1520 
f 1784 1813 1235 1521 
f 1813 1433 1236 1235 
f 1784 1752 1751 1813 
f 1433 1436 1330 1236 
f 1436 1433 1434 1435 
f 1436 730 1331 1330 
f 730 729 1080 1331 
f 726 727 728 729 
f 729 728 614 1080 
f 728 723 615 614 
f 724 725 722 723 
f 723 722 513 615 
f 722 1093 514 513 
f 1093 1057 823 514 
f 1093 1022 1021 1057 
f 1057 1056 824 823 
f 1056 998 515 824 
f 1019 5021 5010 998 
f 1056 1024 1019 998 
f 1018 5022 5016 997 
f 1023 4170 4163 992 
f 1020 1058 4163 4170 
f 1020 720 719 1058 
f 1058 719 518 517 
f 766 518 719 718 
f 767 766 718 798 
f 512 767 798 799 
f 1177 1865 1860 454 
f 1178 1177 454 457 
f 456 455 602 605 
f 1374 1373 1318 1321 
f 1376 1377 1378 1379 
f 459 472 762 757 
f 759 758 390 391 
f 1855 759 391 1845 
f 773 754 385 2175 
f 4208 4209 1862 1368 
f 1368 1862 1861 1185 
f 463 464 465 462 
f 500 506 505 877 
f 1599 1228 1227 1221 
f 1596 1599 1221 1220 
f 497 500 877 876 
f 2177 689 690 2178 
f 2179 691 692 2180 
f 2181 695 696 2182 
f 2183 792 793 2184 
f 2185 850 851 2186 
f 2186 851 996 2187 
f 2180 692 850 2185 
f 2184 793 402 2176 
f 2188 686 792 2183 
f 2182 696 689 2177 
f 2178 690 691 2179 
f 2190 1404 1405 2191 
f 2192 1407 1408 2193 
f 2194 1409 695 2181 
f 2195 1489 1490 2196 
f 2197 1515 1211 2198 
f 2198 1211 1210 2199 
f 2192 1406 1515 2197 
f 2189 1128 1489 2195 
f 2196 1490 1400 2200 
f 2191 1405 1409 2194 
f 2193 1408 1404 2190 
f 2201 422 421 2202 
f 2202 421 686 2188 
f 2203 856 4129 4177 
f 2187 996 856 2203 
f 4177 4129 422 2201 
f 2204 1157 1156 2205 
f 2205 1156 1456 2200 
f 2206 1554 1553 2207 
f 2207 1553 1721 2199 
f 2206 1558 1157 2204 
f 386 1073 5120 5126 
f 1799 1115 5127 5125 
f 364 365 2210 2209 
f 366 367 2212 2211 
f 2213 2214 368 369 
f 2215 2218 2217 2216 
f 2219 2222 2221 2220 
f 2223 2226 2225 2224 
f 2227 370 371 2228 
f 2229 2232 2231 2230 
f 2234 2233 2709 2710 
f 2235 2236 2714 2711 
f 2237 2240 2239 2238 
f 2237 2243 2242 2241 
f 2244 2247 2246 2245 
f 2248 2251 2250 2249 
f 2252 2255 2254 2253 
f 2256 2259 2258 2257 
f 4663 4664 4665 4666 
f 2264 2267 2266 2265 
f 4667 4668 4669 4670 
f 2272 2275 2274 2273 
f 4671 4672 4673 4674 
f 2279 2282 2281 2280 
f 2283 2286 2285 2284 
f 2279 2289 2288 2287 
f 2290 4949 4950 2291 
f 2294 2297 2296 2295 
f 2298 2301 2300 2299 
f 4675 4676 4677 4678 
f 3849 3850 3786 3785 
f 3851 3852 3853 3854 
f 3857 3858 4951 4952 
f 3859 3860 3876 3875 
f 373 2309 2733 404 
f 2737 2760 2311 2310 
f 2741 4953 4954 2312 
f 2315 2314 2748 2756 
f 2316 2319 4004 4003 
f 2320 2323 4006 4005 
f 2324 4955 4956 4007 
f 2328 2331 2330 2329 
f 2332 2335 2334 2333 
f 2336 4957 4958 2337 
f 2340 2342 2330 2341 
f 2343 2346 2345 2344 
f 2347 2349 2348 4964 
f 2350 2353 2352 2351 
f 2354 2357 2356 2355 
f 2358 2361 2360 2359 
f 2362 2365 2364 2363 
f 2366 2369 2368 2367 
f 2370 2373 2372 2371 
f 2374 2377 2376 2375 
f 2378 2380 2377 2379 
f 2367 2368 2382 2381 
f 2383 2240 2385 2384 
f 2386 2389 2388 2387 
f 2383 2226 2391 2390 
f 2392 2395 2394 2393 
f 2396 2399 2398 2397 
f 4679 4680 4681 4682 
f 2403 2405 2359 2404 
f 3861 3862 3863 3864 
f 2409 2408 2749 2740 
f 2410 2413 4010 4009 
f 2414 2407 2305 2415 
f 2416 2419 2418 2417 
f 2420 2422 2405 2421 
f 2423 2426 2425 2424 
f 2427 2430 4571 4572 
f 2431 4573 4574 2273 
f 2434 2436 2432 2435 
f 2437 2430 2439 2438 
f 2440 2443 4575 4576 
f 2444 2447 2446 2445 
f 2448 2451 2450 2449 
f 2259 2256 2453 2452 
f 2454 2457 2456 2455 
f 2458 2461 2460 2459 
f 2462 2465 2464 2463 
f 2466 2469 2468 2467 
f 2470 2473 2472 2471 
f 2474 2477 2476 2475 
f 2478 2481 2480 2479 
f 2222 2219 2483 2482 
f 2218 2215 2485 2484 
f 2394 2246 2487 2486 
f 2247 2490 2489 2488 
f 2491 2393 2493 2492 
f 2436 4577 4574 2432 
f 2494 2429 4571 4578 
f 2428 2429 2271 2268 
f 2276 2431 2273 2274 
f 2441 2442 2260 2261 
f 2495 2498 2497 2496 
f 2499 2502 2501 2500 
f 2503 2506 2505 2504 
f 2507 2510 2509 2508 
f 2511 2514 2513 2512 
f 2515 2518 2517 2516 
f 2519 2522 2521 2520 
f 2523 2526 2525 2524 
f 2527 2530 2529 2528 
f 2531 2534 2533 2532 
f 2535 2538 2537 2536 
f 2539 2542 2541 2540 
f 2543 2546 2545 2544 
f 2547 2550 2549 2548 
f 2551 2554 2553 2552 
f 4683 4684 4685 4686 
f 3878 3877 3865 3866 
f 2562 2561 2753 2736 
f 2563 4012 4011 2564 
f 2567 2560 2304 2568 
f 2569 2572 2571 2570 
f 2573 2534 2212 2574 
f 2575 2578 4579 4580 
f 2579 2582 2581 2580 
f 2583 2586 2585 2584 
f 2228 2588 2587 2545 
f 2576 2577 2558 2555 
f 2589 2592 2591 2590 
f 2593 2282 2595 2594 
f 2596 2598 2306 2597 
f 2599 2602 2601 2600 
f 4687 4688 4689 4690 
f 2593 2243 2608 2607 
f 2609 2611 2610 2490 
f 2612 2615 2614 2613 
f 3869 3870 3867 3868 
f 2757 2744 2617 2616 
f 2618 2621 4014 4013 
f 2721 2818 2623 2622 
f 2624 2626 2623 2625 
f 2627 2629 2628 2379 
f 2630 2632 2628 2631 
f 2602 4581 4582 2601 
f 2635 2638 2637 2636 
f 2639 2642 2641 2640 
f 2610 2284 2644 2643 
f 2634 2603 2604 2633 
f 2645 2648 2647 2646 
f 2649 2652 2651 2650 
f 2653 2656 2655 2654 
f 2657 2660 2659 2658 
f 2661 2485 2663 2662 
f 2664 2666 2307 2665 
f 2494 2669 2668 2667 
f 4691 4692 4693 4694 
f 3871 3872 3873 3874 
f 2673 2672 2764 2747 
f 2674 2677 4016 4015 
f 2679 2678 2725 2846 
f 2680 2679 2682 2681 
f 2683 2685 2382 2684 
f 2686 2685 2376 2687 
f 2688 2691 2690 2689 
f 2692 2695 2694 2693 
f 2696 2699 2698 2697 
f 2661 2289 2701 2700 
f 2298 2669 4583 4584 
f 2704 2707 2706 2705 
f 2708 2710 2709 2341 
f 2711 2714 2713 2712 
f 2715 4959 4960 2625 
f 2717 2709 2233 2682 
f 2719 2718 2732 2418 
f 2720 374 382 2571 
f 2721 2718 2723 2722 
f 2724 2725 4961 4962 
f 2343 2495 2496 2346 
f 2349 2499 2500 2348 
f 2726 2503 2504 2727 
f 2508 2509 2357 2354 
f 2353 2511 2512 2352 
f 2589 375 376 2728 
f 2645 2500 2501 2729 
f 2730 2705 2496 2497 
f 2234 2344 2345 2233 
f 2678 2347 4964 4963 
f 2235 2350 2351 2236 
f 2355 2356 2732 2622 
f 2417 2356 2357 2726 
f 2570 377 378 2590 
f 2624 4964 2348 2646 
f 2706 2681 2345 2346 
f 2733 2736 2735 2734 
f 2737 2740 2739 2738 
f 2741 2744 2743 2742 
f 2745 2748 2747 2746 
f 2749 2752 2751 2750 
f 2753 2756 2755 2754 
f 2757 2760 2759 2758 
f 2761 2764 4965 4966 
f 2765 2768 2767 2766 
f 2769 2771 2435 2770 
f 2772 2775 2774 2773 
f 2776 2771 2266 2777 
f 2778 2781 2780 2779 
f 2782 2780 2439 2783 
f 2784 2787 2786 2785 
f 2788 2787 2790 2789 
f 2358 2422 2792 2791 
f 2533 2366 2367 2793 
f 2378 2632 2795 2794 
f 2796 2381 2686 2691 
f 2420 2797 2365 2362 
f 2798 2574 379 380 
f 2630 2797 2267 2264 
f 2690 2687 2380 2799 
f 2798 2802 2801 2800 
f 2803 2363 2364 2804 
f 2805 2364 2365 2631 
f 2806 2375 2683 2807 
f 2808 2810 2809 2791 
f 2369 2812 2811 2368 
f 2627 2374 2814 2813 
f 2684 2811 2816 2815 
f 2282 2593 2607 2281 
f 2611 2283 2284 2610 
f 2289 2661 2662 2288 
f 2290 2291 2666 2664 
f 2295 2296 2615 2612 
f 2298 2299 2668 2669 
f 4678 4677 4692 4691 
f 3856 3855 3870 3869 
f 2744 2741 2312 2617 
f 2677 2324 4007 4016 
f 2817 2337 2715 2818 
f 2349 2347 2680 2707 
f 2375 2376 2685 2683 
f 2632 2378 2379 2628 
f 2472 2639 2640 2471 
f 2502 2499 2704 2819 
f 2820 2672 2673 2821 
f 2282 2279 2287 2595 
f 2597 2306 4967 4968 
f 2600 2601 2822 2790 
f 4690 4689 4676 4675 
f 2618 4013 4969 4970 
f 4964 4960 2731 
f 2374 2627 2379 2377 
f 2601 4582 4585 2822 
f 2636 2637 2824 2823 
f 2284 2285 2825 2644 
f 2633 2604 2300 2301 
f 2500 2645 2646 2348 
f 2826 4971 4954 2313 
f 2652 2829 2828 2651 
f 2654 2655 2285 2286 
f 2658 2659 2823 2824 
f 3858 3857 4972 4973 
f 2672 4974 4965 2764 
f 2678 4963 4961 2725 
f 2687 2376 2377 2380 
f 2689 2690 2799 2786 
f 2294 2831 2830 2693 
f 2699 2473 2470 2698 
f 2289 2279 2280 2701 
f 2301 2298 4584 4585 
f 2818 2715 2625 2623 
f 2724 2834 2833 2832 
f 2499 2349 2707 2704 
f 2648 2645 2729 2835 
f 2347 2678 2679 2680 
f 2626 2624 2646 2647 
f 2762 4975 4970 2327 
f 2761 2324 2677 2746 
f 2836 2785 2794 2795 
f 2837 2789 2702 2703 
f 2380 2378 2794 2799 
f 2687 2690 2691 2686 
f 2838 2841 2840 2839 
f 2842 2845 2844 2843 
f 2337 4958 4959 2715 
f 2717 2340 2341 2709 
f 2719 2387 2723 2718 
f 2548 381 374 2720 
f 2622 2732 2718 2721 
f 2331 2708 2341 2330 
f 2712 2713 2335 2332 
f 2722 2723 2848 2847 
f 2834 2724 4962 4976 
f 2337 2817 2849 2336 
f 2725 2724 2832 2846 
f 2309 2562 2736 2733 
f 2310 2409 2740 2737 
f 2748 2314 2673 2747 
f 2408 2931 2752 2749 
f 2561 2315 2756 2753 
f 2616 2311 2760 2757 
f 2734 2735 2563 2564 
f 2738 2739 2413 2410 
f 2742 2743 2621 2618 
f 2674 2745 2746 2677 
f 2750 2751 2851 2850 
f 2754 2755 2319 2316 
f 2758 2759 2323 2320 
f 2324 2761 4966 4955 
f 2742 4975 4953 2741 
f 2764 2761 2746 2747 
f 2211 2531 2768 2765 
f 2265 2266 2771 2769 
f 2404 2852 2775 2772 
f 2776 2434 2435 2771 
f 2781 2438 2439 2780 
f 2782 2532 2779 2780 
f 2853 2599 2600 2784 
f 2854 2688 2689 2788 
f 2766 2767 2578 2575 
f 2433 2770 2435 2432 
f 2773 2774 2443 2440 
f 2777 2266 2267 2421 
f 2796 2778 2779 2793 
f 2783 2439 2430 2427 
f 2785 2786 2799 2794 
f 2789 2790 2822 2702 
f 2784 2600 2790 2787 
f 2788 2689 2786 2787 
f 2785 2836 2853 2784 
f 2789 2837 2854 2788 
f 3850 3849 3866 3865 
f 3852 3851 3864 3863 
f 3860 3859 3874 3873 
f 3862 3861 3879 3880 
f 3877 3878 3875 3876 
f 3854 3853 3868 3867 
f 2672 2820 4977 4974 
f 2866 383 384 2855 
f 2227 2546 2867 2728 
f 2730 2230 2653 2819 
f 2506 2245 2395 2505 
f 2286 2283 2729 2501 
f 2392 2868 2513 2514 
f 2543 2229 2497 2498 
f 2609 2244 2510 2507 
f 2819 2653 2654 2502 
f 2283 2611 2835 2729 
f 2502 2654 2286 2501 
f 2847 2249 2596 2849 
f 2293 4949 4976 2339 
f 2559 2328 2329 2308 
f 2333 2334 2869 2406 
f 2388 2415 2248 2848 
f 2849 2596 2597 2336 
f 2342 2665 2329 2330 
f 2834 2290 2664 2833 
f 2336 2597 4968 4957 
f 2870 2873 2872 2871 
f 2874 2876 2804 2875 
f 2877 2880 2879 2878 
f 2881 2883 2816 2882 
f 2876 2372 2885 2884 
f 2839 2888 2887 2886 
f 2889 2890 2840 2843 
f 2891 2883 2893 2892 
f 2806 2888 2890 2814 
f 2889 2895 2894 2813 
f 2870 2209 2527 2873 
f 2371 2372 2876 2874 
f 2424 2896 2880 2877 
f 2528 2893 2883 2881 
f 2803 2804 2876 2884 
f 2888 2806 2807 2887 
f 2813 2814 2890 2889 
f 2815 2816 2883 2891 
f 2888 2839 2840 2890 
f 2843 2844 2895 2889 
f 2802 2871 2872 2801 
f 2875 2804 2364 2805 
f 2878 2879 2810 2808 
f 2882 2816 2811 2812 
f 2885 2372 2373 2897 
f 2838 2839 2886 2898 
f 2840 2841 2842 2843 
f 2899 2892 2893 2900 
f 2375 2806 2814 2374 
f 2813 2894 2629 2627 
f 2221 2649 2650 2220 
f 2230 2231 2656 2653 
f 2243 2593 2594 2242 
f 2249 2250 2598 2596 
f 2901 2902 2660 2657 
f 2795 2264 2265 2836 
f 4674 4673 4688 4687 
f 2621 2320 4005 4014 
f 2342 2340 2832 2833 
f 2647 2354 2355 2626 
f 2845 2370 2371 2844 
f 2381 2382 2685 2686 
f 2433 4573 4581 2602 
f 2703 2437 2438 2837 
f 2452 2453 2695 2692 
f 2455 2456 2638 2635 
f 2476 2696 2697 2475 
f 2485 2661 2700 2484 
f 2490 2610 2643 2489 
f 2669 2494 4578 4583 
f 2431 2276 2603 2634 
f 2835 2507 2508 2648 
f 2865 2862 2904 2903 
f 2243 2237 2238 2608 
f 2244 2609 2490 2247 
f 2613 2614 2461 2458 
f 2797 2630 2631 2365 
f 2642 2478 2479 2641 
f 2215 2465 2663 2485 
f 2665 2307 2308 2329 
f 2429 2494 2667 2271 
f 4694 4693 4668 4667 
f 2319 2674 4015 4004 
f 2681 2682 2233 2345 
f 2684 2382 2368 2811 
f 2705 2706 2346 2496 
f 2905 2821 2673 2314 
f 2717 2682 2679 2846 
f 2818 2721 2722 2817 
f 2648 2508 2354 2647 
f 2705 2730 2819 2704 
f 2626 2355 2622 2623 
f 2681 2706 2707 2680 
f 2748 2745 2755 2756 
f 2744 2757 2758 2743 
f 2769 2770 2599 2853 
f 2781 2778 2688 2854 
f 2381 2796 2793 2367 
f 2632 2630 2264 2795 
f 2629 2805 2631 2628 
f 2684 2815 2807 2683 
f 2340 2717 2846 2832 
f 2817 2722 2847 2849 
f 2745 2674 2319 2755 
f 2743 2758 2320 2621 
f 2836 2265 2769 2853 
f 2837 2438 2781 2854 
f 2770 2433 2602 2599 
f 2778 2796 2691 2688 
f 2230 2730 2497 2229 
f 2611 2609 2507 2835 
f 2249 2847 2848 2248 
f 2665 2342 2833 2664 
f 2895 2874 2875 2894 
f 2891 2892 2886 2887 
f 2844 2371 2874 2895 
f 2815 2891 2887 2807 
f 2894 2875 2805 2629 
f 2892 2899 2898 2886 
f 2906 5089 5090 2907 
f 2908 5077 5078 2909 
f 5086 5087 2910 
f 5082 5083 2910 
f 2911 5075 5076 2912 
f 2914 2910 5087 5088 
f 5080 5081 2910 
f 5084 5085 2910 
f 5081 5082 2910 
f 5083 5084 2910 
f 5085 5086 2910 
f 5079 5080 2910 
f 2915 2906 2907 2916 
f 2917 2918 2908 2909 
f 2919 2920 2911 2912 
f 2910 2914 2917 
f 2921 5128 5129 2922 
f 2922 5129 5130 2923 
f 2924 5131 5128 2921 
f 2925 5104 5091 386 
f 2917 5105 5106 2918 
f 2919 2918 5106 5107 
f 2921 5105 5108 2924 
f 2209 2210 2530 2527 
f 2211 2212 2534 2531 
f 2536 2537 2214 2213 
f 2546 2227 2228 2545 
f 388 389 2542 2539 
f 2548 2549 385 381 
f 4686 4685 4630 4629 
f 2564 4011 3974 395 
f 377 2570 2571 382 
f 2574 2212 367 379 
f 2575 4580 4553 397 
f 2580 2581 399 398 
f 400 401 2586 2583 
f 371 2176 2588 2228 
f 396 2576 2555 392 
f 375 2589 2590 378 
f 2720 2571 2572 2926 
f 2592 2589 2728 2867 
f 2569 2570 2590 2591 
f 2733 2734 403 404 
f 2765 2766 405 406 
f 2574 2798 2800 2573 
f 2802 2798 380 407 
f 2548 2720 2926 2547 
f 2734 2564 395 403 
f 2211 2765 406 366 
f 2766 2575 397 405 
f 2866 2855 2856 2927 
f 370 2227 2728 376 
f 2568 2549 2550 2567 
f 2870 2871 408 409 
f 2209 2870 409 364 
f 2871 2802 407 408 
f 2907 5090 5027 410 
f 2916 2907 410 387 
f 2916 5104 5108 2915 
f 2540 2541 2217 2482 
f 2234 2710 2926 2572 
f 2551 2552 2257 2258 
f 4670 4669 4684 4683 
f 2316 4003 4012 2563 
f 2331 2328 2567 2550 
f 2591 2343 2344 2569 
f 2369 2366 2573 2800 
f 2578 2427 4572 4579 
f 2449 2450 2582 2579 
f 2584 2585 2464 2216 
f 2545 2587 2928 2544 
f 2577 2428 2268 2558 
f 2867 2498 2495 2592 
f 2518 2515 2927 2856 
f 2528 2529 2900 2893 
f 2532 2533 2793 2779 
f 2477 2474 2538 2535 
f 2543 2544 2232 2229 
f 2710 2708 2547 2926 
f 2592 2495 2343 2591 
f 2344 2234 2572 2569 
f 2736 2753 2754 2735 
f 2782 2783 2767 2768 
f 2366 2533 2534 2573 
f 2812 2369 2800 2801 
f 2708 2331 2550 2547 
f 2754 2316 2563 2735 
f 2532 2782 2768 2531 
f 2767 2783 2427 2578 
f 2546 2543 2498 2867 
f 2328 2559 2560 2567 
f 2881 2882 2872 2873 
f 2528 2881 2873 2527 
f 2882 2812 2801 2872 
f 2906 2914 5088 5089 
f 2917 2914 2906 2915 
f 2226 2383 2384 2225 
f 2235 2711 2938 2419 
f 2254 2469 2466 2399 
f 4666 4665 4680 4679 
f 2413 2850 4017 4010 
f 2332 2333 2414 2389 
f 2353 2350 2416 2727 
f 2226 2223 2930 2391 
f 2868 2392 2393 2491 
f 2404 2359 2360 2852 
f 2424 2425 2913 2896 
f 2440 4576 4586 2932 
f 2447 2444 2935 2934 
f 2469 2937 2936 2468 
f 2393 2394 2486 2493 
f 2441 2261 2400 2933 
f 2514 2511 2504 2505 
f 2711 2712 2386 2938 
f 2511 2353 2727 2504 
f 2350 2235 2419 2416 
f 2749 2750 2739 2740 
f 2772 2773 2940 2939 
f 2361 2358 2791 2809 
f 2941 2808 2791 2792 
f 2712 2332 2389 2386 
f 2750 2850 2413 2739 
f 2404 2772 2939 2403 
f 2773 2440 2932 2940 
f 2392 2514 2505 2395 
f 2333 2406 2407 2414 
f 2877 2878 2943 2942 
f 2424 2877 2942 2423 
f 2878 2808 2941 2943 
f 2912 5076 5077 2908 
f 2918 2919 2912 2908 
f 2920 2919 5107 5109 
f 2240 2383 2390 2239 
f 2245 2246 2394 2395 
f 2275 2272 2933 2400 
f 2792 2362 2363 2941 
f 2240 2237 2241 2385 
f 2387 2388 2848 2723 
f 2397 2398 2457 2454 
f 4682 4681 4672 4671 
f 2323 2410 4009 4006 
f 2415 2305 2251 2248 
f 2417 2418 2732 2356 
f 2797 2420 2421 2267 
f 2436 2434 2940 2932 
f 2459 2460 2445 2446 
f 2481 2466 2467 2480 
f 2246 2247 2488 2487 
f 2272 4577 4586 2933 
f 2506 2503 2509 2510 
f 2857 2946 2945 2863 
f 2719 2418 2419 2938 
f 2503 2726 2357 2509 
f 2417 2726 2727 2416 
f 2760 2737 2738 2759 
f 2776 2777 2403 2939 
f 2422 2420 2362 2792 
f 2941 2363 2803 2943 
f 2387 2719 2938 2386 
f 2759 2738 2410 2323 
f 2434 2776 2939 2940 
f 2403 2777 2421 2405 
f 2245 2506 2510 2244 
f 2415 2388 2389 2414 
f 2884 2885 2423 2942 
f 2943 2803 2884 2942 
f 2885 2897 2426 2423 
f 2909 5078 5079 2910 
f 2917 2909 2910 
f 2208 5132 5130 
f 2208 5131 5133 
f 1094 2948 2947 1095 
f 1096 2950 2949 1097 
f 2951 1098 1099 2952 
f 2953 2956 2955 2954 
f 2957 2960 2959 2958 
f 2961 2962 2223 2224 
f 2963 2964 1100 1101 
f 2965 2968 2967 2966 
f 3414 3415 2970 2969 
f 2971 3416 2714 2236 
f 2972 2975 2974 2973 
f 2976 2978 2972 2977 
f 2979 2982 2981 2980 
f 2983 2986 2985 2984 
f 2987 2990 2989 2988 
f 2991 2994 2993 2992 
f 4695 4696 4664 4663 
f 2997 3000 2999 2998 
f 4697 4698 4699 4700 
f 3005 3008 3007 3006 
f 4701 4702 4703 4704 
f 3012 3015 3014 3013 
f 3016 3019 3018 3017 
f 3020 3022 3014 3021 
f 3023 3026 4910 4911 
f 3027 3030 3029 3028 
f 3031 3034 3033 3032 
f 4705 4706 4707 4708 
f 3894 3893 3818 3817 
f 3898 3897 3881 3882 
f 3883 3884 4912 4913 
f 3904 3903 3885 3886 
f 1129 3436 3042 1103 
f 3044 3043 3459 3440 
f 3046 4914 4915 3444 
f 3455 3449 3048 3047 
f 3049 4019 4018 3050 
f 3053 4021 4020 3054 
f 3057 4023 4916 4917 
f 3061 3064 3063 3062 
f 3065 3066 2334 2335 
f 3067 3070 4918 4919 
f 3071 3073 3063 3072 
f 3074 3077 3076 3075 
f 3078 4920 3080 3079 
f 3081 2351 2352 3082 
f 3083 3086 3085 3084 
f 3087 3088 2360 2361 
f 3089 3092 3091 3090 
f 3093 3096 3095 3094 
f 3097 3100 3099 3098 
f 3101 3104 3103 3102 
f 3105 3107 3102 3106 
f 3096 3109 3108 3095 
f 3110 3112 3111 2973 
f 3113 3116 3115 3114 
f 3110 3118 3117 2962 
f 3119 3122 3121 3120 
f 3123 3126 3125 3124 
f 4709 4710 4711 4712 
f 3130 3132 3088 3131 
f 3908 3907 3900 3899 
f 3441 3452 3136 3135 
f 3137 4025 4024 3138 
f 3141 3142 3038 3133 
f 3143 3146 3145 3144 
f 3147 3149 3131 3148 
f 3150 3153 3152 3151 
f 3154 4587 4588 3155 
f 3158 3008 4589 4590 
f 3161 3163 3160 3162 
f 3164 3166 3165 3155 
f 3167 4591 4575 2443 
f 3169 3172 3171 3170 
f 2992 2993 3174 3173 
f 3175 3176 2988 2989 
f 3177 3180 3179 3178 
f 3181 3129 3010 3182 
f 3183 3186 3185 3184 
f 3187 3190 3189 3188 
f 3191 3194 3193 3192 
f 3195 3198 3197 3196 
f 3199 3202 3201 3200 
f 2960 3204 3203 2959 
f 3205 2953 2954 3206 
f 3121 3208 3207 2981 
f 2980 3211 3210 3209 
f 2491 2492 3212 3122 
f 3162 3160 4589 4592 
f 3213 4593 4588 3156 
f 3157 3001 3002 3156 
f 3009 3007 3008 3158 
f 3168 2996 2260 2442 
f 3214 3217 3216 3215 
f 3218 3221 3220 3219 
f 3222 3225 3224 3223 
f 3226 3229 3228 3227 
f 3230 2512 2513 3231 
f 3232 3235 3234 3233 
f 3236 2525 2526 3237 
f 3238 3241 3240 3239 
f 3242 3245 3244 3243 
f 3246 3249 3248 3247 
f 3250 3253 3252 3251 
f 3254 3257 3256 3255 
f 3258 3261 3260 3259 
f 4713 4714 4715 4716 
f 3887 3888 3896 3895 
f 3437 3454 3269 3268 
f 3270 3273 4027 4026 
f 3274 3275 3037 3266 
f 3276 3279 3278 3277 
f 3280 3281 2949 3243 
f 3282 4594 4595 3283 
f 3286 3289 3288 3287 
f 2964 3256 3291 3290 
f 3285 3262 3263 3284 
f 3292 3295 3294 3293 
f 3296 3015 3298 3297 
f 3299 3301 3039 3300 
f 3302 3305 3304 3303 
f 4717 4718 4719 4720 
f 3310 2978 3298 3311 
f 3312 3209 3314 3313 
f 3315 3318 3317 3316 
f 3910 3909 3889 3890 
f 3320 3319 3445 3458 
f 3321 4029 4028 3322 
f 3326 3325 3515 3424 
f 3327 3329 3325 3328 
f 3330 3107 3332 3331 
f 3333 3335 3332 3334 
f 3303 3304 4596 4597 
f 3338 3341 3340 3339 
f 3342 3345 3344 3343 
f 3346 3349 3348 3347 
f 3336 3337 3309 3306 
f 3350 3353 3352 3351 
f 3354 3357 3356 3355 
f 3358 3361 3360 3359 
f 3362 3365 3364 3363 
f 3366 3205 3368 3367 
f 3369 3371 3041 3370 
f 3213 3374 3373 3372 
f 4721 4722 4723 4724 
f 3891 3892 3906 3905 
f 3450 3463 3378 3377 
f 3379 4031 4030 3380 
f 3543 3428 3384 3383 
f 3385 3387 3386 3383 
f 3388 3390 3108 3389 
f 3391 3392 3103 3389 
f 3393 3396 3395 3394 
f 3397 3400 3399 3398 
f 3401 3404 3403 3402 
f 3405 3022 3368 3406 
f 3031 4598 4599 3372 
f 3409 3412 3411 3410 
f 3413 3073 3415 3414 
f 3416 3417 2713 2714 
f 3418 3329 4921 4922 
f 3386 2970 3415 3420 
f 3145 3435 3422 3421 
f 3423 3278 1112 1104 
f 3424 3426 3425 3422 
f 3427 4923 4924 3428 
f 3074 3075 3217 3214 
f 3079 3080 3221 3218 
f 3429 3430 3225 3222 
f 3229 3083 3084 3228 
f 3082 2352 2512 3230 
f 3292 3431 1105 1106 
f 3350 3432 3220 3221 
f 3433 3216 3217 3412 
f 2969 2970 3076 3077 
f 3384 4925 4920 3078 
f 2971 2236 2351 3081 
f 3086 3326 3435 3085 
f 3146 3429 3084 3085 
f 3279 3295 1107 1108 
f 3327 3353 3080 4920 
f 3411 3075 3076 3387 
f 3436 3439 3438 3437 
f 3440 3443 3442 3441 
f 3444 3447 3446 3445 
f 3448 3451 3450 3449 
f 3452 3453 2751 2752 
f 3454 3457 3456 3455 
f 3458 3461 3460 3459 
f 3462 4926 4927 3463 
f 3466 3469 3468 3467 
f 3470 3472 3163 3471 
f 3473 3474 2774 2775 
f 3475 3476 2999 3471 
f 3477 3480 3479 3478 
f 3481 3482 3165 3479 
f 3483 3486 3485 3484 
f 3487 3489 3488 3484 
f 3087 3491 3490 3148 
f 3244 3492 3096 3093 
f 3105 3494 3493 3334 
f 3495 3394 3391 3109 
f 3147 3089 3090 3496 
f 3497 1109 1110 3281 
f 3333 2997 2998 3496 
f 3395 3498 3106 3392 
f 3497 3501 3500 3499 
f 3502 3503 3091 3092 
f 3504 3335 3090 3091 
f 3505 3506 3388 3104 
f 3507 3491 2809 2810 
f 3094 3095 3509 3508 
f 3330 3511 3510 3101 
f 3390 3513 3512 3509 
f 3311 3298 3015 3012 
f 3313 3314 3019 3016 
f 3367 3368 3022 3020 
f 3023 3369 3370 3026 
f 3316 3317 3030 3027 
f 3031 3372 3373 3034 
f 4724 4723 4706 4705 
f 3902 3901 3909 3910 
f 3319 3046 3444 3445 
f 3380 4030 4023 3057 
f 3514 3515 3418 3070 
f 3079 3410 3385 3078 
f 3104 3388 3389 3103 
f 3334 3332 3107 3105 
f 3343 3344 3191 3192 
f 3219 3516 3409 3218 
f 3517 3518 3377 3378 
f 3021 3014 3015 3296 
f 3301 4928 4929 3039 
f 3305 3488 3519 3304 
f 4708 4707 4718 4717 
f 3321 4930 4931 4029 
f 4920 3434 4921 
f 3101 3102 3107 3330 
f 3304 3519 4600 4596 
f 3520 3521 3341 3338 
f 3522 3523 3349 3346 
f 3337 3032 3033 3309 
f 3221 3080 3353 3350 
f 3524 3045 4914 4932 
f 3522 3526 3357 3354 
f 3361 3017 3018 3360 
f 3521 3520 3365 3362 
f 3884 3883 4933 4934 
f 3463 4927 4935 3378 
f 3428 4924 4925 3384 
f 3392 3106 3102 3103 
f 3396 3485 3498 3395 
f 3397 3528 3527 3028 
f 3193 3194 3404 3401 
f 3013 3014 3022 3405 
f 3032 4600 4598 3031 
f 3325 3329 3418 3515 
f 3427 3531 3530 3529 
f 3218 3409 3410 3079 
f 3351 3532 3432 3350 
f 3078 3385 3383 3384 
f 3328 3352 3353 3327 
f 3465 3058 4930 4936 
f 3462 3451 3380 3057 
f 3533 3493 3494 3486 
f 3534 3407 3408 3489 
f 3106 3498 3494 3105 
f 3392 3391 3394 3395 
f 3535 3538 3537 3536 
f 3539 3542 3541 3540 
f 3070 3418 4922 4918 
f 3420 3415 3073 3071 
f 3421 3422 3425 3116 
f 3261 3423 1104 1111 
f 3424 3422 3435 3326 
f 3062 3063 3073 3413 
f 3417 3065 2335 2713 
f 3426 3545 3544 3425 
f 3529 4937 4923 3427 
f 3070 3067 3546 3514 
f 3428 3543 3531 3427 
f 3436 3437 3268 3042 
f 3440 3441 3135 3044 
f 3449 3450 3377 3048 
f 3452 2752 2931 3136 
f 3454 3455 3047 3269 
f 3458 3459 3043 3320 
f 3439 3273 3270 3438 
f 3443 3137 3138 3442 
f 3447 3321 3322 3446 
f 3379 3380 3451 3448 
f 3453 3547 2851 2751 
f 3457 3049 3050 3456 
f 3461 3053 3054 3460 
f 3057 4917 4926 3462 
f 3447 3444 4915 4936 
f 3463 3450 3451 3462 
f 2950 3466 3467 3242 
f 3000 3470 3471 2999 
f 3132 3473 2775 2852 
f 3475 3471 3163 3161 
f 3478 3479 3165 3166 
f 3481 3479 3480 3245 
f 3548 3483 3305 3302 
f 3549 3487 3396 3393 
f 3469 3282 3283 3468 
f 3159 3160 3163 3472 
f 3474 3167 2443 2774 
f 3476 3149 2998 2999 
f 3495 3492 3480 3477 
f 3482 3154 3155 3165 
f 3486 3494 3498 3485 
f 3489 3408 3519 3488 
f 3483 3484 3488 3305 
f 3487 3484 3485 3396 
f 3486 3483 3548 3533 
f 3489 3487 3549 3534 
f 3895 3896 3893 3894 
f 3899 3900 3897 3898 
f 3905 3906 3903 3904 
f 3880 3879 3907 3908 
f 3886 3885 3888 3887 
f 3882 3881 3890 3889 
f 3378 4935 4938 3517 
f 1114 3561 3550 1113 
f 2963 3431 3562 3255 
f 3433 3516 3358 2968 
f 3223 3224 3120 2982 
f 3017 3220 3432 3016 
f 3119 3231 2513 2868 
f 3254 3215 3216 2965 
f 3312 3226 3227 2979 
f 3516 3219 3361 3358 
f 3016 3432 3532 3313 
f 3219 3220 3017 3361 
f 3545 3546 3299 2986 
f 3024 3068 4937 4911 
f 3267 3040 3064 3061 
f 3066 3134 2869 2334 
f 3115 3544 2983 3142 
f 3275 2174 1102 3037 
f 3546 3067 3301 3299 
f 3072 3063 3064 3371 
f 3529 3530 3369 3023 
f 3067 4919 4928 3301 
f 3563 3566 3565 3564 
f 3567 3569 3503 3568 
f 3570 3571 2879 2880 
f 3572 3574 3512 3573 
f 3575 3099 3568 3576 
f 3538 3579 3578 3577 
f 3580 3542 3537 3581 
f 3582 3584 3583 3573 
f 3505 3510 3581 3577 
f 3580 3511 3586 3585 
f 3563 3564 3238 2948 
f 3100 3567 3568 3099 
f 3153 3570 2880 2896 
f 3241 3572 3573 3583 
f 3502 3576 3568 3503 
f 3577 3578 3506 3505 
f 3511 3580 3581 3510 
f 3513 3582 3573 3512 
f 3577 3581 3537 3538 
f 3542 3580 3585 3541 
f 3499 3500 3565 3566 
f 3569 3504 3091 3503 
f 3571 3507 2810 2879 
f 3574 3508 3509 3512 
f 3575 3587 3098 3099 
f 3535 3588 3579 3538 
f 3537 3542 3539 3536 
f 3589 3590 3583 3584 
f 3104 3101 3510 3505 
f 3511 3330 3331 3586 
f 3355 3356 2957 2958 
f 2968 3358 3359 2967 
f 3297 3298 2978 2976 
f 2986 3299 3300 2985 
f 3363 3364 2994 2991 
f 3493 3533 3000 2997 
f 4720 4719 4702 4701 
f 3322 4028 4021 3053 
f 3072 3530 3531 3071 
f 3352 3328 3086 3083 
f 3540 3541 3100 3097 
f 3109 3391 3389 3108 
f 3159 3303 4597 4590 
f 3407 3534 3166 3164 
f 3398 3399 3176 3175 
f 3339 3340 3180 3177 
f 3402 3403 3195 3196 
f 3406 3368 3205 3206 
f 3347 3348 3210 3591 
f 3372 4599 4593 3213 
f 3158 3336 3306 3009 
f 3532 3351 3229 3226 
f 3560 3593 3592 3558 
f 2975 2972 2978 3310 
f 2979 2980 3209 3312 
f 3594 3182 3318 3315 
f 3496 3090 3335 3333 
f 3202 3199 3345 3342 
f 2953 3205 3366 3184 
f 3371 3064 3040 3041 
f 3156 3002 3374 3213 
f 4700 4699 4722 4721 
f 3050 4018 4031 3379 
f 3387 3076 2970 3386 
f 3390 3509 3095 3108 
f 3412 3217 3075 3411 
f 3047 3048 3595 3235 
f 3420 3543 3383 3386 
f 3515 3514 3426 3424 
f 3351 3352 3083 3229 
f 3412 3409 3516 3433 
f 3328 3325 3326 3086 
f 3387 3385 3410 3411 
f 3449 3455 3456 3448 
f 3445 3446 3461 3458 
f 3470 3548 3302 3472 
f 3478 3549 3393 3477 
f 3109 3096 3492 3495 
f 3334 3493 2997 3333 
f 3331 3332 3335 3504 
f 3390 3388 3506 3513 
f 3071 3531 3543 3420 
f 3514 3546 3545 3426 
f 3448 3456 3050 3379 
f 3446 3322 3053 3461 
f 3533 3548 3470 3000 
f 3534 3549 3478 3166 
f 3472 3302 3303 3159 
f 3477 3393 3394 3495 
f 2968 2965 3216 3433 
f 3313 3532 3226 3312 
f 2986 2983 3544 3545 
f 3371 3369 3530 3072 
f 3585 3586 3569 3567 
f 3582 3578 3579 3584 
f 3541 3585 3567 3100 
f 3513 3506 3578 3582 
f 3586 3331 3504 3569 
f 3584 3579 3588 3589 
f 3596 3597 5060 5061 
f 3598 3599 5072 5073 
f 5064 3600 5063 
f 5068 3600 5067 
f 2911 3601 5074 5075 
f 3602 5062 5063 3600 
f 5070 3600 5069 
f 5066 3600 5065 
f 5069 3600 5068 
f 5067 3600 5066 
f 5065 3600 5064 
f 5071 3600 5070 
f 3603 3604 3597 3596 
f 3607 3599 3598 3605 
f 3606 3601 2911 2920 
f 3607 3602 3600 
f 3608 3609 5136 5134 
f 3609 3610 5135 5136 
f 3611 3608 5134 5137 
f 3612 1115 5099 5110 
f 5111 3607 3605 5113 
f 3606 5112 5113 3605 
f 3611 5114 5111 3608 
f 2948 3238 3239 2947 
f 2950 3242 3243 2949 
f 3249 2951 2952 3248 
f 3255 3256 2964 2963 
f 1117 3250 3251 1118 
f 3261 1111 1119 3260 
f 4662 4661 4714 4713 
f 3273 1122 3958 4027 
f 1108 1112 3278 3279 
f 3281 1110 1097 2949 
f 3282 1124 4569 4594 
f 1126 3286 3287 1127 
f 1100 2964 3290 2189 
f 1125 1120 3262 3285 
f 1106 1107 3295 3292 
f 3423 3613 3277 3278 
f 3293 3562 3431 3292 
f 3276 3294 3295 3279 
f 3436 1129 1130 3439 
f 3466 1131 1132 3469 
f 3281 3280 3501 3497 
f 3499 1133 1109 3497 
f 3261 3258 3613 3423 
f 3439 1130 1122 3273 
f 2950 1096 1131 3466 
f 3469 1132 1124 3282 
f 3561 3614 3551 3550 
f 1101 1105 3431 2963 
f 3275 3274 3259 3260 
f 3563 1134 1135 3566 
f 2948 1094 1134 3563 
f 3566 1135 1133 3499 
f 3597 1136 5059 5060 
f 3604 1116 1136 3597 
f 3604 3603 5114 5110 
f 3253 3204 2955 3252 
f 2969 3277 3613 3414 
f 4716 4715 4698 4697 
f 3049 3270 4026 4019 
f 3062 3259 3274 3061 
f 3294 3276 3077 3074 
f 3094 3501 3280 3093 
f 3283 4595 4587 3154 
f 3289 2956 3185 3288 
f 3256 3257 3615 3291 
f 3284 3263 3001 3157 
f 3562 3293 3214 3215 
f 3233 3551 3614 3232 
f 3241 3583 3590 3240 
f 3245 3480 3492 3244 
f 3198 3246 3247 3197 
f 3254 2965 2966 3257 
f 3414 3613 3258 3413 
f 3293 3294 3074 3214 
f 3077 3276 3277 2969 
f 3437 3438 3457 3454 
f 3481 3467 3468 3482 
f 3093 3280 3243 3244 
f 3508 3500 3501 3094 
f 3413 3258 3259 3062 
f 3457 3438 3270 3049 
f 3245 3242 3467 3481 
f 3468 3283 3154 3482 
f 3255 3562 3215 3254 
f 3061 3274 3266 3267 
f 3572 3564 3565 3574 
f 3241 3238 3564 3572 
f 3574 3565 3500 3508 
f 3596 5061 5062 3602 
f 3607 3603 3596 3602 
f 2962 2961 3112 3110 
f 2971 3144 3621 3416 
f 3124 3125 3617 3616 
f 4712 4711 4696 4695 
f 3138 4024 4032 3547 
f 3065 3114 3141 3066 
f 3082 3430 3143 3081 
f 3087 3148 3131 3088 
f 2962 3117 2930 2223 
f 2868 2491 3122 3119 
f 3132 2852 2360 3088 
f 3153 2896 2913 3152 
f 3167 3620 4601 4591 
f 2934 2935 3171 3172 
f 2936 2937 3188 3189 
f 3122 3212 3208 3121 
f 3168 3619 3127 2996 
f 3231 3224 3225 3230 
f 3416 3621 3113 3417 
f 3230 3225 3430 3082 
f 3081 3143 3144 2971 
f 3452 3441 3442 3453 
f 3473 3623 3622 3474 
f 2361 2809 3491 3087 
f 3624 3490 3491 3507 
f 3417 3113 3114 3065 
f 3453 3442 3138 3547 
f 3132 3130 3623 3473 
f 3474 3622 3620 3167 
f 3119 3120 3224 3231 
f 3066 3141 3133 3134 
f 3570 3626 3625 3571 
f 3153 3150 3626 3570 
f 3571 3625 3624 3507 
f 3601 3598 5073 5074 
f 3605 3598 3601 3606 
f 2920 5109 5112 3606 
f 2973 2974 3118 3110 
f 2982 3120 3121 2981 
f 3006 3127 3619 3005 
f 3490 3624 3092 3089 
f 2973 3111 2977 2972 
f 3116 3425 3544 3115 
f 3179 3199 3200 3126 
f 4704 4703 4710 4709 
f 3054 4020 4025 3137 
f 3142 2983 2984 3038 
f 3146 3085 3435 3145 
f 3496 2998 3149 3147 
f 3162 3620 3622 3161 
f 3170 3181 3627 3169 
f 3200 3201 3190 3187 
f 2981 3207 3211 2980 
f 3005 3619 4601 4592 
f 3223 3227 3228 3222 
f 3552 3557 3629 3628 
f 3421 3621 3144 3145 
f 3222 3228 3084 3429 
f 3146 3143 3430 3429 
f 3459 3460 3443 3440 
f 3475 3623 3130 3476 
f 3148 3490 3089 3147 
f 3624 3625 3502 3092 
f 3116 3113 3621 3421 
f 3460 3054 3137 3443 
f 3161 3622 3623 3475 
f 3130 3131 3149 3476 
f 2982 2979 3227 3223 
f 3142 3141 3114 3115 
f 3576 3626 3150 3575 
f 3625 3626 3576 3502 
f 3575 3150 3151 3587 
f 3599 3600 5071 5072 
f 3607 3600 3599 
f 2208 5135 5132 
f 2208 5138 5137 
f 1121 4185 4186 3265 
f 4186 4187 3264 3265 
f 2951 3249 4199 4200 
f 4201 1098 2951 4200 
f 3235 3595 3555 3234 
f 4191 4192 2990 2987 
f 4224 4223 4249 4250 
f 4250 4249 4251 4252 
f 4275 4276 4304 4307 
f 4255 4256 4257 4258 
f 4274 4273 4327 4331 
f 4252 4251 4328 4333 
f 4263 4264 4265 4266 
f 4267 4268 4269 4270 
f 4270 4269 4309 4305 
f 4258 4257 4246 4245 
f 4191 3004 4326 
f 4189 3004 4324 
f 4187 3004 3264 
f 3246 4303 4198 
f 3246 4199 3249 
f 3246 4301 4196 
f 2270 2256 2257 2269 
f 3659 2258 2259 3660 
f 2831 2294 2295 3661 
f 2605 2296 2297 2303 
f 2262 2444 2445 2402 
f 3662 2446 2447 3663 
f 3660 2259 2452 3664 
f 2670 2453 2256 2270 
f 3665 2458 2459 3666 
f 2401 2460 2461 2278 
f 2552 2553 2556 2557 
f 2554 2551 3668 3667 
f 3669 2612 2613 3670 
f 2277 2614 2615 2606 
f 3671 2692 2693 2830 
f 2302 2694 2695 2671 
f 3661 2295 2612 3669 
f 2606 2615 2296 2605 
f 3664 2452 2692 3671 
f 2671 2695 2453 2670 
f 3670 2613 2458 3665 
f 2278 2461 2614 2277 
f 2556 2553 390 393 
f 3668 2551 2258 3659 
f 3663 2447 2934 3672 
f 2263 2935 2444 2262 
f 3666 2459 2446 3662 
f 2402 2445 2460 2401 
f 3004 2987 2988 3003 
f 3673 2989 2990 3674 
f 3675 3027 3028 3527 
f 3035 3029 3030 3308 
f 3170 3171 2995 3128 
f 3172 3169 3677 3676 
f 3678 3175 2989 3673 
f 3003 2988 3176 3376 
f 3627 3594 3680 3679 
f 3681 3315 3316 3682 
f 3307 3317 3318 3011 
f 3528 3397 3398 3683 
f 3375 3399 3400 3036 
f 3682 3316 3027 3675 
f 3308 3030 3317 3307 
f 3683 3398 3175 3678 
f 3376 3176 3399 3375 
f 3680 3594 3315 3681 
f 3011 3318 3182 3010 
f 3672 2934 3172 3676 
f 2995 3171 2935 2263 
f 3169 3627 3679 3677 
f 3181 3170 3128 3129 
f 3674 2990 4192 4193 
f 4266 4265 4271 4272 
f 4191 2987 3004 
f 3672 2252 2253 3663 
f 2469 2254 2255 2937 
f 2477 2451 2901 2476 
f 3664 2902 2448 3660 
f 3662 2396 2397 3666 
f 2481 2398 2399 2466 
f 3660 2448 2449 3659 
f 2535 2450 2451 2477 
f 3665 2454 2455 3670 
f 2642 2456 2457 2478 
f 3668 2579 2580 3667 
f 2213 2581 2582 2536 
f 3669 2635 2636 3661 
f 2472 2637 2638 2639 
f 2696 2657 2658 2699 
f 2830 2659 2660 3671 
f 3661 2636 2823 2831 
f 2473 2824 2637 2472 
f 2699 2658 2824 2473 
f 2831 2823 2659 2830 
f 2476 2901 2657 2696 
f 3671 2660 2902 3664 
f 3670 2455 2635 3669 
f 2639 2638 2456 2642 
f 398 1845 3667 2580 
f 369 399 2581 2213 
f 3659 2449 2579 3668 
f 2536 2582 2450 2535 
f 2253 2396 3662 3663 
f 3666 2397 2454 3665 
f 2478 2457 2398 2481 
f 2937 2255 3617 3188 
f 3195 2991 2992 3198 
f 3673 2993 2994 3678 
f 3679 3123 3124 3677 
f 3187 3125 3126 3200 
f 3198 2992 3173 3246 
f 3681 3177 3178 3680 
f 3199 3179 3180 3345 
f 3675 3338 3339 3682 
f 3344 3340 3341 3191 
f 3404 3362 3363 3403 
f 3683 3364 3365 3528 
f 3527 3520 3338 3675 
f 3191 3341 3521 3194 
f 3194 3521 3362 3404 
f 3528 3365 3520 3527 
f 3403 3363 2991 3195 
f 3678 2994 3364 3683 
f 3682 3339 3177 3681 
f 3345 3180 3340 3344 
f 3677 3124 3616 3676 
f 3188 3617 3125 3187 
f 3178 3123 3679 3680 
f 4194 4195 3173 3174 
f 4268 4267 4272 4271 
f 3173 4195 3246 
f 4254 4253 4256 4255 
f 4260 4259 4329 4334 
f 4262 4261 4330 4332 
f 4276 4275 4308 4306 
f 3246 4198 4199 
f 3246 4302 4197 
f 4188 3004 4323 
f 4190 3004 4325 
f 2568 2304 372 2175 
f 1876 368 2214 3686 
f 2482 2217 2218 2222 
f 2232 3688 3687 2231 
f 2224 2225 3690 3689 
f 2238 2239 3692 3691 
f 2241 2242 3694 3693 
f 2829 2280 2281 3695 
f 3696 2287 2288 3697 
f 2384 2385 3699 3698 
f 2390 2391 3701 3700 
f 2216 2464 2465 2215 
f 2467 2468 3690 3698 
f 3696 2470 2471 3702 
f 2462 2474 2475 3703 
f 2479 2480 3699 3693 
f 2544 2928 3688 2232 
f 2222 2218 2484 2221 
f 3704 3705 3692 3700 
f 3706 3708 3707 3691 
f 3709 3711 3701 3710 
f 3712 2537 2538 2463 
f 2584 2541 2542 2583 
f 3712 2585 2586 3686 
f 2540 3714 3713 2539 
f 3715 2594 2595 3702 
f 2607 2608 3707 3716 
f 3715 2640 2641 3694 
f 3717 3718 3695 3716 
f 2656 3720 3719 2655 
f 3721 2662 2663 3703 
f 3721 2697 2698 3697 
f 2649 2700 2701 2652 
f 2281 2607 3716 3695 
f 3697 2288 2662 3721 
f 3702 2471 2640 3715 
f 3702 2595 2287 3696 
f 3695 3718 2828 2829 
f 2655 3719 2825 2285 
f 3697 2698 2470 3696 
f 2652 2701 2280 2829 
f 2231 3687 3720 2656 
f 3694 2242 2594 3715 
f 3703 2475 2697 3721 
f 2221 2484 2700 2649 
f 3708 3717 3716 3707 
f 2608 2238 3691 3707 
f 3694 2641 2479 3693 
f 3703 2663 2465 2462 
f 3686 2214 2537 3712 
f 2583 2542 389 400 
f 3686 2586 401 1876 
f 2539 3713 402 388 
f 2216 2217 2541 2584 
f 2463 2464 2585 3712 
f 2482 2483 3714 2540 
f 2463 2538 2474 2462 
f 2225 2384 3698 3690 
f 2391 2930 3710 3701 
f 2468 2936 3689 3690 
f 3711 3704 3700 3701 
f 2239 2390 3700 3692 
f 2385 2241 3693 3699 
f 2480 2467 3698 3699 
f 3705 3706 3691 3692 
f 2952 1099 1898 3722 
f 2954 2955 3204 2960 
f 2958 2959 3724 3723 
f 3725 2961 2224 3689 
f 3726 2974 2975 3727 
f 3728 2976 2977 3729 
f 3730 3012 3013 3526 
f 3731 3020 3021 3732 
f 3733 3111 3112 3734 
f 3735 3117 3118 3736 
f 3184 3185 2956 2953 
f 3725 3189 3190 3734 
f 3737 3192 3193 3732 
f 3738 3196 3197 3183 
f 3733 3201 3202 3729 
f 2959 3203 3615 3724 
f 2957 3206 2954 2960 
f 3726 3740 3739 3736 
f 3741 3591 3742 3727 
f 3735 3743 3709 3710 
f 3247 3248 3744 3186 
f 3251 3252 3289 3286 
f 3287 3288 3744 3722 
f 3745 3746 3253 3250 
f 3737 3296 3297 3747 
f 3741 3310 3311 3748 
f 3728 3342 3343 3747 
f 3730 3346 3347 3748 
f 3360 3750 3749 3359 
f 3366 3367 3751 3738 
f 3731 3401 3402 3751 
f 3357 3405 3406 3356 
f 3748 3311 3012 3730 
f 3367 3020 3731 3751 
f 3747 3343 3192 3737 
f 3732 3021 3296 3737 
f 3526 3522 3346 3730 
f 3018 3523 3750 3360 
f 3732 3193 3401 3731 
f 3526 3013 3405 3357 
f 3355 2958 3723 3749 
f 3747 3297 2976 3728 
f 3751 3402 3196 3738 
f 3356 3406 3206 2957 
f 3748 3347 3591 3741 
f 3727 2975 3310 3741 
f 3729 3202 3342 3728 
f 3184 3366 3738 3183 
f 3248 2952 3722 3744 
f 1118 3251 3286 1126 
f 1127 3287 3722 1898 
f 1128 3745 3250 1117 
f 3252 2955 2956 3289 
f 3288 3185 3186 3744 
f 3746 3203 3204 3253 
f 3197 3247 3186 3183 
f 3734 3112 2961 3725 
f 3710 2930 3117 3735 
f 3689 2936 3189 3725 
f 3736 3739 3743 3735 
f 3736 3118 2974 3726 
f 3729 2977 3111 3733 
f 3734 3190 3201 3733 
f 3727 3742 3740 3726 
f 3783 4033 4049 2929 
f 2317 2318 4036 4035 
f 2321 2322 4038 4037 
f 2325 4978 4979 4039 
f 2411 2412 4042 4041 
f 2565 2566 4044 4043 
f 2619 2620 4046 4045 
f 2675 2676 4048 4047 
f 2676 2325 4039 4048 
f 2326 4980 4981 4040 
f 2620 2321 4037 4046 
f 2318 2675 4047 4036 
f 2031 2565 4043 3943 
f 2566 2317 4035 4044 
f 2412 2929 4049 4042 
f 2322 2411 4041 4038 
f 3051 3052 4051 4050 
f 3055 3056 4053 4052 
f 3059 4939 4940 4054 
f 3139 3140 4057 4056 
f 3271 3272 4059 4058 
f 3323 3324 4061 4060 
f 3381 3382 4063 4062 
f 3060 3381 4062 4055 
f 3324 4941 4942 4061 
f 3056 3323 4060 4053 
f 3382 3051 4050 4063 
f 3272 2046 3988 4059 
f 3052 3271 4058 4051 
f 3618 3139 4056 4064 
f 3140 3055 4052 4057 
f 3618 3783 4034 4032 
f 3618 4064 4033 3783 
f 2929 4017 4034 3783 
f 2174 3275 3260 1119 
f 373 383 2866 2309 
f 1114 1103 3042 3561 
f 3561 3042 3268 3614 
f 3614 3268 3269 3232 
f 3232 3269 3047 3235 
f 3595 3048 3377 3518 
f 3555 3595 3518 3556 
f 3556 3518 3517 3559 
f 3559 3517 4938 4943 
f 3554 3524 4932 4944 
f 3553 3525 3593 3560 
f 3593 3525 3046 3319 
f 3593 3319 3320 3592 
f 3592 3320 3043 3629 
f 3629 3043 3044 3628 
f 3592 3629 3557 3558 
f 3628 3044 3135 3236 
f 3236 3237 3552 3628 
f 3236 3135 3136 2525 
f 2525 3136 2931 2524 
f 2523 2524 2521 2522 
f 2524 2931 2408 2521 
f 2521 2408 2409 2520 
f 2519 2520 2946 2857 
f 2520 2409 2310 2946 
f 2946 2310 2311 2945 
f 2945 2311 2616 2904 
f 2945 2904 2862 2863 
f 2904 2616 2617 2903 
f 2903 2617 2312 2827 
f 2859 2827 4971 4982 
f 2903 2827 2859 2865 
f 2858 2826 4977 4983 
f 2864 2820 2821 2861 
f 2861 2821 2905 2860 
f 2860 2905 2516 2517 
f 2905 2314 2315 2516 
f 2561 2515 2516 2315 
f 2562 2927 2515 2561 
f 2309 2866 2927 2562 
f 3616 2252 3672 3676 
f 3617 2255 2252 3616 
f 2254 2399 2396 2253 
f 3179 3126 3123 3178 
f 3181 3182 3594 3627 
f 2257 2552 2557 2269 
f 2554 391 390 2553 
f 3667 1845 391 2554 
f 2568 2175 385 2549 
f 4194 3174 3674 4193 
f 3174 2993 3673 3674 
f 2901 2451 2448 2902 
f 2297 2694 2302 2303 
f 3400 3029 3035 3036 
f 3397 3028 3029 3400 
f 2294 2693 2694 2297 
f 2486 2487 3705 3704 
f 2488 2489 3708 3706 
f 2492 2493 3711 3709 
f 2587 2588 3713 3714 
f 2643 2644 3718 3717 
f 2644 2825 2828 3718 
f 2489 2643 3717 3708 
f 2588 2176 402 3713 
f 2928 2587 3714 2483 
f 2493 2486 3704 3711 
f 2487 2488 3706 3705 
f 3207 3208 3739 3740 
f 3210 3211 3742 3591 
f 3212 2492 3709 3743 
f 3290 3291 3746 3745 
f 3348 3349 3019 3314 
f 3349 3523 3018 3019 
f 3210 3348 3314 3209 
f 2189 3290 3745 1128 
f 3291 3615 3203 3746 
f 3208 3212 3743 3739 
f 3211 3207 3740 3742 
f 3687 3688 2219 2220 
f 3688 2928 2483 2219 
f 3719 3720 2650 2651 
f 2825 3719 2651 2828 
f 3720 3687 2220 2650 
f 3723 3724 2966 2967 
f 3724 3615 3257 2966 
f 3749 3750 3354 3355 
f 3750 3523 3522 3354 
f 3749 3723 2967 3359 
f 386 5126 5133 2925 
f 3612 5138 5127 1115 
f 4065 4066 4182 
f 4121 4122 4182 
f 4125 5023 4182 
f 4119 4120 4182 
f 4067 4068 4182 
f 4123 4124 4182 
f 4127 4182 4181 
f 4126 4181 4182 
f 4124 5024 4182 
f 4122 4123 4182 
f 4127 4065 4182 
f 4068 4069 4182 
f 4066 4067 4182 
f 4118 4119 4182 
f 4120 4121 4182 
f 4104 4105 4182 
f 4112 4113 4182 
f 4108 4908 4182 
f 4114 4115 4182 
f 4102 4103 4182 
f 4110 4111 4182 
f 4106 4107 4182 
f 4107 4108 4182 
f 4109 4889 4182 
f 4111 4112 4182 
f 4105 4106 4182 
f 4101 4102 4182 
f 4103 4104 4182 
f 4115 4116 4182 
f 4113 4114 4182 
f 4084 4085 4182 
f 4072 4073 4182 
f 4080 4081 4182 
f 4076 4984 4182 
f 4082 4083 4182 
f 4070 4071 4182 
f 4078 4079 4182 
f 4074 4075 4182 
f 4075 4076 4182 
f 4077 4985 4182 
f 4079 4080 4182 
f 4073 4074 4182 
f 4069 4070 4182 
f 4071 4072 4182 
f 4083 4084 4182 
f 4081 4082 4182 
f 4097 4098 4182 
f 4089 4090 4182 
f 4093 4945 4182 
f 4087 4088 4182 
f 4099 4100 4182 
f 4091 4092 4182 
f 4095 4096 4182 
f 4094 4095 4182 
f 4092 4946 4182 
f 4090 4091 4182 
f 4096 4097 4182 
f 4100 4101 4182 
f 4098 4099 4182 
f 4086 4087 4182 
f 4088 4089 4182 
f 4085 4086 4182 
f 4116 4117 4182 
f 4117 4118 4182 
f 3803 507 372 3785 
f 3786 384 1016 3804 
f 3807 508 453 3787 
f 3788 1022 725 3808 
f 3792 1018 5021 4990 
f 3790 509 5007 4991 
f 3809 510 511 3793 
f 3794 720 1020 3810 
f 3813 612 613 3806 
f 3805 724 727 3814 
f 3796 764 765 3802 
f 3801 1017 721 3795 
f 3815 1024 1021 3797 
f 3798 452 805 3816 
f 3800 494 4136 4183 
f 4171 4170 1023 3799 
f 3789 1019 1024 3815 
f 3816 805 509 3790 
f 3791 495 4988 5011 
f 3799 1023 5022 5012 
f 3802 765 507 3803 
f 3804 1016 1017 3801 
f 3806 613 508 3807 
f 3808 725 724 3805 
f 4183 4136 510 3809 
f 3810 1020 4170 4171 
f 3812 1027 612 3813 
f 3814 727 726 3811 
f 3793 511 764 3796 
f 3795 721 720 3794 
f 3787 453 452 3798 
f 3797 1021 1022 3788 
f 3820 1745 1113 3817 
f 3818 1102 1229 3819 
f 3824 1434 1751 3821 
f 3822 1174 1230 3823 
f 3826 1217 4880 4872 
f 3828 1747 4888 4873 
f 3832 1749 1431 3829 
f 3830 1232 1233 3831 
f 3845 731 1435 3833 
f 3834 1328 1329 3846 
f 3847 1430 1746 3835 
f 3836 1465 1466 3848 
f 3838 1501 1175 3839 
f 3840 1752 1754 3837 
f 3844 1753 1750 3841 
f 3842 1569 1218 3843 
f 3827 1231 1501 3838 
f 3837 1754 1747 3828 
f 3825 1748 4907 4900 
f 3843 1218 4892 4901 
f 3819 1229 1465 3836 
f 3835 1746 1745 3820 
f 3823 1230 1328 3834 
f 3833 1435 1434 3824 
f 3831 1233 1569 3842 
f 3841 1750 1749 3832 
f 3846 1329 1027 3812 
f 3811 726 731 3845 
f 3848 1466 1232 3830 
f 3829 1431 1430 3847 
f 3821 1751 1752 3840 
f 3839 1175 1174 3822 
f 3850 2855 384 3786 
f 3785 372 2304 3849 
f 3852 2857 2863 3853 
f 3854 2251 2305 3851 
f 3858 2292 4967 4951 
f 3856 2859 4982 4952 
f 3860 2860 2517 3876 
f 3875 2308 2307 3859 
f 3862 2522 2519 3863 
f 3864 2407 2406 3861 
f 3877 2518 2856 3865 
f 3866 2560 2559 3878 
f 3870 2598 2250 3867 
f 3868 2862 2865 3869 
f 3872 2864 2861 3873 
f 3874 2666 2291 3871 
f 3855 2306 2598 3870 
f 3869 2865 2859 3856 
f 3857 2858 4983 4972 
f 3871 2291 4950 4973 
f 3849 2304 2560 3866 
f 3865 2856 2855 3850 
f 3851 2305 2407 3864 
f 3863 2519 2857 3852 
f 3859 2307 2666 3874 
f 3873 2861 2860 3860 
f 3861 2406 2869 3879 
f 3880 2523 2522 3862 
f 3878 2559 2308 3875 
f 3876 2517 2518 3877 
f 3853 2863 2862 3868 
f 3867 2250 2251 3854 
f 3893 3037 1102 3818 
f 3817 1113 3550 3894 
f 3897 3038 2984 3881 
f 3882 3557 3552 3898 
f 3884 3554 4944 4912 
f 3902 3039 4929 4913 
f 3903 3041 3040 3885 
f 3886 3234 3555 3904 
f 3907 3134 3133 3900 
f 3899 3237 2526 3908 
f 3888 3267 3266 3896 
f 3895 3551 3233 3887 
f 3909 3560 3558 3889 
f 3890 2985 3300 3910 
f 3892 3026 3370 3906 
f 3905 3556 3559 3891 
f 3901 3553 3560 3909 
f 3910 3300 3039 3902 
f 3883 3025 4910 4933 
f 3891 3559 4943 4934 
f 3896 3266 3037 3893 
f 3894 3550 3551 3895 
f 3900 3133 3038 3897 
f 3898 3552 3237 3899 
f 3906 3370 3041 3903 
f 3904 3555 3556 3905 
f 3879 2869 3134 3907 
f 3908 2526 2523 3880 
f 3885 3040 3267 3888 
f 3887 3233 3234 3886 
f 3881 2984 2985 3890 
f 3889 3558 3557 3882 
f 525 523 3912 3911 
f 524 3784 3913 3957 
f 3784 1246 3914 3913 
f 1245 525 3911 3973 
f 1920 1919 3916 3915 
f 1919 1946 3917 3916 
f 1946 1945 3918 3917 
f 1945 1944 3919 3918 
f 1944 1943 3920 3919 
f 1943 1942 3921 3920 
f 1942 1941 3922 3921 
f 1941 1940 3923 3922 
f 1940 1939 3924 3923 
f 1939 1938 3925 3924 
f 1938 1937 3926 3925 
f 1937 1936 3927 3926 
f 1936 1935 3928 3927 
f 1935 1934 3929 3928 
f 1934 1933 3930 3929 
f 1933 1932 3931 3930 
f 1932 1931 3932 3931 
f 1931 1930 3933 3932 
f 1930 1929 3934 3933 
f 1929 1928 3935 3934 
f 1928 1927 3936 3935 
f 1927 1926 3937 3936 
f 1926 1925 3938 3937 
f 1925 1924 3939 3938 
f 1924 1923 3940 3939 
f 1923 1922 3941 3940 
f 1922 1921 3942 3941 
f 1921 1920 3915 3942 
f 3944 2032 2033 3976 
f 3946 2034 2035 3978 
f 3948 2036 5018 4994 
f 3950 2038 2039 3982 
f 3952 2040 2041 3984 
f 3954 2042 2043 3986 
f 3956 2044 4179 4180 
f 4180 4179 2036 3948 
f 3980 2037 5020 5009 
f 3986 2043 2034 3946 
f 3976 2033 2044 3956 
f 3974 2031 2040 3952 
f 3984 2041 2032 3944 
f 3982 2039 2045 3912 
f 3978 2035 2038 3950 
f 3959 2047 2048 3990 
f 3961 2049 2050 3992 
f 3963 2051 4906 4894 
f 3965 2053 2054 3996 
f 3967 2055 2056 3998 
f 3969 2057 2058 4000 
f 3971 2059 2060 4002 
f 3994 2052 2059 3971 
f 4000 2058 4887 4882 
f 3992 2050 2057 3969 
f 4002 2060 2047 3959 
f 3998 2056 2046 3958 
f 3990 2048 2055 3967 
f 3973 2061 2053 3965 
f 3996 2054 2049 3961 
f 3975 520 521 3945 
f 3977 527 528 3947 
f 3979 531 5025 5017 
f 3981 617 618 3951 
f 3983 770 771 3953 
f 3985 826 827 3955 
f 3987 868 4141 4142 
f 4142 4141 531 3979 
f 3949 532 5026 5019 
f 3955 827 527 3977 
f 3945 521 868 3987 
f 3943 394 770 3983 
f 3953 771 520 3975 
f 3951 618 524 3957 
f 3947 528 617 3981 
f 3989 1243 1244 3960 
f 3991 1249 1250 3962 
f 3993 1253 4909 4905 
f 3995 1334 1335 3966 
f 3997 1470 1471 3968 
f 3999 1524 1525 3970 
f 4001 1580 1581 3972 
f 3964 1254 1580 4001 
f 3970 1525 4890 4886 
f 3962 1250 1524 3999 
f 3972 1581 1243 3989 
f 3968 1471 1123 3988 
f 3960 1244 1470 3997 
f 3914 1246 1334 3995 
f 3966 1335 1249 3991 
f 4004 2318 2317 4003 
f 4006 2322 2321 4005 
f 4008 2326 4978 4956 
f 4010 2412 2411 4009 
f 4012 2566 2565 4011 
f 4014 2620 2619 4013 
f 4016 2676 2675 4015 
f 4007 2325 2676 4016 
f 4013 2619 4980 4969 
f 4005 2321 2620 4014 
f 4015 2675 2318 4004 
f 4011 2565 2031 3974 
f 4003 2317 2566 4012 
f 4017 2929 2412 4010 
f 4009 2411 2322 4006 
f 4019 3052 3051 4018 
f 4021 3056 3055 4020 
f 4023 3060 4939 4916 
f 4025 3140 3139 4024 
f 4027 3272 3271 4026 
f 4029 3324 3323 4028 
f 4031 3382 3381 4030 
f 4030 3381 3060 4023 
f 4022 3059 4941 4931 
f 4028 3323 3056 4021 
f 4018 3051 3382 4031 
f 3958 2046 3272 4027 
f 4026 3271 3052 4019 
f 4024 3139 3618 4032 
f 4020 3055 3140 4025 
f 4033 3753 3752 4049 
f 4036 3755 3754 4035 
f 4038 3757 3756 4037 
f 4040 3759 4986 4979 
f 4042 3761 3760 4041 
f 4044 3763 3762 4043 
f 4046 3765 3764 4045 
f 4048 3767 3766 4047 
f 4039 3758 3767 4048 
f 4045 3764 4987 4981 
f 4037 3756 3765 4046 
f 4047 3766 3755 4036 
f 4043 3762 394 3943 
f 4035 3754 3763 4044 
f 4049 3752 3761 4042 
f 4041 3760 3757 4038 
f 4051 3769 3768 4050 
f 4053 3771 3770 4052 
f 4055 3773 4947 4940 
f 4057 3775 3774 4056 
f 4059 3777 3776 4058 
f 4061 3779 3778 4060 
f 4063 3781 3780 4062 
f 4062 3780 3773 4055 
f 4054 3772 4948 4942 
f 4060 3778 3771 4053 
f 4050 3768 3781 4063 
f 3988 1123 3777 4059 
f 4058 3776 3769 4051 
f 4056 3774 3782 4064 
f 4052 3770 3775 4057 
f 4034 2851 3547 4032 
f 4064 3782 3753 4033 
f 4017 2850 2851 4034 
s 2
f 521 520 4066 4065 
f 520 771 4067 4066 
f 771 770 4068 4067 
f 770 394 4069 4068 
f 394 3762 4070 4069 
f 3762 3763 4071 4070 
f 3763 3754 4072 4071 
f 3754 3755 4073 4072 
f 3755 3766 4074 4073 
f 3766 3767 4075 4074 
f 3767 3758 4076 4075 
f 3758 4986 4984 4076 
f 3759 4987 4985 4077 
f 3764 3765 4079 4078 
f 3765 3756 4080 4079 
f 3756 3757 4081 4080 
f 3757 3760 4082 4081 
f 3760 3761 4083 4082 
f 3761 3752 4084 4083 
f 3752 3753 4085 4084 
f 3753 3782 4086 4085 
f 3782 3774 4087 4086 
f 3774 3775 4088 4087 
f 3775 3770 4089 4088 
f 3770 3771 4090 4089 
f 3771 3778 4091 4090 
f 3778 3779 4092 4091 
f 3779 4948 4946 4092 
f 3772 4947 4945 4093 
f 3773 3780 4095 4094 
f 3780 3781 4096 4095 
f 3781 3768 4097 4096 
f 3768 3769 4098 4097 
f 3769 3776 4099 4098 
f 3776 3777 4100 4099 
f 3777 1123 4101 4100 
f 1123 1471 4102 4101 
f 1471 1470 4103 4102 
f 1470 1244 4104 4103 
f 1244 1243 4105 4104 
f 1243 1581 4106 4105 
f 1581 1580 4107 4106 
f 1580 1254 4108 4107 
f 1254 4909 4908 4108 
f 1253 4890 4889 4109 
f 1525 1524 4111 4110 
f 1524 1250 4112 4111 
f 1250 1249 4113 4112 
f 1249 1335 4114 4113 
f 1335 1334 4115 4114 
f 1334 1246 4116 4115 
f 1246 3784 4117 4116 
f 3784 524 4118 4117 
f 524 618 4119 4118 
f 618 617 4120 4119 
f 617 528 4121 4120 
f 528 527 4122 4121 
f 527 827 4123 4122 
f 827 826 4124 4123 
f 826 5026 5024 4124 
f 532 5025 5023 4125 
f 531 4141 4181 4126 
f 868 4127 4181 4141 
f 868 521 4065 4127 
s 1
f 1815 1814 4185 4184 
f 1814 3630 4186 4185 
f 3630 3631 4187 4186 
f 3631 4318 4323 4187 
f 3640 4317 4324 4188 
f 3639 4315 4325 4189 
f 3638 4316 4326 4190 
f 3634 3635 4192 4191 
f 3635 3684 4193 4192 
f 3684 3641 4194 4193 
f 3641 3642 4195 4194 
f 3642 4296 4301 4195 
f 3643 4297 4302 4196 
f 3637 4295 4303 4197 
f 3636 3633 4199 4198 
f 3633 3632 4200 4199 
f 3632 1821 4201 4200 
f 1821 1819 4202 4201 
f 1819 1820 4203 4202 
f 1820 1824 4204 4203 
f 1824 4285 4289 4204 
f 1825 4287 4290 4205 
f 1829 4310 4312 4206 
f 1817 1818 4208 4207 
f 1818 1874 4209 4208 
f 1874 1823 4210 4209 
f 1823 1822 4211 4210 
f 1822 4336 4343 4211 
f 1826 4335 4344 4212 
f 1827 4337 4345 4213 
f 1828 4340 4346 4214 
f 1816 1815 4184 4215 
f 652 1083 4216 4220 
f 1083 1367 1366 4216 
f 4216 1366 1187 4217 
f 4631 4632 4728 4727 
f 4618 4617 4730 4729 
f 4219 608 650 4220 
f 4220 650 651 652 
f 4222 1830 3644 4223 
f 4224 1814 1815 4221 
f 4226 1831 1830 4222 
f 4221 1815 1816 4225 
f 4228 1833 4288 4291 
f 4283 1825 4285 4292 
f 4230 1834 1832 4231 
f 4232 1820 1819 4229 
f 4234 1837 4341 4351 
f 4281 1827 4335 4347 
f 4236 1839 4342 4352 
f 4225 1816 4340 4348 
f 4238 1840 1836 4239 
f 4240 1822 1823 4237 
f 4242 1842 1841 4243 
f 4244 1818 1817 4241 
f 4280 1843 4311 4313 
f 4241 1817 4310 4314 
f 4246 1835 1834 4230 
f 4229 1819 1821 4245 
f 4248 1875 1840 4238 
f 4237 1823 1874 4247 
f 4247 1874 1818 4244 
f 4243 1841 1875 4248 
f 4227 1824 1820 4232 
f 4231 1832 1833 4228 
f 4233 1826 4336 4349 
f 4239 1836 4338 4353 
f 4235 1828 4337 4350 
f 4282 1838 4339 4354 
f 4279 1829 4287 4293 
f 4284 1844 4286 4294 
f 4223 3644 3645 4249 
f 4250 3630 1814 4224 
f 4249 3645 3646 4251 
f 4252 3631 3630 4250 
f 4276 3658 4299 4304 
f 4254 3636 4295 4307 
f 4256 3647 3649 4257 
f 4258 3632 3633 4255 
f 4273 3652 4321 4327 
f 4260 3638 4315 4331 
f 4251 3646 4322 4328 
f 4262 3640 4318 4333 
f 4264 3650 3654 4265 
f 4266 3635 3634 4263 
f 4268 3655 3656 4269 
f 4270 3642 3641 4267 
f 4269 3656 4300 4309 
f 4277 3643 4296 4305 
f 4257 3649 1835 4246 
f 4245 1821 3632 4258 
f 4265 3654 3685 4271 
f 4272 3684 3635 4266 
f 4267 3641 3684 4272 
f 4271 3685 3655 4268 
f 4253 3648 3647 4256 
f 4255 3633 3636 4254 
f 4259 3651 4319 4329 
f 4263 3634 4316 4334 
f 4261 3653 4320 4330 
f 4274 3639 4317 4332 
f 4275 3637 4297 4308 
f 4278 3657 4298 4306 
f 4291 4284 4283 4292 
f 4293 4283 4284 4294 
f 4285 1825 4205 4289 
f 4287 1829 4206 4290 
f 4288 1844 4284 4291 
f 4285 1824 4227 4292 
f 4287 1825 4283 4293 
f 4286 1843 4280 4294 
f 4304 4253 4254 4307 
f 4309 4278 4277 4305 
f 4308 4277 4278 4306 
f 4296 3643 4196 4301 
f 4297 3637 4197 4302 
f 4295 3636 4198 4303 
f 4299 3648 4253 4304 
f 4295 3637 4275 4307 
f 4300 3657 4278 4309 
f 4296 3642 4270 4305 
f 4297 3643 4277 4308 
f 4298 3658 4276 4306 
f 4313 4242 4241 4314 
f 4310 1817 4207 4312 
f 4311 1842 4242 4313 
f 4310 1829 4279 4314 
f 4327 4259 4260 4331 
f 4328 4261 4262 4333 
f 4329 4264 4263 4334 
f 4330 4273 4274 4332 
f 4318 3640 4188 4323 
f 4317 3639 4189 4324 
f 4315 3638 4190 4325 
f 4316 3634 4191 4326 
f 4321 3651 4259 4327 
f 4315 3639 4274 4331 
f 4322 3653 4261 4328 
f 4318 3631 4252 4333 
f 4319 3650 4264 4329 
f 4316 3638 4260 4334 
f 4320 3652 4273 4330 
f 4317 3640 4262 4332 
f 3004 4187 4323 
f 3004 4188 4324 
f 3004 4189 4325 
f 3004 4190 4326 
f 3246 4195 4301 
f 3246 4196 4302 
f 3246 4197 4303 
f 1445 4204 4289 
f 1445 4205 4290 
f 1445 4206 4312 
f 4351 4282 4281 4347 
f 4352 4226 4225 4348 
f 4349 4240 4239 4353 
f 4350 4281 4282 4354 
f 4336 1826 4212 4343 
f 4335 1827 4213 4344 
f 4337 1828 4214 4345 
f 4340 1816 4215 4346 
f 4341 1838 4282 4351 
f 4335 1826 4233 4347 
f 4342 1831 4226 4352 
f 4340 1828 4235 4348 
f 4336 1822 4240 4349 
f 4338 1837 4234 4353 
f 4337 1827 4281 4350 
f 4339 1839 4236 4354 
f 4346 4215 1196 
f 4345 4214 1196 
f 4344 4213 1196 
f 4742 4746 1875 1841 
f 4733 4734 1833 1832 
f 4737 4773 4338 1836 
f 4739 4774 4339 1838 
f 4745 4763 4286 1844 
f 4762 4758 3655 3685 
f 4731 4747 3644 1830 
f 4732 4731 1830 1831 
f 4735 4733 1832 1834 
f 4741 4737 1836 1840 
f 4743 4742 1841 1842 
f 4736 4735 1834 1835 
f 4746 4741 1840 1875 
f 4734 4764 4288 1833 
f 4744 4768 4311 1843 
f 4738 4775 4341 1837 
f 4740 4776 4342 1839 
f 4747 4748 3645 3644 
f 4748 4749 3646 3645 
f 4751 4750 3647 3648 
f 4750 4752 3649 3647 
f 4754 4769 4319 3651 
f 4756 4770 4320 3653 
f 4753 4757 3654 3650 
f 4758 4759 3656 3655 
f 4760 4765 4298 3657 
f 4752 4736 1835 3649 
f 4757 4762 3685 3654 
f 4761 4766 4299 3658 
f 4759 4767 4300 3656 
f 4755 4771 4321 3652 
f 4749 4772 4322 3646 
f 4763 4744 1843 4286 
f 4764 4745 1844 4288 
f 4765 4761 3658 4298 
f 4766 4751 3648 4299 
f 4767 4760 3657 4300 
f 4768 4743 1842 4311 
f 4769 4753 3650 4319 
f 4770 4755 3652 4320 
f 4771 4754 3651 4321 
f 4772 4756 3653 4322 
f 4773 4738 1837 4338 
f 4774 4740 1839 4339 
f 4775 4739 1838 4341 
f 4776 4732 1831 4342 
f 4370 4366 4458 4462 
f 4358 4357 4449 4450 
f 4397 4361 4453 4489 
f 4398 4363 4455 4490 
f 4387 4369 4461 4479 
f 4382 4386 4478 4474 
f 4371 4355 4447 4463 
f 4355 4356 4448 4447 
f 4357 4359 4451 4449 
f 4361 4365 4457 4453 
f 4366 4367 4459 4458 
f 4359 4360 4452 4451 
f 4365 4370 4462 4457 
f 4388 4358 4450 4480 
f 4392 4368 4460 4484 
f 4399 4362 4454 4491 
f 4400 4364 4456 4492 
f 4372 4371 4463 4464 
f 4373 4372 4464 4465 
f 4374 4375 4467 4466 
f 4376 4374 4466 4468 
f 4393 4378 4470 4485 
f 4394 4380 4472 4486 
f 4381 4377 4469 4473 
f 4383 4382 4474 4475 
f 4389 4384 4476 4481 
f 4360 4376 4468 4452 
f 4386 4381 4473 4478 
f 4390 4385 4477 4482 
f 4391 4383 4475 4483 
f 4395 4379 4471 4487 
f 4396 4373 4465 4488 
f 4368 4387 4479 4460 
f 4369 4388 4480 4461 
f 4385 4389 4481 4477 
f 4375 4390 4482 4467 
f 4384 4391 4483 4476 
f 4367 4392 4484 4459 
f 4377 4393 4485 4469 
f 4379 4394 4486 4471 
f 4378 4395 4487 4470 
f 4380 4396 4488 4472 
f 4362 4397 4489 4454 
f 4364 4398 4490 4456 
f 4363 4399 4491 4455 
f 4356 4400 4492 4448 
f 4458 4812 4816 4462 
f 4449 4803 4804 4450 
f 4453 4807 4843 4489 
f 4455 4809 4844 4490 
f 4461 4815 4833 4479 
f 4478 4832 4828 4474 
f 4447 4801 4817 4463 
f 4448 4802 4801 4447 
f 4451 4805 4803 4449 
f 4457 4811 4807 4453 
f 4459 4813 4812 4458 
f 4452 4806 4805 4451 
f 4462 4816 4811 4457 
f 4450 4804 4834 4480 
f 4460 4814 4838 4484 
f 4454 4808 4845 4491 
f 4456 4810 4846 4492 
f 4463 4817 4818 4464 
f 4464 4818 4819 4465 
f 4467 4821 4820 4466 
f 4466 4820 4822 4468 
f 4470 4824 4839 4485 
f 4472 4826 4840 4486 
f 4469 4823 4827 4473 
f 4474 4828 4829 4475 
f 4476 4830 4835 4481 
f 4468 4822 4806 4452 
f 4473 4827 4832 4478 
f 4477 4831 4836 4482 
f 4475 4829 4837 4483 
f 4471 4825 4841 4487 
f 4465 4819 4842 4488 
f 4479 4833 4814 4460 
f 4480 4834 4815 4461 
f 4481 4835 4831 4477 
f 4482 4836 4821 4467 
f 4483 4837 4830 4476 
f 4484 4838 4813 4459 
f 4485 4839 4823 4469 
f 4486 4840 4825 4471 
f 4487 4841 4824 4470 
f 4488 4842 4826 4472 
f 4489 4843 4808 4454 
f 4490 4844 4810 4456 
f 4491 4845 4809 4455 
f 4492 4846 4802 4448 
f 4416 4412 4504 4508 
f 4404 4403 4495 4496 
f 4443 4407 4499 4535 
f 4444 4409 4501 4536 
f 4433 4415 4507 4525 
f 4428 4432 4524 4520 
f 4417 4401 4493 4509 
f 4401 4402 4494 4493 
f 4403 4405 4497 4495 
f 4407 4411 4503 4499 
f 4412 4413 4505 4504 
f 4405 4406 4498 4497 
f 4411 4416 4508 4503 
f 4434 4404 4496 4526 
f 4438 4414 4506 4530 
f 4445 4408 4500 4537 
f 4446 4410 4502 4538 
f 4418 4417 4509 4510 
f 4419 4418 4510 4511 
f 4420 4421 4513 4512 
f 4422 4420 4512 4514 
f 4439 4424 4516 4531 
f 4440 4426 4518 4532 
f 4427 4423 4515 4519 
f 4429 4428 4520 4521 
f 4435 4430 4522 4527 
f 4406 4422 4514 4498 
f 4432 4427 4519 4524 
f 4436 4431 4523 4528 
f 4437 4429 4521 4529 
f 4441 4425 4517 4533 
f 4442 4419 4511 4534 
f 4414 4433 4525 4506 
f 4415 4434 4526 4507 
f 4431 4435 4527 4523 
f 4421 4436 4528 4513 
f 4430 4437 4529 4522 
f 4413 4438 4530 4505 
f 4423 4439 4531 4515 
f 4425 4440 4532 4517 
f 4424 4441 4533 4516 
f 4426 4442 4534 4518 
f 4408 4443 4535 4500 
f 4410 4444 4536 4502 
f 4409 4445 4537 4501 
f 4402 4446 4538 4494 
f 4539 634 635 4540 
f 4541 638 639 4542 
f 4543 647 648 4544 
f 4541 476 475 4545 
f 4546 643 636 4540 
f 4547 781 782 4548 
f 4549 840 841 4550 
f 4551 881 4156 4602 
f 4552 504 840 4549 
f 4552 993 881 4551 
f 4550 841 637 4542 
f 4602 4156 643 4546 
f 4553 396 781 4547 
f 4548 782 634 4539 
f 4554 1082 647 4543 
f 4554 1081 642 4545 
f 4555 1351 1352 4556 
f 4557 1354 1355 4558 
f 4544 648 1363 4559 
f 4560 1197 1200 4558 
f 4555 1350 1359 4561 
f 4562 1483 1484 4563 
f 4564 1537 1538 4565 
f 4566 1606 1607 4567 
f 4565 1538 1224 4568 
f 4567 1607 1718 4568 
f 4557 1353 1537 4564 
f 4561 1359 1606 4566 
f 4563 1484 1125 4569 
f 4556 1352 1483 4562 
f 4559 1363 1805 4570 
f 4560 1357 1806 4570 
f 4571 2429 2428 4572 
f 4573 2433 2432 4574 
f 4575 2442 2441 4576 
f 4577 2272 2273 4574 
f 4571 2430 2437 4578 
f 4579 2577 2576 4580 
f 4581 2634 2633 4582 
f 4583 2703 2702 4584 
f 4582 2633 2301 4585 
f 4584 2702 2822 4585 
f 4573 2431 2634 4581 
f 4578 2437 2703 4583 
f 4580 2576 396 4553 
f 4572 2428 2577 4579 
f 4576 2441 2933 4586 
f 4577 2436 2932 4586 
f 4587 3157 3156 4588 
f 4589 3160 3159 4590 
f 4591 3168 2442 4575 
f 4589 3008 3005 4592 
f 4593 3164 3155 4588 
f 4594 3285 3284 4595 
f 4596 3337 3336 4597 
f 4598 3408 3407 4599 
f 4600 3032 3337 4596 
f 4600 3519 3408 4598 
f 4597 3336 3158 4590 
f 4599 3407 3164 4593 
f 4569 1125 3285 4594 
f 4595 3284 3157 4587 
f 4601 3619 3168 4591 
f 4601 3620 3162 4592 
f 4730 4219 4217 4727 
f 4728 4218 466 4729 
f 4604 472 473 4605 
f 4606 474 471 4603 
f 4608 480 481 4609 
f 4610 477 479 4607 
f 4612 505 506 4613 
f 4614 503 502 4611 
f 4616 607 608 4617 
f 4618 606 478 4615 
f 4620 761 762 4621 
f 4622 763 760 4619 
f 4624 812 813 4625 
f 4626 810 811 4623 
f 4628 865 4140 4725 
f 4726 4138 864 4627 
f 4725 4140 505 4612 
f 4611 502 4138 4726 
f 4613 506 812 4624 
f 4623 811 503 4614 
f 4625 813 480 4608 
f 4607 479 810 4626 
f 4605 473 865 4628 
f 4627 864 474 4606 
f 4630 393 761 4620 
f 4619 760 392 4629 
f 4621 762 472 4604 
f 4603 471 763 4622 
f 4609 481 607 4616 
f 4615 478 477 4610 
f 4634 1195 1196 4635 
f 4636 1193 1194 4633 
f 4638 1202 1203 4639 
f 4640 1201 1199 4637 
f 4642 1227 1228 4643 
f 4644 1226 1225 4641 
f 4646 1323 1324 4647 
f 4648 1198 1322 4645 
f 4650 1463 1464 4651 
f 4652 1461 1462 4649 
f 4654 1508 1509 4655 
f 4656 1510 1507 4653 
f 4658 1574 1575 4659 
f 4660 1573 1572 4657 
f 4643 1228 1574 4658 
f 4657 1572 1226 4644 
f 4655 1509 1227 4642 
f 4641 1225 1510 4656 
f 4639 1203 1508 4654 
f 4653 1507 1201 4640 
f 4659 1575 1195 4634 
f 4633 1194 1573 4660 
f 4651 1464 1121 4661 
f 4662 1120 1461 4652 
f 4635 1196 1463 4650 
f 4649 1462 1193 4636 
f 4631 1187 1323 4646 
f 4645 1322 1188 4632 
f 4647 1324 1202 4638 
f 4637 1199 1198 4648 
f 4664 2263 2262 4665 
f 4666 2261 2260 4663 
f 4668 2270 2269 4669 
f 4670 2268 2271 4667 
f 4672 2278 2277 4673 
f 4674 2276 2274 4671 
f 4676 2303 2302 4677 
f 4678 2299 2300 4675 
f 4680 2402 2401 4681 
f 4682 2275 2400 4679 
f 4684 2557 2556 4685 
f 4686 2555 2558 4683 
f 4688 2606 2605 4689 
f 4690 2604 2603 4687 
f 4692 2671 2670 4693 
f 4694 2667 2668 4691 
f 4677 2302 2671 4692 
f 4691 2668 2299 4678 
f 4689 2605 2303 4676 
f 4675 2300 2604 4690 
f 4673 2277 2606 4688 
f 4687 2603 2276 4674 
f 4693 2670 2270 4668 
f 4667 2271 2667 4694 
f 4685 2556 393 4630 
f 4629 392 2555 4686 
f 4669 2269 2557 4684 
f 4683 2558 2268 4670 
f 4665 2262 2402 4680 
f 4679 2400 2261 4666 
f 4681 2401 2278 4672 
f 4671 2274 2275 4682 
f 4696 2995 2263 4664 
f 4663 2260 2996 4695 
f 4698 3004 3003 4699 
f 4700 3002 3001 4697 
f 4702 3011 3010 4703 
f 4704 3007 3009 4701 
f 4706 3036 3035 4707 
f 4708 3033 3034 4705 
f 4710 3129 3128 4711 
f 4712 3127 3006 4709 
f 4714 3265 3264 4715 
f 4716 3263 3262 4713 
f 4718 3308 3307 4719 
f 4720 3306 3309 4717 
f 4722 3376 3375 4723 
f 4724 3373 3374 4721 
f 4723 3375 3036 4706 
f 4705 3034 3373 4724 
f 4707 3035 3308 4718 
f 4717 3309 3033 4708 
f 4719 3307 3011 4702 
f 4701 3009 3306 4720 
f 4699 3003 3376 4722 
f 4721 3374 3002 4700 
f 4661 1121 3265 4714 
f 4713 3262 1120 4662 
f 4715 3264 3004 4698 
f 4697 3001 3263 4716 
f 4711 3128 2995 4696 
f 4695 2996 3127 4712 
f 4703 3010 3129 4710 
f 4709 3006 3007 4704 
f 4632 1188 4218 4728 
f 4727 4217 1187 4631 
f 4617 608 4219 4730 
f 4729 466 606 4618 
f 2405 2422 2358 2359 
f 4742 4366 4370 4746 
f 4733 4357 4358 4734 
f 4737 4361 4397 4773 
f 4739 4363 4398 4774 
f 4745 4369 4387 4763 
f 4762 4386 4382 4758 
f 4731 4355 4371 4747 
f 4732 4356 4355 4731 
f 4735 4359 4357 4733 
f 4741 4365 4361 4737 
f 4743 4367 4366 4742 
f 4736 4360 4359 4735 
f 4746 4370 4365 4741 
f 4734 4358 4388 4764 
f 4744 4368 4392 4768 
f 4738 4362 4399 4775 
f 4740 4364 4400 4776 
f 4747 4371 4372 4748 
f 4748 4372 4373 4749 
f 4751 4375 4374 4750 
f 4750 4374 4376 4752 
f 4754 4378 4393 4769 
f 4756 4380 4394 4770 
f 4753 4377 4381 4757 
f 4758 4382 4383 4759 
f 4760 4384 4389 4765 
f 4752 4376 4360 4736 
f 4757 4381 4386 4762 
f 4761 4385 4390 4766 
f 4759 4383 4391 4767 
f 4755 4379 4395 4771 
f 4749 4373 4396 4772 
f 4763 4387 4368 4744 
f 4764 4388 4369 4745 
f 4765 4389 4385 4761 
f 4766 4390 4375 4751 
f 4767 4391 4384 4760 
f 4768 4392 4367 4743 
f 4769 4393 4377 4753 
f 4770 4394 4379 4755 
f 4771 4395 4378 4754 
f 4772 4396 4380 4756 
f 4773 4397 4362 4738 
f 4774 4398 4364 4740 
f 4775 4399 4363 4739 
f 4776 4400 4356 4732 
f 4508 4504 4783 4784 
f 4496 4495 4778 
f 4535 4499 4781 
f 4536 4501 4799 
f 4525 4507 4795 
f 4520 4524 4794 4791 
f 4509 4493 4777 4785 
f 4493 4494 4800 4777 
f 4495 4497 4779 4778 
f 4499 4503 4782 4781 
f 4504 4505 4797 4783 
f 4497 4498 4780 4779 
f 4503 4508 4784 4782 
f 4526 4496 4778 4795 
f 4530 4506 4795 4797 
f 4537 4500 4781 4799 
f 4538 4502 4799 4800 
f 4510 4509 4785 4786 
f 4511 4510 4786 4787 
f 4512 4513 4796 
f 4514 4512 4796 4788 
f 4531 4516 4789 
f 4532 4518 4787 4798 
f 4519 4515 4789 4790 
f 4521 4520 4791 4792 
f 4527 4522 4793 
f 4498 4514 4788 4780 
f 4524 4519 4790 4794 
f 4528 4523 4793 4796 
f 4529 4521 4792 
f 4533 4517 4798 
f 4534 4511 4787 
f 4506 4525 4795 
f 4507 4526 4795 
f 4523 4527 4793 
f 4513 4528 4796 
f 4522 4529 4792 4793 
f 4505 4530 4797 
f 4515 4531 4789 
f 4517 4532 4798 
f 4516 4533 4798 4789 
f 4518 4534 4787 
f 4500 4535 4781 
f 4502 4536 4799 
f 4501 4537 4799 
f 4494 4538 4800 
f 4812 4412 4416 4816 
f 4803 4403 4404 4804 
f 4807 4407 4443 4843 
f 4809 4409 4444 4844 
f 4815 4415 4433 4833 
f 4832 4432 4428 4828 
f 4801 4401 4417 4817 
f 4802 4402 4401 4801 
f 4805 4405 4403 4803 
f 4811 4411 4407 4807 
f 4813 4413 4412 4812 
f 4806 4406 4405 4805 
f 4816 4416 4411 4811 
f 4804 4404 4434 4834 
f 4814 4414 4438 4838 
f 4808 4408 4445 4845 
f 4810 4410 4446 4846 
f 4817 4417 4418 4818 
f 4818 4418 4419 4819 
f 4821 4421 4420 4820 
f 4820 4420 4422 4822 
f 4824 4424 4439 4839 
f 4826 4426 4440 4840 
f 4823 4423 4427 4827 
f 4828 4428 4429 4829 
f 4830 4430 4435 4835 
f 4822 4422 4406 4806 
f 4827 4427 4432 4832 
f 4831 4431 4436 4836 
f 4829 4429 4437 4837 
f 4825 4425 4441 4841 
f 4819 4419 4442 4842 
f 4833 4433 4414 4814 
f 4834 4434 4415 4815 
f 4835 4435 4431 4831 
f 4836 4436 4421 4821 
f 4837 4437 4430 4830 
f 4838 4438 4413 4813 
f 4839 4439 4423 4823 
f 4840 4440 4425 4825 
f 4841 4441 4424 4824 
f 4842 4442 4426 4826 
f 4843 4443 4408 4808 
f 4844 4444 4410 4810 
f 4845 4445 4409 4809 
f 4846 4446 4402 4802 
f 4343 4212 1196 
f 4784 4783 4853 4854 
f 4791 4794 4864 4861 
f 4785 4777 4847 4855 
f 4777 4800 4870 4847 
f 4778 4779 4849 4848 
f 4781 4782 4852 4851 
f 4783 4797 4867 4853 
f 4779 4780 4850 4849 
f 4782 4784 4854 4852 
f 4795 4778 4848 4865 
f 4797 4795 4865 4867 
f 4799 4781 4851 4869 
f 4800 4799 4869 4870 
f 4786 4785 4855 4856 
f 4787 4786 4856 4857 
f 4788 4796 4866 4858 
f 4798 4787 4857 4868 
f 4790 4789 4859 4860 
f 4792 4791 4861 4862 
f 4780 4788 4858 4850 
f 4794 4790 4860 4864 
f 4796 4793 4863 4866 
f 4793 4792 4862 4863 
f 4789 4798 4868 4859 
f 4854 4853 4871 
f 4861 4864 4871 
f 4855 4847 4871 
f 4847 4870 4871 
f 4848 4849 4871 
f 4851 4852 4871 
f 4853 4867 4871 
f 4849 4850 4871 
f 4852 4854 4871 
f 4865 4848 4871 
f 4867 4865 4871 
f 4869 4851 4871 
f 4870 4869 4871 
f 4856 4855 4871 
f 4857 4856 4871 
f 4858 4866 4871 
f 4868 4857 4871 
f 4860 4859 4871 
f 4862 4861 4871 
f 4850 4858 4871 
f 4864 4860 4871 
f 4866 4863 4871 
f 4863 4862 4871 
f 4859 4868 4871 
f 4872 3827 3828 4873 
f 4874 1663 1237 4875 
f 4876 1262 1263 4877 
f 4878 1618 1633 4879 
f 4880 1217 1216 4881 
f 4882 3963 1252 4883 
f 4884 1723 1238 4875 
f 4885 1646 1522 4883 
f 4877 1263 1618 4878 
f 4885 1664 1663 4874 
f 4881 1216 1262 4876 
f 4886 3993 2051 4887 
f 4888 1747 1723 4884 
f 4880 1231 3827 4872 
f 4888 1748 3825 4873 
f 4887 2051 3963 4882 
f 4890 1253 3993 4886 
s 2
f 4890 1525 4110 4889 
s 1
f 1275 1528 1530 4879 
f 4891 1216 1217 4892 
f 4893 1252 3963 4894 
f 4895 1618 1263 4896 
f 4898 1663 1664 4899 
f 4900 3844 3843 4901 
f 4902 1237 1663 4898 
f 4897 1633 1618 4895 
f 4896 1263 1262 4903 
f 4899 1664 1252 4893 
f 4904 1722 1237 4902 
f 4891 1215 1725 4903 
f 4905 3964 2052 4906 
f 4907 1748 1722 4904 
f 4907 1753 3844 4900 
f 4892 1217 3826 4901 
f 4906 2052 3994 4894 
f 4909 1254 3964 4905 
s 2
f 4909 1253 4109 4908 
s 1
f 1275 1633 4897 
f 4908 4109 4182 
f 4889 4110 4182 
f 4910 3025 3024 4911 
f 4912 3901 3902 4913 
f 4914 3045 3464 4915 
f 4916 4022 3058 4917 
f 4918 3069 3068 4919 
f 4921 3434 3419 4922 
f 4923 3069 3419 4924 
f 4925 3434 4920 
f 4926 3465 3464 4927 
f 4928 3024 3025 4929 
f 4930 3058 4022 4931 
f 4921 3329 3327 4920 
f 4914 3046 3525 4932 
f 4933 3892 3891 4934 
f 4927 3464 3045 4935 
f 4924 3419 3434 4925 
f 4930 3321 3447 4936 
f 4922 3419 3069 4918 
f 4937 3068 3069 4923 
f 4917 3058 3465 4926 
f 4915 3464 3465 4936 
f 4935 3045 3524 4938 
f 4937 3529 3023 4911 
f 4919 3068 3024 4928 
f 4939 3060 4055 4940 
f 4941 3059 4054 4942 
f 4938 3524 3554 4943 
f 4932 3525 3553 4944 
f 4944 3553 3901 4912 
f 4929 3025 3883 4913 
f 4910 3026 3892 4933 
f 4943 3554 3884 4934 
f 4939 3059 4022 4916 
f 4941 3324 4029 4931 
f 4947 3772 4054 4940 
f 4948 3779 4061 4942 
s 2
f 4948 3772 4093 4946 
f 4947 3773 4094 4945 
s 1
f 4946 4093 4182 
f 4945 4094 4182 
f 4949 2293 2292 4950 
f 4951 3855 3856 4952 
f 4953 2763 2313 4954 
f 4955 2327 4008 4956 
f 4957 2339 2338 4958 
f 4959 2716 2731 4960 
f 4961 2716 2338 4962 
f 4964 2731 4963 
f 4965 2763 2762 4966 
f 4967 2292 2293 4968 
f 4969 4008 2327 4970 
f 4964 2624 2625 4960 
f 4971 2827 2312 4954 
f 4972 3872 3871 4973 
f 4974 2313 2763 4965 
f 4963 2731 2716 4961 
f 4975 2742 2618 4970 
f 4958 2338 2716 4959 
f 4962 2338 2339 4976 
f 4966 2762 2327 4955 
f 4975 2762 2763 4953 
f 4977 2826 2313 4974 
f 4949 2290 2834 4976 
f 4968 2293 2339 4957 
f 4978 2326 4040 4979 
f 4980 2619 4045 4981 
f 4971 2826 2858 4982 
f 4977 2820 2864 4983 
f 4967 2306 3855 4951 
f 4982 2858 3857 4952 
f 4983 2864 3872 4972 
f 4950 2292 3858 4973 
f 4978 2325 4007 4956 
f 4980 2326 4008 4969 
f 4986 3758 4039 4979 
f 4987 3759 4040 4981 
s 2
f 4986 3759 4077 4984 
f 4987 3764 4078 4985 
s 1
f 4985 4078 4182 
f 4984 4077 4182 
f 4988 495 496 4989 
f 4990 3789 3790 4991 
f 4992 516 937 4993 
f 4994 3980 533 4995 
f 4996 544 545 4997 
f 4999 907 892 5000 
f 5001 544 892 5002 
f 5003 907 4998 
f 5004 936 937 5005 
f 5006 496 495 5007 
f 5008 533 3980 5009 
f 4999 832 831 4998 
f 4992 515 998 5010 
f 5011 3800 3799 5012 
f 5005 937 516 5013 
f 5002 892 907 5003 
f 5008 825 918 5014 
f 5000 892 544 4996 
f 5015 545 544 5001 
f 4995 533 936 5004 
f 4993 937 936 5014 
f 5013 516 997 5016 
f 5015 1000 493 4989 
f 4997 545 496 5006 
f 5017 3949 2037 5018 
f 5019 3985 2042 5020 
f 5021 1018 997 5010 
f 5022 1023 992 5016 
f 5021 1019 3789 4990 
f 5007 495 3791 4991 
f 4988 494 3800 5011 
f 5022 1018 3792 5012 
f 5018 2037 3980 4994 
f 5020 2042 3954 5009 
f 5025 532 3949 5017 
f 5026 826 3985 5019 
s 2
f 5026 532 4125 5024 
f 5025 531 4126 5023 
s 1
f 5023 4126 4182 
f 5024 4125 4182 
f 365 412 5028 5027 
f 412 735 5029 5028 
f 735 734 5030 5029 
f 734 1055 5031 5030 
f 1055 1054 5032 5031 
f 1054 4174 5033 5032 
f 4174 1003 5034 5033 
f 1003 1006 5035 5034 
f 1006 1007 5036 5035 
f 1007 1010 5037 5036 
f 1010 576 5038 5037 
f 576 579 5039 5038 
f 579 1053 5040 5039 
f 1053 632 5041 5040 
f 632 631 5042 5041 
f 631 1065 5043 5042 
f 1065 1347 5044 5043 
f 1347 1346 5045 5044 
f 1346 1780 5046 5045 
f 1780 1293 5047 5046 
f 1293 1292 5048 5047 
f 1292 1736 5049 5048 
f 1736 1735 5050 5049 
f 1735 1732 5051 5050 
f 1732 1731 5052 5051 
f 1731 1781 5053 5052 
f 1781 1782 5054 5053 
f 1782 1783 5055 5054 
f 1783 1439 5056 5055 
f 1439 1438 5057 5056 
f 1438 1137 5058 5057 
f 1137 1095 5059 5058 
f 1095 2947 5060 5059 
f 2947 3239 5061 5060 
f 3239 3240 5062 5061 
f 3240 3590 5063 5062 
f 3590 3589 5064 5063 
f 3589 3588 5065 5064 
f 3588 3535 5066 5065 
f 3535 3536 5067 5066 
f 3536 3539 5068 5067 
f 3539 3540 5069 5068 
f 3540 3097 5070 5069 
f 3097 3098 5071 5070 
f 3098 3587 5072 5071 
f 3587 3151 5073 5072 
f 3151 3152 5074 5073 
f 3152 2913 5075 5074 
f 2913 2425 5076 5075 
f 2425 2426 5077 5076 
f 2426 2897 5078 5077 
f 2897 2373 5079 5078 
f 2373 2370 5080 5079 
f 2370 2845 5081 5080 
f 2845 2842 5082 5081 
f 2842 2841 5083 5082 
f 2841 2838 5084 5083 
f 2838 2898 5085 5084 
f 2898 2899 5086 5085 
f 2899 2900 5087 5086 
f 2900 2529 5088 5087 
f 2529 2530 5089 5088 
f 2530 2210 5090 5089 
f 2210 365 5027 5090 
f 5091 387 1068 5092 
f 5095 1075 1074 5093 
f 5094 1076 1075 5095 
f 5096 1067 1072 5093 
f 5096 1077 1073 5092 
f 5097 1092 1076 5094 
f 5098 1795 1116 5099 
f 5100 1800 1801 5101 
f 5101 1801 1802 5102 
f 5100 1796 1794 5103 
f 5098 1799 1803 5103 
f 5102 1802 1092 5097 
f 5104 2916 387 5091 
f 5105 2921 2922 5106 
f 5106 2922 2923 5107 
f 5105 2917 2915 5108 
f 5104 2925 2924 5108 
f 5107 2923 2944 5109 
f 5099 1116 3604 5110 
f 5113 3609 3608 5111 
f 5112 3610 3609 5113 
f 5114 3603 3607 5111 
f 5114 3611 3612 5110 
f 5109 2944 3610 5112 
f 5117 2208 5115 
f 5116 2208 5117 
f 5115 2208 5118 
f 5116 1076 1092 5119 
f 5120 1073 1077 5118 
f 5121 2208 5122 
f 5122 2208 5123 
f 5124 2208 5121 
f 5119 1092 1802 5123 
f 5124 1803 1799 5125 
f 5120 2208 5126 
f 5127 2208 5125 
f 5128 2208 5129 
f 5129 2208 5130 
f 5131 2208 5128 
f 5132 2944 2923 5130 
f 5131 2924 2925 5133 
f 5136 2208 5134 
f 5135 2208 5136 
f 5134 2208 5137 
f 5135 3610 2944 5132 
f 5138 3612 3611 5137 
f 5126 2208 5133 
f 5138 2208 5127 
f 5139 6064 6173 5148 
f 5140 6549 6550 5149 
f 5151 6811 6812 5142 
f 5142 5139 5148 5151 
f 5141 5143 5152 5150 
f 5153 6120 6220 5144 
f 5155 6634 6635 5146 
f 5147 5769 5770 5156 
f 5156 6717 6718 5147 
f 5154 5152 5143 5145 
f 5139 5157 6066 6064 
f 5141 6549 6551 5159 
f 5142 6812 5771 5160 
f 5139 5142 5160 5157 
f 5143 5141 5159 5161 
f 5144 6220 6221 5162 
f 5146 6635 6636 5164 
f 5769 5147 5165 5772 
f 5147 6718 6719 5165 
f 5145 5143 5161 5163 
f 5157 5175 6068 6066 
f 5159 6551 6552 5177 
f 5160 5771 6849 5178 
f 5157 5160 5178 5175 
f 5161 5159 5177 5179 
f 5162 6221 6222 5180 
f 5164 6636 6637 5182 
f 5772 5165 5183 5773 
f 5165 6719 6720 5183 
f 5163 5161 5179 5181 
f 5175 5220 6070 6068 
f 5176 5221 6553 6552 
f 6849 5774 5223 5178 
f 5178 5223 5220 5175 
f 5177 5222 5224 5179 
f 5181 5226 6638 6637 
f 5183 5228 6870 5773 
f 5180 5225 6721 6720 
f 5182 5227 6071 6069 
f 5179 5224 5226 5181 
f 5166 5211 6072 6174 
f 5168 6554 6555 5213 
f 5169 6885 6886 5214 
f 5166 5169 5214 5211 
f 5170 5168 5213 5215 
f 5171 6121 6224 5216 
f 5173 6639 6640 5218 
f 6898 5174 5219 6901 
f 5174 6722 6723 5219 
f 5172 5170 5215 5217 
f 5184 5229 6074 6175 
f 5186 6556 6557 5231 
f 5187 5775 6915 5232 
f 5184 5187 5232 5229 
f 5188 5186 5231 5233 
f 5189 6122 6225 5234 
f 5191 6641 6642 5236 
f 5776 5192 5237 6929 
f 5192 6724 6725 5237 
f 5190 5188 5233 5235 
f 5202 5193 6076 6176 
f 5203 5194 6558 6559 
f 5777 5778 5196 5205 
f 5205 5196 5193 5202 
f 5204 5195 5197 5206 
f 5208 5199 6643 6644 
f 5210 5201 5779 5780 
f 5207 5198 6726 6727 
f 5209 5200 6077 6251 
f 5206 5197 5199 5208 
f 5211 5184 6175 6072 
f 5212 5185 6556 6555 
f 6886 5775 5187 5214 
f 5214 5187 5184 5211 
f 5213 5186 5188 5215 
f 5217 5190 6641 6640 
f 5219 5192 5776 6901 
f 5216 5189 6724 6723 
f 5218 5191 6250 6073 
f 5215 5188 5190 5217 
f 5220 5166 6174 6070 
f 5221 5167 6554 6553 
f 5774 6885 5169 5223 
f 5223 5169 5166 5220 
f 5222 5168 5170 5224 
f 5226 5172 6639 6638 
f 5228 5174 6898 6870 
f 5225 5171 6722 6721 
f 5227 5173 6249 6071 
f 5224 5170 5172 5226 
f 5229 5202 6176 6074 
f 5230 5203 6559 6557 
f 6915 5777 5205 5232 
f 5232 5205 5202 5229 
f 5231 5204 5206 5233 
f 5235 5208 6644 6642 
f 5237 5210 5780 6929 
f 5234 5207 6727 6725 
f 5236 5209 6251 6075 
f 5233 5206 5208 5235 
f 5193 5247 6078 6076 
f 5195 6558 6560 5249 
f 5196 5778 6974 5250 
f 5193 5196 5250 5247 
f 5197 5195 5249 5251 
f 5198 6226 6227 5252 
f 5200 6643 6645 5254 
f 5779 5201 5255 5781 
f 5201 6726 6728 5255 
f 5199 5197 5251 5253 
f 5247 5238 6080 6078 
f 5248 5239 6561 6560 
f 6974 6990 5241 5250 
f 5250 5241 5238 5247 
f 5249 5240 5242 5251 
f 5253 5244 6646 6645 
f 5255 5246 6997 5781 
f 5252 5243 6729 6728 
f 5254 5245 6081 6079 
f 5251 5242 5244 5253 
f 5238 5274 6082 6080 
f 5240 6561 6562 5276 
f 5241 6990 7007 5277 
f 5238 5241 5277 5274 
f 5242 5240 5276 5278 
f 5243 6228 6229 5279 
f 5245 6646 6647 5281 
f 6997 5246 5282 5782 
f 5246 6729 6730 5282 
f 5244 5242 5278 5280 
f 5265 5283 6084 6177 
f 5266 5284 6563 6564 
f 7026 7027 5286 5268 
f 5268 5286 5283 5265 
f 5267 5285 5287 5269 
f 5271 5289 6648 6649 
f 5273 5291 7040 7041 
f 5270 5288 6731 6732 
f 5272 5290 6085 6252 
f 5269 5287 5289 5271 
f 5274 5265 6177 6082 
f 5275 5266 6564 6562 
f 7007 7026 5268 5277 
f 5277 5268 5265 5274 
f 5276 5267 5269 5278 
f 5280 5271 6649 6647 
f 5282 5273 7041 5782 
f 5279 5270 6732 6730 
f 5281 5272 6252 6083 
f 5278 5269 5271 5280 
f 5283 5256 6086 6084 
f 5284 5257 6565 6563 
f 7027 5783 5259 5286 
f 5286 5259 5256 5283 
f 5285 5258 5260 5287 
f 5289 5262 6650 6648 
f 5291 5264 5784 7040 
f 5288 5261 6733 6731 
f 5290 5263 6087 6085 
f 5287 5260 5262 5289 
f 5256 5292 6088 6086 
f 5258 6565 6566 5294 
f 5259 5783 7070 5295 
f 5256 5259 5295 5292 
f 5260 5258 5294 5296 
f 5261 6231 6232 5297 
f 5263 6650 6651 5299 
f 5784 5264 5300 7079 
f 5264 6733 6734 5300 
f 5262 5260 5296 5298 
f 5292 5728 6207 6088 
f 5293 5727 6614 6566 
f 7070 7087 5732 5295 
f 5295 5732 5728 5292 
f 5294 5726 5725 5296 
f 5298 5724 6699 6651 
f 5300 5731 5785 7079 
f 5297 5730 6782 6734 
f 5299 5729 6285 6089 
f 5296 5725 5724 5298 
f 5148 6173 6178 5301 
f 5149 6550 6567 5302 
f 6811 5151 5304 7104 
f 5151 5148 5301 5304 
f 5150 5152 5305 5303 
f 5154 6634 6652 5307 
f 5156 5770 7109 5309 
f 5153 6717 6735 5306 
f 5155 6248 6253 5308 
f 5152 5154 5307 5305 
f 5301 6178 6179 5364 
f 5302 6567 6568 5365 
f 7104 5304 5367 7121 
f 5304 5301 5364 5367 
f 5303 5305 5368 5366 
f 5307 6652 6653 5370 
f 5309 7109 7126 5372 
f 5306 6735 6736 5369 
f 5308 6253 6254 5371 
f 5305 5307 5370 5368 
f 5310 6090 6180 5346 
f 5311 6569 6570 5347 
f 7140 5313 5349 7143 
f 5313 5310 5346 5349 
f 5312 5314 5350 5348 
f 5316 6654 6655 5352 
f 5318 5786 7153 5354 
f 5315 6737 6738 5351 
f 5317 6091 6255 5353 
f 5314 5316 5352 5350 
f 5329 5356 6306 6359 
f 5330 5357 6571 6572 
f 5331 5358 7173 5787 
f 5328 5355 5358 5331 
f 5332 5359 5357 5330 
f 5333 5360 6128 6234 
f 5335 5362 6656 6657 
f 7186 5788 5363 5336 
f 5336 5363 6739 6740 
f 5334 5361 5359 5332 
f 5338 5374 6307 6360 
f 5339 5375 6573 6574 
f 5340 5376 5789 5790 
f 5337 5373 5376 5340 
f 5341 5377 5375 5339 
f 5342 5378 6129 6235 
f 5344 5380 6658 6659 
f 7215 7216 5381 5345 
f 5345 5381 6741 6742 
f 5343 5379 5377 5341 
f 5347 5338 6360 6305 
f 5348 5339 6574 6570 
f 5349 5340 5790 7143 
f 5346 5337 5340 5349 
f 5350 5341 5339 5348 
f 5351 5342 6235 6127 
f 5353 5344 6659 6655 
f 7153 7215 5345 5354 
f 5354 5345 6742 6738 
f 5352 5343 5341 5350 
f 5356 5311 6358 6306 
f 5357 5312 6569 6571 
f 5358 5313 7140 7173 
f 5355 5310 5313 5358 
f 5359 5314 5312 5357 
f 5360 5315 6233 6128 
f 5362 5317 6654 6656 
f 5788 5786 5318 5363 
f 5363 5318 6737 6739 
f 5361 5316 5314 5359 
f 5365 5329 6359 6304 
f 5366 5330 6572 6568 
f 5367 5331 5787 7121 
f 5364 5328 5331 5367 
f 5368 5332 5330 5366 
f 5369 5333 6234 6126 
f 5371 5335 6657 6653 
f 7126 7186 5336 5372 
f 5372 5336 6740 6736 
f 5370 5334 5332 5368 
f 5374 5320 6308 6307 
f 5375 5321 6575 6573 
f 5376 5322 7234 5789 
f 5373 5319 5322 5376 
f 5377 5323 5321 5375 
f 5378 5324 6130 6129 
f 5380 5326 6660 6658 
f 7216 7241 5327 5381 
f 5381 5327 6743 6741 
f 5379 5325 5323 5377 
f 5319 6183 6184 5400 
f 5320 6575 6576 5401 
f 7234 5322 5403 7251 
f 5322 5319 5400 5403 
f 5321 5323 5404 5402 
f 5325 6660 6661 5406 
f 5327 7241 7256 5408 
f 5324 6743 6744 5405 
f 5326 6258 6259 5407 
f 5323 5325 5406 5404 
f 5392 5410 6310 6361 
f 5393 5411 6577 6578 
f 5394 5412 7273 7274 
f 5391 5409 5412 5394 
f 5395 5413 5411 5393 
f 5396 5414 6132 6236 
f 5398 5416 6662 6663 
f 5791 5792 5417 5399 
f 5399 5417 6745 6746 
f 5397 5415 5413 5395 
f 5401 5392 6361 6309 
f 5402 5393 6578 6576 
f 5403 5394 7274 7251 
f 5400 5391 5394 5403 
f 5404 5395 5393 5402 
f 5405 5396 6236 6131 
f 5407 5398 6663 6661 
f 7256 5791 5399 5408 
f 5408 5399 6746 6744 
f 5406 5397 5395 5404 
f 5410 5383 6311 6310 
f 5411 5384 6579 6577 
f 5412 5385 7300 7273 
f 5409 5382 5385 5412 
f 5413 5386 5384 5411 
f 5414 5387 6133 6132 
f 5416 5389 6664 6662 
f 5792 7307 5390 5417 
f 5417 5390 6747 6745 
f 5415 5388 5386 5413 
f 5382 6186 6187 5580 
f 5383 6579 6580 5581 
f 7300 5385 5583 7317 
f 5385 5382 5580 5583 
f 5384 5386 5584 5582 
f 5388 6664 6665 5586 
f 5390 7307 5793 5588 
f 5387 6747 6748 5585 
f 5389 6261 6262 5587 
f 5386 5388 5586 5584 
f 5428 5590 6313 6362 
f 5429 5591 6581 6582 
f 5430 5592 5794 7338 
f 5427 5589 5592 5430 
f 5431 5593 5591 5429 
f 5432 5594 6135 6237 
f 5434 5596 6666 6667 
f 7351 5795 5597 5435 
f 5435 5597 6749 6750 
f 5433 5595 5593 5431 
f 5437 5599 6314 6363 
f 5438 5600 6583 6584 
f 5439 5601 5796 5797 
f 5436 5598 5601 5439 
f 5440 5602 5600 5438 
f 5441 5603 6136 6238 
f 5443 5605 6668 6669 
f 5798 5799 5606 5444 
f 5444 5606 6751 6752 
f 5442 5604 5602 5440 
f 5446 5608 6315 6364 
f 5447 5609 6585 6586 
f 5448 5610 5800 7396 
f 5445 5607 5610 5448 
f 5449 5611 5609 5447 
f 5450 5612 6137 6239 
f 5452 5614 6670 6671 
f 5801 7409 5615 5453 
f 5453 5615 6753 6754 
f 5451 5613 5611 5449 
f 5418 6104 6191 5571 
f 5419 6587 6588 5572 
f 7424 5421 5574 5802 
f 5421 5418 5571 5574 
f 5420 5422 5575 5573 
f 5424 6672 6673 5577 
f 5426 5803 5804 5579 
f 5423 6755 6756 5576 
f 5425 6105 6266 5578 
f 5422 5424 5577 5575 
f 5464 5554 6317 6366 
f 5465 5555 6589 6590 
f 5466 5556 7455 5805 
f 5463 5553 5556 5466 
f 5467 5557 5555 5465 
f 5468 5558 6139 6241 
f 5470 5560 6674 6675 
f 5806 7468 5561 5471 
f 5471 5561 6757 6758 
f 5469 5559 5557 5467 
f 5473 5545 6318 6367 
f 5474 5546 6591 6592 
f 5475 5547 7485 5807 
f 5472 5544 5547 5475 
f 5476 5548 5546 5474 
f 5477 5549 6140 6242 
f 5479 5551 6676 6677 
f 5808 7498 5552 5480 
f 5480 5552 6759 6760 
f 5478 5550 5548 5476 
f 5482 5563 6319 6368 
f 5483 5564 6593 6594 
f 5484 5565 7515 7516 
f 5481 5562 5565 5484 
f 5485 5566 5564 5483 
f 5486 5567 6141 6243 
f 5488 5569 6678 6679 
f 7529 5809 5570 5489 
f 5489 5570 6761 6762 
f 5487 5568 5566 5485 
f 5454 6112 6195 5535 
f 5455 6595 6596 5536 
f 5810 5457 5538 7546 
f 5457 5454 5535 5538 
f 5456 5458 5539 5537 
f 5460 6680 6681 5541 
f 5462 7556 5811 5543 
f 5459 6763 6764 5540 
f 5461 6113 6270 5542 
f 5458 5460 5541 5539 
f 5500 5527 6321 6370 
f 5501 5528 6597 6598 
f 5502 5529 5812 5813 
f 5499 5526 5529 5502 
f 5503 5530 5528 5501 
f 5504 5531 6143 6245 
f 5506 5533 6682 6683 
f 5814 5815 5534 5507 
f 5507 5534 6765 6766 
f 5505 5532 5530 5503 
f 5490 6116 6212 5831 
f 5491 6599 6619 5833 
f 7602 5493 5834 5885 
f 5493 5490 5831 5834 
f 5492 5494 5835 5832 
f 5496 6684 6703 5838 
f 5498 7614 7615 5839 
f 5495 6767 6787 5836 
f 5497 6117 6290 5837 
f 5494 5496 5838 5835 
f 5518 5842 6338 6322 
f 5519 5841 6620 6600 
f 5520 5843 5886 7635 
f 5517 5840 5843 5520 
f 5521 5844 5841 5519 
f 5522 5845 6166 6144 
f 5524 5846 6704 6685 
f 5816 7648 5848 5525 
f 5525 5848 6788 6768 
f 5523 5847 5844 5521 
f 5527 5851 6339 6321 
f 5528 5850 6621 6597 
f 5529 5852 7660 5812 
f 5526 5849 5852 5529 
f 5530 5853 5850 5528 
f 5531 5854 6167 6143 
f 5533 5855 6705 6682 
f 5815 5887 5857 5534 
f 5534 5857 6789 6765 
f 5532 5856 5853 5530 
f 5536 5500 6370 6320 
f 5537 5501 6598 6596 
f 5538 5502 5813 7546 
f 5535 5499 5502 5538 
f 5539 5503 5501 5537 
f 5540 5504 6245 6142 
f 5542 5506 6683 6681 
f 5811 5814 5507 5543 
f 5543 5507 6766 6764 
f 5541 5505 5503 5539 
f 5545 5455 6369 6318 
f 5546 5456 6595 6591 
f 5547 5457 5810 7485 
f 5544 5454 5457 5547 
f 5548 5458 5456 5546 
f 5549 5459 6244 6140 
f 5551 5461 6680 6676 
f 7498 7556 5462 5552 
f 5552 5462 6763 6759 
f 5550 5460 5458 5548 
f 5554 5473 6367 6317 
f 5555 5474 6592 6589 
f 5556 5475 5807 7455 
f 5553 5472 5475 5556 
f 5557 5476 5474 5555 
f 5558 5477 6242 6139 
f 5560 5479 6677 6674 
f 7468 5808 5480 5561 
f 5561 5480 6760 6757 
f 5559 5478 5476 5557 
f 5563 5464 6366 6319 
f 5564 5465 6590 6593 
f 5565 5466 5805 7515 
f 5562 5463 5466 5565 
f 5566 5467 5465 5564 
f 5567 5468 6241 6141 
f 5569 5470 6675 6678 
f 5809 5806 5471 5570 
f 5570 5471 6758 6761 
f 5568 5469 5467 5566 
f 5572 5482 6368 6316 
f 5573 5483 6594 6588 
f 5574 5484 7516 5802 
f 5571 5481 5484 5574 
f 5575 5485 5483 5573 
f 5576 5486 6243 6138 
f 5578 5488 6679 6673 
f 5804 7529 5489 5579 
f 5579 5489 6762 6756 
f 5577 5487 5485 5575 
f 5581 5437 6363 6312 
f 5582 5438 6584 6580 
f 5583 5439 5797 7317 
f 5580 5436 5439 5583 
f 5584 5440 5438 5582 
f 5585 5441 6238 6134 
f 5587 5443 6669 6665 
f 5793 5798 5444 5588 
f 5588 5444 6752 6748 
f 5586 5442 5440 5584 
f 5590 5446 6364 6313 
f 5591 5447 6586 6581 
f 5592 5448 7396 5794 
f 5589 5445 5448 5592 
f 5593 5449 5447 5591 
f 5594 5450 6239 6135 
f 5596 5452 6671 6666 
f 5795 5801 5453 5597 
f 5597 5453 6754 6749 
f 5595 5451 5449 5593 
f 5599 5428 6362 6314 
f 5600 5429 6582 6583 
f 5601 5430 7338 5796 
f 5598 5427 5430 5601 
f 5602 5431 5429 5600 
f 5603 5432 6237 6136 
f 5605 5434 6667 6668 
f 5799 7351 5435 5606 
f 5606 5435 6750 6751 
f 5604 5433 5431 5602 
f 5608 5419 6365 6315 
f 5609 5420 6587 6585 
f 5610 5421 7424 5800 
f 5607 5418 5421 5610 
f 5611 5422 5420 5609 
f 5612 5423 6240 6137 
f 5614 5425 6672 6670 
f 7409 5803 5426 5615 
f 5615 5426 6755 6753 
f 5613 5424 5422 5611 
f 5508 6198 6215 5858 
f 5509 6601 6622 5860 
f 7688 5511 5861 5888 
f 5511 5508 5858 5861 
f 5510 5512 5862 5859 
f 5514 6686 6706 5865 
f 5516 7700 7701 5866 
f 5513 6769 6790 5863 
f 5515 6273 6293 5864 
f 5512 5514 5865 5862 
f 5626 5869 6341 6324 
f 5627 5868 6623 6602 
f 5628 5870 7721 7722 
f 5625 5867 5870 5628 
f 5629 5871 5868 5627 
f 5630 5872 6169 6146 
f 5632 5873 6707 6687 
f 7735 7736 5875 5633 
f 5633 5875 6791 6770 
f 5631 5874 5871 5629 
f 5616 6200 6217 5876 
f 5617 6603 6624 5878 
f 5817 5619 5879 5889 
f 5619 5616 5876 5879 
f 5618 5620 5880 5877 
f 5622 6688 6708 5883 
f 5624 7762 7763 5884 
f 5621 6771 6792 5881 
f 5623 6275 6295 5882 
f 5620 5622 5883 5880 
f 5644 5635 6327 6326 
f 5645 5636 6605 6604 
f 5646 5637 5819 7783 
f 5643 5634 5637 5646 
f 5647 5638 5636 5645 
f 5648 5639 6149 6148 
f 5650 5641 6690 6689 
f 5818 7796 5642 5651 
f 5651 5642 6773 6772 
f 5649 5640 5638 5647 
f 5652 6150 6247 5670 
f 5653 6691 6693 5671 
f 5655 5673 5823 5820 
f 5655 6774 6776 5673 
f 5654 5656 5674 5672 
f 5657 5675 6119 6203 
f 5659 5677 6608 6606 
f 5660 5821 7828 5678 
f 5660 5678 5675 5657 
f 5658 5676 5674 5656 
f 5654 6691 6692 5663 
f 5655 5820 7834 5664 
f 5652 6774 6775 5661 
f 5653 6278 6279 5662 
f 5656 5654 5663 5665 
f 5657 6203 6204 5666 
f 5659 6606 6607 5668 
f 5821 5660 5669 5822 
f 5660 5657 5666 5669 
f 5658 5656 5665 5667 
f 5672 5674 5638 5640 
f 5671 6693 6690 5641 
f 5674 5676 5636 5638 
f 5676 6608 6605 5636 
f 5678 7828 5819 5637 
f 5675 5678 5637 5634 
f 5675 5634 6202 6119 
f 5671 5641 6277 6118 
f 5673 6776 6773 5642 
f 5823 5673 5642 7796 
f 5681 5680 6500 6501 
f 5682 5681 6501 6502 
f 5683 6503 6507 6373 
f 5685 6504 7863 7864 
f 5679 6694 6714 6463 
f 5680 5681 6465 6464 
f 5681 5682 6466 6465 
f 5682 6609 6630 6466 
f 5683 6373 6477 6467 
f 5684 5685 6469 6468 
f 5685 7864 7879 6469 
f 5686 6280 6474 6470 
f 5687 6777 6798 6471 
f 7888 5687 6471 7889 
f 5699 5827 7891 6420 
f 5696 6778 6796 6433 
f 7897 5697 6418 7900 
f 5693 5694 6440 6441 
f 5688 6695 6712 6435 
f 5689 5690 6437 6436 
f 5704 5703 6424 6425 
f 5705 6611 6627 6426 
f 5698 6205 6429 6419 
f 5701 6282 6430 6422 
f 5707 5689 6695 6697 
f 5708 5690 5689 5707 
f 5709 5691 5690 5708 
f 5710 5692 6610 6612 
f 5711 5693 6156 6157 
f 5712 5694 5693 5711 
f 5824 5826 5694 5712 
f 5706 5688 6153 6158 
f 5713 5695 6778 6780 
f 5714 5696 5825 7949 
f 5715 6479 6715 6698 
f 5718 6482 6631 6613 
f 5720 6483 6478 5719 
f 5722 6489 6799 6781 
f 5723 6488 7968 7969 
f 5721 6487 6491 6284 
f 5715 6698 6701 5742 
f 5718 6613 6616 5745 
f 5722 6781 6784 5747 
f 5723 7969 7980 5748 
f 5716 5715 5742 5743 
f 5717 5716 5743 5744 
f 5719 6206 6209 5749 
f 5721 6284 6287 5746 
f 5719 5749 5750 5720 
f 5720 5750 5830 7992 
f 5738 5757 6702 6700 
f 5735 5755 6617 6615 
f 5740 5759 6785 6783 
f 8005 5828 5759 5740 
f 5733 5753 5754 5734 
f 5734 5754 5755 5735 
f 5736 5756 6335 6333 
f 5739 5758 6163 6161 
f 5737 5751 5752 5741 
f 5741 5752 5829 8022 
f 5746 5738 6700 6701 
f 5744 5735 6615 6616 
f 5748 5740 6783 6784 
f 7980 8005 5740 5748 
f 5742 5733 5734 5743 
f 5743 5734 5735 5744 
f 5745 5736 6333 6334 
f 5747 5739 6161 6162 
f 5749 5737 5741 5750 
f 5750 5741 8022 5830 
f 5757 5729 6699 6702 
f 5755 5726 6614 6617 
f 5759 5731 6782 6785 
f 5828 5785 5731 5759 
f 5753 5724 5725 5754 
f 5754 5725 5726 5755 
f 5756 5727 6332 6335 
f 5758 5730 6160 6163 
f 5751 5728 5732 5752 
f 5752 5732 7087 5829 
f 5663 6692 6526 6510 
f 5664 7834 8029 6511 
f 5661 6775 6801 6508 
f 5665 5663 6510 6512 
f 5668 6607 6633 6515 
f 5822 5669 6516 8037 
f 5669 5666 6513 6516 
f 5667 5665 6512 6514 
f 5666 6204 6519 6513 
f 5662 6279 6520 6509 
f 5833 5518 6322 6337 
f 5832 5519 6600 6619 
f 5834 5520 7635 5885 
f 5831 5517 5520 5834 
f 5835 5521 5519 5832 
f 5837 5524 6685 6703 
f 7615 5816 5525 5839 
f 5839 5525 6768 6787 
f 5836 5522 6144 6165 
f 5838 5523 5521 5835 
f 5842 5509 6323 6338 
f 5841 5510 6601 6620 
f 5843 5511 7688 5886 
f 5840 5508 5511 5843 
f 5844 5512 5510 5841 
f 5845 5513 6145 6166 
f 5846 5515 6686 6704 
f 7648 7700 5516 5848 
f 5848 5516 6769 6788 
f 5847 5514 5512 5844 
f 5851 5491 6371 6339 
f 5850 5492 6599 6621 
f 5852 5493 7602 7660 
f 5849 5490 5493 5852 
f 5853 5494 5492 5850 
f 5854 5495 6246 6167 
f 5855 5497 6684 6705 
f 5887 7614 5498 5857 
f 5857 5498 6767 6789 
f 5856 5496 5494 5853 
f 5860 5626 6324 6340 
f 5859 5627 6602 6622 
f 5861 5628 7722 5888 
f 5858 5625 5628 5861 
f 5862 5629 5627 5859 
f 5864 5632 6687 6706 
f 7701 7735 5633 5866 
f 5866 5633 6770 6790 
f 5863 5630 6146 6168 
f 5865 5631 5629 5862 
f 5869 5617 6325 6341 
f 5868 5618 6603 6623 
f 5870 5619 5817 7721 
f 5867 5616 5619 5870 
f 5871 5620 5618 5868 
f 5872 5621 6147 6169 
f 5873 5623 6688 6707 
f 7736 7762 5624 5875 
f 5875 5624 6771 6791 
f 5874 5622 5620 5871 
f 5878 5644 6326 6342 
f 5877 5645 6604 6624 
f 5879 5646 7783 5889 
f 5876 5643 5646 5879 
f 5880 5647 5645 5877 
f 5882 5650 6689 6708 
f 7763 5818 5651 5884 
f 5884 5651 6772 6792 
f 5881 5648 6148 6170 
f 5883 5649 5647 5880 
f 5761 6289 6538 6528 
f 5762 6523 6542 6529 
f 5763 8064 8065 6530 
f 5760 6786 6545 6527 
f 5764 5762 6529 6531 
f 5767 6618 6548 6534 
f 8077 5768 6535 8080 
f 5768 5765 6532 6535 
f 5765 6211 6539 6532 
f 5766 5764 6531 6533 
f 5899 5890 6171 6172 
f 5900 5891 6524 6525 
f 8095 8096 5893 5902 
f 5902 5893 6543 6544 
f 5901 5892 5894 5903 
f 5905 5896 6546 6547 
f 5907 5898 8111 8112 
f 5904 5895 5898 5907 
f 5906 5897 6343 6344 
f 5903 5894 5896 5905 
f 5908 6345 6298 5936 
f 5909 6346 6345 5908 
f 5910 6347 6346 5909 
f 5911 6348 6347 5910 
f 5912 6349 6299 5937 
f 5913 6350 6300 5938 
f 5914 6351 6301 5939 
f 5938 6300 6349 5912 
f 5937 6299 6348 5911 
f 5939 6301 6350 5913 
f 5915 6352 6351 5914 
f 5916 6353 6352 5915 
f 5917 6354 6353 5916 
f 5918 6355 6302 5940 
f 5940 6302 6354 5917 
f 5919 6356 6355 5918 
f 5920 6357 6356 5919 
f 5973 6332 6357 5920 
f 5936 6298 6303 5941 
f 5941 6303 6304 5942 
f 5921 6358 6305 5943 
f 5944 6181 6092 5922 
f 5945 6182 6094 5923 
f 5923 6094 6180 5943 
f 5921 6090 6181 5944 
f 5922 6092 6179 5942 
f 5946 6183 6182 5945 
f 5946 6308 6309 5947 
f 5948 6185 6096 5924 
f 5924 6096 6184 5947 
f 5949 6186 6185 5948 
f 5949 6311 6312 5950 
f 5951 6188 6098 5925 
f 5952 6189 6100 5926 
f 5953 6190 6102 5927 
f 5928 6365 6316 5954 
f 5955 6192 6106 5929 
f 5956 6193 6108 5930 
f 5957 6194 6110 5931 
f 5932 6369 6320 5958 
f 5959 6196 6114 5933 
f 5934 6371 6337 5978 
f 5979 6213 6197 5960 
f 5980 6214 6196 5959 
f 5933 6114 6195 5958 
f 5932 6112 6193 5956 
f 5930 6108 6192 5955 
f 5929 6106 6194 5957 
f 5931 6110 6191 5954 
f 5926 6100 6187 5950 
f 5927 6102 6188 5951 
f 5925 6098 6189 5952 
f 5928 6104 6190 5953 
f 5961 6323 6340 5981 
f 5982 6216 6199 5962 
f 5963 6325 6342 5983 
f 5965 6202 6201 5964 
f 5935 6372 6328 5966 
f 5966 6328 6329 5967 
f 5965 6327 6372 5935 
f 5972 6206 6485 6484 
f 5968 6155 6475 6472 
f 5970 6330 6432 6427 
f 5969 6374 6375 5971 
f 5972 6331 6334 5975 
f 5976 6210 6208 5974 
f 5974 6208 6209 5975 
f 5973 6207 6210 5976 
f 5967 6329 6522 6517 
f 5960 6197 6212 5978 
f 5961 6198 6213 5979 
f 5934 6116 6214 5980 
f 5962 6199 6215 5981 
f 5963 6200 6216 5982 
f 5964 6201 6217 5983 
f 5977 6336 6541 6536 
f 5984 6218 6219 5985 
f 6014 6248 6065 5986 
f 5986 6065 6067 5987 
f 5987 6067 6069 5988 
f 5989 6223 6222 5988 
f 6015 6249 6073 5990 
f 6016 6250 6075 5991 
f 5992 6226 6123 6017 
f 6016 6122 6224 5990 
f 6015 6121 6223 5989 
f 6017 6123 6225 5991 
f 5992 6077 6079 5993 
f 5994 6228 6227 5993 
f 5994 6081 6083 5995 
f 5996 6230 6124 6018 
f 6018 6124 6229 5995 
f 5997 6231 6230 5996 
f 5997 6087 6089 5998 
f 6051 6160 6232 5998 
f 6014 6120 6125 6019 
f 6019 6125 6126 6020 
f 5999 6233 6127 6021 
f 6022 6256 6093 6000 
f 6023 6257 6095 6001 
f 6001 6095 6255 6021 
f 5999 6091 6256 6022 
f 6000 6093 6254 6020 
f 6024 6258 6257 6023 
f 6024 6130 6131 6025 
f 6026 6260 6097 6002 
f 6002 6097 6259 6025 
f 6027 6261 6260 6026 
f 6027 6133 6134 6028 
f 6029 6263 6099 6003 
f 6030 6264 6101 6004 
f 6031 6265 6103 6005 
f 6006 6240 6138 6032 
f 6033 6267 6107 6007 
f 6034 6268 6109 6008 
f 6035 6269 6111 6009 
f 6010 6244 6142 6036 
f 6037 6271 6115 6011 
f 6012 6246 6165 6056 
f 6057 6291 6272 6038 
f 6058 6292 6271 6037 
f 6011 6115 6270 6036 
f 6010 6113 6268 6034 
f 6008 6109 6267 6033 
f 6007 6107 6269 6035 
f 6009 6111 6266 6032 
f 6004 6101 6262 6028 
f 6005 6103 6263 6029 
f 6003 6099 6264 6030 
f 6006 6105 6265 6031 
f 6039 6145 6168 6059 
f 6060 6294 6274 6040 
f 6041 6147 6170 6061 
f 6043 6277 6276 6042 
f 6044 6278 6118 6013 
f 6044 6150 6151 6045 
f 6043 6149 6247 6013 
f 6046 6152 6476 6473 
f 6048 6154 6431 6428 
f 6047 6281 6283 6049 
f 6046 6280 6498 6496 
f 6050 6159 6162 6053 
f 6054 6288 6286 6052 
f 6052 6286 6287 6053 
f 6051 6285 6288 6054 
f 6045 6151 6521 6518 
f 6038 6272 6290 6056 
f 6039 6273 6291 6057 
f 6012 6117 6292 6058 
f 6040 6274 6293 6059 
f 6041 6275 6294 6060 
f 6042 6276 6295 6061 
f 6055 6164 6540 6537 
f 6062 6296 6297 6063 
f 6064 5908 5936 6173 
f 6120 6014 5986 6220 
f 6066 5909 5908 6064 
f 6220 5986 5987 6221 
f 6068 5910 5909 6066 
f 6221 5987 5988 6222 
f 6070 5911 5910 6068 
f 6071 5989 5988 6069 
f 6072 5912 5937 6174 
f 6121 6015 5990 6224 
f 6074 5913 5938 6175 
f 6122 6016 5991 6225 
f 6076 5914 5939 6176 
f 6077 5992 6017 6251 
f 6175 5938 5912 6072 
f 6250 6016 5990 6073 
f 6174 5937 5911 6070 
f 6249 6015 5989 6071 
f 6176 5939 5913 6074 
f 6251 6017 5991 6075 
f 6078 5915 5914 6076 
f 6226 5992 5993 6227 
f 6080 5916 5915 6078 
f 6081 5994 5993 6079 
f 6082 5917 5916 6080 
f 6228 5994 5995 6229 
f 6084 5918 5940 6177 
f 6085 5996 6018 6252 
f 6177 5940 5917 6082 
f 6252 6018 5995 6083 
f 6086 5919 5918 6084 
f 6087 5997 5996 6085 
f 6088 5920 5919 6086 
f 6231 5997 5998 6232 
f 6207 5973 5920 6088 
f 6285 6051 5998 6089 
f 6173 5936 5941 6178 
f 6248 6014 6019 6253 
f 6178 5941 5942 6179 
f 6253 6019 6020 6254 
f 6090 5921 5943 6180 
f 6091 5999 6021 6255 
f 6128 6022 6000 6234 
f 6129 6023 6001 6235 
f 6235 6001 6021 6127 
f 6233 5999 6022 6128 
f 6234 6000 6020 6126 
f 6130 6024 6023 6129 
f 6183 5946 5947 6184 
f 6258 6024 6025 6259 
f 6132 6026 6002 6236 
f 6236 6002 6025 6131 
f 6133 6027 6026 6132 
f 6186 5949 5950 6187 
f 6261 6027 6028 6262 
f 6135 6029 6003 6237 
f 6136 6030 6004 6238 
f 6137 6031 6005 6239 
f 6104 5928 5954 6191 
f 6105 6006 6032 6266 
f 6139 6033 6007 6241 
f 6140 6034 6008 6242 
f 6141 6035 6009 6243 
f 6112 5932 5958 6195 
f 6113 6010 6036 6270 
f 6143 6037 6011 6245 
f 6116 5934 5978 6212 
f 6117 6012 6056 6290 
f 6166 6057 6038 6144 
f 6167 6058 6037 6143 
f 6245 6011 6036 6142 
f 6244 6010 6034 6140 
f 6242 6008 6033 6139 
f 6241 6007 6035 6141 
f 6243 6009 6032 6138 
f 6238 6004 6028 6134 
f 6239 6005 6029 6135 
f 6237 6003 6030 6136 
f 6240 6006 6031 6137 
f 6198 5961 5981 6215 
f 6273 6039 6059 6293 
f 6169 6060 6040 6146 
f 6200 5963 5983 6217 
f 6275 6041 6061 6295 
f 6149 6043 6042 6148 
f 6150 6044 6013 6247 
f 6119 5935 5966 6203 
f 6278 6044 6045 6279 
f 6203 5966 5967 6204 
f 6202 5965 5935 6119 
f 6277 6043 6013 6118 
f 6280 6046 6473 6474 
f 6205 5970 6427 6429 
f 6282 6048 6428 6430 
f 6156 5969 5971 6157 
f 6153 6047 6049 6158 
f 6152 6046 6496 6497 
f 6206 5972 5975 6209 
f 6284 6050 6053 6287 
f 6163 6054 6052 6161 
f 6161 6052 6053 6162 
f 6160 6051 6054 6163 
f 6204 5967 6517 6519 
f 6279 6045 6518 6520 
f 6144 6038 6056 6165 
f 6145 6039 6057 6166 
f 6246 6012 6058 6167 
f 6146 6040 6059 6168 
f 6147 6041 6060 6169 
f 6148 6042 6061 6170 
f 6289 6055 6537 6538 
f 6211 5977 6536 6539 
f 6171 6062 6063 6172 
f 6181 5355 5328 6092 
f 6182 5373 5337 6094 
f 6094 5337 5346 6180 
f 6090 5310 5355 6181 
f 6092 5328 5364 6179 
f 6183 5319 5373 6182 
f 6185 5409 5391 6096 
f 6096 5391 5400 6184 
f 6186 5382 5409 6185 
f 6188 5589 5427 6098 
f 6189 5598 5436 6100 
f 6190 5607 5445 6102 
f 6192 5553 5463 6106 
f 6193 5544 5472 6108 
f 6194 5562 5481 6110 
f 6196 5526 5499 6114 
f 6213 5840 5517 6197 
f 6214 5849 5526 6196 
f 6114 5499 5535 6195 
f 6112 5454 5544 6193 
f 6108 5472 5553 6192 
f 6106 5463 5562 6194 
f 6110 5481 5571 6191 
f 6100 5436 5580 6187 
f 6102 5445 5589 6188 
f 6098 5427 5598 6189 
f 6104 5418 5607 6190 
f 6216 5867 5625 6199 
f 6202 5634 5643 6201 
f 6206 5719 6478 6485 
f 6155 5684 6468 6475 
f 6210 5751 5737 6208 
f 6208 5737 5749 6209 
f 6207 5728 5751 6210 
f 6197 5517 5831 6212 
f 6198 5508 5840 6213 
f 6116 5490 5849 6214 
f 6199 5625 5858 6215 
f 6200 5616 5867 6216 
f 6201 5643 5876 6217 
f 6218 5895 5904 6219 
f 6248 5155 5146 6065 
f 6065 5146 5164 6067 
f 6067 5164 5182 6069 
f 6223 5225 5180 6222 
f 6249 5173 5218 6073 
f 6250 5191 5236 6075 
f 6226 5198 5207 6123 
f 6122 5189 5216 6224 
f 6121 5171 5225 6223 
f 6123 5207 5234 6225 
f 6077 5200 5254 6079 
f 6228 5243 5252 6227 
f 6081 5245 5281 6083 
f 6230 5288 5270 6124 
f 6124 5270 5279 6229 
f 6231 5261 5288 6230 
f 6087 5263 5299 6089 
f 6160 5730 5297 6232 
f 6120 5153 5306 6125 
f 6125 5306 5369 6126 
f 6233 5315 5351 6127 
f 6256 5362 5335 6093 
f 6257 5380 5344 6095 
f 6095 5344 5353 6255 
f 6091 5317 5362 6256 
f 6093 5335 5371 6254 
f 6258 5326 5380 6257 
f 6130 5324 5405 6131 
f 6260 5416 5398 6097 
f 6097 5398 5407 6259 
f 6261 5389 5416 6260 
f 6133 5387 5585 6134 
f 6263 5596 5434 6099 
f 6264 5605 5443 6101 
f 6265 5614 5452 6103 
f 6240 5423 5576 6138 
f 6267 5560 5470 6107 
f 6268 5551 5479 6109 
f 6269 5569 5488 6111 
f 6244 5459 5540 6142 
f 6271 5533 5506 6115 
f 6246 5495 5836 6165 
f 6291 5846 5524 6272 
f 6292 5855 5533 6271 
f 6115 5506 5542 6270 
f 6113 5461 5551 6268 
f 6109 5479 5560 6267 
f 6107 5470 5569 6269 
f 6111 5488 5578 6266 
f 6101 5443 5587 6262 
f 6103 5452 5596 6263 
f 6099 5434 5605 6264 
f 6105 5425 5614 6265 
f 6145 5513 5863 6168 
f 6294 5873 5632 6274 
f 6147 5621 5881 6170 
f 6277 5641 5650 6276 
f 6278 5653 5671 6118 
f 6150 5652 5661 6151 
f 6149 5639 5670 6247 
f 6152 5679 6463 6476 
f 6154 5700 6421 6431 
f 6281 5695 5713 6283 
f 6280 5686 6495 6498 
f 6159 5722 5747 6162 
f 6288 5757 5738 6286 
f 6286 5738 5746 6287 
f 6285 5729 5757 6288 
f 6151 5661 6508 6521 
f 6272 5524 5837 6290 
f 6273 5515 5846 6291 
f 6117 5497 5855 6292 
f 6274 5632 5864 6293 
f 6275 5623 5873 6294 
f 6276 5650 5882 6295 
f 6164 5760 6527 6540 
f 6296 5891 5900 6297 
f 6306 5944 5922 6359 
f 6307 5945 5923 6360 
f 6360 5923 5943 6305 
f 6358 5921 5944 6306 
f 6359 5922 5942 6304 
f 6308 5946 5945 6307 
f 6310 5948 5924 6361 
f 6361 5924 5947 6309 
f 6311 5949 5948 6310 
f 6313 5951 5925 6362 
f 6314 5952 5926 6363 
f 6315 5953 5927 6364 
f 6317 5955 5929 6366 
f 6318 5956 5930 6367 
f 6319 5957 5931 6368 
f 6321 5959 5933 6370 
f 6338 5979 5960 6322 
f 6339 5980 5959 6321 
f 6370 5933 5958 6320 
f 6369 5932 5956 6318 
f 6367 5930 5955 6317 
f 6366 5929 5957 6319 
f 6368 5931 5954 6316 
f 6363 5926 5950 6312 
f 6364 5927 5951 6313 
f 6362 5925 5952 6314 
f 6365 5928 5953 6315 
f 6341 5982 5962 6324 
f 6327 5965 5964 6326 
f 6331 5972 6484 6486 
f 6373 5968 6472 6477 
f 6335 5976 5974 6333 
f 6333 5974 5975 6334 
f 6332 5973 5976 6335 
f 6322 5960 5978 6337 
f 6323 5961 5979 6338 
f 6371 5934 5980 6339 
f 6324 5962 5981 6340 
f 6325 5963 5982 6341 
f 6326 5964 5983 6342 
f 6343 5984 5985 6344 
f 6345 5140 5149 6298 
f 6346 5158 5140 6345 
f 6347 5176 5158 6346 
f 6348 5221 5176 6347 
f 6349 5212 5167 6299 
f 6350 5230 5185 6300 
f 6351 5194 5203 6301 
f 6300 5185 5212 6349 
f 6299 5167 5221 6348 
f 6301 5203 5230 6350 
f 6352 5248 5194 6351 
f 6353 5239 5248 6352 
f 6354 5275 5239 6353 
f 6355 5284 5266 6302 
f 6302 5266 5275 6354 
f 6356 5257 5284 6355 
f 6357 5293 5257 6356 
f 6332 5727 5293 6357 
f 6298 5149 5302 6303 
f 6303 5302 5365 6304 
f 6358 5311 5347 6305 
f 6308 5320 5401 6309 
f 6311 5383 5581 6312 
f 6365 5419 5572 6316 
f 6369 5455 5536 6320 
f 6371 5491 5833 6337 
f 6323 5509 5860 6340 
f 6325 5617 5878 6342 
f 6372 5677 5659 6328 
f 6328 5659 5668 6329 
f 6327 5635 5677 6372 
f 6330 5705 6426 6432 
f 6374 5692 5710 6375 
f 6331 5718 5745 6334 
f 6329 5668 6515 6522 
f 6336 5767 6534 6541 
f 6380 6381 8405 8406 
f 8409 8410 6377 6376 
f 6376 6377 6379 6378 
f 6395 6396 6382 6793 
f 6384 6385 6709 6383 
f 6386 6387 6385 6384 
f 6388 6389 6387 6386 
f 6401 6402 6390 6625 
f 6397 6398 6392 6391 
f 6399 6400 6394 6393 
f 6393 6394 6396 6395 
f 6378 6379 6398 6397 
f 6383 6709 6400 6399 
f 6391 6392 6402 6401 
f 6381 8437 8405 
f 8406 8438 6403 6380 
f 6382 8437 6381 
f 6380 6403 6794 6793 
f 8410 8437 6377 
f 6376 6417 8442 8409 
f 6377 8437 6379 
f 6378 6416 6417 6376 
f 6396 8437 6382 
f 6793 6404 6405 6395 
f 6385 8437 6709 
f 6383 6408 6710 
f 6387 8437 6385 
f 6384 6409 6410 6386 
f 6389 8437 6387 
f 6386 6410 6411 6388 
f 6390 8437 6389 
f 6388 6411 6626 6625 
f 6402 8437 6390 
f 6625 6412 6413 6401 
f 6398 8437 6392 
f 6391 6414 6415 6397 
f 6400 8437 6394 
f 6393 6406 6407 6399 
f 6394 8437 6396 
f 6395 6405 6406 6393 
f 6379 8437 6398 
f 6397 6415 6416 6378 
f 6709 8437 6400 
f 6399 6407 6408 6383 
f 6392 8437 6402 
f 6401 6413 6414 6391 
f 5827 5699 6403 8438 
f 5699 6779 6794 6403 
f 5700 6154 6405 6404 
f 6154 6048 6406 6405 
f 6048 6282 6407 6406 
f 6282 5701 6408 6407 
f 5701 6696 6710 6408 
f 5702 5703 6410 6409 
f 5703 5704 6411 6410 
f 5704 6611 6626 6411 
f 5705 6330 6413 6412 
f 6330 5970 6414 6413 
f 5970 6205 6415 6414 
f 6205 5698 6416 6415 
f 5698 5697 6417 6416 
f 5697 7897 8442 6417 
f 7891 8461 6433 6420 
f 6421 5700 6779 6795 
f 6418 6440 8463 7900 
f 6418 5697 5698 6419 
f 6423 5702 6696 6711 
f 6424 5703 5702 6423 
f 6424 6437 6438 6425 
f 6425 6438 6628 6627 
f 6429 6444 6441 6419 
f 6430 6445 6435 6422 
f 6432 6447 6442 6427 
f 6431 6446 6443 6428 
f 6427 6442 6444 6429 
f 6428 6443 6445 6430 
f 6421 6434 6446 6431 
f 6426 6439 6447 6432 
f 6434 6421 6795 6796 
f 6440 6418 6419 6441 
f 6436 6423 6711 6712 
f 6437 6424 6423 6436 
f 8461 5825 5696 6433 
f 6440 5694 5826 8463 
f 6437 5690 5691 6438 
f 6438 5691 6610 6628 
f 6444 6156 5693 6441 
f 6445 6153 5688 6435 
f 6447 6374 5969 6442 
f 6446 6281 6047 6443 
f 6442 5969 6156 6444 
f 6443 6047 6153 6445 
f 6434 5695 6281 6446 
f 6439 5692 6374 6447 
f 6452 6479 6480 6453 
f 6453 6480 6481 6454 
f 6455 6482 6486 6462 
f 6456 6483 8484 8485 
f 6452 6500 6716 6713 
f 6455 6503 6632 6629 
f 6456 6504 6499 6451 
f 6450 6495 6800 6797 
f 6449 6494 8497 8498 
f 6448 6493 6497 6459 
f 6460 6506 6505 6457 
f 6461 6492 6490 6458 
f 6458 6490 6491 6459 
f 6451 6499 6506 6460 
f 6450 6489 6492 6461 
f 6457 6505 6507 6462 
f 6464 5707 6697 6714 
f 6465 5708 5707 6464 
f 6466 5709 5708 6465 
f 6467 5710 6612 6630 
f 6477 6375 5710 6467 
f 6469 5712 5711 6468 
f 7879 5824 5712 6469 
f 6474 6283 5713 6470 
f 6470 5713 6780 6798 
f 6471 5714 7949 7889 
f 6475 6157 5971 6472 
f 6476 6158 6049 6473 
f 6473 6049 6283 6474 
f 6468 5711 6157 6475 
f 6463 5706 6158 6476 
f 6472 5971 6375 6477 
f 6479 6452 6713 6715 
f 6482 6455 6629 6631 
f 6483 6456 6451 6478 
f 6489 6450 6797 6799 
f 6488 6449 8498 7968 
f 6487 6448 6459 6491 
f 6485 6460 6457 6484 
f 6478 6451 6460 6485 
f 6484 6457 6462 6486 
f 6479 5715 5716 6480 
f 6480 5716 5717 6481 
f 6482 5718 6331 6486 
f 6483 5720 7992 8484 
f 6492 6159 6050 6490 
f 6490 6050 6284 6491 
f 6489 5722 6159 6492 
f 6500 6452 6453 6501 
f 6501 6453 6454 6502 
f 6503 6455 6462 6507 
f 6504 6456 8485 7863 
f 6498 6461 6458 6496 
f 6496 6458 6459 6497 
f 6495 6450 6461 6498 
f 6500 5680 6694 6716 
f 6503 5683 6609 6632 
f 6504 5685 5684 6499 
f 6495 5686 6777 6800 
f 6494 5687 7888 8497 
f 6493 5679 6152 6497 
f 6506 6155 5968 6505 
f 6499 5684 6155 6506 
f 6505 5968 6373 6507 
f 6509 5761 6523 6526 
f 8029 8064 5763 6511 
f 6511 5763 6786 6801 
f 6510 5762 5764 6512 
f 6514 5766 6618 6633 
f 6516 5768 8077 8037 
f 6513 5765 5768 6516 
f 6512 5764 5766 6514 
f 6519 6211 5765 6513 
f 6520 6289 5761 6509 
f 6522 6336 5977 6517 
f 6521 6164 6055 6518 
f 6517 5977 6211 6519 
f 6518 6055 6289 6520 
f 6508 5760 6164 6521 
f 6515 5767 6336 6522 
f 6523 5761 6528 6542 
f 6524 5892 5901 6525 
f 6523 5762 6510 6526 
f 6538 6297 5900 6528 
f 6542 6525 5901 6529 
f 8065 8095 5902 6530 
f 6530 5902 6544 6545 
f 6529 5901 5903 6531 
f 6533 5905 6547 6548 
f 6535 5907 8112 8080 
f 6532 5904 5907 6535 
f 6539 6219 5904 6532 
f 6531 5903 5905 6533 
f 6541 6344 5985 6536 
f 6540 6172 6063 6537 
f 6537 6063 6297 6538 
f 6536 5985 6219 6539 
f 6527 5899 6172 6540 
f 6534 5906 6344 6541 
f 6528 5900 6525 6542 
f 6543 5890 5899 6544 
f 6544 5899 6527 6545 
f 6546 5897 5906 6547 
f 6547 5906 6534 6548 
f 6549 5141 5150 6550 
f 6549 5140 5158 6551 
f 6551 5158 5176 6552 
f 6553 5222 5177 6552 
f 6554 5167 5212 6555 
f 6556 5185 5230 6557 
f 6558 5195 5204 6559 
f 6556 5186 5213 6555 
f 6554 5168 5222 6553 
f 6559 5204 5231 6557 
f 6558 5194 5248 6560 
f 6561 5240 5249 6560 
f 6561 5239 5275 6562 
f 6563 5285 5267 6564 
f 6564 5267 5276 6562 
f 6565 5258 5285 6563 
f 6565 5257 5293 6566 
f 6614 5726 5294 6566 
f 6550 5150 5303 6567 
f 6567 5303 5366 6568 
f 6569 5312 5348 6570 
f 6571 5356 5329 6572 
f 6573 5374 5338 6574 
f 6574 5338 5347 6570 
f 6569 5311 5356 6571 
f 6572 5329 5365 6568 
f 6575 5320 5374 6573 
f 6575 5321 5402 6576 
f 6577 5410 5392 6578 
f 6578 5392 5401 6576 
f 6579 5383 5410 6577 
f 6579 5384 5582 6580 
f 6581 5590 5428 6582 
f 6583 5599 5437 6584 
f 6585 5608 5446 6586 
f 6587 5420 5573 6588 
f 6589 5554 5464 6590 
f 6591 5545 5473 6592 
f 6593 5563 5482 6594 
f 6595 5456 5537 6596 
f 6597 5527 5500 6598 
f 6599 5492 5832 6619 
f 6620 5842 5518 6600 
f 6621 5851 5527 6597 
f 6598 5500 5536 6596 
f 6595 5455 5545 6591 
f 6592 5473 5554 6589 
f 6590 5464 5563 6593 
f 6594 5482 5572 6588 
f 6584 5437 5581 6580 
f 6586 5446 5590 6581 
f 6582 5428 5599 6583 
f 6587 5419 5608 6585 
f 6601 5510 5859 6622 
f 6623 5869 5626 6602 
f 6603 5618 5877 6624 
f 6605 5635 5644 6604 
f 6608 5676 5658 6606 
f 6606 5658 5667 6607 
f 6608 5677 5635 6605 
f 6609 5683 6467 6630 
f 6611 5704 6425 6627 
f 6610 5691 5709 6612 
f 6631 6481 5717 6613 
f 6613 5717 5744 6616 
f 6617 5756 5736 6615 
f 6615 5736 5745 6616 
f 6614 5727 5756 6617 
f 6607 5667 6514 6633 
f 6600 5518 5833 6619 
f 6601 5509 5842 6620 
f 6599 5491 5851 6621 
f 6602 5626 5860 6622 
f 6603 5617 5869 6623 
f 6604 5644 5878 6624 
f 6390 6389 6388 6625 
f 6626 6412 6625 
f 6611 5705 6412 6626 
f 6628 6439 6426 6627 
f 6610 5692 6439 6628 
f 6632 6502 6454 6629 
f 6612 5709 6466 6630 
f 6629 6454 6481 6631 
f 6609 5682 6502 6632 
f 6618 5767 6515 6633 
f 6618 5766 6533 6548 
f 6634 5154 5145 6635 
f 6635 5145 5163 6636 
f 6636 5163 5181 6637 
f 6638 5227 5182 6637 
f 6639 5172 5217 6640 
f 6641 5190 5235 6642 
f 6643 5200 5209 6644 
f 6641 5191 5218 6640 
f 6639 5173 5227 6638 
f 6644 5209 5236 6642 
f 6643 5199 5253 6645 
f 6646 5245 5254 6645 
f 6646 5244 5280 6647 
f 6648 5290 5272 6649 
f 6649 5272 5281 6647 
f 6650 5263 5290 6648 
f 6650 5262 5298 6651 
f 6699 5729 5299 6651 
f 6634 5155 5308 6652 
f 6652 5308 5371 6653 
f 6654 5317 5353 6655 
f 6656 5361 5334 6657 
f 6658 5379 5343 6659 
f 6659 5343 5352 6655 
f 6654 5316 5361 6656 
f 6657 5334 5370 6653 
f 6660 5325 5379 6658 
f 6660 5326 5407 6661 
f 6662 5415 5397 6663 
f 6663 5397 5406 6661 
f 6664 5388 5415 6662 
f 6664 5389 5587 6665 
f 6666 5595 5433 6667 
f 6668 5604 5442 6669 
f 6670 5613 5451 6671 
f 6672 5425 5578 6673 
f 6674 5559 5469 6675 
f 6676 5550 5478 6677 
f 6678 5568 5487 6679 
f 6680 5461 5542 6681 
f 6682 5532 5505 6683 
f 6684 5497 5837 6703 
f 6704 5847 5523 6685 
f 6705 5856 5532 6682 
f 6683 5505 5541 6681 
f 6680 5460 5550 6676 
f 6677 5478 5559 6674 
f 6675 5469 5568 6678 
f 6679 5487 5577 6673 
f 6669 5442 5586 6665 
f 6671 5451 5595 6666 
f 6667 5433 5604 6668 
f 6672 5424 5613 6670 
f 6686 5515 5864 6706 
f 6707 5874 5631 6687 
f 6688 5623 5882 6708 
f 6690 5640 5649 6689 
f 6691 5654 5672 6693 
f 6691 5653 5662 6692 
f 6693 5672 5640 6690 
f 6694 5680 6464 6714 
f 6695 5689 6436 6712 
f 6695 5688 5706 6697 
f 6715 6487 5721 6698 
f 6698 5721 5746 6701 
f 6702 5753 5733 6700 
f 6700 5733 5742 6701 
f 6699 5724 5753 6702 
f 6685 5523 5838 6703 
f 6686 5514 5847 6704 
f 6684 5496 5856 6705 
f 6687 5631 5865 6706 
f 6688 5622 5874 6707 
f 6689 5649 5883 6708 
f 6710 6409 6384 6383 
f 6696 5702 6409 6710 
f 6696 5701 6422 6711 
f 6711 6422 6435 6712 
f 6716 6493 6448 6713 
f 6697 5706 6463 6714 
f 6713 6448 6487 6715 
f 6694 5679 6493 6716 
f 6692 5662 6509 6526 
f 6717 5153 5144 6718 
f 6718 5144 5162 6719 
f 6719 5162 5180 6720 
f 6721 5228 5183 6720 
f 6722 5171 5216 6723 
f 6724 5189 5234 6725 
f 6726 5201 5210 6727 
f 6724 5192 5219 6723 
f 6722 5174 5228 6721 
f 6727 5210 5237 6725 
f 6726 5198 5252 6728 
f 6729 5246 5255 6728 
f 6729 5243 5279 6730 
f 6731 5291 5273 6732 
f 6732 5273 5282 6730 
f 6733 5264 5291 6731 
f 6733 5261 5297 6734 
f 6782 5731 5300 6734 
f 6717 5156 5309 6735 
f 6735 5309 5372 6736 
f 6737 5318 5354 6738 
f 6739 5360 5333 6740 
f 6741 5378 5342 6742 
f 6742 5342 5351 6738 
f 6737 5315 5360 6739 
f 6740 5333 5369 6736 
f 6743 5324 5378 6741 
f 6743 5327 5408 6744 
f 6745 5414 5396 6746 
f 6746 5396 5405 6744 
f 6747 5387 5414 6745 
f 6747 5390 5588 6748 
f 6749 5594 5432 6750 
f 6751 5603 5441 6752 
f 6753 5612 5450 6754 
f 6755 5426 5579 6756 
f 6757 5558 5468 6758 
f 6759 5549 5477 6760 
f 6761 5567 5486 6762 
f 6763 5462 5543 6764 
f 6765 5531 5504 6766 
f 6767 5498 5839 6787 
f 6788 5845 5522 6768 
f 6789 5854 5531 6765 
f 6766 5504 5540 6764 
f 6763 5459 5549 6759 
f 6760 5477 5558 6757 
f 6758 5468 5567 6761 
f 6762 5486 5576 6756 
f 6752 5441 5585 6748 
f 6754 5450 5594 6749 
f 6750 5432 5603 6751 
f 6755 5423 5612 6753 
f 6769 5516 5866 6790 
f 6791 5872 5630 6770 
f 6771 5624 5884 6792 
f 6773 5639 5648 6772 
f 6774 5652 5670 6776 
f 6774 5655 5664 6775 
f 6776 5670 5639 6773 
f 6777 5686 6470 6798 
f 6778 5695 6434 6796 
f 6778 5696 5714 6780 
f 6799 6488 5723 6781 
f 6781 5723 5748 6784 
f 6785 5758 5739 6783 
f 6783 5739 5747 6784 
f 6782 5730 5758 6785 
f 6775 5664 6511 6801 
f 6768 5522 5836 6787 
f 6769 5513 5845 6788 
f 6767 5495 5854 6789 
f 6770 5630 5863 6790 
f 6771 5621 5872 6791 
f 6772 5648 5881 6792 
f 6382 6381 6380 6793 
f 6794 6404 6793 
f 6779 5700 6404 6794 
f 6779 5699 6420 6795 
f 6795 6420 6433 6796 
f 6800 6494 6449 6797 
f 6780 5714 6471 6798 
f 6797 6449 6488 6799 
f 6777 5687 6494 6800 
f 6786 5760 6508 6801 
f 6786 5763 6530 6545 
f 6802 6805 6804 6803 
f 6806 6809 6808 6807 
f 6810 6813 6812 6811 
f 6813 6810 6805 6802 
f 6814 6817 6816 6815 
f 6818 6821 6820 6819 
f 6822 6825 6824 6823 
f 6826 6827 5770 5769 
f 6827 6826 6829 6828 
f 6830 6831 6815 6816 
f 6802 6803 6833 6832 
f 6814 6835 6834 6807 
f 6813 6836 5771 6812 
f 6802 6832 6836 6813 
f 6815 6837 6835 6814 
f 6821 6839 6838 6820 
f 6825 6841 6840 6824 
f 5769 5772 6842 6826 
f 6826 6842 6843 6829 
f 6831 6844 6837 6815 
f 6832 6833 6846 6845 
f 6835 6848 6847 6834 
f 6836 6850 6849 5771 
f 6832 6845 6850 6836 
f 6837 6851 6848 6835 
f 6839 6853 6852 6838 
f 6841 6855 6854 6840 
f 5772 5773 6856 6842 
f 6842 6856 6857 6843 
f 6844 6858 6851 6837 
f 6845 6846 6860 6859 
f 6861 6847 6863 6862 
f 6849 6850 6864 5774 
f 6850 6845 6859 6864 
f 6848 6851 6866 6865 
f 6858 6854 6868 6867 
f 6856 5773 6870 6869 
f 6853 6857 6872 6871 
f 6855 6875 6874 6873 
f 6851 6858 6867 6866 
f 6876 6879 6878 6877 
f 6880 6883 6882 6881 
f 6884 6887 6886 6885 
f 6876 6877 6887 6884 
f 6888 6889 6883 6880 
f 6890 6893 6892 6891 
f 6894 6897 6896 6895 
f 6898 6901 6900 6899 
f 6899 6900 6903 6902 
f 6904 6905 6889 6888 
f 6906 6909 6908 6907 
f 6910 6913 6912 6911 
f 6914 6916 6915 5775 
f 6906 6907 6916 6914 
f 6917 6918 6913 6910 
f 6919 6922 6921 6920 
f 6923 6926 6925 6924 
f 5776 6929 6928 6927 
f 6927 6928 6931 6930 
f 6932 6933 6918 6917 
f 6934 6937 6936 6935 
f 6938 6941 6940 6939 
f 5777 6943 6942 5778 
f 6943 6934 6935 6942 
f 6944 6947 6946 6945 
f 6948 6951 6950 6949 
f 6952 5780 5779 6953 
f 6954 6957 6956 6955 
f 6958 6961 6960 6959 
f 6947 6948 6949 6946 
f 6877 6878 6909 6906 
f 6962 6882 6911 6963 
f 6886 6887 6914 5775 
f 6887 6877 6906 6914 
f 6883 6889 6917 6910 
f 6905 6896 6924 6932 
f 6900 6901 5776 6927 
f 6893 6903 6930 6919 
f 6897 6965 6964 6923 
f 6889 6905 6932 6917 
f 6859 6860 6879 6876 
f 6862 6863 6881 6966 
f 5774 6864 6884 6885 
f 6864 6859 6876 6884 
f 6865 6866 6888 6880 
f 6867 6868 6895 6904 
f 6869 6870 6898 6899 
f 6871 6872 6902 6890 
f 6873 6874 6967 6894 
f 6866 6867 6904 6888 
f 6907 6908 6937 6934 
f 6968 6912 6941 6938 
f 6915 6916 6943 5777 
f 6916 6907 6934 6943 
f 6913 6918 6947 6944 
f 6933 6925 6951 6948 
f 6928 6929 5780 6952 
f 6922 6931 6957 6954 
f 6926 6969 6961 6958 
f 6918 6933 6948 6947 
f 6935 6936 6971 6970 
f 6945 6973 6972 6940 
f 6942 6975 6974 5778 
f 6935 6970 6975 6942 
f 6946 6976 6973 6945 
f 6955 6979 6978 6977 
f 6959 6981 6980 6950 
f 5779 5781 6982 6953 
f 6953 6982 6983 6956 
f 6949 6984 6976 6946 
f 6970 6971 6986 6985 
f 6987 6972 6989 6988 
f 6974 6975 6991 6990 
f 6975 6970 6985 6991 
f 6973 6976 6993 6992 
f 6984 6980 6995 6994 
f 6982 5781 6997 6996 
f 6979 6983 6999 6998 
f 6981 7002 7001 7000 
f 6976 6984 6994 6993 
f 6985 6986 7004 7003 
f 6992 7006 7005 6989 
f 6991 7008 7007 6990 
f 6985 7003 7008 6991 
f 6993 7009 7006 6992 
f 6998 7012 7011 7010 
f 7000 7014 7013 6995 
f 6997 5782 7015 6996 
f 6996 7015 7016 6999 
f 6994 7017 7009 6993 
f 7018 7021 7020 7019 
f 7022 7025 7024 7023 
f 7026 7029 7028 7027 
f 7029 7018 7019 7028 
f 7030 7033 7032 7031 
f 7034 7037 7036 7035 
f 7038 7041 7040 7039 
f 7042 7045 7044 7043 
f 7046 7049 7048 7047 
f 7033 7034 7035 7032 
f 7003 7004 7021 7018 
f 7050 7005 7025 7022 
f 7007 7008 7029 7026 
f 7008 7003 7018 7029 
f 7006 7009 7033 7030 
f 7017 7013 7037 7034 
f 7015 5782 7041 7038 
f 7012 7016 7045 7042 
f 7014 7051 7049 7046 
f 7009 7017 7034 7033 
f 7019 7020 7053 7052 
f 7023 7024 7055 7054 
f 7027 7028 7056 5783 
f 7028 7019 7052 7056 
f 7031 7032 7058 7057 
f 7035 7036 7060 7059 
f 7039 7040 5784 7061 
f 7043 7044 7063 7062 
f 7047 7048 7065 7064 
f 7032 7035 7059 7058 
f 7052 7053 7067 7066 
f 7057 7069 7068 7055 
f 7056 7071 7070 5783 
f 7052 7066 7071 7056 
f 7058 7072 7069 7057 
f 7062 7075 7074 7073 
f 7064 7077 7076 7060 
f 5784 7079 7078 7061 
f 7061 7078 7080 7063 
f 7059 7081 7072 7058 
f 7066 7067 7083 7082 
f 7084 7068 7086 7085 
f 7070 7071 7088 7087 
f 7071 7066 7082 7088 
f 7069 7072 7090 7089 
f 7081 7076 7092 7091 
f 7078 7079 5785 7093 
f 7075 7080 7095 7094 
f 7077 7098 7097 7096 
f 7072 7081 7091 7090 
f 6805 7100 7099 6804 
f 6809 7102 7101 6808 
f 6811 7104 7103 6810 
f 6810 7103 7100 6805 
f 6817 7106 7105 6816 
f 6830 7108 7107 6823 
f 6827 7110 7109 5770 
f 6818 7112 7111 6828 
f 6822 7115 7114 7113 
f 6816 7105 7108 6830 
f 7100 7117 7116 7099 
f 7102 7119 7118 7101 
f 7104 7121 7120 7103 
f 7103 7120 7117 7100 
f 7106 7123 7122 7105 
f 7108 7125 7124 7107 
f 7110 7127 7126 7109 
f 7112 7129 7128 7111 
f 7115 7131 7130 7114 
f 7105 7122 7125 7108 
f 7132 7135 7134 7133 
f 7136 7139 7138 7137 
f 7140 7143 7142 7141 
f 7141 7142 7135 7132 
f 7144 7147 7146 7145 
f 7148 7151 7150 7149 
f 7152 7154 7153 5786 
f 7155 7158 7157 7156 
f 7159 7162 7161 7160 
f 7145 7146 7151 7148 
f 7163 7166 7165 7164 
f 7167 7170 7169 7168 
f 7171 5787 7173 7172 
f 7174 7171 7172 7175 
f 7176 7167 7168 7177 
f 7178 7181 7180 7179 
f 7182 7185 7184 7183 
f 7186 7188 7187 5788 
f 7188 7190 7189 7187 
f 7191 7176 7177 7192 
f 7193 7196 7195 7194 
f 7197 7200 7199 7198 
f 7201 5790 5789 7202 
f 7203 7201 7202 7204 
f 7205 7197 7198 7206 
f 7207 7210 7209 7208 
f 7211 7214 7213 7212 
f 7215 7218 7217 7216 
f 7218 7220 7219 7217 
f 7221 7205 7206 7222 
f 7139 7223 7196 7193 
f 7147 7138 7200 7197 
f 7142 7143 5790 7201 
f 7135 7142 7201 7203 
f 7146 7147 7197 7205 
f 7158 7224 7210 7207 
f 7162 7150 7214 7211 
f 7153 7154 7218 7215 
f 7154 7157 7220 7218 
f 7151 7146 7205 7221 
f 7164 7165 7225 7136 
f 7168 7169 7137 7144 
f 7172 7173 7140 7141 
f 7175 7172 7141 7132 
f 7177 7168 7144 7145 
f 7179 7180 7226 7155 
f 7183 7184 7149 7159 
f 5788 7187 7152 5786 
f 7187 7189 7156 7152 
f 7192 7177 7145 7148 
f 7119 7227 7166 7163 
f 7123 7118 7170 7167 
f 7120 7121 5787 7171 
f 7117 7120 7171 7174 
f 7122 7123 7167 7176 
f 7129 7228 7181 7178 
f 7131 7124 7185 7182 
f 7126 7127 7188 7186 
f 7127 7128 7190 7188 
f 7125 7122 7176 7191 
f 7194 7195 7230 7229 
f 7198 7199 7232 7231 
f 7202 5789 7234 7233 
f 7204 7202 7233 7235 
f 7206 7198 7231 7236 
f 7208 7209 7238 7237 
f 7212 7213 7240 7239 
f 7216 7217 7242 7241 
f 7217 7219 7243 7242 
f 7222 7206 7236 7244 
f 7235 7247 7246 7245 
f 7229 7249 7248 7232 
f 7234 7251 7250 7233 
f 7233 7250 7247 7235 
f 7231 7253 7252 7236 
f 7244 7255 7254 7240 
f 7242 7257 7256 7241 
f 7237 7259 7258 7243 
f 7239 7262 7261 7260 
f 7236 7252 7255 7244 
f 7263 7266 7265 7264 
f 7267 7270 7269 7268 
f 7271 7274 7273 7272 
f 7275 7271 7272 7276 
f 7277 7267 7268 7278 
f 7279 7282 7281 7280 
f 7283 7286 7285 7284 
f 5791 7288 7287 5792 
f 7288 7290 7289 7287 
f 7291 7277 7278 7292 
f 7249 7293 7266 7263 
f 7253 7248 7270 7267 
f 7250 7251 7274 7271 
f 7247 7250 7271 7275 
f 7252 7253 7267 7277 
f 7259 7294 7282 7279 
f 7262 7254 7286 7283 
f 7256 7257 7288 5791 
f 7257 7258 7290 7288 
f 7255 7252 7277 7291 
f 7264 7265 7296 7295 
f 7268 7269 7298 7297 
f 7272 7273 7300 7299 
f 7276 7272 7299 7301 
f 7278 7268 7297 7302 
f 7280 7281 7304 7303 
f 7284 7285 7306 7305 
f 5792 7287 7308 7307 
f 7287 7289 7309 7308 
f 7292 7278 7302 7310 
f 7301 7313 7312 7311 
f 7295 7315 7314 7298 
f 7300 7317 7316 7299 
f 7299 7316 7313 7301 
f 7297 7319 7318 7302 
f 7310 7321 7320 7306 
f 7308 7322 5793 7307 
f 7303 7324 7323 7309 
f 7305 7327 7326 7325 
f 7302 7318 7321 7310 
f 7328 7331 7330 7329 
f 7332 7335 7334 7333 
f 7336 7338 5794 7337 
f 7339 7336 7337 7340 
f 7341 7332 7333 7342 
f 7343 7346 7345 7344 
f 7347 7350 7349 7348 
f 7351 7353 7352 5795 
f 7353 7355 7354 7352 
f 7356 7341 7342 7357 
f 7358 7361 7360 7359 
f 7362 7365 7364 7363 
f 7366 5797 5796 7367 
f 7368 7366 7367 7369 
f 7370 7362 7363 7371 
f 7372 7375 7374 7373 
f 7376 7379 7378 7377 
f 5798 7381 7380 5799 
f 7381 7383 7382 7380 
f 7384 7370 7371 7385 
f 7386 7389 7388 7387 
f 7390 7393 7392 7391 
f 7394 7396 5800 7395 
f 7397 7394 7395 7398 
f 7399 7390 7391 7400 
f 7401 7404 7403 7402 
f 7405 7408 7407 7406 
f 5801 7411 7410 7409 
f 7411 7413 7412 7410 
f 7414 7399 7400 7415 
f 7416 7419 7418 7417 
f 7420 7423 7422 7421 
f 7424 5802 7426 7425 
f 7425 7426 7419 7416 
f 7427 7430 7429 7428 
f 7431 7434 7433 7432 
f 7435 7436 5804 5803 
f 7437 7440 7439 7438 
f 7441 7444 7443 7442 
f 7428 7429 7434 7431 
f 7445 7448 7447 7446 
f 7449 7452 7451 7450 
f 7453 5805 7455 7454 
f 7456 7453 7454 7457 
f 7458 7449 7450 7459 
f 7460 7463 7462 7461 
f 7464 7467 7466 7465 
f 5806 7470 7469 7468 
f 7470 7472 7471 7469 
f 7473 7458 7459 7474 
f 7475 7478 7477 7476 
f 7479 7482 7481 7480 
f 7483 5807 7485 7484 
f 7486 7483 7484 7487 
f 7488 7479 7480 7489 
f 7490 7493 7492 7491 
f 7494 7497 7496 7495 
f 5808 7500 7499 7498 
f 7500 7502 7501 7499 
f 7503 7488 7489 7504 
f 7505 7508 7507 7506 
f 7509 7512 7511 7510 
f 7513 7516 7515 7514 
f 7517 7513 7514 7518 
f 7519 7509 7510 7520 
f 7521 7524 7523 7522 
f 7525 7528 7527 7526 
f 7529 7531 7530 5809 
f 7531 7533 7532 7530 
f 7534 7519 7520 7535 
f 7536 7539 7538 7537 
f 7540 7543 7542 7541 
f 5810 7546 7545 7544 
f 7544 7545 7539 7536 
f 7547 7550 7549 7548 
f 7551 7554 7553 7552 
f 7555 7557 5811 7556 
f 7558 7561 7560 7559 
f 7562 7565 7564 7563 
f 7548 7549 7554 7551 
f 7566 7569 7568 7567 
f 7570 7573 7572 7571 
f 7574 5813 5812 7575 
f 7576 7574 7575 7577 
f 7578 7570 7571 7579 
f 7580 7583 7582 7581 
f 7584 7587 7586 7585 
f 5814 7589 7588 5815 
f 7589 7591 7590 7588 
f 7592 7578 7579 7593 
f 7594 7597 7596 7595 
f 7598 7601 7600 7599 
f 7602 5885 7604 7603 
f 7603 7604 7597 7594 
f 7605 7608 7607 7606 
f 7609 7612 7611 7610 
f 7613 7616 7615 7614 
f 7617 7620 7619 7618 
f 7621 7624 7623 7622 
f 7606 7607 7612 7609 
f 7625 7628 7627 7626 
f 7629 7632 7631 7630 
f 7633 7635 5886 7634 
f 7636 7633 7634 7637 
f 7638 7629 7630 7639 
f 7640 7643 7642 7641 
f 7644 7647 7646 7645 
f 5816 7650 7649 7648 
f 7650 7652 7651 7649 
f 7653 7638 7639 7654 
f 7567 7568 7656 7655 
f 7571 7572 7658 7657 
f 7575 5812 7660 7659 
f 7577 7575 7659 7661 
f 7579 7571 7657 7662 
f 7581 7582 7664 7663 
f 7585 7586 7666 7665 
f 5815 7588 7667 5887 
f 7588 7590 7668 7667 
f 7593 7579 7662 7669 
f 7543 7670 7569 7566 
f 7550 7542 7573 7570 
f 7545 7546 5813 7574 
f 7539 7545 7574 7576 
f 7549 7550 7570 7578 
f 7561 7671 7583 7580 
f 7565 7553 7587 7584 
f 5811 7557 7589 5814 
f 7557 7560 7591 7589 
f 7554 7549 7578 7592 
f 7476 7477 7672 7540 
f 7480 7481 7541 7547 
f 7484 7485 5810 7544 
f 7487 7484 7544 7536 
f 7489 7480 7547 7548 
f 7491 7492 7673 7558 
f 7495 7496 7552 7562 
f 7498 7499 7555 7556 
f 7499 7501 7559 7555 
f 7504 7489 7548 7551 
f 7446 7447 7478 7475 
f 7450 7451 7482 7479 
f 7454 7455 5807 7483 
f 7457 7454 7483 7486 
f 7459 7450 7479 7488 
f 7461 7462 7493 7490 
f 7465 7466 7497 7494 
f 7468 7469 7500 5808 
f 7469 7471 7502 7500 
f 7474 7459 7488 7503 
f 7506 7507 7448 7445 
f 7510 7511 7452 7449 
f 7514 7515 5805 7453 
f 7518 7514 7453 7456 
f 7520 7510 7449 7458 
f 7522 7523 7463 7460 
f 7526 7527 7467 7464 
f 5809 7530 7470 5806 
f 7530 7532 7472 7470 
f 7535 7520 7458 7473 
f 7423 7674 7508 7505 
f 7430 7422 7512 7509 
f 7426 5802 7516 7513 
f 7419 7426 7513 7517 
f 7429 7430 7509 7519 
f 7440 7675 7524 7521 
f 7444 7433 7528 7525 
f 5804 7436 7531 7529 
f 7436 7439 7533 7531 
f 7434 7429 7519 7534 
f 7315 7676 7361 7358 
f 7319 7314 7365 7362 
f 7316 7317 5797 7366 
f 7313 7316 7366 7368 
f 7318 7319 7362 7370 
f 7324 7677 7375 7372 
f 7327 7320 7379 7376 
f 5793 7322 7381 5798 
f 7322 7323 7383 7381 
f 7321 7318 7370 7384 
f 7329 7330 7389 7386 
f 7333 7334 7393 7390 
f 7337 5794 7396 7394 
f 7340 7337 7394 7397 
f 7342 7333 7390 7399 
f 7344 7345 7404 7401 
f 7348 7349 7408 7405 
f 5795 7352 7411 5801 
f 7352 7354 7413 7411 
f 7357 7342 7399 7414 
f 7359 7360 7331 7328 
f 7363 7364 7335 7332 
f 7367 5796 7338 7336 
f 7369 7367 7336 7339 
f 7371 7363 7332 7341 
f 7373 7374 7346 7343 
f 7377 7378 7350 7347 
f 5799 7380 7353 7351 
f 7380 7382 7355 7353 
f 7385 7371 7341 7356 
f 7387 7388 7678 7420 
f 7391 7392 7421 7427 
f 7395 5800 7424 7425 
f 7398 7395 7425 7416 
f 7400 7391 7427 7428 
f 7402 7403 7679 7437 
f 7406 7407 7432 7441 
f 7409 7410 7435 5803 
f 7410 7412 7438 7435 
f 7415 7400 7428 7431 
f 7680 7683 7682 7681 
f 7684 7687 7686 7685 
f 7688 5888 7690 7689 
f 7689 7690 7683 7680 
f 7691 7694 7693 7692 
f 7695 7698 7697 7696 
f 7699 7702 7701 7700 
f 7703 7706 7705 7704 
f 7707 7710 7709 7708 
f 7692 7693 7698 7695 
f 7711 7714 7713 7712 
f 7715 7718 7717 7716 
f 7719 7722 7721 7720 
f 7723 7719 7720 7724 
f 7725 7715 7716 7726 
f 7727 7730 7729 7728 
f 7731 7734 7733 7732 
f 7735 7738 7737 7736 
f 7738 7740 7739 7737 
f 7741 7725 7726 7742 
f 7743 7746 7745 7744 
f 7747 7750 7749 7748 
f 5817 5889 7752 7751 
f 7751 7752 7746 7743 
f 7753 7756 7755 7754 
f 7757 7760 7759 7758 
f 7761 7764 7763 7762 
f 7765 7768 7767 7766 
f 7769 7772 7771 7770 
f 7754 7755 7760 7757 
f 7773 7776 7775 7774 
f 7777 7780 7779 7778 
f 7781 7783 5819 7782 
f 7784 7781 7782 7785 
f 7786 7777 7778 7787 
f 7788 7791 7790 7789 
f 7792 7795 7794 7793 
f 5818 7798 7797 7796 
f 7798 7800 7799 7797 
f 7801 7786 7787 7802 
f 7803 7806 7805 7804 
f 7807 7810 7809 7808 
f 7811 5820 5823 7812 
f 7811 7812 7814 7813 
f 7815 7818 7817 7816 
f 7819 7822 7821 7820 
f 7823 7826 7825 7824 
f 7827 7829 7828 5821 
f 7827 7819 7820 7829 
f 7830 7816 7817 7831 
f 7815 7833 7832 7808 
f 7811 7835 7834 5820 
f 7803 7837 7836 7813 
f 7807 7840 7839 7838 
f 7816 7841 7833 7815 
f 7819 7843 7842 7822 
f 7823 7845 7844 7826 
f 5821 5822 7846 7827 
f 7827 7846 7843 7819 
f 7830 7847 7841 7816 
f 7818 7802 7787 7817 
f 7810 7793 7794 7809 
f 7817 7787 7778 7831 
f 7831 7778 7779 7825 
f 7829 7782 5819 7828 
f 7820 7785 7782 7829 
f 7820 7821 7848 7785 
f 7810 7850 7849 7793 
f 7812 7797 7799 7814 
f 5823 7796 7797 7812 
f 7851 7854 7853 7852 
f 7855 7856 7854 7851 
f 7857 7860 7859 7858 
f 7861 7864 7863 7862 
f 7865 7868 7867 7866 
f 7852 7870 7869 7851 
f 7851 7869 7871 7855 
f 7855 7871 7873 7872 
f 7857 7875 7874 7860 
f 7876 7878 7877 7861 
f 7861 7877 7879 7864 
f 7880 7883 7882 7881 
f 7884 7887 7886 7885 
f 7888 7889 7887 7884 
f 7890 7892 7891 5827 
f 7893 7896 7895 7894 
f 7897 7900 7899 7898 
f 7901 7904 7903 7902 
f 7905 7908 7907 7906 
f 7909 7912 7911 7910 
f 7913 7916 7915 7914 
f 7917 7920 7919 7918 
f 7921 7924 7923 7922 
f 7925 7928 7927 7926 
f 7929 7930 7906 7909 
f 7931 7929 7909 7910 
f 7932 7931 7910 7933 
f 7934 7937 7936 7935 
f 7938 7940 7939 7901 
f 7941 7938 7901 7902 
f 5824 7941 7902 5826 
f 7942 7944 7943 7905 
f 7945 7947 7894 7946 
f 7948 7949 5825 7893 
f 7950 7953 7952 7951 
f 7954 7957 7956 7955 
f 7958 7961 7960 7959 
f 7962 7965 7964 7963 
f 7966 7969 7968 7967 
f 7970 7973 7972 7971 
f 7950 7975 7974 7953 
f 7954 7977 7976 7957 
f 7962 7979 7978 7965 
f 7966 7981 7980 7969 
f 7982 7983 7975 7950 
f 7984 7985 7983 7982 
f 7961 7988 7987 7986 
f 7970 7990 7989 7973 
f 7961 7958 7991 7988 
f 7958 7992 5830 7991 
f 7993 7996 7995 7994 
f 7997 8000 7999 7998 
f 8001 8004 8003 8002 
f 8005 8001 8002 5828 
f 8006 8009 8008 8007 
f 8009 7997 7998 8008 
f 8010 8013 8012 8011 
f 8014 8017 8016 8015 
f 8018 8021 8020 8019 
f 8021 8022 5829 8020 
f 7990 7974 7996 7993 
f 7985 7976 8000 7997 
f 7981 7978 8004 8001 
f 7980 7981 8001 8005 
f 7975 7983 8009 8006 
f 7983 7985 7997 8009 
f 7977 8023 8013 8010 
f 7979 8024 8017 8014 
f 7988 7991 8021 8018 
f 7991 5830 8022 8021 
f 7994 7995 7092 7096 
f 7998 7999 7086 7089 
f 8002 8003 7095 7093 
f 5828 8002 7093 5785 
f 8007 8008 7090 7091 
f 8008 7998 7089 7090 
f 8011 8012 8025 7085 
f 8015 8016 8026 7094 
f 8019 8020 7088 7082 
f 8020 5829 7087 7088 
f 7833 8028 8027 7832 
f 7835 8030 8029 7834 
f 7837 8032 8031 7836 
f 7841 8033 8028 7833 
f 7845 8035 8034 7844 
f 5822 8037 8036 7846 
f 7846 8036 8038 7843 
f 7847 8039 8033 7841 
f 7843 8038 8040 7842 
f 7840 8042 8041 7839 
f 7601 8043 7628 7625 
f 7608 7600 7632 7629 
f 7604 5885 7635 7633 
f 7597 7604 7633 7636 
f 7607 7608 7629 7638 
f 7624 7611 7647 7644 
f 7615 7616 7650 5816 
f 7616 7619 7652 7650 
f 7620 8044 7643 7640 
f 7612 7607 7638 7653 
f 7626 7627 8045 7684 
f 7630 7631 7685 7691 
f 7634 5886 7688 7689 
f 7637 7634 7689 7680 
f 7639 7630 7691 7692 
f 7641 7642 8046 7703 
f 7645 7646 7696 7707 
f 7648 7649 7699 7700 
f 7649 7651 7704 7699 
f 7654 7639 7692 7695 
f 7655 7656 8047 7598 
f 7657 7658 7599 7605 
f 7659 7660 7602 7603 
f 7661 7659 7603 7594 
f 7662 7657 7605 7606 
f 7663 7664 8048 7617 
f 7665 7666 7610 7621 
f 5887 7667 7613 7614 
f 7667 7668 7618 7613 
f 7669 7662 7606 7609 
f 7687 8049 7714 7711 
f 7694 7686 7718 7715 
f 7690 5888 7722 7719 
f 7683 7690 7719 7723 
f 7693 7694 7715 7725 
f 7710 7697 7734 7731 
f 7701 7702 7738 7735 
f 7702 7705 7740 7738 
f 7706 8050 7730 7727 
f 7698 7693 7725 7741 
f 7712 7713 8051 7747 
f 7716 7717 7748 7753 
f 7720 7721 5817 7751 
f 7724 7720 7751 7743 
f 7726 7716 7753 7754 
f 7728 7729 8052 7765 
f 7732 7733 7758 7769 
f 7736 7737 7761 7762 
f 7737 7739 7766 7761 
f 7742 7726 7754 7757 
f 7750 8053 7776 7773 
f 7756 7749 7780 7777 
f 7752 5889 7783 7781 
f 7746 7752 7781 7784 
f 7755 7756 7777 7786 
f 7772 7759 7795 7792 
f 7763 7764 7798 5818 
f 7764 7767 7800 7798 
f 7768 8054 7791 7788 
f 7760 7755 7786 7801 
f 8055 8058 8057 8056 
f 8059 8062 8061 8060 
f 8063 8066 8065 8064 
f 8067 8070 8069 8068 
f 8071 8072 8062 8059 
f 8073 8076 8075 8074 
f 8077 8080 8079 8078 
f 8078 8079 8082 8081 
f 8081 8082 8084 8083 
f 8085 8086 8072 8071 
f 8087 8090 8089 8088 
f 8091 8094 8093 8092 
f 8095 8098 8097 8096 
f 8098 8100 8099 8097 
f 8101 8104 8103 8102 
f 8105 8108 8107 8106 
f 8109 8112 8111 8110 
f 8113 8109 8110 8114 
f 8115 8118 8117 8116 
f 8104 8105 8106 8103 
f 8119 8122 8121 8120 
f 8123 8119 8120 8124 
f 8125 8123 8124 8126 
f 8127 8125 8126 8128 
f 8129 8132 8131 8130 
f 8133 8136 8135 8134 
f 8137 8140 8139 8138 
f 8136 8129 8130 8135 
f 8132 8127 8128 8131 
f 8140 8133 8134 8139 
f 8141 8137 8138 8142 
f 8143 8141 8142 8144 
f 8145 8143 8144 8146 
f 8147 8150 8149 8148 
f 8150 8145 8146 8149 
f 8151 8147 8148 8152 
f 8153 8151 8152 8154 
f 8155 8153 8154 8025 
f 8122 8157 8156 8121 
f 8157 8158 7227 8156 
f 8159 8160 7223 7225 
f 8161 8164 8163 8162 
f 8165 8168 8167 8166 
f 8168 8160 7134 8167 
f 8159 8161 8162 7133 
f 8164 8158 7116 8163 
f 8169 8165 8166 7245 
f 8169 8170 7293 7230 
f 8171 8174 8173 8172 
f 8174 8170 7246 8173 
f 8175 8171 8172 7311 
f 8175 8176 7676 7296 
f 8177 8180 8179 8178 
f 8181 8184 8183 8182 
f 8185 8188 8187 8186 
f 8189 8190 7674 7678 
f 8191 8194 8193 8192 
f 8195 8198 8197 8196 
f 8199 8202 8201 8200 
f 8203 8204 7670 7672 
f 8205 8208 8207 8206 
f 8209 8210 8043 8047 
f 8211 8214 8213 8212 
f 8215 8205 8206 8216 
f 8208 8204 7538 8207 
f 8203 8195 8196 7537 
f 8198 8191 8192 8197 
f 8194 8199 8200 8193 
f 8202 8190 7418 8201 
f 8184 8176 7312 8183 
f 8188 8177 8178 8187 
f 8180 8181 8182 8179 
f 8189 8185 8186 7417 
f 8217 8218 8049 8045 
f 8219 8222 8221 8220 
f 8223 8224 8053 8051 
f 8225 8227 8226 7848 
f 8228 8231 8230 8229 
f 8231 8233 8232 8230 
f 8225 8228 8229 7775 
f 8234 8236 8235 7986 
f 8237 8240 8239 8238 
f 8241 8244 8243 8242 
f 8245 8248 8247 8246 
f 8234 8250 8023 8249 
f 8251 8254 8253 8252 
f 8254 8250 7987 8253 
f 8155 8251 8252 7083 
f 8233 8256 8255 8232 
f 8214 8210 7596 8213 
f 8217 8211 8212 7681 
f 8209 8215 8216 7595 
f 8222 8218 7682 8221 
f 8223 8219 8220 7744 
f 8227 8224 7745 8226 
f 8257 8260 8259 8258 
f 8261 8264 8263 8262 
f 8265 8267 8266 7113 
f 8267 8269 8268 8266 
f 8269 8270 6875 8268 
f 8271 8270 6852 8272 
f 8273 8274 6965 6967 
f 8275 8276 6969 6964 
f 8277 8279 8278 6977 
f 8275 8274 6892 6920 
f 8273 8271 8272 6891 
f 8279 8276 6921 8278 
f 8277 8280 7002 6960 
f 8281 8280 6978 7010 
f 8281 8282 7051 7001 
f 8283 8286 8285 8284 
f 8286 8282 7011 8285 
f 8287 8283 8284 7073 
f 8287 8288 7098 7065 
f 8289 8288 7074 8026 
f 8265 8291 8290 6819 
f 8291 8292 7228 8290 
f 8293 8294 7224 7226 
f 8295 8298 8297 8296 
f 8299 8302 8301 8300 
f 8302 8294 7161 8301 
f 8293 8295 8296 7160 
f 8298 8292 7130 8297 
f 8303 8299 8300 7260 
f 8303 8304 7294 7238 
f 8305 8308 8307 8306 
f 8308 8304 7261 8307 
f 8309 8305 8306 7325 
f 8309 8310 7677 7304 
f 8311 8314 8313 8312 
f 8315 8318 8317 8316 
f 8319 8322 8321 8320 
f 8323 8324 7675 7679 
f 8325 8328 8327 8326 
f 8329 8332 8331 8330 
f 8333 8336 8335 8334 
f 8337 8338 7671 7673 
f 8339 8342 8341 8340 
f 8343 8344 8044 8048 
f 8345 8348 8347 8346 
f 8349 8339 8340 8350 
f 8342 8338 7564 8341 
f 8337 8329 8330 7563 
f 8332 8325 8326 8331 
f 8328 8333 8334 8327 
f 8336 8324 7443 8335 
f 8318 8310 7326 8317 
f 8322 8311 8312 8321 
f 8314 8315 8316 8313 
f 8323 8319 8320 7442 
f 8351 8352 8050 8046 
f 8353 8356 8355 8354 
f 8357 8358 8054 8052 
f 8359 8361 8360 7849 
f 8362 8363 7850 7838 
f 8362 8365 8364 7804 
f 8359 8363 7805 7790 
f 8366 8369 8368 8367 
f 8370 8373 8372 8371 
f 8374 8377 8376 8375 
f 8366 8379 8378 7881 
f 8380 8382 8024 8381 
f 8383 8386 8385 8384 
f 8386 8382 7989 8385 
f 8289 8383 8384 7097 
f 8365 8388 8387 8364 
f 8348 8344 7623 8347 
f 8351 8345 8346 7708 
f 8343 8349 8350 7622 
f 8356 8352 7709 8355 
f 8357 8353 8354 7770 
f 8361 8358 7771 8360 
f 8389 8392 8391 8390 
f 8393 8396 8395 8394 
f 6803 6804 8122 8119 
f 6819 6820 8267 8265 
f 6833 6803 8119 8123 
f 6820 6838 8269 8267 
f 6846 6833 8123 8125 
f 6838 6852 8270 8269 
f 6860 6846 8125 8127 
f 6874 6875 8270 8271 
f 6878 6879 8132 8129 
f 6891 6892 8274 8273 
f 6908 6909 8136 8133 
f 6920 6921 8276 8275 
f 6936 6937 8140 8137 
f 6960 6961 8279 8277 
f 6909 6878 8129 8136 
f 6964 6965 8274 8275 
f 6879 6860 8127 8132 
f 6967 6874 8271 8273 
f 6937 6908 8133 8140 
f 6961 6969 8276 8279 
f 6971 6936 8137 8141 
f 6977 6978 8280 8277 
f 6986 6971 8141 8143 
f 7001 7002 8280 8281 
f 7004 6986 8143 8145 
f 7010 7011 8282 8281 
f 7020 7021 8150 8147 
f 7048 7049 8286 8283 
f 7021 7004 8145 8150 
f 7049 7051 8282 8286 
f 7053 7020 8147 8151 
f 7065 7048 8283 8287 
f 7067 7053 8151 8153 
f 7073 7074 8288 8287 
f 7083 7067 8153 8155 
f 7097 7098 8288 8289 
f 6804 7099 8157 8122 
f 7113 7114 8291 8265 
f 7099 7116 8158 8157 
f 7114 7130 8292 8291 
f 7133 7134 8160 8159 
f 7160 7161 8294 8293 
f 7180 7181 8298 8295 
f 7209 7210 8302 8299 
f 7210 7224 8294 8302 
f 7226 7180 8295 8293 
f 7181 7228 8292 8298 
f 7238 7209 8299 8303 
f 7245 7246 8170 8169 
f 7260 7261 8304 8303 
f 7281 7282 8308 8305 
f 7282 7294 8304 8308 
f 7304 7281 8305 8309 
f 7311 7312 8176 8175 
f 7325 7326 8310 8309 
f 7345 7346 8314 8311 
f 7374 7375 8318 8315 
f 7403 7404 8322 8319 
f 7417 7418 8190 8189 
f 7442 7443 8324 8323 
f 7462 7463 8328 8325 
f 7492 7493 8332 8329 
f 7523 7524 8336 8333 
f 7537 7538 8204 8203 
f 7563 7564 8338 8337 
f 7582 7583 8342 8339 
f 7595 7596 8210 8209 
f 7622 7623 8344 8343 
f 7642 7643 8348 8345 
f 7664 7582 8339 8349 
f 7583 7671 8338 8342 
f 7673 7492 8329 8337 
f 7493 7462 8325 8332 
f 7463 7523 8333 8328 
f 7524 7675 8324 8336 
f 7375 7677 8310 8318 
f 7404 7345 8311 8322 
f 7346 7374 8315 8314 
f 7679 7403 8319 8323 
f 7681 7682 8218 8217 
f 7708 7709 8352 8351 
f 7729 7730 8356 8353 
f 7744 7745 8224 8223 
f 7770 7771 8358 8357 
f 7790 7791 8361 8359 
f 7804 7805 8363 8362 
f 7821 7822 8231 8228 
f 7838 7839 8365 8362 
f 7822 7842 8233 8231 
f 7848 7821 8228 8225 
f 7849 7850 8363 8359 
f 7881 7882 8369 8366 
f 7922 7923 8244 8241 
f 7926 7927 8373 8370 
f 7939 7940 8248 8245 
f 7943 7944 8377 8374 
f 8367 8397 8379 8366 
f 7986 7987 8250 8234 
f 7973 7989 8382 8380 
f 8016 8017 8386 8383 
f 8017 8024 8382 8386 
f 8026 8016 8383 8289 
f 7842 8040 8256 8233 
f 7839 8041 8388 8365 
f 7643 8044 8344 8348 
f 8046 7642 8345 8351 
f 8048 7664 8349 8343 
f 7730 8050 8352 8356 
f 8052 7729 8353 8357 
f 7791 8054 8358 8361 
f 8056 8057 8392 8389 
f 8083 8084 8260 8257 
f 8089 8090 8396 8393 
f 8162 8163 7174 7175 
f 8166 8167 7203 7204 
f 8167 7134 7135 7203 
f 7133 8162 7175 7132 
f 8163 7116 7117 7174 
f 7245 8166 7204 7235 
f 8172 8173 7275 7276 
f 8173 7246 7247 7275 
f 7311 8172 7276 7301 
f 8178 8179 7339 7340 
f 8182 8183 7368 7369 
f 8186 8187 7397 7398 
f 8192 8193 7456 7457 
f 8196 8197 7486 7487 
f 8200 8201 7517 7518 
f 8206 8207 7576 7577 
f 8212 8213 7636 7637 
f 8216 8206 7577 7661 
f 8207 7538 7539 7576 
f 7537 8196 7487 7536 
f 8197 8192 7457 7486 
f 8193 8200 7518 7456 
f 8201 7418 7419 7517 
f 8183 7312 7313 7368 
f 8187 8178 7340 7397 
f 8179 8182 7369 7339 
f 7417 8186 7398 7416 
f 8220 8221 7723 7724 
f 7848 8226 7784 7785 
f 7986 8235 7960 7961 
f 8238 8239 7878 7876 
f 8252 8253 8018 8019 
f 8253 7987 7988 8018 
f 7083 8252 8019 7082 
f 8213 7596 7597 7636 
f 7681 8212 7637 7680 
f 7595 8216 7661 7594 
f 8221 7682 7683 7723 
f 7744 8220 7724 7743 
f 8226 7745 7746 7784 
f 8262 8263 8113 8114 
f 7113 8266 6825 6822 
f 8266 8268 6841 6825 
f 8268 6875 6855 6841 
f 8272 6852 6853 6871 
f 6967 6965 6897 6894 
f 6964 6969 6926 6923 
f 6977 8278 6954 6955 
f 6920 6892 6893 6919 
f 6891 8272 6871 6890 
f 8278 6921 6922 6954 
f 6960 7002 6981 6959 
f 7010 6978 6979 6998 
f 7001 7051 7014 7000 
f 8284 8285 7042 7043 
f 8285 7011 7012 7042 
f 7073 8284 7043 7062 
f 7065 7098 7077 7064 
f 8026 7074 7075 7094 
f 6819 8290 7112 6818 
f 8290 7228 7129 7112 
f 7226 7224 7158 7155 
f 8296 8297 7182 7183 
f 8300 8301 7211 7212 
f 8301 7161 7162 7211 
f 7160 8296 7183 7159 
f 8297 7130 7131 7182 
f 7260 8300 7212 7239 
f 7238 7294 7259 7237 
f 8306 8307 7283 7284 
f 8307 7261 7262 7283 
f 7325 8306 7284 7305 
f 7304 7677 7324 7303 
f 8312 8313 7347 7348 
f 8316 8317 7376 7377 
f 8320 8321 7405 7406 
f 7679 7675 7440 7437 
f 8326 8327 7464 7465 
f 8330 8331 7494 7495 
f 8334 8335 7525 7526 
f 7673 7671 7561 7558 
f 8340 8341 7584 7585 
f 8048 8044 7620 7617 
f 8346 8347 7644 7645 
f 8350 8340 7585 7665 
f 8341 7564 7565 7584 
f 7563 8330 7495 7562 
f 8331 8326 7465 7494 
f 8327 8334 7526 7464 
f 8335 7443 7444 7525 
f 8317 7326 7327 7376 
f 8321 8312 7348 7405 
f 8313 8316 7377 7347 
f 7442 8320 7406 7441 
f 8046 8050 7706 7703 
f 8354 8355 7731 7732 
f 8052 8054 7768 7765 
f 7849 8360 7792 7793 
f 7838 7850 7810 7807 
f 7804 8364 7837 7803 
f 7790 7805 7806 7789 
f 8367 8368 7868 7865 
f 8371 8372 8399 8398 
f 8375 8376 7945 7946 
f 7881 8378 8400 7880 
f 8381 8024 7979 7962 
f 8384 8385 7993 7994 
f 8385 7989 7990 7993 
f 7097 8384 7994 7096 
f 8364 8387 8032 7837 
f 8347 7623 7624 7644 
f 7708 8346 7645 7707 
f 7622 8350 7665 7621 
f 8355 7709 7710 7731 
f 7770 8354 7732 7769 
f 8360 7771 7772 7792 
f 8390 8391 8070 8067 
f 8394 8395 8091 8092 
f 7165 7166 8164 8161 
f 7195 7196 8168 8165 
f 7196 7223 8160 8168 
f 7225 7165 8161 8159 
f 7166 7227 8158 8164 
f 7230 7195 8165 8169 
f 7265 7266 8174 8171 
f 7266 7293 8170 8174 
f 7296 7265 8171 8175 
f 7330 7331 8180 8177 
f 7360 7361 8184 8181 
f 7388 7389 8188 8185 
f 7447 7448 8194 8191 
f 7477 7478 8198 8195 
f 7507 7508 8202 8199 
f 7568 7569 8208 8205 
f 7627 7628 8214 8211 
f 7656 7568 8205 8215 
f 7569 7670 8204 8208 
f 7672 7477 8195 8203 
f 7478 7447 8191 8198 
f 7448 7507 8199 8194 
f 7508 7674 8190 8202 
f 7361 7676 8176 8184 
f 7389 7330 8177 8188 
f 7331 7360 8181 8180 
f 7678 7388 8185 8189 
f 7713 7714 8222 8219 
f 7775 7776 8227 8225 
f 8249 8401 8236 8234 
f 7860 7874 8240 8237 
f 8012 8013 8254 8251 
f 8013 8023 8250 8254 
f 8025 8012 8251 8155 
f 7628 8043 8210 8214 
f 8045 7627 8211 8217 
f 8047 7656 8215 8209 
f 7714 8049 8218 8222 
f 8051 7713 8219 8223 
f 7776 8053 8224 8227 
f 8117 8118 8264 8261 
f 8120 8121 6809 6806 
f 8124 8120 6806 8402 
f 8126 8124 8402 6861 
f 8128 8126 6861 6862 
f 8130 8131 6966 6962 
f 8134 8135 6963 6968 
f 8138 8139 6938 6939 
f 8135 8130 6962 6963 
f 8131 8128 6862 6966 
f 8139 8134 6968 6938 
f 8142 8138 6939 6987 
f 8144 8142 6987 6988 
f 8146 8144 6988 7050 
f 8148 8149 7022 7023 
f 8149 8146 7050 7022 
f 8152 8148 7023 7054 
f 8154 8152 7054 7084 
f 8025 8154 7084 7085 
f 8121 8156 7102 6809 
f 8156 7227 7119 7102 
f 7225 7223 7139 7136 
f 7230 7293 7249 7229 
f 7296 7676 7315 7295 
f 7678 7674 7423 7420 
f 7672 7670 7543 7540 
f 8047 8043 7601 7598 
f 8045 8049 7687 7684 
f 8051 8053 7750 7747 
f 8229 8230 7823 7824 
f 8230 8232 7845 7823 
f 7775 8229 7824 7774 
f 8242 8243 7920 7917 
f 8246 8247 7934 7935 
f 8249 8023 7977 7954 
f 8232 8255 8035 7845 
f 8258 8259 8076 8073 
f 8403 8406 8405 8404 
f 8409 8412 8411 8410 
f 8412 8414 8413 8411 
f 8415 8407 8408 8416 
f 8417 8419 8436 8418 
f 8420 8417 8418 8421 
f 8422 8420 8421 8423 
f 8426 8424 8425 8427 
f 8428 8431 8430 8429 
f 8432 8435 8434 8433 
f 8435 8415 8416 8434 
f 8414 8428 8429 8413 
f 8419 8432 8433 8436 
f 8431 8426 8427 8430 
f 8404 8405 8437 
f 8406 8403 8439 8438 
f 8408 8404 8437 
f 8403 8407 8440 8439 
f 8410 8411 8437 
f 8412 8409 8442 8441 
f 8411 8413 8437 
f 8414 8412 8441 8443 
f 8416 8408 8437 
f 8407 8415 8445 8444 
f 8418 8436 8437 
f 8419 8447 8446 
f 8421 8418 8437 
f 8417 8420 8449 8448 
f 8423 8421 8437 
f 8420 8422 8450 8449 
f 8425 8423 8437 
f 8422 8424 8451 8450 
f 8427 8425 8437 
f 8424 8426 8453 8452 
f 8429 8430 8437 
f 8431 8428 8455 8454 
f 8433 8434 8437 
f 8435 8432 8457 8456 
f 8434 8416 8437 
f 8415 8435 8456 8445 
f 8413 8429 8437 
f 8428 8414 8443 8455 
f 8436 8433 8437 
f 8432 8419 8446 8457 
f 8430 8427 8437 
f 8426 8431 8454 8453 
f 5827 8438 8439 7890 
f 7890 8439 8440 8458 
f 8398 8444 8445 8371 
f 8371 8445 8456 8370 
f 8370 8456 8457 7926 
f 7926 8457 8446 7925 
f 7925 8446 8447 8459 
f 8460 8448 8449 7914 
f 7914 8449 8450 7913 
f 7913 8450 8451 7918 
f 7917 8452 8453 8242 
f 8242 8453 8454 8241 
f 8241 8454 8455 7922 
f 7922 8455 8443 7921 
f 7921 8443 8441 7898 
f 7898 8441 8442 7897 
f 7891 7892 7896 8461 
f 8399 8462 8458 8398 
f 7899 7900 8463 7903 
f 7899 7924 7921 7898 
f 8464 8465 8459 8460 
f 7915 8464 8460 7914 
f 7915 7916 8466 7911 
f 7916 7919 8467 8466 
f 7923 7924 7904 8468 
f 7927 7928 7908 8469 
f 8243 8244 8471 8470 
f 8372 8373 8473 8472 
f 8244 7923 8468 8471 
f 8373 7927 8469 8473 
f 8399 8372 8472 8474 
f 7920 8243 8470 8475 
f 8474 7895 8462 8399 
f 7903 7904 7924 7899 
f 7912 7907 8465 8464 
f 7911 7912 8464 7915 
f 8461 7896 7893 5825 
f 7903 8463 5826 7902 
f 7911 8466 7933 7910 
f 8466 8467 7936 7933 
f 8468 7904 7901 7939 
f 8469 7908 7905 7943 
f 8470 8471 8245 8246 
f 8472 8473 8374 8375 
f 8471 8468 7939 8245 
f 8473 8469 7943 8374 
f 8474 8472 8375 7946 
f 8475 8470 8246 7935 
f 8476 8478 8477 7951 
f 8478 8480 8479 8477 
f 8481 8482 8401 7955 
f 8483 8485 8484 7959 
f 8476 8487 8486 7853 
f 8481 8489 8488 7858 
f 8483 8491 8490 7862 
f 8492 8494 8493 8400 
f 8495 8498 8497 8496 
f 8499 8501 8397 8500 
f 8502 8505 8504 8503 
f 8506 8509 8508 8507 
f 8509 8501 7972 8508 
f 8491 8502 8503 8490 
f 8492 8506 8507 7963 
f 8505 8482 7859 8504 
f 7870 7867 7930 7929 
f 7869 7870 7929 7931 
f 7871 7869 7931 7932 
f 7875 7873 7937 7934 
f 7874 7875 7934 8247 
f 7877 7878 7938 7941 
f 7879 7877 7941 5824 
f 7882 7883 7945 8376 
f 7883 7886 7947 7945 
f 7887 7889 7949 7948 
f 8239 8240 8248 7940 
f 8368 8369 8377 7944 
f 8369 7882 8376 8377 
f 7878 8239 7940 7938 
f 7868 8368 7944 7942 
f 8240 7874 8247 8248 
f 7951 7952 8487 8476 
f 7955 7956 8489 8481 
f 7959 7960 8491 8483 
f 7963 7964 8494 8492 
f 7967 7968 8498 8495 
f 7971 7972 8501 8499 
f 8235 8236 8505 8502 
f 7960 8235 8502 8491 
f 8236 8401 8482 8505 
f 7951 8477 7982 7950 
f 8477 8479 7984 7982 
f 7955 8401 8249 7954 
f 7959 8484 7992 7958 
f 8507 8508 8380 8381 
f 8508 7972 7973 8380 
f 7963 8507 8381 7962 
f 7853 7854 8478 8476 
f 7854 7856 8480 8478 
f 7858 7859 8482 8481 
f 7862 7863 8485 8483 
f 8378 8379 8509 8506 
f 8379 8397 8501 8509 
f 8400 8378 8506 8492 
f 7853 8486 7866 7852 
f 7858 8488 7872 7857 
f 7862 8490 7876 7861 
f 8400 8493 7885 7880 
f 8496 8497 7888 7884 
f 8500 8397 8367 7865 
f 8503 8504 8237 8238 
f 8490 8503 8238 7876 
f 8504 7859 7860 8237 
f 8042 8027 8060 8055 
f 8029 8030 8063 8064 
f 8030 8031 8068 8063 
f 8028 8033 8071 8059 
f 8039 8034 8074 8085 
f 8036 8037 8077 8078 
f 8038 8036 8078 8081 
f 8033 8039 8085 8071 
f 8040 8038 8081 8083 
f 8041 8042 8055 8056 
f 8255 8256 8257 8258 
f 8387 8388 8389 8390 
f 8256 8040 8083 8257 
f 8388 8041 8056 8389 
f 8032 8387 8390 8067 
f 8035 8255 8258 8073 
f 8060 8061 8058 8055 
f 8093 8094 8101 8102 
f 8060 8027 8028 8059 
f 8057 8058 8091 8395 
f 8061 8062 8101 8094 
f 8065 8066 8098 8095 
f 8066 8069 8100 8098 
f 8062 8072 8104 8101 
f 8086 8075 8108 8105 
f 8079 8080 8112 8109 
f 8082 8079 8109 8113 
f 8084 8082 8113 8263 
f 8072 8086 8105 8104 
f 8259 8260 8264 8118 
f 8391 8392 8396 8090 
f 8392 8057 8395 8396 
f 8260 8084 8263 8264 
f 8070 8391 8090 8087 
f 8076 8259 8118 8115 
f 8058 8061 8094 8091 
f 8099 8100 8087 8088 
f 8100 8069 8070 8087 
f 8107 8108 8115 8116 
f 8108 8075 8076 8115 
f 6807 6808 6817 6814 
f 6807 6834 8402 6806 
f 6834 6847 6861 8402 
f 6863 6847 6848 6865 
f 6881 6882 6962 6966 
f 6911 6912 6968 6963 
f 6940 6941 6944 6945 
f 6911 6882 6883 6910 
f 6881 6863 6865 6880 
f 6941 6912 6913 6944 
f 6940 6972 6987 6939 
f 6989 6972 6973 6992 
f 6989 7005 7050 6988 
f 7024 7025 7030 7031 
f 7025 7005 7006 7030 
f 7055 7024 7031 7057 
f 7055 7068 7084 7054 
f 7086 7068 7069 7089 
f 6808 7101 7106 6817 
f 7101 7118 7123 7106 
f 7137 7138 7147 7144 
f 7169 7170 7163 7164 
f 7199 7200 7193 7194 
f 7200 7138 7139 7193 
f 7137 7169 7164 7136 
f 7170 7118 7119 7163 
f 7232 7199 7194 7229 
f 7232 7248 7253 7231 
f 7269 7270 7263 7264 
f 7270 7248 7249 7263 
f 7298 7269 7264 7295 
f 7298 7314 7319 7297 
f 7334 7335 7328 7329 
f 7364 7365 7358 7359 
f 7392 7393 7386 7387 
f 7421 7422 7430 7427 
f 7451 7452 7445 7446 
f 7481 7482 7475 7476 
f 7511 7512 7505 7506 
f 7541 7542 7550 7547 
f 7572 7573 7566 7567 
f 7599 7600 7608 7605 
f 7631 7632 7625 7626 
f 7658 7572 7567 7655 
f 7573 7542 7543 7566 
f 7541 7481 7476 7540 
f 7482 7451 7446 7475 
f 7452 7511 7506 7445 
f 7512 7422 7423 7505 
f 7365 7314 7315 7358 
f 7393 7334 7329 7386 
f 7335 7364 7359 7328 
f 7421 7392 7387 7420 
f 7685 7686 7694 7691 
f 7717 7718 7711 7712 
f 7748 7749 7756 7753 
f 7779 7780 7773 7774 
f 7825 7826 7830 7831 
f 7826 7844 7847 7830 
f 7825 7779 7774 7824 
f 7872 7873 7875 7857 
f 7918 7919 7916 7913 
f 7936 7937 7932 7933 
f 7956 7957 7984 8479 
f 7957 7976 7985 7984 
f 7999 8000 8010 8011 
f 8000 7976 7977 8010 
f 7086 7999 8011 7085 
f 7844 8034 8039 7847 
f 7632 7600 7601 7625 
f 7685 7631 7626 7684 
f 7599 7658 7655 7598 
f 7718 7686 7687 7711 
f 7748 7717 7712 7747 
f 7780 7749 7750 7773 
f 8425 8424 8422 8423 
f 8451 8424 8452 
f 7918 8451 8452 7917 
f 8467 7919 7920 8475 
f 7936 8467 8475 7935 
f 8488 8489 8480 7856 
f 7937 7873 7871 7932 
f 8489 7956 8479 8480 
f 7872 8488 7856 7855 
f 8074 8034 8035 8073 
f 8074 8075 8086 8085 
f 6823 6824 6831 6830 
f 6824 6840 6844 6831 
f 6840 6854 6858 6844 
f 6868 6854 6855 6873 
f 6895 6896 6905 6904 
f 6924 6925 6933 6932 
f 6950 6951 6958 6959 
f 6924 6896 6897 6923 
f 6895 6868 6873 6894 
f 6951 6925 6926 6958 
f 6950 6980 6984 6949 
f 6995 6980 6981 7000 
f 6995 7013 7017 6994 
f 7036 7037 7046 7047 
f 7037 7013 7014 7046 
f 7060 7036 7047 7064 
f 7060 7076 7081 7059 
f 7092 7076 7077 7096 
f 6823 7107 7115 6822 
f 7107 7124 7131 7115 
f 7149 7150 7162 7159 
f 7184 7185 7191 7192 
f 7213 7214 7221 7222 
f 7214 7150 7151 7221 
f 7149 7184 7192 7148 
f 7185 7124 7125 7191 
f 7240 7213 7222 7244 
f 7240 7254 7262 7239 
f 7285 7286 7291 7292 
f 7286 7254 7255 7291 
f 7306 7285 7292 7310 
f 7306 7320 7327 7305 
f 7349 7350 7356 7357 
f 7378 7379 7384 7385 
f 7407 7408 7414 7415 
f 7432 7433 7444 7441 
f 7466 7467 7473 7474 
f 7496 7497 7503 7504 
f 7527 7528 7534 7535 
f 7552 7553 7565 7562 
f 7586 7587 7592 7593 
f 7610 7611 7624 7621 
f 7646 7647 7653 7654 
f 7666 7586 7593 7669 
f 7587 7553 7554 7592 
f 7552 7496 7504 7551 
f 7497 7466 7474 7503 
f 7467 7527 7535 7473 
f 7528 7433 7434 7534 
f 7379 7320 7321 7384 
f 7408 7349 7357 7414 
f 7350 7378 7385 7356 
f 7432 7407 7415 7431 
f 7696 7697 7710 7707 
f 7733 7734 7741 7742 
f 7758 7759 7772 7769 
f 7794 7795 7801 7802 
f 7808 7809 7818 7815 
f 7808 7832 7840 7807 
f 7809 7794 7802 7818 
f 7866 7867 7870 7852 
f 7906 7907 7912 7909 
f 7906 7930 7942 7905 
f 7952 7953 7970 7971 
f 7953 7974 7990 7970 
f 7995 7996 8006 8007 
f 7996 7974 7975 8006 
f 7092 7995 8007 7091 
f 7647 7611 7612 7653 
f 7696 7646 7654 7695 
f 7610 7666 7669 7609 
f 7734 7697 7698 7741 
f 7758 7733 7742 7757 
f 7795 7759 7760 7801 
f 8447 8419 8417 8448 
f 8459 8447 8448 8460 
f 8459 8465 7928 7925 
f 8465 7907 7908 7928 
f 8486 8487 8499 8500 
f 7930 7867 7868 7942 
f 8487 7952 7971 8499 
f 7866 8486 8500 7865 
f 7832 8027 8042 7840 
f 6828 6829 6821 6818 
f 6829 6843 6839 6821 
f 6843 6857 6853 6839 
f 6872 6857 6856 6869 
f 6902 6903 6893 6890 
f 6930 6931 6922 6919 
f 6956 6957 6952 6953 
f 6930 6903 6900 6927 
f 6902 6872 6869 6899 
f 6957 6931 6928 6952 
f 6956 6983 6979 6955 
f 6999 6983 6982 6996 
f 6999 7016 7012 6998 
f 7044 7045 7038 7039 
f 7045 7016 7015 7038 
f 7063 7044 7039 7061 
f 7063 7080 7075 7062 
f 7095 7080 7078 7093 
f 6828 7111 7110 6827 
f 7111 7128 7127 7110 
f 7156 7157 7154 7152 
f 7189 7190 7178 7179 
f 7219 7220 7207 7208 
f 7220 7157 7158 7207 
f 7156 7189 7179 7155 
f 7190 7128 7129 7178 
f 7243 7219 7208 7237 
f 7243 7258 7257 7242 
f 7289 7290 7279 7280 
f 7290 7258 7259 7279 
f 7309 7289 7280 7303 
f 7309 7323 7322 7308 
f 7354 7355 7343 7344 
f 7382 7383 7372 7373 
f 7412 7413 7401 7402 
f 7438 7439 7436 7435 
f 7471 7472 7460 7461 
f 7501 7502 7490 7491 
f 7532 7533 7521 7522 
f 7559 7560 7557 7555 
f 7590 7591 7580 7581 
f 7618 7619 7616 7613 
f 7651 7652 7640 7641 
f 7668 7590 7581 7663 
f 7591 7560 7561 7580 
f 7559 7501 7491 7558 
f 7502 7471 7461 7490 
f 7472 7532 7522 7460 
f 7533 7439 7440 7521 
f 7383 7323 7324 7372 
f 7413 7354 7344 7401 
f 7355 7382 7373 7343 
f 7438 7412 7402 7437 
f 7704 7705 7702 7699 
f 7739 7740 7727 7728 
f 7766 7767 7764 7761 
f 7799 7800 7788 7789 
f 7813 7814 7806 7803 
f 7813 7836 7835 7811 
f 7814 7799 7789 7806 
f 7885 7886 7883 7880 
f 7894 7895 8474 7946 
f 7894 7947 7948 7893 
f 7964 7965 7966 7967 
f 7965 7978 7981 7966 
f 8003 8004 8014 8015 
f 8004 7978 7979 8014 
f 7095 8003 8015 7094 
f 7836 8031 8030 7835 
f 7652 7619 7620 7640 
f 7704 7651 7641 7703 
f 7618 7668 7663 7617 
f 7740 7705 7706 7727 
f 7766 7739 7728 7765 
f 7800 7767 7768 7788 
f 8408 8407 8403 8404 
f 8440 8407 8444 
f 8458 8440 8444 8398 
f 8458 8462 7892 7890 
f 8462 7895 7896 7892 
f 8493 8494 8495 8496 
f 7947 7886 7887 7948 
f 8494 7964 7967 8495 
f 7885 8493 8496 7884 
f 8068 8031 8032 8067 
f 8068 8069 8066 8063 
# 8280 polygons - 339 triangles

